analysis_set,case_id,evidence_uncertainty,selected_sentence_ids,evidence_precision,evidence_recall,evidence_f1,majority_sentence_ids,medoid_sentence_ids,majority_mean_distance,medoid_mean_distance,majority_f1,medoid_f1
bioasq_train,bioasq13b_55031181e9bde69634000014,0.22217611021016595,"[""3"", ""8"", ""13"", ""16"", ""26"", ""30"", ""35"", ""37"", ""45"", ""48"", ""54"", ""55"", ""71"", ""82""]",0.5,0.5,0.5,"[""3"", ""8"", ""13"", ""16"", ""26"", ""30"", ""35"", ""37"", ""45"", ""48"", ""54"", ""55"", ""71"", ""82""]","[""3"", ""8"", ""13"", ""16"", ""26"", ""30"", ""35"", ""37"", ""45"", ""54"", ""55"", ""71"", ""82""]",0.15924136321195145,0.15524509803921566,0.5,0.5185185185185186
bioasq_train,bioasq13b_532f062ad6d3ac6a34000027,0.3740054268360008,"[""2"", ""8"", ""9"", ""11"", ""13"", ""14"", ""21"", ""22"", ""24"", ""26"", ""27"", ""28"", ""29"", ""33"", ""34"", ""38"", ""41"", ""42"", ""44"", ""48"", ""52"", ""53"", ""54"", ""63"", ""67"", ""69"", ""70"", ""73"", ""77"", ""78"", ""82"", ""88"", ""89"", ""96"", ""97"", ""99"", ""102"", ""106"", ""107"", ""108"", ""110"", ""112"", ""113"", ""115"", ""116"", ""118"", ""125"", ""127"", ""128"", ""131"", ""133"", ""135"", ""136"", ""137"", ""138"", ""140"", ""145"", ""146"", ""148"", ""150"", ""153"", ""155"", ""156"", ""157"", ""161"", ""162"", ""163"", ""165"", ""167"", ""171"", ""172"", ""173"", ""175"", ""176"", ""180"", ""182"", ""183"", ""184"", ""186"", ""187"", ""190"", ""191"", ""193"", ""194"", ""196"", ""198"", ""200"", ""202"", ""203"", ""204"", ""206"", ""207"", ""210"", ""211"", ""212"", ""213"", ""214"", ""215"", ""216"", ""217""]",0.17,0.68,0.272,"[""2"", ""8"", ""9"", ""11"", ""13"", ""14"", ""21"", ""22"", ""24"", ""26"", ""27"", ""28"", ""29"", ""33"", ""34"", ""38"", ""41"", ""42"", ""44"", ""48"", ""52"", ""53"", ""54"", ""63"", ""67"", ""69"", ""70"", ""73"", ""77"", ""78"", ""82"", ""88"", ""89"", ""96"", ""97"", ""99"", ""102"", ""106"", ""107"", ""108"", ""110"", ""112"", ""113"", ""115"", ""116"", ""118"", ""125"", ""127"", ""128"", ""131"", ""133"", ""135"", ""136"", ""137"", ""138"", ""140"", ""145"", ""146"", ""148"", ""150"", ""153"", ""155"", ""156"", ""157"", ""161"", ""162"", ""163"", ""165"", ""167"", ""171"", ""172"", ""173"", ""175"", ""176"", ""180"", ""182"", ""183"", ""184"", ""186"", ""187"", ""190"", ""191"", ""193"", ""194"", ""196"", ""198"", ""200"", ""202"", ""203"", ""204"", ""206"", ""207"", ""210"", ""211"", ""212"", ""213"", ""214"", ""215"", ""216"", ""217""]","[""2"", ""8"", ""9"", ""11"", ""13"", ""14"", ""21"", ""22"", ""24"", ""26"", ""27"", ""28"", ""29"", ""33"", ""34"", ""36"", ""38"", ""41"", ""42"", ""44"", ""48"", ""52"", ""53"", ""54"", ""63"", ""67"", ""69"", ""70"", ""73"", ""77"", ""78"", ""82"", ""88"", ""89"", ""90"", ""96"", ""97"", ""99"", ""102"", ""104"", ""106"", ""108"", ""110"", ""112"", ""113"", ""115"", ""116"", ""118"", ""122"", ""125"", ""127"", ""128"", ""129"", ""131"", ""133"", ""135"", ""136"", ""138"", ""140"", ""145"", ""146"", ""148"", ""150"", ""152"", ""155"", ""156"", ""157"", ""160"", ""161"", ""162"", ""163"", ""165"", ""167"", ""170"", ""171"", ""172"", ""173"", ""174"", ""175"", ""176"", ""180"", ""182"", ""184"", ""186"", ""188"", ""190"", ""191"", ""193"", ""194"", ""196"", ""198"", ""200"", ""202"", ""204"", ""206"", ""207"", ""209"", ""210"", ""211"", ""212"", ""213"", ""214"", ""215"", ""216"", ""217""]",0.2632389894897046,0.2854687385970021,0.272,0.27692307692307694
bioasq_train,bioasq13b_54f49995d0d681a040000002,0.31111111111111117,"[""2"", ""55"", ""61"", ""71"", ""85"", ""90""]",0.6666666666666666,0.4,0.5,"[""2"", ""55"", ""61"", ""71"", ""85"", ""90""]","[""2"", ""55"", ""61"", ""71"", ""85"", ""90""]",0.2,0.2,0.5,0.5
bioasq_train,bioasq13b_535d78137d100faa09000005,0.2735046790748173,"[""1"", ""4"", ""14"", ""21"", ""24"", ""27"", ""29"", ""33"", ""36"", ""37"", ""45"", ""48"", ""50"", ""51"", ""52"", ""55"", ""59"", ""60"", ""62"", ""66"", ""67"", ""68"", ""70"", ""71"", ""73"", ""75"", ""78"", ""80"", ""81"", ""82"", ""84"", ""89"", ""90"", ""91"", ""92"", ""94"", ""95"", ""97"", ""98"", ""99"", ""101"", ""102"", ""106"", ""107"", ""109"", ""110"", ""111"", ""112"", ""114"", ""115"", ""117"", ""120"", ""122"", ""124"", ""125"", ""127"", ""128"", ""129""]",0.1896551724137931,0.55,0.282051282,"[""1"", ""4"", ""14"", ""21"", ""24"", ""27"", ""29"", ""33"", ""36"", ""37"", ""45"", ""48"", ""50"", ""51"", ""52"", ""55"", ""59"", ""60"", ""62"", ""66"", ""67"", ""68"", ""70"", ""71"", ""73"", ""75"", ""78"", ""80"", ""81"", ""82"", ""84"", ""89"", ""90"", ""91"", ""92"", ""94"", ""95"", ""97"", ""98"", ""99"", ""101"", ""102"", ""106"", ""107"", ""109"", ""110"", ""111"", ""112"", ""114"", ""115"", ""117"", ""120"", ""122"", ""124"", ""125"", ""127"", ""128"", ""129""]","[""1"", ""4"", ""14"", ""21"", ""24"", ""27"", ""29"", ""33"", ""36"", ""37"", ""45"", ""48"", ""50"", ""51"", ""52"", ""55"", ""59"", ""60"", ""62"", ""66"", ""67"", ""68"", ""70"", ""71"", ""73"", ""75"", ""78"", ""80"", ""81"", ""82"", ""84"", ""89"", ""90"", ""91"", ""92"", ""94"", ""95"", ""99"", ""101"", ""102"", ""106"", ""107"", ""109"", ""110"", ""111"", ""112"", ""114"", ""115"", ""117"", ""120"", ""122"", ""124"", ""125"", ""127"", ""128"", ""129""]",0.17474839546695664,0.17553723024169215,0.282051282,0.2894736842105263
bioasq_train,bioasq13b_52d946c798d023950500000a,0.32355158047624505,"[""2"", ""4"", ""10"", ""13"", ""16"", ""17"", ""18"", ""21"", ""27"", ""32"", ""40"", ""41"", ""46"", ""52"", ""60"", ""61"", ""62""]",0.29411764705882354,0.8333333333333334,0.4347826086956522,"[""2"", ""4"", ""10"", ""13"", ""16"", ""17"", ""18"", ""21"", ""27"", ""32"", ""40"", ""41"", ""46"", ""52"", ""60"", ""61"", ""62""]","[""2"", ""4"", ""10"", ""13"", ""16"", ""17"", ""18"", ""21"", ""27"", ""32"", ""40"", ""41"", ""46"", ""52"", ""60"", ""61"", ""62""]",0.1978844169246646,0.1978844169246646,0.4347826086956522,0.4347826086956522
bioasq_train,bioasq13b_5322d9339b2d7acc7e000011,0.077777778,"[""7"", ""10"", ""31"", ""32"", ""36""]",0.6,0.42857142857142855,0.5,"[""7"", ""10"", ""31"", ""32"", ""36""]","[""7"", ""10"", ""31"", ""32"", ""36""]",0.05,0.05,0.5,0.5
bioasq_train,bioasq13b_553fa2201d53b76422000005,0,"[""1"", ""2"", ""3"", ""7""]",0.5,0.5,0.5,"[""1"", ""2"", ""3"", ""7""]","[""1"", ""2"", ""3"", ""7""]",0,0,0.5,0.5
bioasq_train,bioasq13b_550324d7e9bde6963400002f,0.3695094187716507,"[""5"", ""6"", ""9"", ""10"", ""14"", ""15"", ""16"", ""22"", ""24"", ""25"", ""33"", ""35"", ""51"", ""52"", ""71"", ""72"", ""74"", ""75"", ""84"", ""85"", ""91"", ""94"", ""95"", ""96"", ""114"", ""115"", ""125"", ""126"", ""142"", ""145"", ""155"", ""156"", ""174"", ""178"", ""182"", ""188"", ""191"", ""192"", ""194"", ""206"", ""217"", ""223"", ""224"", ""234""]",,,,"[""5"", ""6"", ""9"", ""10"", ""14"", ""15"", ""16"", ""22"", ""24"", ""25"", ""33"", ""35"", ""51"", ""52"", ""71"", ""72"", ""74"", ""75"", ""84"", ""85"", ""91"", ""94"", ""95"", ""96"", ""114"", ""115"", ""125"", ""126"", ""142"", ""145"", ""155"", ""156"", ""174"", ""178"", ""182"", ""188"", ""191"", ""192"", ""194"", ""206"", ""217"", ""223"", ""224"", ""234""]","[""5"", ""6"", ""9"", ""10"", ""14"", ""15"", ""16"", ""22"", ""24"", ""25"", ""33"", ""35"", ""51"", ""52"", ""71"", ""72"", ""74"", ""75"", ""84"", ""85"", ""91"", ""94"", ""95"", ""96"", ""114"", ""115"", ""125"", ""126"", ""131"", ""142"", ""145"", ""155"", ""156"", ""174"", ""178"", ""182"", ""188"", ""191"", ""192"", ""194"", ""195"", ""206"", ""208"", ""217"", ""223"", ""224"", ""234""]",0.25292220391387826,0.2524004458327427,,
bioasq_train,bioasq13b_52f125332059c6d71c000007,0.090909091,"[""5"", ""6"", ""23"", ""25"", ""26"", ""45"", ""78"", ""86"", ""93"", ""100""]",0.7,0.4375,0.5384615384615384,"[""5"", ""6"", ""23"", ""25"", ""26"", ""45"", ""78"", ""86"", ""93"", ""100""]","[""5"", ""6"", ""23"", ""25"", ""26"", ""45"", ""78"", ""86"", ""93"", ""100""]",0.063636364,0.063636364,0.5384615384615384,0.5384615384615384
bioasq_train,bioasq13b_54dcb29dc0bb8dce23000004,0.099074074,"[""11"", ""20"", ""30"", ""46"", ""60"", ""87""]",1,0.35294117647058826,0.5217391304347826,"[""11"", ""20"", ""30"", ""46"", ""60"", ""87""]","[""11"", ""20"", ""30"", ""46"", ""60"", ""87""]",0.053571429,0.053571429,0.5217391304347826,0.5217391304347826
bioasq_train,bioasq13b_533c388dc45e133714000008,0.14076520276726676,"[""4"", ""23"", ""24"", ""46"", ""58"", ""80"", ""90"", ""125"", ""126"", ""127"", ""128"", ""129"", ""130"", ""131"", ""132"", ""133""]",0.5625,0.391304348,0.46153846153846156,"[""4"", ""23"", ""24"", ""46"", ""58"", ""80"", ""90"", ""125"", ""126"", ""127"", ""128"", ""129"", ""130"", ""131"", ""132"", ""133""]","[""4"", ""23"", ""24"", ""46"", ""58"", ""80"", ""90"", ""125"", ""126"", ""127"", ""128"", ""129"", ""130"", ""131"", ""132"", ""133""]",0.098258514,0.098258514,0.46153846153846156,0.46153846153846156
bioasq_train,bioasq13b_56c3323a50c68dd416000009,0.37296748051298223,"[""1"", ""2"", ""5"", ""6"", ""15"", ""16"", ""17"", ""24"", ""25"", ""26"", ""27"", ""28"", ""29"", ""30"", ""31"", ""32"", ""35"", ""41"", ""42"", ""43"", ""51"", ""52"", ""53"", ""56"", ""59"", ""60"", ""61"", ""63"", ""74"", ""75"", ""76"", ""78"", ""84"", ""91"", ""92"", ""93"", ""95"", ""111"", ""112"", ""113"", ""114"", ""115"", ""125"", ""126"", ""127"", ""128"", ""129"", ""135"", ""136"", ""137"", ""140"", ""146"", ""152"", ""153"", ""154"", ""156"", ""157"", ""158"", ""167"", ""168"", ""173"", ""174"", ""177"", ""178"", ""179"", ""180"", ""181"", ""184"", ""185"", ""186"", ""189""]",,,,"[""1"", ""2"", ""5"", ""6"", ""15"", ""16"", ""17"", ""24"", ""25"", ""26"", ""27"", ""28"", ""29"", ""30"", ""31"", ""32"", ""35"", ""41"", ""42"", ""43"", ""51"", ""52"", ""53"", ""56"", ""59"", ""60"", ""61"", ""63"", ""74"", ""75"", ""76"", ""78"", ""84"", ""91"", ""92"", ""93"", ""95"", ""111"", ""112"", ""113"", ""114"", ""115"", ""125"", ""126"", ""127"", ""128"", ""129"", ""135"", ""136"", ""137"", ""140"", ""146"", ""152"", ""153"", ""154"", ""156"", ""157"", ""158"", ""167"", ""168"", ""173"", ""174"", ""177"", ""178"", ""179"", ""180"", ""181"", ""184"", ""185"", ""186"", ""189""]","[""1"", ""2"", ""5"", ""6"", ""15"", ""16"", ""17"", ""24"", ""25"", ""26"", ""27"", ""28"", ""29"", ""30"", ""31"", ""32"", ""35"", ""41"", ""42"", ""43"", ""51"", ""52"", ""53"", ""59"", ""60"", ""62"", ""63"", ""74"", ""75"", ""76"", ""77"", ""79"", ""84"", ""91"", ""92"", ""93"", ""95"", ""100"", ""101"", ""102"", ""111"", ""112"", ""113"", ""114"", ""115"", ""125"", ""126"", ""127"", ""128"", ""129"", ""135"", ""136"", ""137"", ""140"", ""146"", ""152"", ""153"", ""154"", ""156"", ""157"", ""158"", ""167"", ""168"", ""169"", ""173"", ""174"", ""177"", ""178"", ""179"", ""181"", ""184"", ""185"", ""186"", ""189""]",0.2692338912257516,0.29026744968695434,,
bioasq_train,bioasq13b_56cf413f3975bb303a000009,0.1450940669636322,"[""9"", ""17"", ""22"", ""23"", ""24"", ""41"", ""48"", ""49"", ""50"", ""53"", ""55"", ""56"", ""58"", ""63"", ""67"", ""69"", ""72"", ""73"", ""78"", ""83"", ""89"", ""90""]",0.3181818181818182,0.6363636363636364,0.4242424242424242,"[""9"", ""17"", ""22"", ""23"", ""24"", ""41"", ""48"", ""49"", ""50"", ""53"", ""55"", ""56"", ""58"", ""63"", ""67"", ""69"", ""72"", ""73"", ""78"", ""83"", ""89"", ""90""]","[""9"", ""17"", ""22"", ""23"", ""24"", ""41"", ""48"", ""49"", ""50"", ""53"", ""55"", ""56"", ""58"", ""63"", ""67"", ""68"", ""69"", ""72"", ""73"", ""78"", ""83"", ""89"", ""90""]",0.09283004,0.09876087,0.4242424242424242,0.411764706
bioasq_train,bioasq13b_5357bd56f1005d6b58000009,0.11666666666666667,"[""1"", ""8"", ""9""]",1,0.5,0.6666666666666666,"[""1"", ""8"", ""9""]","[""1"", ""8"", ""9""]",0.075,0.075,0.6666666666666666,0.6666666666666666
bioasq_train,bioasq13b_56c1d848ef6e39474100002f,0.45593180627139884,"[""6"", ""10"", ""11"", ""26"", ""27"", ""28"", ""43"", ""53"", ""58"", ""60"", ""61"", ""76"", ""78"", ""85"", ""86"", ""94"", ""102"", ""103""]",0.4444444444444444,0.5,0.47058823529411764,"[""6"", ""10"", ""11"", ""26"", ""27"", ""28"", ""43"", ""53"", ""58"", ""60"", ""61"", ""76"", ""78"", ""85"", ""86"", ""94"", ""102"", ""103""]","[""6"", ""10"", ""11"", ""26"", ""27"", ""28"", ""43"", ""53"", ""55"", ""58"", ""60"", ""61"", ""76"", ""78"", ""85"", ""86"", ""94"", ""96"", ""102"", ""103""]",0.32113370547581077,0.33138415207980426,0.47058823529411764,0.4444444444444445
bioasq_train,bioasq13b_53312464d6d3ac6a3400003a,0.35198412698412695,"[""3"", ""11"", ""12"", ""15"", ""19"", ""21"", ""22""]",0.42857142857142855,0.75,0.5454545454545454,"[""3"", ""11"", ""12"", ""15"", ""19"", ""21"", ""22""]","[""3"", ""19"", ""21""]",0.3232142857142857,0.30178571428571427,0.5454545454545454,0.5714285714285715
bioasq_train,bioasq13b_56ae35bc0a360a5e45000007,0,"[""1"", ""6"", ""7"", ""8"", ""10""]",1,0.8333333333333334,0.9090909090909091,"[""1"", ""6"", ""7"", ""8"", ""10""]","[""1"", ""6"", ""7"", ""8"", ""10""]",0,0,0.9090909090909091,0.9090909090909091
bioasq_train,bioasq13b_54fc97b86ad7dcbc12000002,0.3184318576012814,"[""2"", ""31"", ""32"", ""37"", ""42"", ""43"", ""52"", ""53"", ""56"", ""68"", ""69"", ""71"", ""72"", ""73"", ""86"", ""88"", ""89"", ""91"", ""92"", ""101"", ""109"", ""110"", ""111"", ""118"", ""120"", ""126"", ""131"", ""136"", ""138"", ""141"", ""146"", ""147"", ""157"", ""158"", ""166"", ""169"", ""171""]",0.35135135135135137,0.65,0.456140351,"[""2"", ""31"", ""32"", ""37"", ""42"", ""43"", ""52"", ""53"", ""56"", ""68"", ""69"", ""71"", ""72"", ""73"", ""86"", ""88"", ""89"", ""91"", ""92"", ""101"", ""109"", ""110"", ""111"", ""118"", ""120"", ""126"", ""131"", ""136"", ""138"", ""141"", ""146"", ""147"", ""157"", ""158"", ""166"", ""169"", ""171""]","[""2"", ""31"", ""32"", ""37"", ""42"", ""43"", ""52"", ""53"", ""56"", ""68"", ""69"", ""71"", ""72"", ""73"", ""86"", ""88"", ""89"", ""91"", ""92"", ""101"", ""109"", ""111"", ""118"", ""120"", ""123"", ""126"", ""131"", ""136"", ""138"", ""141"", ""145"", ""146"", ""148"", ""157"", ""158"", ""166"", ""169"", ""171""]",0.22379602239958327,0.2385289326159631,0.456140351,0.4482758620689655
bioasq_train,bioasq13b_56ccae765795f9a73e000035,0,"[""12"", ""37"", ""40"", ""52"", ""55"", ""56"", ""60""]",0.7142857142857143,0.5,0.588235294,"[""12"", ""37"", ""40"", ""52"", ""55"", ""56"", ""60""]","[""12"", ""37"", ""40"", ""52"", ""55"", ""56"", ""60""]",0,0,0.588235294,0.588235294
bioasq_train,bioasq13b_56f112932ac5ed145900000d,0.094269434,"[""1"", ""3"", ""5"", ""6"", ""9"", ""16"", ""21"", ""23"", ""33"", ""34"", ""36"", ""42"", ""56""]",0.7692307692307693,0.7142857142857143,0.7407407407407408,"[""1"", ""3"", ""5"", ""6"", ""9"", ""16"", ""21"", ""23"", ""33"", ""34"", ""36"", ""42"", ""56""]","[""1"", ""3"", ""5"", ""6"", ""9"", ""16"", ""21"", ""23"", ""33"", ""34"", ""36"", ""42"", ""56""]",0.064578755,0.064578755,0.7407407407407408,0.7407407407407408
bioasq_train,bioasq13b_57169662cb4ef8864c000008,0.016666666666666673,"[""8"", ""9"", ""10"", ""14"", ""15"", ""17"", ""25"", ""27"", ""28"", ""29"", ""30"", ""36""]",0.5,0.35294117647058826,0.41379310344827586,"[""8"", ""9"", ""10"", ""14"", ""15"", ""17"", ""25"", ""27"", ""28"", ""29"", ""30"", ""36""]","[""8"", ""9"", ""10"", ""14"", ""15"", ""17"", ""25"", ""27"", ""28"", ""29"", ""30"", ""36""]",0.008333333,0.008333333,0.41379310344827586,0.41379310344827586
bioasq_train,bioasq13b_54f57892d0d681a040000009,0.2085810485810486,"[""2"", ""16"", ""26"", ""65"", ""66"", ""72"", ""95"", ""96"", ""113""]",0.7777777777777778,0.5833333333333334,0.6666666666666666,"[""2"", ""16"", ""26"", ""65"", ""66"", ""72"", ""95"", ""96"", ""113""]","[""2"", ""16"", ""26"", ""65"", ""66"", ""72"", ""95"", ""96"", ""113""]",0.11444444444444443,0.11444444444444443,0.6666666666666666,0.6666666666666666
bioasq_train,bioasq13b_56a7d5afa17756b72f000002,0,"[""2"", ""4""]",1,0.4,0.5714285714285715,"[""2"", ""4""]","[""2"", ""4""]",0,0,0.5714285714285715,0.5714285714285715
bioasq_train,bioasq13b_53188c12b166e2b80600001a,0.08487423,"[""1"", ""4"", ""6"", ""7"", ""8"", ""9"", ""10"", ""11"", ""12"", ""18"", ""21"", ""22"", ""23"", ""24"", ""25"", ""26"", ""27"", ""28"", ""29"", ""30"", ""31"", ""32"", ""33"", ""34"", ""35"", ""46"", ""52""]",0.37037037037037035,1,0.5405405405405406,"[""1"", ""4"", ""6"", ""7"", ""8"", ""9"", ""10"", ""11"", ""12"", ""18"", ""21"", ""22"", ""23"", ""24"", ""25"", ""26"", ""27"", ""28"", ""29"", ""30"", ""31"", ""32"", ""33"", ""34"", ""35"", ""46"", ""52""]","[""1"", ""4"", ""6"", ""7"", ""8"", ""9"", ""10"", ""11"", ""12"", ""18"", ""21"", ""22"", ""23"", ""24"", ""25"", ""26"", ""27"", ""28"", ""29"", ""30"", ""31"", ""32"", ""33"", ""34"", ""35"", ""46"", ""52""]",0.051190476,0.051190476,0.5405405405405406,0.5405405405405406
bioasq_train,bioasq13b_5523dc8c7b523f2123000002,0.31448933782267113,"[""2"", ""13"", ""22"", ""32"", ""41"", ""42"", ""57"", ""75"", ""85""]",0.7777777777777778,0.875,0.823529412,"[""2"", ""13"", ""22"", ""32"", ""41"", ""42"", ""57"", ""75"", ""85""]","[""2"", ""13"", ""22"", ""32"", ""41"", ""57"", ""75"", ""85""]",0.21595959595959596,0.2194949494949495,0.823529412,0.875
bioasq_train,bioasq13b_5710ade4cf1c32585100002c,0.3385630098220398,"[""7"", ""12"", ""14"", ""18"", ""27"", ""35"", ""36"", ""39"", ""40"", ""59"", ""74"", ""75"", ""77"", ""83""]",0.2857142857142857,0.36363636363636365,0.32,"[""7"", ""12"", ""14"", ""18"", ""27"", ""35"", ""36"", ""39"", ""40"", ""59"", ""74"", ""75"", ""77"", ""83""]","[""7"", ""9"", ""12"", ""14"", ""17"", ""18"", ""19"", ""20"", ""27"", ""35"", ""36"", ""39"", ""40"", ""59"", ""74"", ""77"", ""83""]",0.27412231559290384,0.2885139318885449,0.32,0.35714285714285715
bioasq_train,bioasq13b_532ad23ad6d3ac6a34000011,0.3992021295639861,"[""11"", ""13"", ""29"", ""30"", ""32"", ""35"", ""40"", ""42"", ""46"", ""52"", ""55"", ""57"", ""61"", ""62"", ""63"", ""65"", ""66"", ""75"", ""95"", ""96"", ""102"", ""103""]",0.13636363636363635,0.2,0.16216216216216214,"[""11"", ""13"", ""29"", ""30"", ""32"", ""35"", ""40"", ""42"", ""46"", ""52"", ""55"", ""57"", ""61"", ""62"", ""63"", ""65"", ""66"", ""75"", ""95"", ""96"", ""102"", ""103""]","[""11"", ""13"", ""29"", ""30"", ""32"", ""35"", ""40"", ""42"", ""46"", ""52"", ""55"", ""57"", ""61"", ""62"", ""63"", ""65"", ""67"", ""74"", ""75"", ""95"", ""96"", ""102"", ""103""]",0.2981289355322339,0.3101424802487094,0.16216216216216214,0.15789473684210528
bioasq_train,bioasq13b_56b2863945561f0573000001,0.21791245791245792,"[""1"", ""3"", ""5"", ""6"", ""10"", ""14"", ""18"", ""20"", ""22"", ""24"", ""26""]",0.7272727272727273,0.6666666666666666,0.6956521739130435,"[""1"", ""3"", ""5"", ""6"", ""10"", ""14"", ""18"", ""20"", ""22"", ""24"", ""26""]","[""1"", ""3"", ""5"", ""6"", ""10"", ""18"", ""20"", ""22"", ""26""]",0.1621212121212121,0.16515151515151513,0.6956521739130435,0.761904762
bioasq_train,bioasq13b_5318a6b2b166e2b80600001f,0.20821723895032954,"[""7"", ""8"", ""20"", ""22"", ""25"", ""28"", ""32"", ""33"", ""55"", ""56"", ""57"", ""58"", ""60"", ""61"", ""77"", ""78"", ""82"", ""90"", ""95"", ""100"", ""102"", ""119"", ""120"", ""123"", ""126"", ""135"", ""136"", ""140"", ""144""]",0.5517241379310345,0.3902439024390244,0.4571428571428572,"[""7"", ""8"", ""20"", ""22"", ""25"", ""28"", ""32"", ""33"", ""55"", ""56"", ""57"", ""58"", ""60"", ""61"", ""77"", ""78"", ""82"", ""90"", ""95"", ""100"", ""102"", ""119"", ""120"", ""123"", ""126"", ""135"", ""136"", ""140"", ""144""]","[""7"", ""8"", ""20"", ""22"", ""25"", ""28"", ""32"", ""33"", ""55"", ""56"", ""57"", ""58"", ""60"", ""61"", ""77"", ""78"", ""82"", ""90"", ""95"", ""100"", ""102"", ""119"", ""120"", ""123"", ""126"", ""135"", ""136"", ""140"", ""144""]",0.12875440451021847,0.12875440451021847,0.4571428571428572,0.4571428571428572
bioasq_train,bioasq13b_52bf1df903868f1b06000013,0,"[""10"", ""19"", ""25""]",1,0.25,0.4,"[""10"", ""19"", ""25""]","[""10"", ""19"", ""25""]",0,0,0.4,0.4
bioasq_train,bioasq13b_5319ac7fb166e2b806000033,0.15902362744468007,"[""6"", ""32"", ""41"", ""42"", ""43"", ""44"", ""46"", ""48"", ""57"", ""58"", ""75"", ""78"", ""82""]",0.7692307692307693,0.35714285714285715,0.48780487804878053,"[""6"", ""32"", ""41"", ""42"", ""43"", ""44"", ""46"", ""48"", ""57"", ""58"", ""75"", ""78"", ""82""]","[""6"", ""32"", ""41"", ""42"", ""43"", ""44"", ""46"", ""48"", ""57"", ""58"", ""75"", ""78"", ""82""]",0.10043956043956044,0.10043956043956044,0.48780487804878053,0.48780487804878053
bioasq_train,bioasq13b_534428feaeec6fbd0700000a,0.2562039830177085,"[""5"", ""7"", ""12"", ""31"", ""32"", ""46"", ""47"", ""55"", ""63"", ""64"", ""66"", ""88"", ""90"", ""92""]",0.21428571428571427,0.15789473684210525,0.18181818181818182,"[""5"", ""7"", ""12"", ""31"", ""32"", ""46"", ""47"", ""55"", ""63"", ""64"", ""66"", ""88"", ""90"", ""92""]","[""5"", ""7"", ""12"", ""31"", ""32"", ""46"", ""47"", ""55"", ""63"", ""64"", ""66"", ""88"", ""90"", ""92""]",0.17324929971988795,0.17324929971988795,0.18181818181818182,0.18181818181818182
bioasq_train,bioasq13b_552016a36b348bb82c000018,0.1575757575757576,"[""1"", ""2"", ""4"", ""8"", ""15"", ""21"", ""32"", ""34"", ""37"", ""57"", ""58""]",0.5454545454545454,0.8571428571428571,0.6666666666666665,"[""1"", ""2"", ""4"", ""8"", ""15"", ""21"", ""32"", ""34"", ""37"", ""57"", ""58""]","[""1"", ""2"", ""4"", ""8"", ""15"", ""21"", ""32"", ""34"", ""37"", ""57"", ""58""]",0.10261363636363638,0.10261363636363638,0.6666666666666665,0.6666666666666665
bioasq_train,bioasq13b_532f0511d6d3ac6a34000024,0,"[""14"", ""25"", ""27"", ""31"", ""34"", ""45"", ""48""]",0.42857142857142855,0.375,0.39999999999999997,"[""14"", ""25"", ""27"", ""31"", ""34"", ""45"", ""48""]","[""14"", ""25"", ""27"", ""31"", ""34"", ""45"", ""48""]",0,0,0.39999999999999997,0.39999999999999997
bioasq_train,bioasq13b_54d9071a4b1fd0d33c000007,0,"[""1"", ""3"", ""4"", ""9"", ""10"", ""32"", ""33"", ""46"", ""47"", ""69"", ""71""]",0.7272727272727273,0.8888888888888888,0.7999999999999999,"[""1"", ""3"", ""4"", ""9"", ""10"", ""32"", ""33"", ""46"", ""47"", ""69"", ""71""]","[""1"", ""3"", ""4"", ""9"", ""10"", ""32"", ""33"", ""46"", ""47"", ""69"", ""71""]",0,0,0.7999999999999999,0.7999999999999999
bioasq_train,bioasq13b_551c2cd26b348bb82c00000d,0.41436047552073546,"[""1"", ""2"", ""15"", ""19"", ""23"", ""24"", ""32"", ""33"", ""34"", ""41"", ""50"", ""56"", ""57"", ""60"", ""62"", ""63"", ""64"", ""66"", ""75"", ""80"", ""83"", ""85"", ""86"", ""90"", ""101"", ""102"", ""105"", ""114"", ""115"", ""118"", ""120"", ""126"", ""128"", ""129"", ""135"", ""138"", ""146"", ""151"", ""155"", ""158"", ""161"", ""166"", ""171"", ""178"", ""181"", ""186"", ""188"", ""190"", ""192"", ""194"", ""201"", ""202"", ""210"", ""211"", ""212"", ""215"", ""221"", ""224"", ""226"", ""228"", ""231"", ""234"", ""236"", ""238"", ""240"", ""241"", ""242"", ""245"", ""247"", ""251"", ""252"", ""253"", ""254"", ""256"", ""258"", ""260"", ""261"", ""264"", ""266"", ""268"", ""270"", ""271"", ""272"", ""276"", ""278"", ""281"", ""284"", ""286"", ""288"", ""290"", ""291"", ""292"", ""293"", ""294"", ""295"", ""296"", ""298"", ""301"", ""303"", ""304"", ""306"", ""308"", ""311"", ""313"", ""315"", ""316"", ""317"", ""318"", ""319"", ""320"", ""321"", ""322"", ""323"", ""324"", ""326"", ""327"", ""328"", ""329"", ""330"", ""331"", ""332"", ""334"", ""336"", ""338"", ""340"", ""341"", ""342"", ""343"", ""344"", ""345"", ""346"", ""347"", ""348"", ""349"", ""350""]",0.14074074074074075,0.5,0.21965317919075147,"[""1"", ""2"", ""15"", ""19"", ""23"", ""24"", ""32"", ""33"", ""34"", ""41"", ""50"", ""56"", ""57"", ""60"", ""62"", ""63"", ""64"", ""66"", ""75"", ""80"", ""83"", ""85"", ""86"", ""90"", ""101"", ""102"", ""105"", ""114"", ""115"", ""118"", ""120"", ""126"", ""128"", ""129"", ""135"", ""138"", ""146"", ""151"", ""155"", ""158"", ""161"", ""166"", ""171"", ""178"", ""181"", ""186"", ""188"", ""190"", ""192"", ""194"", ""201"", ""202"", ""210"", ""211"", ""212"", ""215"", ""221"", ""224"", ""226"", ""228"", ""231"", ""234"", ""236"", ""238"", ""240"", ""241"", ""242"", ""245"", ""247"", ""251"", ""252"", ""253"", ""254"", ""256"", ""258"", ""260"", ""261"", ""264"", ""266"", ""268"", ""270"", ""271"", ""272"", ""276"", ""278"", ""281"", ""284"", ""286"", ""288"", ""290"", ""291"", ""292"", ""293"", ""294"", ""295"", ""296"", ""298"", ""301"", ""303"", ""304"", ""306"", ""308"", ""311"", ""313"", ""315"", ""316"", ""317"", ""318"", ""319"", ""320"", ""321"", ""322"", ""323"", ""324"", ""326"", ""327"", ""328"", ""329"", ""330"", ""331"", ""332"", ""334"", ""336"", ""338"", ""340"", ""341"", ""342"", ""343"", ""344"", ""345"", ""346"", ""347"", ""348"", ""349"", ""350""]","[""1"", ""2"", ""15"", ""19"", ""23"", ""24"", ""32"", ""33"", ""34"", ""41"", ""50"", ""56"", ""57"", ""60"", ""62"", ""63"", ""64"", ""66"", ""75"", ""80"", ""83"", ""85"", ""86"", ""88"", ""90"", ""101"", ""102"", ""105"", ""113"", ""114"", ""115"", ""118"", ""121"", ""126"", ""128"", ""129"", ""135"", ""138"", ""146"", ""151"", ""155"", ""158"", ""161"", ""163"", ""165"", ""171"", ""178"", ""181"", ""185"", ""186"", ""190"", ""192"", ""194"", ""196"", ""201"", ""202"", ""204"", ""210"", ""212"", ""215"", ""218"", ""221"", ""224"", ""226"", ""228"", ""231"", ""233"", ""234"", ""236"", ""240"", ""241"", ""242"", ""244"", ""245"", ""247"", ""251"", ""253"", ""256"", ""260"", ""261"", ""264"", ""266"", ""268"", ""271"", ""272"", ""276"", ""278"", ""281"", ""283"", ""284"", ""286"", ""288"", ""290"", ""292"", ""294"", ""296"", ""298"", ""301"", ""303"", ""304"", ""306"", ""308"", ""311"", ""313"", ""315"", ""318"", ""319"", ""320"", ""321"", ""323"", ""324"", ""326"", ""328"", ""329"", ""330"", ""331"", ""333"", ""334"", ""336"", ""338"", ""341"", ""342"", ""344"", ""345"", ""347"", ""348"", ""349"", ""350""]",0.3033969726515389,0.33924055393972463,0.21965317919075147,0.25301204819277107
bioasq_train,bioasq13b_56e45bc651531f7e33000018,0,"[""4"", ""5"", ""11"", ""13"", ""14"", ""15"", ""16"", ""31"", ""39"", ""40"", ""46"", ""50"", ""53""]",0.23076923076923078,0.5,0.3157894736842105,"[""4"", ""5"", ""11"", ""13"", ""14"", ""15"", ""16"", ""31"", ""39"", ""40"", ""46"", ""50"", ""53""]","[""4"", ""5"", ""11"", ""13"", ""14"", ""15"", ""16"", ""31"", ""39"", ""40"", ""46"", ""50"", ""53""]",0,0,0.3157894736842105,0.3157894736842105
bioasq_train,bioasq13b_53319916d6d3ac6a3400003f,0,"[""5"", ""19"", ""26""]",1,0.75,0.8571428571428571,"[""5"", ""19"", ""26""]","[""5"", ""19"", ""26""]",0,0,0.8571428571428571,0.8571428571428571
bioasq_train,bioasq13b_55152c0a46478f2f2c000004,0.27161375661375664,"[""2"", ""15"", ""38"", ""45"", ""92"", ""93"", ""94"", ""95""]",0.75,0.2857142857142857,0.4137931034482759,"[""2"", ""15"", ""38"", ""45"", ""92"", ""93"", ""94"", ""95""]","[""2"", ""15"", ""38"", ""45"", ""92"", ""93"", ""94"", ""95""]",0.16194444444444445,0.16194444444444445,0.4137931034482759,0.4137931034482759
bioasq_train,bioasq13b_56bb54d3ac7ad10019000006,0.1170289359763044,"[""2"", ""7"", ""10"", ""11"", ""12"", ""13"", ""14"", ""15"", ""16"", ""17"", ""18"", ""19"", ""20"", ""21"", ""22"", ""23"", ""24"", ""25"", ""26"", ""35""]",0.4,0.8,0.5333333333333333,"[""2"", ""7"", ""10"", ""11"", ""12"", ""13"", ""14"", ""15"", ""16"", ""17"", ""18"", ""19"", ""20"", ""21"", ""22"", ""23"", ""24"", ""25"", ""26"", ""35""]","[""2"", ""7"", ""10"", ""11"", ""12"", ""13"", ""14"", ""15"", ""16"", ""17"", ""18"", ""19"", ""20"", ""21"", ""22"", ""23"", ""24"", ""25"", ""26"", ""35""]",0.082683983,0.082683983,0.5333333333333333,0.5333333333333333
bioasq_train,bioasq13b_5309fa5e970c65fa6b000003,0.048484848,"[""11"", ""14"", ""15"", ""16"", ""18"", ""19"", ""20"", ""27"", ""30"", ""37"", ""41""]",0.5454545454545454,0.5,0.5217391304347826,"[""11"", ""14"", ""15"", ""16"", ""18"", ""19"", ""20"", ""27"", ""30"", ""37"", ""41""]","[""11"", ""14"", ""15"", ""16"", ""18"", ""19"", ""20"", ""27"", ""30"", ""37"", ""41""]",0.036363636363636376,0.036363636363636376,0.5217391304347826,0.5217391304347826
bioasq_train,bioasq13b_56c23652ef6e39474100005a,0.17777777777777778,"[""2"", ""10"", ""32""]",1,0.1875,0.3157894736842105,"[""2"", ""10"", ""32""]","[""2"", ""10"", ""32""]",0.1,0.1,0.3157894736842105,0.3157894736842105
bioasq_train,bioasq13b_52f89fba2059c6d71c00004f,0,"[""5"", ""22"", ""23""]",0.6666666666666666,0.6666666666666666,0.6666666666666666,"[""5"", ""22"", ""23""]","[""5"", ""22"", ""23""]",0,0,0.6666666666666666,0.6666666666666666
bioasq_train,bioasq13b_5335ebb6d6d3ac6a34000054,0.039999999999999994,"[""4"", ""7"", ""10"", ""13"", ""18"", ""22"", ""27"", ""28"", ""31""]",0.1111111111111111,0.2,0.14285714285714285,"[""4"", ""7"", ""10"", ""13"", ""18"", ""22"", ""27"", ""28"", ""31""]","[""4"", ""7"", ""10"", ""13"", ""18"", ""22"", ""27"", ""28"", ""31""]",0.019999999999999997,0.019999999999999997,0.14285714285714285,0.14285714285714285
bioasq_train,bioasq13b_554403395beec11c10000001,0.15077441077441076,"[""8"", ""10"", ""61"", ""64"", ""86"", ""116"", ""142"", ""145"", ""181""]",1,0.19148936170212766,0.32142857142857145,"[""8"", ""10"", ""61"", ""64"", ""86"", ""116"", ""142"", ""145"", ""181""]","[""8"", ""10"", ""61"", ""64"", ""86"", ""116"", ""142"", ""145"", ""181""]",0.11565656565656565,0.11565656565656565,0.32142857142857145,0.32142857142857145
bioasq_train,bioasq13b_53175e4fb166e2b806000008,0.251984127,"[""2"", ""3"", ""4"", ""12"", ""13"", ""14"", ""19""]",0.8571428571428571,0.6,0.7058823529411764,"[""2"", ""3"", ""4"", ""12"", ""13"", ""14"", ""19""]","[""2"", ""3"", ""4"", ""12"", ""13"", ""14"", ""19""]",0.15178571428571427,0.15178571428571427,0.7058823529411764,0.7058823529411764
bioasq_train,bioasq13b_5341d15dc45e133714000018,0.24121212121212124,"[""11"", ""47"", ""48"", ""49"", ""52"", ""53"", ""54"", ""69"", ""70"", ""71""]",0.4,0.4,0.4000000000000001,"[""11"", ""47"", ""48"", ""49"", ""52"", ""53"", ""54"", ""69"", ""70"", ""71""]","[""11"", ""47"", ""48"", ""49"", ""52"", ""53"", ""54"", ""69"", ""70"", ""71""]",0.15090909090909094,0.15090909090909094,0.4000000000000001,0.4000000000000001
bioasq_train,bioasq13b_55424745ed966d112c000002,0.084704185,"[""12"", ""13"", ""14"", ""35"", ""40"", ""41"", ""42"", ""58"", ""71""]",0.6666666666666666,0.5454545454545454,0.6,"[""12"", ""13"", ""14"", ""35"", ""40"", ""41"", ""42"", ""58"", ""71""]","[""12"", ""13"", ""14"", ""35"", ""40"", ""41"", ""42"", ""58"", ""71""]",0.043181818181818175,0.043181818181818175,0.6,0.6
bioasq_train,bioasq13b_530a34eb970c65fa6b000004,0,"[""2"", ""47"", ""48"", ""57""]",0.5,0.4,0.4444444444444445,"[""2"", ""47"", ""48"", ""57""]","[""2"", ""47"", ""48"", ""57""]",0,0,0.4444444444444445,0.4444444444444445
bioasq_train,bioasq13b_570a7594cf1c325851000026,0.10401493930905698,"[""5"", ""10"", ""22"", ""32"", ""40"", ""49"", ""57"", ""60"", ""69"", ""72"", ""80"", ""93"", ""96"", ""102""]",0.6428571428571429,0.6923076923076923,0.6666666666666666,"[""5"", ""10"", ""22"", ""32"", ""40"", ""49"", ""57"", ""60"", ""69"", ""72"", ""80"", ""93"", ""96"", ""102""]","[""5"", ""10"", ""22"", ""32"", ""40"", ""49"", ""57"", ""60"", ""69"", ""72"", ""80"", ""93"", ""96"", ""102""]",0.062079831932773125,0.062079831932773125,0.6666666666666666,0.6666666666666666
bioasq_train,bioasq13b_56a8b1a5a17756b72f000004,0,"[""2"", ""3"", ""7"", ""8"", ""9""]",1,1,1,"[""2"", ""3"", ""7"", ""8"", ""9""]","[""2"", ""3"", ""7"", ""8"", ""9""]",0,0,1,1
bioasq_train,bioasq13b_530cefaaad0bf1360c000006,0.041025641,"[""1"", ""2"", ""5"", ""6"", ""7"", ""8"", ""11"", ""13"", ""16"", ""17"", ""18"", ""19"", ""20""]",0.5384615384615384,1,0.7000000000000001,"[""1"", ""2"", ""5"", ""6"", ""7"", ""8"", ""11"", ""13"", ""16"", ""17"", ""18"", ""19"", ""20""]","[""1"", ""2"", ""5"", ""6"", ""7"", ""8"", ""11"", ""13"", ""16"", ""17"", ""18"", ""19"", ""20""]",0.030769231,0.030769231,0.7000000000000001,0.7000000000000001
bioasq_train,bioasq13b_55476a3ff35db75526000003,0.47252346651067967,"[""2"", ""4"", ""19"", ""20"", ""22"", ""32"", ""34"", ""51"", ""55"", ""59"", ""60"", ""61"", ""73"", ""94"", ""106"", ""107"", ""112"", ""113"", ""118"", ""121"", ""129"", ""133"", ""134"", ""141"", ""144"", ""148"", ""152"", ""153"", ""154"", ""155"", ""156"", ""162"", ""179"", ""181"", ""182"", ""191"", ""193"", ""196"", ""201"", ""212"", ""214"", ""221"", ""222"", ""224"", ""233"", ""237"", ""240"", ""246"", ""251"", ""252"", ""259"", ""261"", ""262"", ""263"", ""264"", ""265"", ""266"", ""267"", ""268"", ""269"", ""270"", ""271"", ""272""]",0.2222222222222222,0.5,0.30769230769230765,"[""2"", ""4"", ""19"", ""20"", ""22"", ""32"", ""34"", ""51"", ""55"", ""59"", ""60"", ""61"", ""73"", ""94"", ""106"", ""107"", ""112"", ""113"", ""118"", ""121"", ""129"", ""133"", ""134"", ""141"", ""144"", ""148"", ""152"", ""153"", ""154"", ""155"", ""156"", ""162"", ""179"", ""181"", ""182"", ""191"", ""193"", ""196"", ""201"", ""212"", ""214"", ""221"", ""222"", ""224"", ""233"", ""237"", ""240"", ""246"", ""251"", ""252"", ""259"", ""261"", ""262"", ""263"", ""264"", ""265"", ""266"", ""267"", ""268"", ""269"", ""270"", ""271"", ""272""]","[""2"", ""4"", ""19"", ""20"", ""22"", ""32"", ""34"", ""51"", ""55"", ""59"", ""60"", ""61"", ""73"", ""94"", ""106"", ""107"", ""108"", ""110"", ""112"", ""113"", ""115"", ""118"", ""121"", ""129"", ""133"", ""134"", ""141"", ""144"", ""147"", ""152"", ""153"", ""154"", ""155"", ""156"", ""161"", ""162"", ""163"", ""166"", ""179"", ""181"", ""184"", ""191"", ""193"", ""196"", ""197"", ""201"", ""211"", ""212"", ""214"", ""222"", ""223"", ""225"", ""233"", ""237"", ""240"", ""246"", ""251"", ""252"", ""259"", ""261"", ""262"", ""263"", ""264"", ""265"", ""266"", ""267"", ""268"", ""269"", ""270"", ""271"", ""272""]",0.34005717985885864,0.36806369324710364,0.30769230769230765,0.303030303
bioasq_train,bioasq13b_530cefaaad0bf1360c000009,0.099555556,"[""7"", ""8"", ""12"", ""13"", ""16"", ""17"", ""19"", ""20"", ""21"", ""22"", ""34"", ""38"", ""47"", ""50"", ""52"", ""77"", ""89"", ""90""]",0.5,0.47368421052631576,0.4864864864864865,"[""7"", ""8"", ""12"", ""13"", ""16"", ""17"", ""19"", ""20"", ""21"", ""22"", ""34"", ""38"", ""47"", ""50"", ""52"", ""77"", ""89"", ""90""]","[""7"", ""8"", ""12"", ""13"", ""16"", ""17"", ""19"", ""20"", ""21"", ""22"", ""34"", ""38"", ""47"", ""50"", ""52"", ""77"", ""89"", ""90""]",0.056,0.056,0.4864864864864865,0.4864864864864865
bioasq_train,bioasq13b_52fa74252059c6d71c00005b,0.2994536030683959,"[""1"", ""4"", ""7"", ""11"", ""34"", ""35"", ""41"", ""44"", ""46"", ""47"", ""49"", ""50"", ""51"", ""57"", ""58"", ""61"", ""62"", ""64"", ""65"", ""71"", ""74"", ""76"", ""80"", ""82"", ""84"", ""85"", ""90"", ""92"", ""95"", ""102"", ""104"", ""105"", ""125"", ""126"", ""128"", ""130"", ""131"", ""132"", ""133"", ""135"", ""136"", ""137"", ""141"", ""142"", ""144""]",0.066666667,0.5,0.11764705882352941,"[""1"", ""4"", ""7"", ""11"", ""34"", ""35"", ""41"", ""44"", ""46"", ""47"", ""49"", ""50"", ""51"", ""57"", ""58"", ""61"", ""62"", ""64"", ""65"", ""71"", ""74"", ""76"", ""80"", ""82"", ""84"", ""85"", ""90"", ""92"", ""95"", ""102"", ""104"", ""105"", ""125"", ""126"", ""128"", ""130"", ""131"", ""132"", ""133"", ""135"", ""136"", ""137"", ""141"", ""142"", ""144""]","[""1"", ""4"", ""7"", ""11"", ""34"", ""35"", ""41"", ""44"", ""46"", ""47"", ""49"", ""50"", ""51"", ""57"", ""58"", ""61"", ""62"", ""64"", ""65"", ""71"", ""74"", ""76"", ""80"", ""82"", ""84"", ""85"", ""87"", ""90"", ""92"", ""95"", ""102"", ""104"", ""105"", ""125"", ""126"", ""128"", ""130"", ""131"", ""132"", ""135"", ""136"", ""137"", ""141"", ""142"", ""144""]",0.19333544043581047,0.2028451551758539,0.11764705882352941,0.11764705882352941
bioasq_train,bioasq13b_56f3f94109dd18d46b000001,0.1521134421134421,"[""2"", ""7"", ""15"", ""17"", ""18"", ""19"", ""21"", ""33"", ""34"", ""38""]",0.5,0.7142857142857143,0.588235294,"[""2"", ""7"", ""15"", ""17"", ""18"", ""19"", ""21"", ""33"", ""34"", ""38""]","[""2"", ""7"", ""15"", ""17"", ""18"", ""19"", ""21"", ""33"", ""34"", ""38""]",0.10636363636363635,0.10636363636363635,0.588235294,0.588235294
bioasq_train,bioasq13b_530cefaaad0bf1360c00000b,0.34365079365079365,"[""6"", ""39"", ""54"", ""59"", ""60"", ""142""]",,,,"[""6"", ""39"", ""54"", ""59"", ""60"", ""142""]","[""6"", ""39"", ""54"", ""60""]",0.26011904761904764,0.24285714285714288,,
bioasq_train,bioasq13b_54f09a5894afd6150400001c,0.29936842145069886,"[""1"", ""2"", ""5"", ""6"", ""10"", ""11"", ""12"", ""15"", ""17"", ""21"", ""23"", ""24"", ""26"", ""30"", ""31"", ""33"", ""35"", ""41"", ""44"", ""45"", ""47"", ""51"", ""55"", ""58"", ""62"", ""66"", ""69"", ""72"", ""73"", ""74"", ""82"", ""86"", ""90"", ""92"", ""95"", ""98"", ""100"", ""102"", ""103"", ""105"", ""106"", ""111"", ""114"", ""116"", ""118"", ""121"", ""124"", ""125"", ""126"", ""127"", ""129""]",0.3333333333333333,0.85,0.4788732394366197,"[""1"", ""2"", ""5"", ""6"", ""10"", ""11"", ""12"", ""15"", ""17"", ""21"", ""23"", ""24"", ""26"", ""30"", ""31"", ""33"", ""35"", ""41"", ""44"", ""45"", ""47"", ""51"", ""55"", ""58"", ""62"", ""66"", ""69"", ""72"", ""73"", ""74"", ""82"", ""86"", ""90"", ""92"", ""95"", ""98"", ""100"", ""102"", ""103"", ""105"", ""106"", ""111"", ""114"", ""116"", ""118"", ""121"", ""124"", ""125"", ""126"", ""127"", ""129""]","[""1"", ""2"", ""5"", ""6"", ""10"", ""11"", ""12"", ""15"", ""17"", ""21"", ""23"", ""24"", ""26"", ""30"", ""31"", ""33"", ""35"", ""41"", ""44"", ""45"", ""47"", ""51"", ""55"", ""58"", ""62"", ""66"", ""68"", ""69"", ""72"", ""73"", ""74"", ""82"", ""86"", ""90"", ""92"", ""96"", ""98"", ""100"", ""102"", ""103"", ""105"", ""106"", ""110"", ""111"", ""114"", ""115"", ""116"", ""118"", ""120"", ""124"", ""125"", ""126"", ""127"", ""129""]",0.21429859531554446,0.23238728777734607,0.4788732394366197,0.43243243243243246
bioasq_train,bioasq13b_530cefaaad0bf1360c00000e,0.43531746771382535,"[""6"", ""22"", ""27"", ""30"", ""40"", ""51"", ""52"", ""53"", ""61"", ""62"", ""84"", ""88"", ""90"", ""91"", ""94"", ""114"", ""115"", ""166"", ""170"", ""177"", ""183"", ""186"", ""191""]",0.13043478260869565,0.13636363636363635,0.1333333333333333,"[""6"", ""22"", ""27"", ""30"", ""40"", ""51"", ""52"", ""53"", ""61"", ""62"", ""84"", ""88"", ""90"", ""91"", ""94"", ""114"", ""115"", ""166"", ""170"", ""177"", ""183"", ""186"", ""191""]","[""6"", ""22"", ""27"", ""30"", ""40"", ""51"", ""52"", ""53"", ""61"", ""62"", ""84"", ""88"", ""90"", ""91"", ""94"", ""114"", ""115"", ""160"", ""161"", ""166"", ""170"", ""177"", ""183"", ""185"", ""186""]",0.31215136876006444,0.3147354823155316,0.1333333333333333,0.1702127659574468
bioasq_train,bioasq13b_533c3571c45e133714000005,0.14197567042011486,"[""7"", ""12"", ""13"", ""14"", ""16"", ""17"", ""19"", ""20"", ""23"", ""24"", ""25"", ""33"", ""34"", ""38"", ""47"", ""58"", ""61"", ""62"", ""63"", ""69"", ""70"", ""72"", ""74"", ""76""]",0.2916666666666667,0.5833333333333334,0.38888888888888895,"[""7"", ""12"", ""13"", ""14"", ""16"", ""17"", ""19"", ""20"", ""23"", ""24"", ""25"", ""33"", ""34"", ""38"", ""47"", ""58"", ""61"", ""62"", ""63"", ""69"", ""70"", ""72"", ""74"", ""76""]","[""7"", ""12"", ""13"", ""14"", ""16"", ""17"", ""19"", ""20"", ""23"", ""24"", ""25"", ""33"", ""34"", ""38"", ""47"", ""58"", ""61"", ""62"", ""63"", ""69"", ""70"", ""72"", ""74"", ""76""]",0.093017094,0.093017094,0.38888888888888895,0.38888888888888895
bioasq_train,bioasq13b_54f1e887c409818c32000004,0.4845789105526621,"[""12"", ""33"", ""35"", ""48"", ""68"", ""70"", ""83"", ""85"", ""98"", ""112"", ""116"", ""159"", ""173"", ""203"", ""206"", ""223"", ""233""]",0.23529411764705882,0.17391304347826086,0.19999999999999998,"[""12"", ""33"", ""35"", ""48"", ""68"", ""70"", ""83"", ""85"", ""98"", ""112"", ""116"", ""159"", ""173"", ""203"", ""206"", ""223"", ""233""]","[""12"", ""33"", ""35"", ""48"", ""61"", ""68"", ""70"", ""83"", ""85"", ""98"", ""111"", ""112"", ""116"", ""159"", ""173"", ""177"", ""203"", ""206"", ""223"", ""233""]",0.3551340841447182,0.3572019647019647,0.19999999999999998,0.18604651162790697
bioasq_train,bioasq13b_52e204a998d0239505000012,0,"[""3"", ""11"", ""31""]",1,0.23076923076923078,0.375,"[""3"", ""11"", ""31""]","[""3"", ""11"", ""31""]",0,0,0.375,0.375
bioasq_train,bioasq13b_5357a514f1005d6b58000003,0.10308718222836373,"[""1"", ""3"", ""4"", ""5"", ""6"", ""7"", ""8"", ""9"", ""10"", ""12"", ""16"", ""22"", ""23"", ""25"", ""26"", ""28"", ""30"", ""31"", ""32"", ""33"", ""35"", ""36"", ""40"", ""41"", ""42"", ""43"", ""44"", ""46"", ""47"", ""52"", ""54"", ""55"", ""58"", ""62"", ""64"", ""66"", ""69"", ""70""]",0.5,0.8636363636363636,0.6333333333333333,"[""1"", ""3"", ""4"", ""5"", ""6"", ""7"", ""8"", ""9"", ""10"", ""12"", ""16"", ""22"", ""23"", ""25"", ""26"", ""28"", ""30"", ""31"", ""32"", ""33"", ""35"", ""36"", ""40"", ""41"", ""42"", ""43"", ""44"", ""46"", ""47"", ""52"", ""54"", ""55"", ""58"", ""62"", ""64"", ""66"", ""69"", ""70""]","[""1"", ""3"", ""4"", ""5"", ""6"", ""7"", ""8"", ""9"", ""10"", ""12"", ""16"", ""22"", ""23"", ""25"", ""26"", ""28"", ""30"", ""31"", ""32"", ""33"", ""35"", ""36"", ""40"", ""41"", ""42"", ""43"", ""44"", ""46"", ""47"", ""52"", ""54"", ""55"", ""58"", ""62"", ""64"", ""66"", ""69"", ""70""]",0.075377868,0.075377868,0.6333333333333333,0.6333333333333333
bioasq_train,bioasq13b_5321bc029b2d7acc7e00000c,0.16198913888463629,"[""5"", ""16"", ""17"", ""18"", ""19"", ""20"", ""21"", ""22"", ""23"", ""46"", ""47"", ""48"", ""49"", ""50"", ""51"", ""52"", ""53"", ""54"", ""55"", ""56"", ""57"", ""60"", ""61"", ""85"", ""86"", ""87"", ""88"", ""89"", ""91"", ""92"", ""93"", ""94"", ""95"", ""96"", ""97"", ""98"", ""99"", ""100"", ""101"", ""102"", ""103"", ""104"", ""105"", ""106""]",0.20454545454545456,0.2727272727272727,0.23376623376623376,"[""5"", ""16"", ""17"", ""18"", ""19"", ""20"", ""21"", ""22"", ""23"", ""46"", ""47"", ""48"", ""49"", ""50"", ""51"", ""52"", ""53"", ""54"", ""55"", ""56"", ""57"", ""60"", ""61"", ""85"", ""86"", ""87"", ""88"", ""89"", ""91"", ""92"", ""93"", ""94"", ""95"", ""96"", ""97"", ""98"", ""99"", ""100"", ""101"", ""102"", ""103"", ""104"", ""105"", ""106""]","[""5"", ""16"", ""17"", ""18"", ""19"", ""20"", ""21"", ""22"", ""23"", ""46"", ""47"", ""48"", ""49"", ""50"", ""51"", ""52"", ""53"", ""54"", ""55"", ""56"", ""57"", ""60"", ""61"", ""85"", ""86"", ""87"", ""88"", ""89"", ""91"", ""92"", ""93"", ""94"", ""95"", ""96"", ""97"", ""98"", ""99"", ""100"", ""101"", ""102"", ""103"", ""104"", ""105"", ""106""]",0.096420326,0.096420326,0.23376623376623376,0.23376623376623376
bioasq_train,bioasq13b_530b01a6970c65fa6b000008,0.1276767676767677,"[""4"", ""25"", ""26"", ""32"", ""34"", ""40"", ""51""]",0.7142857142857143,0.8333333333333334,0.7692307692307692,"[""4"", ""25"", ""26"", ""32"", ""34"", ""40"", ""51""]","[""4"", ""25"", ""26"", ""32"", ""34"", ""40"", ""51""]",0.065,0.065,0.7692307692307692,0.7692307692307692
bioasq_train,bioasq13b_5314c045dae131f847000007,0,"[""23"", ""27"", ""30"", ""36""]",0.25,0.25,0.25,"[""23"", ""27"", ""30"", ""36""]","[""23"", ""27"", ""30"", ""36""]",0,0,0.25,0.25
bioasq_train,bioasq13b_54f4914bd0d681a040000001,0.2976222341806918,"[""4"", ""16"", ""24"", ""25"", ""28"", ""29"", ""34"", ""35"", ""37"", ""51"", ""73"", ""74"", ""76"", ""78"", ""80"", ""82"", ""83"", ""85"", ""88"", ""97"", ""102"", ""103"", ""104""]",0.43478260869565216,0.625,0.5128205128205128,"[""4"", ""16"", ""24"", ""25"", ""28"", ""29"", ""34"", ""35"", ""37"", ""51"", ""73"", ""74"", ""76"", ""78"", ""80"", ""82"", ""83"", ""85"", ""88"", ""97"", ""102"", ""103"", ""104""]","[""4"", ""16"", ""24"", ""25"", ""28"", ""29"", ""34"", ""35"", ""37"", ""51"", ""73"", ""74"", ""76"", ""78"", ""80"", ""82"", ""83"", ""85"", ""88"", ""97"", ""102"", ""103"", ""104""]",0.1956780538302277,0.1956780538302277,0.5128205128205128,0.5128205128205128
bioasq_train,bioasq13b_550313aae9bde6963400001f,0.13629629629629628,"[""3"", ""45"", ""68"", ""77""]",0.75,0.25,0.375,"[""3"", ""45"", ""68"", ""77""]","[""3"", ""45"", ""68"", ""77""]",0.08,0.08,0.375,0.375
bioasq_train,bioasq13b_551177626a8cde6b72000005,0.30401469923779556,"[""3"", ""4"", ""6"", ""11"", ""12"", ""13"", ""20"", ""21"", ""24"", ""26"", ""29"", ""30"", ""37"", ""40"", ""42"", ""46"", ""47"", ""50"", ""53"", ""59"", ""60"", ""62"", ""67"", ""70"", ""72"", ""79"", ""80"", ""84"", ""92"", ""96"", ""99"", ""104"", ""106"", ""107"", ""114"", ""117"", ""123"", ""128"", ""134"", ""141"", ""147"", ""155"", ""157"", ""172"", ""175"", ""177""]",0.43478260869565216,0.5128205128205128,0.47058823529411764,"[""3"", ""4"", ""6"", ""11"", ""12"", ""13"", ""20"", ""21"", ""24"", ""26"", ""29"", ""30"", ""37"", ""40"", ""42"", ""46"", ""47"", ""50"", ""53"", ""59"", ""60"", ""62"", ""67"", ""70"", ""72"", ""79"", ""80"", ""84"", ""92"", ""96"", ""99"", ""104"", ""106"", ""107"", ""114"", ""117"", ""123"", ""128"", ""134"", ""141"", ""147"", ""155"", ""157"", ""172"", ""175"", ""177""]","[""3"", ""4"", ""6"", ""11"", ""12"", ""20"", ""21"", ""24"", ""26"", ""29"", ""30"", ""37"", ""40"", ""42"", ""46"", ""47"", ""50"", ""53"", ""59"", ""60"", ""62"", ""67"", ""70"", ""72"", ""79"", ""80"", ""84"", ""92"", ""96"", ""99"", ""104"", ""106"", ""107"", ""114"", ""117"", ""123"", ""128"", ""134"", ""137"", ""143"", ""147"", ""155"", ""157"", ""172"", ""175"", ""177""]",0.20085468682996402,0.21817376045938497,0.47058823529411764,0.47058823529411764
bioasq_train,bioasq13b_52fc94ae2059c6d71c000073,0.5177721661054994,"[""10"", ""16"", ""61"", ""62"", ""66"", ""146""]",0.5,0.17647058823529413,0.2608695652173913,"[""10"", ""16"", ""61"", ""62"", ""66"", ""146""]","[""10"", ""16"", ""59"", ""61"", ""62"", ""66"", ""145"", ""146""]",0.4311111111111111,0.4080266955266955,0.2608695652173913,0.24
bioasq_train,bioasq13b_54fc3cf410565e080c000001,0.23703703703703707,"[""25"", ""34"", ""53""]",1,0.1111111111111111,0.19999999999999998,"[""25"", ""34"", ""53""]","[""25"", ""34"", ""53""]",0.13333333333333336,0.13333333333333336,0.19999999999999998,0.19999999999999998
bioasq_train,bioasq13b_56cafb1b5795f9a73e00002f,0,"[""1"", ""3"", ""9""]",1,1,1,"[""1"", ""3"", ""9""]","[""1"", ""3"", ""9""]",0,0,1,1
bioasq_train,bioasq13b_533175add6d3ac6a3400003c,0.2875308641975309,"[""14"", ""37"", ""44"", ""90"", ""96"", ""99"", ""147"", ""260""]",0,0,0,"[""14"", ""37"", ""44"", ""90"", ""96"", ""99"", ""147"", ""260""]","[""14"", ""37"", ""44"", ""90"", ""96"", ""99"", ""147"", ""260""]",0.17916666666666667,0.17916666666666667,0,0
bioasq_train,bioasq13b_53175f0bb166e2b80600000c,0.019999999999999997,"[""1"", ""6"", ""7"", ""16"", ""21"", ""22"", ""24"", ""25"", ""26"", ""36""]",0.5,0.4166666666666667,0.45454545454545453,"[""1"", ""6"", ""7"", ""16"", ""21"", ""22"", ""24"", ""25"", ""26"", ""36""]","[""1"", ""6"", ""7"", ""16"", ""21"", ""22"", ""24"", ""25"", ""26"", ""36""]",0.01,0.01,0.45454545454545453,0.45454545454545453
bioasq_train,bioasq13b_56c234a4ef6e394741000059,0.13333333333333333,"[""1"", ""2"", ""8"", ""9"", ""25""]",0.8,0.3333333333333333,0.47058823529411764,"[""1"", ""2"", ""8"", ""9"", ""25""]","[""1"", ""2"", ""8"", ""9"", ""25""]",0.085714286,0.085714286,0.47058823529411764,0.47058823529411764
bioasq_train,bioasq13b_533eba45c45e133714000014,0,"[""25"", ""40"", ""50"", ""129"", ""130"", ""135""]",0.3333333333333333,0.090909091,0.14285714285714288,"[""25"", ""40"", ""50"", ""129"", ""130"", ""135""]","[""25"", ""40"", ""50"", ""129"", ""130"", ""135""]",0,0,0.14285714285714288,0.14285714285714288
bioasq_train,bioasq13b_54eded8c94afd6150400000c,0,"[""23"", ""24"", ""25""]",1,0.5,0.6666666666666666,"[""23"", ""24"", ""25""]","[""23"", ""24"", ""25""]",0,0,0.6666666666666666,0.6666666666666666
bioasq_train,bioasq13b_55435a46ed966d112c000006,0.19081341734094304,"[""1"", ""5"", ""11"", ""14"", ""15"", ""16"", ""17"", ""25"", ""27"", ""34"", ""35"", ""39"", ""43"", ""44"", ""45"", ""47"", ""50"", ""51"", ""55"", ""61"", ""62"", ""64"", ""76""]",0.8695652173913043,0.45454545454545453,0.5970149253731344,"[""1"", ""5"", ""11"", ""14"", ""15"", ""16"", ""17"", ""25"", ""27"", ""34"", ""35"", ""39"", ""43"", ""44"", ""45"", ""47"", ""50"", ""51"", ""55"", ""61"", ""62"", ""64"", ""76""]","[""1"", ""5"", ""11"", ""14"", ""15"", ""16"", ""17"", ""25"", ""27"", ""34"", ""35"", ""39"", ""43"", ""45"", ""47"", ""50"", ""51"", ""55"", ""61"", ""62"", ""64"", ""76""]",0.12749309868875086,0.12341269841269842,0.5970149253731344,0.5757575757575758
bioasq_train,bioasq13b_54fc48bb6ea36a810c000002,0.1915750075885725,"[""1"", ""3"", ""5"", ""6"", ""7"", ""10"", ""11"", ""12"", ""13"", ""18"", ""19"", ""21"", ""22"", ""23"", ""24"", ""25"", ""26"", ""27"", ""28"", ""29"", ""30"", ""32"", ""34"", ""35"", ""36"", ""37"", ""38"", ""39"", ""40"", ""41"", ""42"", ""44"", ""45"", ""46"", ""49"", ""50"", ""52"", ""53"", ""54"", ""56"", ""58"", ""59"", ""60"", ""61"", ""63"", ""64"", ""65"", ""66"", ""68"", ""70"", ""71"", ""72"", ""73"", ""74"", ""75"", ""76"", ""77"", ""78"", ""79"", ""80"", ""81"", ""82"", ""83"", ""84"", ""85"", ""88"", ""89"", ""90"", ""93"", ""94"", ""95"", ""96"", ""97"", ""99"", ""100"", ""101"", ""102"", ""104"", ""105"", ""107"", ""108"", ""109"", ""110"", ""111"", ""112"", ""113"", ""114""]",0.47126436781609193,0.8367346938775511,0.6029411764705882,"[""1"", ""3"", ""5"", ""6"", ""7"", ""10"", ""11"", ""12"", ""13"", ""18"", ""19"", ""21"", ""22"", ""23"", ""24"", ""25"", ""26"", ""27"", ""28"", ""29"", ""30"", ""32"", ""34"", ""35"", ""36"", ""37"", ""38"", ""39"", ""40"", ""41"", ""42"", ""44"", ""45"", ""46"", ""49"", ""50"", ""52"", ""53"", ""54"", ""56"", ""58"", ""59"", ""60"", ""61"", ""63"", ""64"", ""65"", ""66"", ""68"", ""70"", ""71"", ""72"", ""73"", ""74"", ""75"", ""76"", ""77"", ""78"", ""79"", ""80"", ""81"", ""82"", ""83"", ""84"", ""85"", ""88"", ""89"", ""90"", ""93"", ""94"", ""95"", ""96"", ""97"", ""99"", ""100"", ""101"", ""102"", ""104"", ""105"", ""107"", ""108"", ""109"", ""110"", ""111"", ""112"", ""113"", ""114""]","[""1"", ""3"", ""5"", ""6"", ""7"", ""10"", ""11"", ""12"", ""13"", ""18"", ""19"", ""21"", ""22"", ""23"", ""24"", ""25"", ""26"", ""27"", ""28"", ""29"", ""30"", ""32"", ""34"", ""35"", ""36"", ""37"", ""38"", ""39"", ""40"", ""41"", ""42"", ""44"", ""45"", ""46"", ""49"", ""50"", ""52"", ""53"", ""54"", ""55"", ""56"", ""58"", ""59"", ""60"", ""61"", ""63"", ""64"", ""65"", ""66"", ""68"", ""70"", ""71"", ""72"", ""73"", ""74"", ""75"", ""76"", ""77"", ""78"", ""79"", ""80"", ""81"", ""82"", ""83"", ""84"", ""85"", ""88"", ""89"", ""90"", ""93"", ""94"", ""95"", ""96"", ""97"", ""99"", ""100"", ""101"", ""102"", ""104"", ""105"", ""107"", ""108"", ""109"", ""110"", ""111"", ""112"", ""113"", ""114""]",0.11978316880794893,0.12114045791645603,0.6029411764705882,0.5985401459854014
bioasq_train,bioasq13b_532ad4b4d6d3ac6a34000012,0.5783800229693004,"[""5"", ""9"", ""31"", ""35"", ""50"", ""52"", ""62"", ""63"", ""66"", ""70"", ""73"", ""74"", ""75"", ""88"", ""90"", ""92"", ""95"", ""103"", ""106"", ""107"", ""110"", ""112"", ""114"", ""115"", ""117"", ""123"", ""124"", ""126"", ""129"", ""134"", ""136"", ""137"", ""138"", ""144"", ""145"", ""146"", ""147"", ""149"", ""151"", ""152"", ""153"", ""155"", ""156"", ""157"", ""158"", ""164"", ""166"", ""168"", ""174"", ""177""]",0.08,0.5,0.13793103448275865,"[""5"", ""9"", ""31"", ""35"", ""50"", ""52"", ""62"", ""63"", ""66"", ""70"", ""73"", ""74"", ""75"", ""88"", ""90"", ""92"", ""95"", ""103"", ""106"", ""107"", ""110"", ""112"", ""114"", ""115"", ""117"", ""123"", ""124"", ""126"", ""129"", ""134"", ""136"", ""137"", ""138"", ""144"", ""145"", ""146"", ""147"", ""149"", ""151"", ""152"", ""153"", ""155"", ""156"", ""157"", ""158"", ""164"", ""166"", ""168"", ""174"", ""177""]","[""5"", ""9"", ""31"", ""35"", ""50"", ""52"", ""62"", ""63"", ""66"", ""70"", ""73"", ""74"", ""75"", ""88"", ""90"", ""92"", ""95"", ""100"", ""103"", ""106"", ""107"", ""110"", ""112"", ""114"", ""115"", ""117"", ""123"", ""124"", ""126"", ""129"", ""131"", ""134"", ""136"", ""137"", ""138"", ""141"", ""144"", ""145"", ""146"", ""147"", ""149"", ""151"", ""152"", ""153"", ""155"", ""156"", ""157"", ""158"", ""161"", ""163"", ""164"", ""166"", ""168"", ""170"", ""171"", ""173"", ""174"", ""176"", ""177"", ""179"", ""181"", ""182""]",0.4285111918243385,0.4308479368188384,0.13793103448275865,0.14285714285714285
bioasq_train,bioasq13b_56a3a6c9496b62f23f000008,0,"[""1"", ""6""]",,,,"[""1"", ""6""]","[""1"", ""6""]",0,0,,
bioasq_train,bioasq13b_56b469448525abca1e000007,0,"[""9"", ""17""]",1,0.4,0.5714285714285715,"[""9"", ""17""]","[""9"", ""17""]",0,0,0.5714285714285715,0.5714285714285715
bioasq_train,bioasq13b_57167625cb4ef8864c000006,0.13333333333333333,"[""3"", ""4"", ""6""]",1,0.75,0.8571428571428571,"[""3"", ""4"", ""6""]","[""3"", ""4"", ""6""]",0.1,0.1,0.8571428571428571,0.8571428571428571
bioasq_train,bioasq13b_54ede5a494afd61504000005,0.38421281298182636,"[""2"", ""27"", ""28"", ""42"", ""64"", ""110"", ""111"", ""112"", ""118"", ""151"", ""152"", ""155"", ""162""]",0.46153846153846156,0.2608695652173913,0.33333333333333337,"[""2"", ""27"", ""28"", ""42"", ""64"", ""110"", ""111"", ""112"", ""118"", ""151"", ""152"", ""155"", ""162""]","[""2"", ""27"", ""28"", ""42"", ""64"", ""110"", ""111"", ""112"", ""118"", ""151"", ""152"", ""155"", ""162""]",0.24578539107950875,0.24578539107950875,0.33333333333333337,0.33333333333333337
bioasq_train,bioasq13b_52f385052059c6d71c000011,0.23728747630118568,"[""6"", ""7"", ""8"", ""9"", ""11"", ""12"", ""26"", ""28"", ""35"", ""36"", ""42"", ""45"", ""46"", ""55"", ""57"", ""61"", ""62"", ""63"", ""65"", ""72"", ""73"", ""76"", ""77"", ""78"", ""83"", ""86"", ""89"", ""90"", ""95"", ""96"", ""101"", ""102"", ""103"", ""104"", ""106"", ""111"", ""113"", ""116"", ""118"", ""123"", ""125"", ""127"", ""128"", ""131"", ""133"", ""136"", ""137"", ""138"", ""141"", ""146"", ""147"", ""150"", ""152"", ""153"", ""154"", ""155"", ""156"", ""157"", ""160"", ""161"", ""163"", ""164"", ""166"", ""171"", ""174"", ""175"", ""176"", ""177"", ""180"", ""181"", ""182"", ""183"", ""184"", ""185""]",0.17567567567567569,0.48148148148148145,0.25742574257425743,"[""6"", ""7"", ""8"", ""9"", ""11"", ""12"", ""26"", ""28"", ""35"", ""36"", ""42"", ""45"", ""46"", ""55"", ""57"", ""61"", ""62"", ""63"", ""65"", ""72"", ""73"", ""76"", ""77"", ""78"", ""83"", ""86"", ""89"", ""90"", ""95"", ""96"", ""101"", ""102"", ""103"", ""104"", ""106"", ""111"", ""113"", ""116"", ""118"", ""123"", ""125"", ""127"", ""128"", ""131"", ""133"", ""136"", ""137"", ""138"", ""141"", ""146"", ""147"", ""150"", ""152"", ""153"", ""154"", ""155"", ""156"", ""157"", ""160"", ""161"", ""163"", ""164"", ""166"", ""171"", ""174"", ""175"", ""176"", ""177"", ""180"", ""181"", ""182"", ""183"", ""184"", ""185""]","[""6"", ""7"", ""8"", ""9"", ""11"", ""12"", ""26"", ""28"", ""35"", ""36"", ""42"", ""45"", ""46"", ""55"", ""57"", ""61"", ""62"", ""63"", ""65"", ""72"", ""73"", ""76"", ""77"", ""78"", ""83"", ""86"", ""89"", ""90"", ""92"", ""95"", ""96"", ""101"", ""102"", ""103"", ""104"", ""106"", ""111"", ""113"", ""116"", ""118"", ""121"", ""123"", ""125"", ""127"", ""128"", ""131"", ""133"", ""136"", ""137"", ""141"", ""146"", ""147"", ""150"", ""151"", ""152"", ""153"", ""154"", ""155"", ""156"", ""157"", ""161"", ""163"", ""164"", ""166"", ""171"", ""174"", ""175"", ""176"", ""177"", ""180"", ""181"", ""182"", ""183"", ""184"", ""185""]",0.1565240676056279,0.16529837987462043,0.25742574257425743,0.25490196078431376
bioasq_train,bioasq13b_52f88a062059c6d71c000032,0.26055896919852545,"[""1"", ""2"", ""4"", ""5"", ""6"", ""7"", ""10"", ""11"", ""14"", ""22"", ""32"", ""52"", ""53"", ""55"", ""56"", ""57"", ""58"", ""63"", ""71"", ""75"", ""76"", ""77"", ""85"", ""86"", ""89"", ""90"", ""94"", ""95"", ""96"", ""100"", ""101"", ""102"", ""103"", ""104""]",0.17647058823529413,0.4,0.2448979591836735,"[""1"", ""2"", ""4"", ""5"", ""6"", ""7"", ""10"", ""11"", ""14"", ""22"", ""32"", ""52"", ""53"", ""55"", ""56"", ""57"", ""58"", ""63"", ""71"", ""75"", ""76"", ""77"", ""85"", ""86"", ""89"", ""90"", ""94"", ""95"", ""96"", ""100"", ""101"", ""102"", ""103"", ""104""]","[""1"", ""2"", ""4"", ""5"", ""6"", ""7"", ""10"", ""11"", ""14"", ""22"", ""32"", ""52"", ""53"", ""55"", ""56"", ""57"", ""58"", ""63"", ""71"", ""75"", ""76"", ""85"", ""86"", ""89"", ""90"", ""94"", ""95"", ""96"", ""100"", ""101"", ""102"", ""103"", ""104""]",0.16069106590004423,0.15940425931138005,0.2448979591836735,0.20833333333333331
bioasq_train,bioasq13b_530b7ae4970c65fa6b00000b,0.14451178451178454,"[""19"", ""20"", ""28"", ""34"", ""37"", ""39"", ""70""]",0.7142857142857143,0.35714285714285715,0.4761904761904762,"[""19"", ""20"", ""28"", ""34"", ""37"", ""39"", ""70""]","[""19"", ""20"", ""28"", ""34"", ""37"", ""39"", ""70""]",0.078787879,0.078787879,0.4761904761904762,0.4761904761904762
bioasq_train,bioasq13b_5325b0419b2d7acc7e000026,0.21952584452584453,"[""2"", ""13"", ""15"", ""16"", ""24"", ""35"", ""47"", ""52"", ""82"", ""90"", ""103""]",0.8181818181818182,0.6923076923076923,0.7500000000000001,"[""2"", ""13"", ""15"", ""16"", ""24"", ""35"", ""47"", ""52"", ""82"", ""90"", ""103""]","[""2"", ""13"", ""15"", ""16"", ""24"", ""35"", ""47"", ""52"", ""82"", ""90"", ""103""]",0.16556776556776556,0.16556776556776556,0.7500000000000001,0.7500000000000001
bioasq_train,bioasq13b_56c2fbd91e69116444000001,0.21299869984318673,"[""1"", ""4"", ""5"", ""6"", ""7"", ""17"", ""18"", ""20"", ""25"", ""26"", ""27"", ""28"", ""30"", ""35"", ""36"", ""37"", ""38"", ""40"", ""41"", ""42"", ""43"", ""44"", ""46"", ""52"", ""54"", ""55"", ""57"", ""58"", ""60"", ""66"", ""71"", ""72"", ""74"", ""76"", ""83"", ""84"", ""85"", ""86"", ""88"", ""90"", ""93"", ""94"", ""95"", ""97"", ""99"", ""100"", ""101"", ""102"", ""103"", ""104"", ""105"", ""106"", ""107""]",0.37735849056603776,0.6666666666666666,0.4819277108433735,"[""1"", ""4"", ""5"", ""6"", ""7"", ""17"", ""18"", ""20"", ""25"", ""26"", ""27"", ""28"", ""30"", ""35"", ""36"", ""37"", ""38"", ""40"", ""41"", ""42"", ""43"", ""44"", ""46"", ""52"", ""54"", ""55"", ""57"", ""58"", ""60"", ""66"", ""71"", ""72"", ""74"", ""76"", ""83"", ""84"", ""85"", ""86"", ""88"", ""90"", ""93"", ""94"", ""95"", ""97"", ""99"", ""100"", ""101"", ""102"", ""103"", ""104"", ""105"", ""106"", ""107""]","[""1"", ""4"", ""5"", ""6"", ""7"", ""17"", ""18"", ""20"", ""25"", ""26"", ""27"", ""28"", ""30"", ""35"", ""36"", ""37"", ""38"", ""40"", ""41"", ""42"", ""43"", ""44"", ""46"", ""52"", ""54"", ""57"", ""58"", ""60"", ""66"", ""71"", ""72"", ""74"", ""76"", ""78"", ""83"", ""84"", ""85"", ""86"", ""88"", ""90"", ""93"", ""94"", ""95"", ""97"", ""99"", ""100"", ""101"", ""102"", ""103"", ""104"", ""105"", ""106"", ""107""]",0.1437717296679561,0.14691421638790061,0.4819277108433735,0.4819277108433735
bioasq_train,bioasq13b_5507fc114b2a315d41000003,0.078474946,"[""3"", ""11"", ""13"", ""29"", ""30"", ""33"", ""37"", ""38"", ""39"", ""40"", ""41"", ""42"", ""44"", ""49"", ""53""]",0.5333333333333333,0.6666666666666666,0.5925925925925926,"[""3"", ""11"", ""13"", ""29"", ""30"", ""33"", ""37"", ""38"", ""39"", ""40"", ""41"", ""42"", ""44"", ""49"", ""53""]","[""3"", ""11"", ""13"", ""29"", ""30"", ""33"", ""37"", ""38"", ""39"", ""40"", ""41"", ""42"", ""44"", ""49"", ""53""]",0.049313725,0.049313725,0.5925925925925926,0.5925925925925926
bioasq_train,bioasq13b_54d8e59f4b1fd0d33c000001,0.14285714285714285,"[""18"", ""37"", ""113""]",0.6666666666666666,0.095238095,0.16666666666666666,"[""18"", ""37"", ""113""]","[""18"", ""37"", ""113""]",0.071428571,0.071428571,0.16666666666666666,0.16666666666666666
bioasq_train,bioasq13b_57169a49cb4ef8864c00000a,0.24102292768959432,"[""1"", ""12"", ""20"", ""21"", ""27"", ""61"", ""62"", ""67"", ""71""]",0.6666666666666666,0.35294117647058826,0.46153846153846156,"[""1"", ""12"", ""20"", ""21"", ""27"", ""61"", ""62"", ""67"", ""71""]","[""1"", ""12"", ""20"", ""21"", ""27"", ""61"", ""62"", ""67"", ""71""]",0.15158730158730158,0.15158730158730158,0.46153846153846156,0.46153846153846156
bioasq_train,bioasq13b_54d8efb84b1fd0d33c000003,0.10213954527680019,"[""2"", ""7"", ""11"", ""15"", ""29"", ""30"", ""37"", ""43"", ""45"", ""63"", ""70"", ""74"", ""79"", ""85"", ""90"", ""115"", ""118"", ""125""]",0.7777777777777778,0.4666666666666667,0.5833333333333334,"[""2"", ""7"", ""11"", ""15"", ""29"", ""30"", ""37"", ""43"", ""45"", ""63"", ""70"", ""74"", ""79"", ""85"", ""90"", ""115"", ""118"", ""125""]","[""2"", ""7"", ""11"", ""15"", ""29"", ""30"", ""37"", ""43"", ""45"", ""63"", ""70"", ""74"", ""79"", ""85"", ""90"", ""115"", ""118"", ""125""]",0.052991452991453004,0.052991452991453004,0.5833333333333334,0.5833333333333334
bioasq_train,bioasq13b_54edf27e94afd61504000010,0.13333333333333333,"[""1"", ""3"", ""4"", ""5"", ""6"", ""8""]",0.5,0.75,0.6,"[""1"", ""3"", ""4"", ""5"", ""6"", ""8""]","[""1"", ""3"", ""4"", ""5"", ""6"", ""8""]",0.1,0.1,0.6,0.6
bioasq_train,bioasq13b_52b2f1014003448f5500000a,0.12549247049247048,"[""5"", ""9"", ""10"", ""12"", ""17"", ""18"", ""31"", ""42"", ""43"", ""61"", ""65"", ""73"", ""79"", ""82""]",0.5714285714285714,0.2857142857142857,0.38095238095238093,"[""5"", ""9"", ""10"", ""12"", ""17"", ""18"", ""31"", ""42"", ""43"", ""61"", ""65"", ""73"", ""79"", ""82""]","[""5"", ""9"", ""10"", ""12"", ""17"", ""18"", ""28"", ""31"", ""42"", ""43"", ""61"", ""65"", ""73"", ""79"", ""82""]",0.088095238,0.096666667,0.38095238095238093,0.41860465116279066
bioasq_train,bioasq13b_54ede34694afd61504000004,0,"[""22"", ""33"", ""44""]",1,0.2727272727272727,0.42857142857142855,"[""22"", ""33"", ""44""]","[""22"", ""33"", ""44""]",0,0,0.42857142857142855,0.42857142857142855
bioasq_train,bioasq13b_5314ad66dae131f847000004,0.35742958834889876,"[""1"", ""2"", ""4"", ""6"", ""7"", ""8"", ""9"", ""10"", ""11"", ""12"", ""13"", ""18"", ""20"", ""23"", ""24"", ""34"", ""38"", ""39"", ""40"", ""41"", ""47"", ""57"", ""58"", ""59"", ""61"", ""64"", ""65"", ""66"", ""68"", ""69"", ""70"", ""95"", ""96"", ""98"", ""99"", ""100"", ""101""]",0.1891891891891892,0.5833333333333334,0.28571428571428575,"[""1"", ""2"", ""4"", ""6"", ""7"", ""8"", ""9"", ""10"", ""11"", ""12"", ""13"", ""18"", ""20"", ""23"", ""24"", ""34"", ""38"", ""39"", ""40"", ""41"", ""47"", ""57"", ""58"", ""59"", ""61"", ""64"", ""65"", ""66"", ""68"", ""69"", ""70"", ""95"", ""96"", ""98"", ""99"", ""100"", ""101""]","[""1"", ""2"", ""4"", ""6"", ""7"", ""8"", ""9"", ""10"", ""11"", ""12"", ""13"", ""18"", ""20"", ""23"", ""24"", ""34"", ""38"", ""39"", ""40"", ""41"", ""47"", ""57"", ""58"", ""59"", ""61"", ""65"", ""66"", ""68"", ""69"", ""70"", ""95"", ""96"", ""98"", ""99"", ""100"", ""101""]",0.2567640892339371,0.2542707523577089,0.28571428571428575,0.2916666666666667
bioasq_train,bioasq13b_56d1ddd267f0cb3d66000008,0,"[""1"", ""3"", ""4"", ""5"", ""6""]",1,1,1,"[""1"", ""3"", ""4"", ""5"", ""6""]","[""1"", ""3"", ""4"", ""5"", ""6""]",0,0,1,1
bioasq_train,bioasq13b_553d0c1df321868558000014,0.10158730158730159,"[""4"", ""19"", ""52"", ""54"", ""65"", ""71"", ""78""]",0.7142857142857143,0.15625,0.25641025641025644,"[""4"", ""19"", ""52"", ""54"", ""65"", ""71"", ""78""]","[""4"", ""19"", ""52"", ""54"", ""65"", ""71"", ""78""]",0.057142857,0.057142857,0.25641025641025644,0.25641025641025644
bioasq_train,bioasq13b_552033206b348bb82c00001b,0.19097676107480027,"[""1"", ""31"", ""33"", ""40"", ""41"", ""60"", ""63"", ""75"", ""81"", ""90"", ""92"", ""93"", ""96"", ""102"", ""103"", ""116""]",0.5,0.38095238095238093,0.4324324324324324,"[""1"", ""31"", ""33"", ""40"", ""41"", ""60"", ""63"", ""75"", ""81"", ""90"", ""92"", ""93"", ""96"", ""102"", ""103"", ""116""]","[""1"", ""31"", ""33"", ""40"", ""41"", ""60"", ""63"", ""75"", ""81"", ""90"", ""92"", ""93"", ""96"", ""102"", ""103"", ""116""]",0.12638888888888888,0.12638888888888888,0.4324324324324324,0.4324324324324324
bioasq_train,bioasq13b_56ae5a8a0a360a5e4500000b,0,"[""1"", ""2"", ""4"", ""5"", ""6"", ""7""]",0.8333333333333334,0.8333333333333334,0.8333333333333334,"[""1"", ""2"", ""4"", ""5"", ""6"", ""7""]","[""1"", ""2"", ""4"", ""5"", ""6"", ""7""]",0,0,0.8333333333333334,0.8333333333333334
bioasq_train,bioasq13b_5318813ab166e2b806000016,0.44031301973924925,"[""2"", ""11"", ""28""]",0.6666666666666666,0.029411764705882353,0.056338028169014086,"[""2"", ""11"", ""28""]","[""2"", ""11"", ""28""]",0.24947385910500666,0.24947385910500666,0.056338028169014086,0.056338028169014086
bioasq_train,bioasq13b_55031406e9bde69634000021,0.15983164983164982,"[""3"", ""11"", ""13"", ""14"", ""15"", ""24"", ""25"", ""54"", ""64"", ""65"", ""70""]",0.6363636363636364,0.3181818181818182,0.4242424242424242,"[""3"", ""11"", ""13"", ""14"", ""15"", ""24"", ""25"", ""54"", ""64"", ""65"", ""70""]","[""3"", ""11"", ""13"", ""14"", ""15"", ""24"", ""25"", ""54"", ""64"", ""65""]",0.10681818181818184,0.1062121212121212,0.4242424242424242,0.4375
bioasq_train,bioasq13b_571394701174fb175500000c,0,"[""1"", ""5""]",1,0.4,0.5714285714285715,"[""1"", ""5""]","[""1"", ""5""]",0,0,0.5714285714285715,0.5714285714285715
bioasq_train,bioasq13b_551d8b3a6b348bb82c000011,0,"[""5"", ""15"", ""17"", ""18"", ""19"", ""20""]",0.5,1,0.6666666666666666,"[""5"", ""15"", ""17"", ""18"", ""19"", ""20""]","[""5"", ""15"", ""17"", ""18"", ""19"", ""20""]",0,0,0.6666666666666666,0.6666666666666666
bioasq_train,bioasq13b_551173c26a8cde6b72000004,0,"[""1"", ""6"", ""7"", ""9""]",0.75,0.3,0.4285714285714285,"[""1"", ""6"", ""7"", ""9""]","[""1"", ""6"", ""7"", ""9""]",0,0,0.4285714285714285,0.4285714285714285
bioasq_train,bioasq13b_56f82a39cf1c325851000001,0.066666667,"[""2"", ""28"", ""56"", ""62""]",1,0.26666666666666666,0.4210526315789474,"[""2"", ""28"", ""56"", ""62""]","[""2"", ""28"", ""56"", ""62""]",0.033333333,0.033333333,0.4210526315789474,0.4210526315789474
bioasq_train,bioasq13b_530cf22aa177c6630c000001,0.089239508,"[""1"", ""3"", ""7"", ""8"", ""10"", ""12"", ""16"", ""17"", ""18"", ""22"", ""23"", ""27"", ""28"", ""30"", ""32"", ""33"", ""35"", ""36"", ""37"", ""38"", ""41"", ""42"", ""44"", ""45"", ""47"", ""48""]",0.5384615384615384,0.7777777777777778,0.6363636363636364,"[""1"", ""3"", ""7"", ""8"", ""10"", ""12"", ""16"", ""17"", ""18"", ""22"", ""23"", ""27"", ""28"", ""30"", ""32"", ""33"", ""35"", ""36"", ""37"", ""38"", ""41"", ""42"", ""44"", ""45"", ""47"", ""48""]","[""1"", ""3"", ""7"", ""8"", ""10"", ""12"", ""16"", ""17"", ""18"", ""22"", ""23"", ""27"", ""28"", ""30"", ""32"", ""33"", ""35"", ""36"", ""37"", ""38"", ""41"", ""42"", ""44"", ""45"", ""47"", ""48""]",0.05958486,0.05958486,0.6363636363636364,0.6363636363636364
bioasq_train,bioasq13b_56acda7c0a360a5e45000005,0.088888889,"[""4"", ""5"", ""13"", ""21"", ""31""]",0.8,0.5714285714285714,0.6666666666666666,"[""4"", ""5"", ""13"", ""21"", ""31""]","[""4"", ""5"", ""13"", ""21"", ""31""]",0.066666667,0.066666667,0.6666666666666666,0.6666666666666666
bioasq_train,bioasq13b_55167dec46478f2f2c00000a,0.066666667,"[""6"", ""17"", ""31""]",,,,"[""6"", ""17"", ""31""]","[""6"", ""17"", ""31""]",0.033333333,0.033333333,,
bioasq_train,bioasq13b_532f06e6d6d3ac6a34000028,0,"[""7"", ""19"", ""23"", ""37"", ""56"", ""68"", ""69"", ""76"", ""83"", ""89""]",0.6,0.5,0.5454545454545454,"[""7"", ""19"", ""23"", ""37"", ""56"", ""68"", ""69"", ""76"", ""83"", ""89""]","[""7"", ""19"", ""23"", ""37"", ""56"", ""68"", ""69"", ""76"", ""83"", ""89""]",0,0,0.5454545454545454,0.5454545454545454
bioasq_train,bioasq13b_54fd5dd86ad7dcbc12000008,0.16039335392276566,"[""2"", ""15"", ""27"", ""28"", ""32"", ""33"", ""36"", ""37"", ""41"", ""49"", ""54"", ""55"", ""56""]",0.6923076923076923,0.6923076923076923,0.6923076923076923,"[""2"", ""15"", ""27"", ""28"", ""32"", ""33"", ""36"", ""37"", ""41"", ""49"", ""54"", ""55"", ""56""]","[""2"", ""15"", ""27"", ""28"", ""32"", ""33"", ""36"", ""37"", ""41"", ""49"", ""54"", ""55"", ""56""]",0.11728937728937727,0.11728937728937727,0.6923076923076923,0.6923076923076923
bioasq_train,bioasq13b_54f08fa494afd61504000017,0.402162478,"[""1"", ""3"", ""4"", ""13"", ""14"", ""29"", ""30"", ""38"", ""52"", ""54"", ""55"", ""79"", ""84"", ""92"", ""96"", ""117"", ""118"", ""134"", ""146"", ""148""]",0.5,0.2777777777777778,0.35714285714285715,"[""1"", ""3"", ""4"", ""13"", ""14"", ""29"", ""30"", ""38"", ""52"", ""54"", ""55"", ""79"", ""84"", ""92"", ""96"", ""117"", ""118"", ""134"", ""146"", ""148""]","[""1"", ""3"", ""4"", ""13"", ""14"", ""29"", ""30"", ""38"", ""52"", ""54"", ""55"", ""79"", ""84"", ""92"", ""96"", ""117"", ""118"", ""148""]",0.2767541154497676,0.2912968737339447,0.35714285714285715,0.3333333333333333
bioasq_train,bioasq13b_54da21bf4b1fd0d33c00000d,0,"[""8"", ""9"", ""28"", ""30"", ""32""]",0.6,0.42857142857142855,0.5,"[""8"", ""9"", ""28"", ""30"", ""32""]","[""8"", ""9"", ""28"", ""30"", ""32""]",0,0,0.5,0.5
bioasq_train,bioasq13b_55031d82e9bde6963400002c,0.27910586384640307,"[""1"", ""3"", ""5"", ""6"", ""7"", ""12"", ""25"", ""26"", ""28"", ""29"", ""30"", ""35"", ""36"", ""37"", ""42"", ""52"", ""53"", ""54"", ""55"", ""56"", ""57"", ""64"", ""65"", ""68"", ""79"", ""80"", ""82"", ""83"", ""90"", ""93"", ""94"", ""95"", ""96"", ""116"", ""122"", ""123"", ""126"", ""130"", ""131"", ""146"", ""147"", ""152"", ""156"", ""160"", ""161"", ""162"", ""163"", ""164""]",0.1875,0.6428571428571429,0.2903225806451613,"[""1"", ""3"", ""5"", ""6"", ""7"", ""12"", ""25"", ""26"", ""28"", ""29"", ""30"", ""35"", ""36"", ""37"", ""42"", ""52"", ""53"", ""54"", ""55"", ""56"", ""57"", ""64"", ""65"", ""68"", ""79"", ""80"", ""82"", ""83"", ""90"", ""93"", ""94"", ""95"", ""96"", ""116"", ""122"", ""123"", ""126"", ""130"", ""131"", ""146"", ""147"", ""152"", ""156"", ""160"", ""161"", ""162"", ""163"", ""164""]","[""1"", ""3"", ""5"", ""6"", ""7"", ""12"", ""25"", ""26"", ""28"", ""29"", ""30"", ""35"", ""36"", ""37"", ""42"", ""52"", ""53"", ""54"", ""55"", ""56"", ""64"", ""65"", ""68"", ""79"", ""80"", ""82"", ""83"", ""90"", ""93"", ""94"", ""95"", ""96"", ""116"", ""122"", ""123"", ""126"", ""130"", ""131"", ""146"", ""147"", ""150"", ""152"", ""154"", ""156"", ""160"", ""161"", ""162"", ""163"", ""164""]",0.18431903017617304,0.20184128865087753,0.2903225806451613,0.25396825396825395
bioasq_train,bioasq13b_55253d7087ecba3764000008,0.2544107744107744,"[""2"", ""9"", ""77"", ""94"", ""95"", ""96"", ""117"", ""118"", ""119""]",,,,"[""2"", ""9"", ""77"", ""94"", ""95"", ""96"", ""117"", ""118"", ""119""]","[""2"", ""9"", ""77"", ""94"", ""95"", ""96"", ""117"", ""118"", ""119""]",0.18454545454545454,0.18454545454545454,,
bioasq_train,bioasq13b_56b77a866e3f8eaf4c000004,0.34074074074074073,"[""2"", ""3"", ""4""]",0.6666666666666666,0.2857142857142857,0.4,"[""2"", ""3"", ""4""]","[""2"", ""3"", ""4""]",0.24666666666666667,0.24666666666666667,0.4,0.4
bioasq_train,bioasq13b_56c8efef5795f9a73e000019,0,"[""1"", ""6"", ""10""]",1,0.42857142857142855,0.6,"[""1"", ""6"", ""10""]","[""1"", ""6"", ""10""]",0,0,0.6,0.6
bioasq_train,bioasq13b_5319a7f2b166e2b80600002a,0,"[""1"", ""5"", ""6"", ""7"", ""8"", ""9""]",0.3333333333333333,0.3333333333333333,0.3333333333333333,"[""1"", ""5"", ""6"", ""7"", ""8"", ""9""]","[""1"", ""5"", ""6"", ""7"", ""8"", ""9""]",0,0,0.3333333333333333,0.3333333333333333
bioasq_train,bioasq13b_53482bfcaeec6fbd07000010,0,"[""9"", ""16""]",1,1,1,"[""9"", ""16""]","[""9"", ""16""]",0,0,1,1
bioasq_train,bioasq13b_5507ea9a0195c16935000008,0.21333333333333332,"[""16"", ""26""]",1,0.095238095,0.17391304347826084,"[""16"", ""26""]","[""16"", ""26""]",0.12,0.12,0.17391304347826084,0.17391304347826084
bioasq_train,bioasq13b_56cdf4fe5795f9a73e000044,0,"[""1"", ""4"", ""6""]",1,0.5,0.6666666666666666,"[""1"", ""4"", ""6""]","[""1"", ""4"", ""6""]",0,0,0.6666666666666666,0.6666666666666666
bioasq_train,bioasq13b_553cf397f321868558000010,0.075536316,"[""1"", ""5"", ""6"", ""7"", ""10"", ""12"", ""13"", ""16"", ""17"", ""18"", ""22"", ""32"", ""33"", ""36"", ""38"", ""42"", ""43"", ""46"", ""50"", ""51""]",0.85,0.68,0.7555555555555556,"[""1"", ""5"", ""6"", ""7"", ""10"", ""12"", ""13"", ""16"", ""17"", ""18"", ""22"", ""32"", ""33"", ""36"", ""38"", ""42"", ""43"", ""46"", ""50"", ""51""]","[""1"", ""5"", ""6"", ""7"", ""10"", ""12"", ""13"", ""16"", ""17"", ""18"", ""22"", ""32"", ""33"", ""36"", ""38"", ""42"", ""43"", ""46"", ""50"", ""51""]",0.051991342,0.051991342,0.7555555555555556,0.7555555555555556
bioasq_train,bioasq13b_531881acb166e2b806000017,0.039888300999412124,"[""1"", ""5"", ""6"", ""9"", ""10"", ""11"", ""12"", ""13"", ""16"", ""17"", ""19"", ""20"", ""21"", ""22"", ""24"", ""25"", ""26"", ""27"", ""31"", ""34"", ""35"", ""36"", ""37"", ""40"", ""43"", ""45"", ""48""]",0.5555555555555556,0.75,0.6382978723404256,"[""1"", ""5"", ""6"", ""9"", ""10"", ""11"", ""12"", ""13"", ""16"", ""17"", ""19"", ""20"", ""21"", ""22"", ""24"", ""25"", ""26"", ""27"", ""31"", ""34"", ""35"", ""36"", ""37"", ""40"", ""43"", ""45"", ""48""]","[""1"", ""5"", ""6"", ""9"", ""10"", ""11"", ""12"", ""13"", ""16"", ""17"", ""19"", ""20"", ""21"", ""22"", ""24"", ""25"", ""26"", ""27"", ""31"", ""34"", ""35"", ""36"", ""37"", ""40"", ""43"", ""45"", ""48""]",0.025793650793650823,0.025793650793650823,0.6382978723404256,0.6382978723404256
bioasq_train,bioasq13b_553e07caf321868558000016,0.12040523666567358,"[""1"", ""6"", ""8"", ""9"", ""10"", ""12"", ""14"", ""15"", ""17"", ""20"", ""25"", ""26"", ""34"", ""35"", ""41"", ""42"", ""46"", ""48"", ""53"", ""54"", ""56"", ""58"", ""60"", ""61"", ""63"", ""71"", ""72"", ""73"", ""74"", ""77"", ""78"", ""79"", ""84"", ""86"", ""89"", ""92"", ""93"", ""96"", ""97"", ""101"", ""106"", ""111"", ""115"", ""123"", ""124"", ""126"", ""127"", ""129"", ""131"", ""132"", ""133""]",0.23529411764705882,0.6666666666666666,0.3478260869565218,"[""1"", ""6"", ""8"", ""9"", ""10"", ""12"", ""14"", ""15"", ""17"", ""20"", ""25"", ""26"", ""34"", ""35"", ""41"", ""42"", ""46"", ""48"", ""53"", ""54"", ""56"", ""58"", ""60"", ""61"", ""63"", ""71"", ""72"", ""73"", ""74"", ""77"", ""78"", ""79"", ""84"", ""86"", ""89"", ""92"", ""93"", ""96"", ""97"", ""101"", ""106"", ""111"", ""115"", ""123"", ""124"", ""126"", ""127"", ""129"", ""131"", ""132"", ""133""]","[""1"", ""6"", ""8"", ""9"", ""10"", ""12"", ""14"", ""15"", ""17"", ""20"", ""25"", ""26"", ""34"", ""35"", ""41"", ""42"", ""46"", ""47"", ""48"", ""53"", ""54"", ""56"", ""58"", ""60"", ""61"", ""63"", ""71"", ""72"", ""73"", ""74"", ""77"", ""78"", ""79"", ""84"", ""86"", ""89"", ""92"", ""93"", ""96"", ""97"", ""101"", ""106"", ""111"", ""115"", ""123"", ""124"", ""126"", ""127"", ""129"", ""131"", ""132"", ""133""]",0.083416225,0.089774059,0.3478260869565218,0.3428571428571429
bioasq_train,bioasq13b_56e844c442442bac75000002,0.4444084653234405,"[""4"", ""6"", ""7"", ""8"", ""9"", ""14"", ""15"", ""16"", ""17"", ""21"", ""22"", ""27"", ""28"", ""29"", ""35"", ""36"", ""37"", ""38"", ""41"", ""43"", ""46"", ""48"", ""49"", ""50"", ""51"", ""52"", ""54"", ""55"", ""56"", ""57"", ""58"", ""64"", ""66"", ""69"", ""76"", ""79"", ""80"", ""82"", ""91"", ""93"", ""95"", ""96"", ""99"", ""106"", ""118"", ""131"", ""133"", ""144"", ""145"", ""158"", ""161"", ""173"", ""175"", ""186"", ""188"", ""193"", ""210"", ""211"", ""215"", ""216"", ""220"", ""222"", ""224"", ""233"", ""234"", ""235"", ""236"", ""244"", ""248"", ""250"", ""251""]",,,,"[""4"", ""6"", ""7"", ""8"", ""9"", ""14"", ""15"", ""16"", ""17"", ""21"", ""22"", ""27"", ""28"", ""29"", ""35"", ""36"", ""37"", ""38"", ""41"", ""43"", ""46"", ""48"", ""49"", ""50"", ""51"", ""52"", ""54"", ""55"", ""56"", ""57"", ""58"", ""64"", ""66"", ""69"", ""76"", ""79"", ""80"", ""82"", ""91"", ""93"", ""95"", ""96"", ""99"", ""106"", ""118"", ""131"", ""133"", ""144"", ""145"", ""158"", ""161"", ""173"", ""175"", ""186"", ""188"", ""193"", ""210"", ""211"", ""215"", ""216"", ""220"", ""222"", ""224"", ""233"", ""234"", ""235"", ""236"", ""244"", ""248"", ""250"", ""251""]","[""4"", ""6"", ""7"", ""8"", ""9"", ""14"", ""15"", ""16"", ""17"", ""21"", ""22"", ""27"", ""28"", ""29"", ""35"", ""36"", ""37"", ""38"", ""43"", ""48"", ""49"", ""50"", ""54"", ""55"", ""56"", ""57"", ""64"", ""65"", ""69"", ""76"", ""79"", ""80"", ""82"", ""91"", ""93"", ""95"", ""99"", ""106"", ""118"", ""131"", ""133"", ""144"", ""145"", ""158"", ""161"", ""173"", ""175"", ""186"", ""188"", ""193"", ""210"", ""211"", ""215"", ""216"", ""220"", ""222"", ""224"", ""234"", ""235"", ""238"", ""248"", ""249"", ""250"", ""251""]",0.31577649865454527,0.3476940687375398,,
bioasq_train,bioasq13b_56f403d009dd18d46b000004,0.2282479657881957,"[""14"", ""15"", ""16"", ""19"", ""22"", ""44"", ""46"", ""47"", ""49"", ""54"", ""55"", ""57"", ""62"", ""66"", ""74"", ""77"", ""78"", ""79"", ""80"", ""83"", ""92"", ""93"", ""94"", ""96"", ""97"", ""98"", ""100""]",0.25925925925925924,0.3333333333333333,0.2916666666666667,"[""14"", ""15"", ""16"", ""19"", ""22"", ""44"", ""46"", ""47"", ""49"", ""54"", ""55"", ""57"", ""62"", ""66"", ""74"", ""77"", ""78"", ""79"", ""80"", ""83"", ""92"", ""93"", ""94"", ""96"", ""97"", ""98"", ""100""]","[""14"", ""15"", ""16"", ""19"", ""22"", ""44"", ""46"", ""47"", ""49"", ""54"", ""55"", ""57"", ""62"", ""66"", ""74"", ""77"", ""78"", ""79"", ""80"", ""83"", ""92"", ""93"", ""96"", ""97"", ""98"", ""100""]",0.1550830140485313,0.15413056292366636,0.2916666666666667,0.25531914893617025
bioasq_train,bioasq13b_56a3a8c7496b62f23f000009,0.064552565,"[""2"", ""3"", ""4"", ""7"", ""8"", ""9"", ""10"", ""13"", ""14"", ""15"", ""17"", ""18"", ""24"", ""27"", ""33"", ""36"", ""37"", ""38"", ""43"", ""48""]",0.5,0.6666666666666666,0.5714285714285715,"[""2"", ""3"", ""4"", ""7"", ""8"", ""9"", ""10"", ""13"", ""14"", ""15"", ""17"", ""18"", ""24"", ""27"", ""33"", ""36"", ""37"", ""38"", ""43"", ""48""]","[""2"", ""3"", ""4"", ""7"", ""8"", ""9"", ""10"", ""13"", ""14"", ""15"", ""17"", ""18"", ""24"", ""27"", ""33"", ""36"", ""37"", ""38"", ""43"", ""48""]",0.041853002070393386,0.041853002070393386,0.5714285714285715,0.5714285714285715
bioasq_train,bioasq13b_52fb20a32059c6d71c00005d,0,"[""1"", ""6"", ""10"", ""18"", ""24"", ""25"", ""26""]",0.42857142857142855,0.6,0.5,"[""1"", ""6"", ""10"", ""18"", ""24"", ""25"", ""26""]","[""1"", ""6"", ""10"", ""18"", ""24"", ""25"", ""26""]",0,0,0.5,0.5
bioasq_train,bioasq13b_52d783bf98d0239505000001,0.3059227192560526,"[""3"", ""24"", ""30"", ""40"", ""41"", ""47""]",0.5,0.5,0.5,"[""3"", ""24"", ""30"", ""40"", ""41"", ""47""]","[""3"", ""24"", ""30"", ""40"", ""41"", ""47""]",0.1928571428571429,0.1928571428571429,0.5,0.5
bioasq_train,bioasq13b_56c1f00fef6e394741000040,0.3589394608269195,"[""1"", ""2"", ""5"", ""8"", ""9"", ""11"", ""16"", ""19"", ""30"", ""31"", ""32"", ""45"", ""47"", ""53"", ""57"", ""64"", ""74"", ""75"", ""86"", ""89"", ""90"", ""96"", ""99"", ""100"", ""103"", ""104"", ""110"", ""114"", ""116"", ""134"", ""135"", ""136"", ""141"", ""144"", ""145"", ""148""]",0.3333333333333333,0.8571428571428571,0.48,"[""1"", ""2"", ""5"", ""8"", ""9"", ""11"", ""16"", ""19"", ""30"", ""31"", ""32"", ""45"", ""47"", ""53"", ""57"", ""64"", ""74"", ""75"", ""86"", ""89"", ""90"", ""96"", ""99"", ""100"", ""103"", ""104"", ""110"", ""114"", ""116"", ""134"", ""135"", ""136"", ""141"", ""144"", ""145"", ""148""]","[""1"", ""2"", ""5"", ""8"", ""9"", ""11"", ""16"", ""19"", ""30"", ""31"", ""32"", ""45"", ""47"", ""53"", ""57"", ""64"", ""74"", ""75"", ""86"", ""89"", ""90"", ""96"", ""99"", ""103"", ""104"", ""110"", ""114"", ""135"", ""136"", ""141"", ""144"", ""145"", ""148""]",0.24980657156664235,0.2558829006667769,0.48,0.4680851063829786
bioasq_train,bioasq13b_533c394ec45e13371400000c,0.478561658,"[""1"", ""3"", ""5"", ""6"", ""7"", ""8"", ""9"", ""11"", ""16"", ""17"", ""18"", ""25"", ""27"", ""29"", ""30"", ""34"", ""35"", ""44"", ""49"", ""51"", ""54"", ""55"", ""57"", ""66"", ""67"", ""70"", ""77"", ""80"", ""85"", ""90"", ""91"", ""93"", ""96"", ""102"", ""104"", ""110"", ""113"", ""116"", ""122"", ""123"", ""126"", ""133"", ""135"", ""136"", ""145"", ""146"", ""156"", ""166"", ""174"", ""175"", ""176"", ""188"", ""190"", ""196"", ""204"", ""205"", ""206"", ""207"", ""210"", ""211"", ""212"", ""215"", ""217"", ""218"", ""222"", ""225"", ""226"", ""228"", ""229"", ""231"", ""235"", ""236"", ""238"", ""239"", ""244"", ""245"", ""246"", ""248"", ""250"", ""251"", ""253"", ""254"", ""255"", ""257"", ""258"", ""259"", ""261"", ""262"", ""264"", ""265"", ""270"", ""271"", ""272"", ""273"", ""275"", ""276"", ""277"", ""278"", ""279"", ""280"", ""281"", ""282"", ""283"", ""284"", ""285"", ""286"", ""287"", ""288"", ""289"", ""290"", ""291"", ""292"", ""293"", ""294"", ""295"", ""296"", ""297"", ""298"", ""299"", ""300"", ""301"", ""302"", ""303"", ""304"", ""305"", ""306"", ""307"", ""308"", ""309"", ""310"", ""311"", ""312"", ""313"", ""314"", ""315"", ""316"", ""317"", ""318"", ""319"", ""320"", ""321"", ""322"", ""323"", ""324"", ""325"", ""326"", ""327"", ""328"", ""329"", ""330"", ""331"", ""332""]",0.25,0.5066666666666667,0.33480176211453744,"[""1"", ""3"", ""5"", ""6"", ""7"", ""8"", ""9"", ""11"", ""16"", ""17"", ""18"", ""25"", ""27"", ""29"", ""30"", ""34"", ""35"", ""44"", ""49"", ""51"", ""54"", ""55"", ""57"", ""66"", ""67"", ""70"", ""77"", ""80"", ""85"", ""90"", ""91"", ""93"", ""96"", ""102"", ""104"", ""110"", ""113"", ""116"", ""122"", ""123"", ""126"", ""133"", ""135"", ""136"", ""145"", ""146"", ""156"", ""166"", ""174"", ""175"", ""176"", ""188"", ""190"", ""196"", ""204"", ""205"", ""206"", ""207"", ""210"", ""211"", ""212"", ""215"", ""217"", ""218"", ""222"", ""225"", ""226"", ""228"", ""229"", ""231"", ""235"", ""236"", ""238"", ""239"", ""244"", ""245"", ""246"", ""248"", ""250"", ""251"", ""253"", ""254"", ""255"", ""257"", ""258"", ""259"", ""261"", ""262"", ""264"", ""265"", ""270"", ""271"", ""272"", ""273"", ""275"", ""276"", ""277"", ""278"", ""279"", ""280"", ""281"", ""282"", ""283"", ""284"", ""285"", ""286"", ""287"", ""288"", ""289"", ""290"", ""291"", ""292"", ""293"", ""294"", ""295"", ""296"", ""297"", ""298"", ""299"", ""300"", ""301"", ""302"", ""303"", ""304"", ""305"", ""306"", ""307"", ""308"", ""309"", ""310"", ""311"", ""312"", ""313"", ""314"", ""315"", ""316"", ""317"", ""318"", ""319"", ""320"", ""321"", ""322"", ""323"", ""324"", ""325"", ""326"", ""327"", ""328"", ""329"", ""330"", ""331"", ""332""]","[""1"", ""3"", ""5"", ""6"", ""7"", ""8"", ""9"", ""11"", ""16"", ""17"", ""18"", ""25"", ""27"", ""29"", ""30"", ""34"", ""35"", ""49"", ""51"", ""54"", ""55"", ""57"", ""66"", ""67"", ""70"", ""77"", ""80"", ""85"", ""86"", ""90"", ""91"", ""93"", ""96"", ""100"", ""102"", ""104"", ""105"", ""110"", ""113"", ""114"", ""116"", ""120"", ""122"", ""123"", ""126"", ""133"", ""135"", ""136"", ""145"", ""146"", ""153"", ""156"", ""160"", ""162"", ""164"", ""166"", ""174"", ""176"", ""185"", ""187"", ""188"", ""190"", ""196"", ""198"", ""199"", ""200"", ""204"", ""205"", ""206"", ""207"", ""211"", ""212"", ""213"", ""215"", ""216"", ""217"", ""218"", ""219"", ""222"", ""225"", ""226"", ""228"", ""229"", ""230"", ""232"", ""234"", ""235"", ""236"", ""237"", ""238"", ""239"", ""240"", ""244"", ""245"", ""246"", ""248"", ""250"", ""251"", ""252"", ""253"", ""255"", ""256"", ""257"", ""258"", ""259"", ""260"", ""261"", ""262"", ""264"", ""265"", ""270"", ""271"", ""272"", ""273"", ""274"", ""275"", ""276"", ""277"", ""278"", ""279"", ""280"", ""281"", ""282"", ""283"", ""284"", ""285"", ""286"", ""287"", ""288"", ""289"", ""290"", ""291"", ""292"", ""293"", ""294"", ""295"", ""296"", ""297"", ""298"", ""299"", ""300"", ""301"", ""302"", ""303"", ""304"", ""305"", ""306"", ""307"", ""308"", ""309"", ""310"", ""311"", ""312"", ""313"", ""314"", ""315"", ""316"", ""317"", ""318"", ""319"", ""320"", ""321"", ""322"", ""323"", ""324"", ""325"", ""326"", ""327"", ""328"", ""329"", ""330"", ""331"", ""332""]",0.3491308615329337,0.36648901284408836,0.33480176211453744,0.3467741935483871
bioasq_train,bioasq13b_5319a80fb166e2b80600002b,0,"[""4"", ""5"", ""6"", ""8"", ""10"", ""12""]",0.6666666666666666,0.8,0.7272727272727272,"[""4"", ""5"", ""6"", ""8"", ""10"", ""12""]","[""4"", ""5"", ""6"", ""8"", ""10"", ""12""]",0,0,0.7272727272727272,0.7272727272727272
bioasq_train,bioasq13b_5312f0f0e3eabad02100000d,0,"[""9""]",1,0.14285714285714285,0.25,"[""9""]","[""9""]",0,0,0.25,0.25
bioasq_train,bioasq13b_52f3a9ef2059c6d71c000012,0.071111111,"[""2"", ""8"", ""11"", ""29"", ""31"", ""38"", ""46"", ""57""]",0.375,0.3333333333333333,0.35294117647058826,"[""2"", ""8"", ""11"", ""29"", ""31"", ""38"", ""46"", ""57""]","[""2"", ""8"", ""11"", ""29"", ""31"", ""38"", ""46"", ""57""]",0.039999999999999994,0.039999999999999994,0.35294117647058826,0.35294117647058826
bioasq_train,bioasq13b_56d2ae19f22319765a000006,0.16048503611971104,"[""1"", ""2"", ""3"", ""10"", ""13"", ""14"", ""15"", ""24"", ""25"", ""29"", ""30"", ""36"", ""74"", ""75"", ""76"", ""77"", ""78"", ""80""]",0.6666666666666666,0.7058823529411765,0.6857142857142857,"[""1"", ""2"", ""3"", ""10"", ""13"", ""14"", ""15"", ""24"", ""25"", ""29"", ""30"", ""36"", ""74"", ""75"", ""76"", ""77"", ""78"", ""80""]","[""1"", ""2"", ""3"", ""10"", ""13"", ""14"", ""15"", ""24"", ""25"", ""29"", ""30"", ""36"", ""74"", ""75"", ""76"", ""77"", ""78"", ""80""]",0.098245614,0.098245614,0.6857142857142857,0.6857142857142857
bioasq_train,bioasq13b_5722027a0fd6f91b68000014,0,"[""4""]",1,0.25,0.4,"[""4""]","[""4""]",0,0,0.4,0.4
bioasq_train,bioasq13b_530d7e8a38c1322806000001,0.02962963,"[""22"", ""24"", ""33"", ""38"", ""42"", ""43"", ""45"", ""47"", ""48"", ""49"", ""50"", ""51""]",0.5833333333333334,0.4375,0.5,"[""22"", ""24"", ""33"", ""38"", ""42"", ""43"", ""45"", ""47"", ""48"", ""49"", ""50"", ""51""]","[""22"", ""24"", ""33"", ""38"", ""42"", ""43"", ""45"", ""47"", ""48"", ""49"", ""50"", ""51""]",0.016666666666666673,0.016666666666666673,0.5,0.5
bioasq_train,bioasq13b_54e221f6ae9738404b000010,0.5705165268633353,"[""4"", ""6"", ""7"", ""13"", ""14"", ""16"", ""26"", ""27"", ""28"", ""37"", ""67"", ""68"", ""71"", ""73"", ""76"", ""106"", ""107"", ""114"", ""115"", ""116"", ""141"", ""142"", ""145"", ""167"", ""178"", ""180"", ""181"", ""184"", ""210"", ""211"", ""214"", ""220"", ""222"", ""223"", ""224"", ""226"", ""231"", ""234"", ""235"", ""236"", ""237"", ""238"", ""241"", ""243"", ""247"", ""251"", ""252"", ""254"", ""257"", ""260"", ""261"", ""264"", ""266"", ""273"", ""274"", ""275"", ""278"", ""282""]",0.086206897,0.2777777777777778,0.13157894736842107,"[""4"", ""6"", ""7"", ""13"", ""14"", ""16"", ""26"", ""27"", ""28"", ""37"", ""67"", ""68"", ""71"", ""73"", ""76"", ""106"", ""107"", ""114"", ""115"", ""116"", ""141"", ""142"", ""145"", ""167"", ""178"", ""180"", ""181"", ""184"", ""210"", ""211"", ""214"", ""220"", ""222"", ""223"", ""224"", ""226"", ""231"", ""234"", ""235"", ""236"", ""237"", ""238"", ""241"", ""243"", ""247"", ""251"", ""252"", ""254"", ""257"", ""260"", ""261"", ""264"", ""266"", ""273"", ""274"", ""275"", ""278"", ""282""]","[""4"", ""6"", ""7"", ""13"", ""14"", ""16"", ""26"", ""27"", ""28"", ""37"", ""67"", ""68"", ""71"", ""72"", ""73"", ""106"", ""107"", ""114"", ""115"", ""116"", ""141"", ""142"", ""143"", ""167"", ""178"", ""179"", ""180"", ""181"", ""184"", ""210"", ""211"", ""214"", ""220"", ""222"", ""223"", ""226"", ""231"", ""234"", ""235"", ""237"", ""241"", ""243"", ""247"", ""251"", ""254"", ""260"", ""261"", ""266"", ""273"", ""274"", ""275"", ""278"", ""282""]",0.411676819,0.4346427983086539,0.13157894736842107,0.16901408450704225
bioasq_train,bioasq13b_56c097deef6e394741000027,0.11393945647484735,"[""1"", ""4"", ""5"", ""6"", ""7"", ""11"", ""12"", ""13"", ""14"", ""15"", ""16"", ""17"", ""18"", ""19"", ""20"", ""21"", ""22"", ""23"", ""24"", ""25"", ""26"", ""27"", ""28"", ""30"", ""31"", ""32"", ""33"", ""34"", ""35"", ""37"", ""38"", ""39"", ""40"", ""41"", ""42"", ""43"", ""44"", ""45"", ""46"", ""47"", ""48"", ""49"", ""50"", ""51"", ""52"", ""53"", ""54"", ""55"", ""56"", ""59"", ""60"", ""61"", ""62"", ""63"", ""64"", ""65"", ""66"", ""67"", ""69"", ""70"", ""71"", ""72"", ""73"", ""74"", ""75"", ""76"", ""77"", ""78"", ""79"", ""80"", ""81"", ""82"", ""83"", ""84"", ""85"", ""86"", ""87"", ""88"", ""89"", ""90"", ""91"", ""92"", ""93"", ""94"", ""95"", ""96"", ""97"", ""98"", ""99"", ""100"", ""101"", ""102"", ""103"", ""104"", ""105"", ""106"", ""107"", ""108"", ""109"", ""110"", ""111"", ""112"", ""113"", ""114"", ""115"", ""116"", ""117""]",0.102803738,0.9166666666666666,0.18487394957983194,"[""1"", ""4"", ""5"", ""6"", ""7"", ""11"", ""12"", ""13"", ""14"", ""15"", ""16"", ""17"", ""18"", ""19"", ""20"", ""21"", ""22"", ""23"", ""24"", ""25"", ""26"", ""27"", ""28"", ""30"", ""31"", ""32"", ""33"", ""34"", ""35"", ""37"", ""38"", ""39"", ""40"", ""41"", ""42"", ""43"", ""44"", ""45"", ""46"", ""47"", ""48"", ""49"", ""50"", ""51"", ""52"", ""53"", ""54"", ""55"", ""56"", ""59"", ""60"", ""61"", ""62"", ""63"", ""64"", ""65"", ""66"", ""67"", ""69"", ""70"", ""71"", ""72"", ""73"", ""74"", ""75"", ""76"", ""77"", ""78"", ""79"", ""80"", ""81"", ""82"", ""83"", ""84"", ""85"", ""86"", ""87"", ""88"", ""89"", ""90"", ""91"", ""92"", ""93"", ""94"", ""95"", ""96"", ""97"", ""98"", ""99"", ""100"", ""101"", ""102"", ""103"", ""104"", ""105"", ""106"", ""107"", ""108"", ""109"", ""110"", ""111"", ""112"", ""113"", ""114"", ""115"", ""116"", ""117""]","[""1"", ""4"", ""5"", ""6"", ""7"", ""11"", ""12"", ""13"", ""14"", ""15"", ""16"", ""17"", ""18"", ""19"", ""20"", ""21"", ""22"", ""23"", ""24"", ""25"", ""26"", ""27"", ""28"", ""30"", ""31"", ""32"", ""33"", ""34"", ""35"", ""37"", ""38"", ""39"", ""40"", ""41"", ""42"", ""43"", ""44"", ""45"", ""46"", ""47"", ""48"", ""49"", ""50"", ""51"", ""52"", ""53"", ""54"", ""55"", ""56"", ""57"", ""58"", ""59"", ""60"", ""61"", ""62"", ""63"", ""64"", ""65"", ""66"", ""67"", ""69"", ""70"", ""71"", ""72"", ""73"", ""74"", ""75"", ""76"", ""77"", ""78"", ""79"", ""80"", ""81"", ""82"", ""83"", ""84"", ""85"", ""86"", ""87"", ""88"", ""89"", ""90"", ""91"", ""92"", ""93"", ""94"", ""95"", ""96"", ""97"", ""98"", ""99"", ""100"", ""101"", ""102"", ""103"", ""104"", ""105"", ""106"", ""107"", ""108"", ""109"", ""110"", ""111"", ""112"", ""113"", ""114"", ""115"", ""116"", ""117""]",0.067761738,0.070359233,0.18487394957983194,0.18181818181818182
bioasq_train,bioasq13b_5318985eb166e2b80600001d,0.088888889,"[""2"", ""10"", ""16"", ""27""]",1,1,1,"[""2"", ""10"", ""16"", ""27""]","[""2"", ""10"", ""16"", ""27""]",0.05,0.05,1,1
bioasq_train,bioasq13b_5508453a4b2a315d41000008,0.054822955,"[""9"", ""17"", ""21"", ""22"", ""32"", ""36"", ""37"", ""38"", ""39"", ""41"", ""42"", ""43"", ""45""]",0.6153846153846154,0.7272727272727273,0.6666666666666667,"[""9"", ""17"", ""21"", ""22"", ""32"", ""36"", ""37"", ""38"", ""39"", ""41"", ""42"", ""43"", ""45""]","[""9"", ""17"", ""21"", ""22"", ""32"", ""36"", ""37"", ""38"", ""39"", ""41"", ""42"", ""43"", ""45""]",0.037912088,0.037912088,0.6666666666666667,0.6666666666666667
bioasq_train,bioasq13b_55414e4f472cfd8617000002,0.10264550264550264,"[""1"", ""8"", ""9"", ""10"", ""17""]",1,0.35714285714285715,0.5263157894736842,"[""1"", ""8"", ""9"", ""10"", ""17""]","[""1"", ""8"", ""9"", ""10"", ""17""]",0.061904762,0.061904762,0.5263157894736842,0.5263157894736842
bioasq_train,bioasq13b_56afa7fd0a360a5e45000016,0.22713377157821601,"[""1"", ""54"", ""55"", ""65"", ""66"", ""85"", ""86"", ""94"", ""99""]",0.4444444444444444,0.36363636363636365,0.39999999999999997,"[""1"", ""54"", ""55"", ""65"", ""66"", ""85"", ""86"", ""94"", ""99""]","[""1"", ""54"", ""55"", ""65"", ""66"", ""85"", ""86"", ""94"", ""99""]",0.11897546897546896,0.11897546897546896,0.39999999999999997,0.39999999999999997
bioasq_train,bioasq13b_5710a51bcf1c325851000029,0.3468661233994559,"[""1"", ""2"", ""5"", ""13"", ""14"", ""17"", ""35"", ""51"", ""53"", ""54"", ""57"", ""58"", ""59"", ""65"", ""71"", ""72"", ""94"", ""102"", ""103"", ""104"", ""110"", ""111"", ""112"", ""124"", ""127"", ""131"", ""132"", ""135"", ""146"", ""151"", ""157"", ""158"", ""160"", ""161"", ""162"", ""171"", ""172"", ""174""]",0.2894736842105263,0.3235294117647059,0.30555555555555564,"[""1"", ""2"", ""5"", ""13"", ""14"", ""17"", ""35"", ""51"", ""53"", ""54"", ""57"", ""58"", ""59"", ""65"", ""71"", ""72"", ""94"", ""102"", ""103"", ""104"", ""110"", ""111"", ""112"", ""124"", ""127"", ""131"", ""132"", ""135"", ""146"", ""151"", ""157"", ""158"", ""160"", ""161"", ""162"", ""171"", ""172"", ""174""]","[""1"", ""2"", ""5"", ""13"", ""14"", ""17"", ""35"", ""51"", ""53"", ""54"", ""57"", ""58"", ""59"", ""65"", ""71"", ""72"", ""94"", ""102"", ""103"", ""104"", ""110"", ""111"", ""112"", ""124"", ""127"", ""131"", ""132"", ""138"", ""146"", ""150"", ""151"", ""157"", ""161"", ""162"", ""171"", ""172"", ""174""]",0.24428094983870557,0.2614711737537824,0.30555555555555564,0.3098591549295775
bioasq_train,bioasq13b_56c1d84aef6e394741000030,0.41523050629563224,"[""1"", ""2"", ""5"", ""12"", ""14"", ""15"", ""17"", ""21"", ""23"", ""28"", ""31"", ""34"", ""46"", ""54"", ""58"", ""75"", ""80"", ""93"", ""101"", ""110"", ""113"", ""115"", ""116"", ""151"", ""159"", ""162""]",0.34615384615384615,0.5,0.40909090909090906,"[""1"", ""2"", ""5"", ""12"", ""14"", ""15"", ""17"", ""21"", ""23"", ""28"", ""31"", ""34"", ""46"", ""54"", ""58"", ""75"", ""80"", ""93"", ""101"", ""110"", ""113"", ""115"", ""116"", ""151"", ""159"", ""162""]","[""1"", ""2"", ""5"", ""12"", ""14"", ""15"", ""17"", ""21"", ""23"", ""28"", ""31"", ""34"", ""46"", ""54"", ""58"", ""75"", ""80"", ""81"", ""98"", ""101"", ""102"", ""110"", ""113"", ""115"", ""116"", ""151"", ""159"", ""162""]",0.3031402629769236,0.32491208277149297,0.40909090909090906,0.43478260869565216
bioasq_train,bioasq13b_56c1d85fef6e394741000036,0.14416427348098595,"[""4"", ""14"", ""16"", ""23"", ""24"", ""26"", ""27"", ""33"", ""34"", ""35"", ""36"", ""38"", ""39"", ""43"", ""44"", ""46"", ""47"", ""48"", ""49"", ""50"", ""52"", ""53"", ""54"", ""55"", ""56"", ""57"", ""58"", ""60"", ""61"", ""62"", ""63"", ""64"", ""73"", ""74"", ""78"", ""81"", ""82"", ""83"", ""84"", ""85"", ""86"", ""90"", ""91"", ""92"", ""93"", ""94"", ""95"", ""97"", ""98"", ""99"", ""100"", ""101""]",,,,"[""4"", ""14"", ""16"", ""23"", ""24"", ""26"", ""27"", ""33"", ""34"", ""35"", ""36"", ""38"", ""39"", ""43"", ""44"", ""46"", ""47"", ""48"", ""49"", ""50"", ""52"", ""53"", ""54"", ""55"", ""56"", ""57"", ""58"", ""60"", ""61"", ""62"", ""63"", ""64"", ""73"", ""74"", ""78"", ""81"", ""82"", ""83"", ""84"", ""85"", ""86"", ""90"", ""91"", ""92"", ""93"", ""94"", ""95"", ""97"", ""98"", ""99"", ""100"", ""101""]","[""4"", ""14"", ""16"", ""23"", ""24"", ""26"", ""27"", ""33"", ""34"", ""35"", ""36"", ""38"", ""39"", ""40"", ""43"", ""44"", ""46"", ""47"", ""48"", ""49"", ""50"", ""52"", ""53"", ""54"", ""55"", ""56"", ""57"", ""58"", ""60"", ""61"", ""62"", ""63"", ""64"", ""73"", ""74"", ""78"", ""81"", ""82"", ""83"", ""84"", ""85"", ""86"", ""90"", ""91"", ""92"", ""93"", ""94"", ""95"", ""96"", ""97"", ""98"", ""99"", ""100"", ""101""]",0.099159761,0.10373800663274349,,
bioasq_train,bioasq13b_5172f8118ed59a060a000019,0.12345679012345681,"[""3"", ""4"", ""7"", ""11"", ""12"", ""34"", ""35"", ""63"", ""65""]",0.5555555555555556,0.45454545454545453,0.5,"[""3"", ""4"", ""7"", ""11"", ""12"", ""34"", ""35"", ""63"", ""65""]","[""3"", ""4"", ""7"", ""11"", ""12"", ""34"", ""35"", ""63"", ""65""]",0.065079365,0.065079365,0.5,0.5
bioasq_train,bioasq13b_52d3cc5203868f1b06000037,0.09962963,"[""12"", ""24"", ""25"", ""29"", ""35"", ""37"", ""49""]",0.7142857142857143,0.625,0.6666666666666666,"[""12"", ""24"", ""25"", ""29"", ""35"", ""37"", ""49""]","[""12"", ""24"", ""25"", ""29"", ""35"", ""37"", ""49""]",0.059722222,0.059722222,0.6666666666666666,0.6666666666666666
bioasq_train,bioasq13b_530e42bf5937551c09000005,0.3093563509840244,"[""1"", ""2"", ""3"", ""10"", ""11"", ""12"", ""16"", ""22"", ""24"", ""31"", ""33"", ""37"", ""42"", ""49"", ""53"", ""83"", ""86"", ""89"", ""92"", ""93"", ""124"", ""125"", ""126"", ""129"", ""131"", ""132"", ""134"", ""136"", ""139"", ""141"", ""142""]",0.45161290322580644,0.6086956521739131,0.5185185185185185,"[""1"", ""2"", ""3"", ""10"", ""11"", ""12"", ""16"", ""22"", ""24"", ""31"", ""33"", ""37"", ""42"", ""49"", ""53"", ""83"", ""86"", ""89"", ""92"", ""93"", ""124"", ""125"", ""126"", ""129"", ""131"", ""132"", ""134"", ""136"", ""139"", ""141"", ""142""]","[""1"", ""2"", ""3"", ""10"", ""11"", ""12"", ""16"", ""22"", ""24"", ""31"", ""33"", ""36"", ""37"", ""42"", ""49"", ""53"", ""83"", ""86"", ""89"", ""92"", ""124"", ""125"", ""126"", ""129"", ""131"", ""132"", ""134"", ""136"", ""139"", ""141"", ""142""]",0.20723066134593648,0.21527575034927976,0.5185185185185185,0.4814814814814815
bioasq_train,bioasq13b_52f4f2082059c6d71c00001d,0.1503941831279774,"[""11"", ""12"", ""15"", ""16"", ""17"", ""19"", ""21"", ""25"", ""26"", ""27"", ""31"", ""33"", ""35"", ""36"", ""37"", ""38"", ""39"", ""41"", ""42"", ""44"", ""45"", ""48"", ""55"", ""56"", ""57"", ""58"", ""60"", ""65"", ""67"", ""71"", ""72"", ""78"", ""84"", ""88"", ""90"", ""92"", ""93"", ""96"", ""97"", ""98"", ""99"", ""100"", ""101"", ""102"", ""104"", ""111"", ""114"", ""115"", ""116"", ""117"", ""118"", ""119"", ""121"", ""122"", ""126"", ""127"", ""128"", ""129"", ""130"", ""131"", ""133"", ""136"", ""137"", ""138"", ""139"", ""140"", ""141"", ""144"", ""145"", ""150"", ""151"", ""153"", ""154"", ""155"", ""156"", ""157"", ""158"", ""159"", ""160"", ""161"", ""163"", ""164"", ""166"", ""168"", ""169"", ""170"", ""171"", ""172"", ""173"", ""174"", ""175"", ""184"", ""185"", ""186"", ""188"", ""190"", ""191"", ""192"", ""193"", ""194"", ""195""]",0.02970297,0.5,0.056074766,"[""11"", ""12"", ""15"", ""16"", ""17"", ""19"", ""21"", ""25"", ""26"", ""27"", ""31"", ""33"", ""35"", ""36"", ""37"", ""38"", ""39"", ""41"", ""42"", ""44"", ""45"", ""48"", ""55"", ""56"", ""57"", ""58"", ""60"", ""65"", ""67"", ""71"", ""72"", ""78"", ""84"", ""88"", ""90"", ""92"", ""93"", ""96"", ""97"", ""98"", ""99"", ""100"", ""101"", ""102"", ""104"", ""111"", ""114"", ""115"", ""116"", ""117"", ""118"", ""119"", ""121"", ""122"", ""126"", ""127"", ""128"", ""129"", ""130"", ""131"", ""133"", ""136"", ""137"", ""138"", ""139"", ""140"", ""141"", ""144"", ""145"", ""150"", ""151"", ""153"", ""154"", ""155"", ""156"", ""157"", ""158"", ""159"", ""160"", ""161"", ""163"", ""164"", ""166"", ""168"", ""169"", ""170"", ""171"", ""172"", ""173"", ""174"", ""175"", ""184"", ""185"", ""186"", ""188"", ""190"", ""191"", ""192"", ""193"", ""194"", ""195""]","[""11"", ""12"", ""15"", ""16"", ""17"", ""19"", ""21"", ""25"", ""26"", ""27"", ""31"", ""33"", ""35"", ""36"", ""37"", ""38"", ""39"", ""42"", ""44"", ""45"", ""48"", ""55"", ""56"", ""57"", ""58"", ""60"", ""65"", ""67"", ""71"", ""72"", ""78"", ""84"", ""88"", ""90"", ""92"", ""93"", ""96"", ""97"", ""98"", ""99"", ""100"", ""101"", ""102"", ""104"", ""111"", ""114"", ""115"", ""116"", ""117"", ""118"", ""119"", ""121"", ""122"", ""125"", ""126"", ""127"", ""128"", ""129"", ""130"", ""133"", ""136"", ""137"", ""138"", ""139"", ""140"", ""141"", ""144"", ""145"", ""146"", ""150"", ""151"", ""152"", ""153"", ""154"", ""155"", ""156"", ""157"", ""158"", ""159"", ""160"", ""161"", ""163"", ""164"", ""165"", ""166"", ""167"", ""168"", ""169"", ""170"", ""171"", ""172"", ""173"", ""174"", ""175"", ""184"", ""185"", ""186"", ""188"", ""189"", ""190"", ""191"", ""192"", ""193"", ""194"", ""195""]",0.10015460118734039,0.11012457305817698,0.056074766,0.054054054
bioasq_train,bioasq13b_54d892ee014675820d000005,0,"[""2"", ""7"", ""16"", ""21"", ""27"", ""35"", ""46"", ""56"", ""66""]",1,0.6923076923076923,0.8181818181818181,"[""2"", ""7"", ""16"", ""21"", ""27"", ""35"", ""46"", ""56"", ""66""]","[""2"", ""7"", ""16"", ""21"", ""27"", ""35"", ""46"", ""56"", ""66""]",0,0,0.8181818181818181,0.8181818181818181
bioasq_train,bioasq13b_530cf54dab4de4de0c000009,0.14875760819334174,"[""3"", ""7"", ""10"", ""11"", ""15"", ""21"", ""25"", ""26"", ""31"", ""32"", ""33"", ""34"", ""36"", ""40"", ""42"", ""50"", ""53"", ""59"", ""60"", ""62"", ""63"", ""64"", ""66"", ""67"", ""70"", ""71"", ""72"", ""73"", ""74"", ""77"", ""86""]",0.16129032258064516,0.5,0.24390243902439024,"[""3"", ""7"", ""10"", ""11"", ""15"", ""21"", ""25"", ""26"", ""31"", ""32"", ""33"", ""34"", ""36"", ""40"", ""42"", ""50"", ""53"", ""59"", ""60"", ""62"", ""63"", ""64"", ""66"", ""67"", ""70"", ""71"", ""72"", ""73"", ""74"", ""77"", ""86""]","[""3"", ""7"", ""10"", ""11"", ""15"", ""21"", ""25"", ""26"", ""31"", ""32"", ""33"", ""34"", ""36"", ""40"", ""42"", ""50"", ""53"", ""59"", ""60"", ""62"", ""63"", ""64"", ""66"", ""67"", ""70"", ""71"", ""72"", ""73"", ""74"", ""77"", ""86""]",0.088061054,0.088061054,0.24390243902439024,0.24390243902439024
bioasq_train,bioasq13b_56c1f011ef6e394741000042,0.1791347016997431,"[""11"", ""25"", ""43"", ""44"", ""54"", ""66"", ""67"", ""70"", ""80"", ""81"", ""91"", ""92"", ""93"", ""94"", ""111"", ""119"", ""127"", ""133"", ""137"", ""156"", ""157"", ""166"", ""167"", ""178"", ""183"", ""186""]",0.6153846153846154,0.5333333333333333,0.5714285714285715,"[""11"", ""25"", ""43"", ""44"", ""54"", ""66"", ""67"", ""70"", ""80"", ""81"", ""91"", ""92"", ""93"", ""94"", ""111"", ""119"", ""127"", ""133"", ""137"", ""156"", ""157"", ""166"", ""167"", ""178"", ""183"", ""186""]","[""11"", ""25"", ""43"", ""44"", ""54"", ""66"", ""67"", ""70"", ""80"", ""81"", ""91"", ""92"", ""93"", ""94"", ""111"", ""119"", ""127"", ""133"", ""137"", ""156"", ""157"", ""166"", ""167"", ""178"", ""183"", ""186""]",0.1114078841275727,0.1114078841275727,0.5714285714285715,0.5714285714285715
bioasq_train,bioasq13b_56e0813651531f7e33000010,0.5160902942815754,"[""5"", ""21"", ""30"", ""41"", ""42"", ""52"", ""54"", ""64"", ""83"", ""96"", ""101"", ""103"", ""113"", ""134"", ""142"", ""143"", ""157"", ""168"", ""182"", ""184"", ""193"", ""206""]",,,,"[""5"", ""21"", ""30"", ""41"", ""42"", ""52"", ""54"", ""64"", ""83"", ""96"", ""101"", ""103"", ""113"", ""134"", ""142"", ""143"", ""157"", ""168"", ""182"", ""184"", ""193"", ""206""]","[""5"", ""21"", ""30"", ""41"", ""42"", ""52"", ""54"", ""64"", ""71"", ""83"", ""96"", ""101"", ""103"", ""134"", ""142"", ""144"", ""157"", ""168"", ""182"", ""193"", ""206""]",0.3917495247525735,0.40201066621756276,,
bioasq_train,bioasq13b_53355714d6d3ac6a34000045,0.24013506,"[""6"", ""31"", ""41"", ""49"", ""58"", ""81"", ""84"", ""96""]",0.25,0.13333333333333333,0.1739130434782609,"[""6"", ""31"", ""41"", ""49"", ""58"", ""81"", ""84"", ""96""]","[""6"", ""31"", ""41"", ""49"", ""58"", ""81"", ""84"", ""96""]",0.13092105263157894,0.13092105263157894,0.1739130434782609,0.1739130434782609
bioasq_train,bioasq13b_5509b6d22e93f0133a000005,0.29318489251025376,"[""5"", ""6"", ""23"", ""31"", ""48"", ""52"", ""69"", ""96"", ""101"", ""102"", ""109"", ""110"", ""140"", ""149"", ""154"", ""169"", ""184"", ""191"", ""208"", ""209"", ""210"", ""236"", ""241"", ""252"", ""274"", ""281"", ""286"", ""287"", ""289"", ""299"", ""300""]",0.1935483870967742,0.42857142857142855,0.26666666666666666,"[""5"", ""6"", ""23"", ""31"", ""48"", ""52"", ""69"", ""96"", ""101"", ""102"", ""109"", ""110"", ""140"", ""149"", ""154"", ""169"", ""184"", ""191"", ""208"", ""209"", ""210"", ""236"", ""241"", ""252"", ""274"", ""281"", ""286"", ""287"", ""289"", ""299"", ""300""]","[""5"", ""6"", ""23"", ""31"", ""48"", ""52"", ""69"", ""96"", ""101"", ""102"", ""109"", ""110"", ""140"", ""149"", ""154"", ""169"", ""184"", ""191"", ""208"", ""209"", ""210"", ""236"", ""241"", ""252"", ""281"", ""286"", ""287"", ""299"", ""300""]",0.18573060675883257,0.19434862141337472,0.26666666666666666,0.23255813953488377
bioasq_train,bioasq13b_56c9f9d95795f9a73e00001e,0.12098765432098765,"[""11"", ""12"", ""13"", ""14"", ""16"", ""17"", ""18"", ""20"", ""23"", ""24"", ""68"", ""70"", ""71"", ""72"", ""73"", ""74"", ""75"", ""77""]",0.3333333333333333,0.6,0.42857142857142855,"[""11"", ""12"", ""13"", ""14"", ""16"", ""17"", ""18"", ""20"", ""23"", ""24"", ""68"", ""70"", ""71"", ""72"", ""73"", ""74"", ""75"", ""77""]","[""11"", ""12"", ""13"", ""14"", ""16"", ""17"", ""18"", ""20"", ""23"", ""24"", ""68"", ""70"", ""71"", ""72"", ""73"", ""74"", ""75"", ""77""]",0.088888889,0.088888889,0.42857142857142855,0.42857142857142855
bioasq_train,bioasq13b_569e7e99ceceede94d000003,0.11666666666666667,"[""4"", ""8"", ""12"", ""13""]",0.75,0.3333333333333333,0.46153846153846156,"[""4"", ""8"", ""12"", ""13""]","[""4"", ""8"", ""12"", ""13""]",0.075,0.075,0.46153846153846156,0.46153846153846156
bioasq_train,bioasq13b_569e6c68ca240fa209000001,0.1822222222222222,"[""2"", ""9"", ""16"", ""18"", ""24""]",0.8,0.6666666666666666,0.7272727272727272,"[""2"", ""9"", ""16"", ""18"", ""24""]","[""2"", ""9"", ""16"", ""18"", ""24""]",0.12,0.12,0.7272727272727272,0.7272727272727272
bioasq_train,bioasq13b_56c322d750c68dd416000004,0,"[""3"", ""8"", ""9"", ""13""]",0.5,0.3333333333333333,0.4,"[""3"", ""8"", ""9"", ""13""]","[""3"", ""8"", ""9"", ""13""]",0,0,0.4,0.4
bioasq_train,bioasq13b_56c06ef5ef6e39474100001e,0,"[""1"", ""4"", ""5"", ""6"", ""7"", ""8""]",1,0.75,0.8571428571428571,"[""1"", ""4"", ""5"", ""6"", ""7"", ""8""]","[""1"", ""4"", ""5"", ""6"", ""7"", ""8""]",0,0,0.8571428571428571,0.8571428571428571
bioasq_train,bioasq13b_553a9aa3f321868558000004,0,"[""2"", ""5"", ""12"", ""20"", ""25""]",0.8,0.4,0.5333333333333333,"[""2"", ""5"", ""12"", ""20"", ""25""]","[""2"", ""5"", ""12"", ""20"", ""25""]",0,0,0.5333333333333333,0.5333333333333333
bioasq_train,bioasq13b_56b8a525156496395c000002,0,"[""1"", ""2"", ""3""]",1,0.6,0.7499999999999999,"[""1"", ""2"", ""3""]","[""1"", ""2"", ""3""]",0,0,0.7499999999999999,0.7499999999999999
bioasq_train,bioasq13b_56f3eebd2ac5ed1459000016,0.23261022927689595,"[""4"", ""26"", ""44"", ""63"", ""83"", ""96""]",1,0.5,0.6666666666666666,"[""4"", ""26"", ""44"", ""63"", ""83"", ""96""]","[""4"", ""26"", ""44"", ""63"", ""83"", ""96""]",0.14880952380952384,0.14880952380952384,0.6666666666666666,0.6666666666666666
bioasq_train,bioasq13b_56ecffd62ac5ed1459000003,0.19023569023569023,"[""3"", ""13"", ""18"", ""19"", ""22"", ""34"", ""43"", ""78"", ""90"", ""97"", ""101"", ""102""]",0.8333333333333334,0.3225806451612903,0.4651162790697674,"[""3"", ""13"", ""18"", ""19"", ""22"", ""34"", ""43"", ""78"", ""90"", ""97"", ""101"", ""102""]","[""3"", ""13"", ""18"", ""19"", ""22"", ""34"", ""43"", ""78"", ""97"", ""101"", ""102""]",0.15128205128205127,0.15064102564102563,0.4651162790697674,0.4761904761904761
bioasq_train,bioasq13b_550331abe9bde69634000037,0.24144138,"[""1"", ""2"", ""3"", ""4"", ""5"", ""7"", ""8"", ""9"", ""10"", ""11"", ""12"", ""15"", ""16"", ""17"", ""18"", ""21"", ""22"", ""23"", ""25"", ""26"", ""28"", ""29"", ""30"", ""33"", ""43"", ""46"", ""49"", ""50"", ""53"", ""55"", ""58"", ""59"", ""60"", ""61"", ""62"", ""63"", ""65"", ""67"", ""68"", ""70"", ""73"", ""75"", ""77"", ""79"", ""81"", ""84"", ""86"", ""88"", ""89"", ""90"", ""92"", ""93"", ""95"", ""97"", ""101"", ""104"", ""105"", ""106"", ""107"", ""108"", ""110"", ""113"", ""114"", ""115"", ""116"", ""120"", ""121"", ""122"", ""124"", ""125"", ""126"", ""127"", ""128"", ""130"", ""131"", ""133"", ""135"", ""136"", ""138"", ""141"", ""146"", ""147"", ""150"", ""151"", ""153"", ""154"", ""155"", ""156"", ""158"", ""160"", ""162"", ""164"", ""166"", ""168"", ""170"", ""171"", ""172"", ""173"", ""174"", ""175"", ""176"", ""177"", ""178"", ""180"", ""181"", ""183"", ""184"", ""186"", ""187"", ""188"", ""189"", ""190"", ""192"", ""194"", ""195"", ""196"", ""197"", ""199"", ""200"", ""201"", ""203"", ""204"", ""205"", ""206"", ""207"", ""208"", ""210"", ""211"", ""212"", ""213"", ""214"", ""215"", ""216"", ""217"", ""218"", ""219"", ""220"", ""221"", ""222"", ""223"", ""224"", ""225"", ""226"", ""227"", ""228"", ""230"", ""231"", ""232"", ""233"", ""234"", ""235"", ""236"", ""237"", ""238"", ""239"", ""240"", ""241"", ""242"", ""243"", ""244"", ""245"", ""246"", ""247"", ""248"", ""249"", ""250"", ""251"", ""252"", ""253"", ""254"", ""255"", ""256"", ""257"", ""258"", ""259"", ""260"", ""261"", ""262"", ""263"", ""264"", ""265"", ""266"", ""267"", ""268"", ""269"", ""270"", ""271"", ""272"", ""273"", ""274"", ""275"", ""276"", ""277"", ""278"", ""279"", ""280"", ""281"", ""282"", ""283"", ""284"", ""285"", ""286"", ""287"", ""288"", ""289"", ""290"", ""291"", ""292"", ""293"", ""294"", ""295"", ""296"", ""297"", ""298"", ""299"", ""300"", ""301"", ""302"", ""303"", ""304"", ""305"", ""306"", ""307"", ""308"", ""309"", ""310"", ""311"", ""312"", ""313"", ""314"", ""315"", ""316"", ""317"", ""318"", ""319"", ""320"", ""321"", ""322"", ""323"", ""324"", ""325"", ""326"", ""327"", ""328"", ""329"", ""330"", ""331"", ""332"", ""333"", ""334"", ""335"", ""336"", ""337"", ""338"", ""339"", ""340"", ""341"", ""342"", ""343"", ""344"", ""345"", ""346"", ""347"", ""348"", ""349"", ""350"", ""351"", ""352"", ""353"", ""354"", ""355"", ""356"", ""357"", ""358"", ""359"", ""360"", ""361"", ""362"", ""363"", ""364"", ""365"", ""366"", ""367"", ""368"", ""369"", ""370"", ""371"", ""372"", ""373"", ""374"", ""375"", ""376"", ""377"", ""378"", ""379"", ""380"", ""381"", ""382"", ""383"", ""384"", ""385"", ""386"", ""387"", ""388"", ""389"", ""390"", ""391"", ""392"", ""393"", ""394"", ""395"", ""396"", ""397"", ""398"", ""399"", ""400"", ""401"", ""402"", ""403"", ""404"", ""405"", ""406"", ""407"", ""408"", ""409"", ""410"", ""411"", ""412"", ""413"", ""414"", ""415"", ""416"", ""417"", ""418"", ""419"", ""420"", ""421"", ""422"", ""423"", ""424"", ""425"", ""426"", ""427"", ""428"", ""429"", ""430"", ""431"", ""432"", ""433"", ""434"", ""435"", ""436"", ""437"", ""438"", ""439"", ""440"", ""441"", ""442"", ""443"", ""444"", ""445"", ""446"", ""447"", ""448"", ""449"", ""450"", ""451"", ""452"", ""453"", ""454"", ""455"", ""456"", ""457"", ""458"", ""459"", ""460"", ""461"", ""462"", ""463"", ""464"", ""465"", ""466"", ""467"", ""468"", ""469"", ""470"", ""471"", ""472"", ""473""]",,,,"[""1"", ""2"", ""3"", ""4"", ""5"", ""7"", ""8"", ""9"", ""10"", ""11"", ""12"", ""15"", ""16"", ""17"", ""18"", ""21"", ""22"", ""23"", ""25"", ""26"", ""28"", ""29"", ""30"", ""33"", ""43"", ""46"", ""49"", ""50"", ""53"", ""55"", ""58"", ""59"", ""60"", ""61"", ""62"", ""63"", ""65"", ""67"", ""68"", ""70"", ""73"", ""75"", ""77"", ""79"", ""81"", ""84"", ""86"", ""88"", ""89"", ""90"", ""92"", ""93"", ""95"", ""97"", ""101"", ""104"", ""105"", ""106"", ""107"", ""108"", ""110"", ""113"", ""114"", ""115"", ""116"", ""120"", ""121"", ""122"", ""124"", ""125"", ""126"", ""127"", ""128"", ""130"", ""131"", ""133"", ""135"", ""136"", ""138"", ""141"", ""146"", ""147"", ""150"", ""151"", ""153"", ""154"", ""155"", ""156"", ""158"", ""160"", ""162"", ""164"", ""166"", ""168"", ""170"", ""171"", ""172"", ""173"", ""174"", ""175"", ""176"", ""177"", ""178"", ""180"", ""181"", ""183"", ""184"", ""186"", ""187"", ""188"", ""189"", ""190"", ""192"", ""194"", ""195"", ""196"", ""197"", ""199"", ""200"", ""201"", ""203"", ""204"", ""205"", ""206"", ""207"", ""208"", ""210"", ""211"", ""212"", ""213"", ""214"", ""215"", ""216"", ""217"", ""218"", ""219"", ""220"", ""221"", ""222"", ""223"", ""224"", ""225"", ""226"", ""227"", ""228"", ""230"", ""231"", ""232"", ""233"", ""234"", ""235"", ""236"", ""237"", ""238"", ""239"", ""240"", ""241"", ""242"", ""243"", ""244"", ""245"", ""246"", ""247"", ""248"", ""249"", ""250"", ""251"", ""252"", ""253"", ""254"", ""255"", ""256"", ""257"", ""258"", ""259"", ""260"", ""261"", ""262"", ""263"", ""264"", ""265"", ""266"", ""267"", ""268"", ""269"", ""270"", ""271"", ""272"", ""273"", ""274"", ""275"", ""276"", ""277"", ""278"", ""279"", ""280"", ""281"", ""282"", ""283"", ""284"", ""285"", ""286"", ""287"", ""288"", ""289"", ""290"", ""291"", ""292"", ""293"", ""294"", ""295"", ""296"", ""297"", ""298"", ""299"", ""300"", ""301"", ""302"", ""303"", ""304"", ""305"", ""306"", ""307"", ""308"", ""309"", ""310"", ""311"", ""312"", ""313"", ""314"", ""315"", ""316"", ""317"", ""318"", ""319"", ""320"", ""321"", ""322"", ""323"", ""324"", ""325"", ""326"", ""327"", ""328"", ""329"", ""330"", ""331"", ""332"", ""333"", ""334"", ""335"", ""336"", ""337"", ""338"", ""339"", ""340"", ""341"", ""342"", ""343"", ""344"", ""345"", ""346"", ""347"", ""348"", ""349"", ""350"", ""351"", ""352"", ""353"", ""354"", ""355"", ""356"", ""357"", ""358"", ""359"", ""360"", ""361"", ""362"", ""363"", ""364"", ""365"", ""366"", ""367"", ""368"", ""369"", ""370"", ""371"", ""372"", ""373"", ""374"", ""375"", ""376"", ""377"", ""378"", ""379"", ""380"", ""381"", ""382"", ""383"", ""384"", ""385"", ""386"", ""387"", ""388"", ""389"", ""390"", ""391"", ""392"", ""393"", ""394"", ""395"", ""396"", ""397"", ""398"", ""399"", ""400"", ""401"", ""402"", ""403"", ""404"", ""405"", ""406"", ""407"", ""408"", ""409"", ""410"", ""411"", ""412"", ""413"", ""414"", ""415"", ""416"", ""417"", ""418"", ""419"", ""420"", ""421"", ""422"", ""423"", ""424"", ""425"", ""426"", ""427"", ""428"", ""429"", ""430"", ""431"", ""432"", ""433"", ""434"", ""435"", ""436"", ""437"", ""438"", ""439"", ""440"", ""441"", ""442"", ""443"", ""444"", ""445"", ""446"", ""447"", ""448"", ""449"", ""450"", ""451"", ""452"", ""453"", ""454"", ""455"", ""456"", ""457"", ""458"", ""459"", ""460"", ""461"", ""462"", ""463"", ""464"", ""465"", ""466"", ""467"", ""468"", ""469"", ""470"", ""471"", ""472"", ""473""]","[""1"", ""2"", ""3"", ""4"", ""5"", ""7"", ""8"", ""9"", ""10"", ""11"", ""12"", ""15"", ""16"", ""17"", ""18"", ""21"", ""22"", ""25"", ""26"", ""28"", ""29"", ""30"", ""33"", ""43"", ""46"", ""49"", ""50"", ""53"", ""55"", ""58"", ""59"", ""60"", ""61"", ""62"", ""63"", ""65"", ""67"", ""68"", ""70"", ""73"", ""75"", ""77"", ""79"", ""81"", ""84"", ""86"", ""88"", ""89"", ""90"", ""92"", ""93"", ""95"", ""97"", ""101"", ""104"", ""105"", ""106"", ""107"", ""108"", ""110"", ""113"", ""115"", ""116"", ""117"", ""118"", ""120"", ""121"", ""122"", ""124"", ""125"", ""126"", ""128"", ""130"", ""131"", ""132"", ""133"", ""135"", ""136"", ""138"", ""141"", ""146"", ""147"", ""150"", ""153"", ""154"", ""156"", ""158"", ""160"", ""162"", ""164"", ""166"", ""168"", ""170"", ""172"", ""174"", ""175"", ""177"", ""178"", ""180"", ""182"", ""184"", ""186"", ""187"", ""188"", ""189"", ""190"", ""192"", ""194"", ""195"", ""196"", ""197"", ""199"", ""200"", ""201"", ""203"", ""204"", ""205"", ""206"", ""207"", ""208"", ""209"", ""210"", ""211"", ""212"", ""213"", ""214"", ""215"", ""216"", ""217"", ""218"", ""219"", ""220"", ""221"", ""222"", ""223"", ""225"", ""226"", ""227"", ""228"", ""230"", ""231"", ""232"", ""233"", ""235"", ""236"", ""238"", ""239"", ""240"", ""241"", ""242"", ""243"", ""244"", ""245"", ""246"", ""247"", ""248"", ""249"", ""250"", ""251"", ""252"", ""253"", ""254"", ""255"", ""256"", ""257"", ""258"", ""259"", ""260"", ""261"", ""262"", ""263"", ""264"", ""265"", ""266"", ""267"", ""268"", ""269"", ""270"", ""271"", ""272"", ""273"", ""274"", ""275"", ""276"", ""277"", ""278"", ""279"", ""280"", ""281"", ""282"", ""283"", ""284"", ""285"", ""286"", ""287"", ""288"", ""289"", ""290"", ""291"", ""292"", ""293"", ""294"", ""295"", ""296"", ""297"", ""298"", ""299"", ""300"", ""301"", ""302"", ""303"", ""304"", ""305"", ""306"", ""307"", ""308"", ""309"", ""310"", ""311"", ""312"", ""313"", ""314"", ""315"", ""316"", ""317"", ""318"", ""319"", ""320"", ""321"", ""322"", ""323"", ""324"", ""325"", ""326"", ""327"", ""328"", ""329"", ""330"", ""331"", ""332"", ""333"", ""334"", ""335"", ""336"", ""337"", ""338"", ""339"", ""340"", ""341"", ""342"", ""343"", ""344"", ""345"", ""346"", ""347"", ""348"", ""349"", ""350"", ""351"", ""352"", ""353"", ""354"", ""355"", ""356"", ""357"", ""358"", ""359"", ""360"", ""361"", ""362"", ""363"", ""364"", ""365"", ""366"", ""367"", ""368"", ""369"", ""370"", ""371"", ""372"", ""373"", ""374"", ""375"", ""376"", ""377"", ""378"", ""379"", ""380"", ""381"", ""382"", ""383"", ""384"", ""385"", ""386"", ""387"", ""388"", ""389"", ""390"", ""391"", ""392"", ""393"", ""394"", ""395"", ""396"", ""397"", ""398"", ""399"", ""400"", ""401"", ""402"", ""403"", ""404"", ""405"", ""406"", ""407"", ""408"", ""409"", ""410"", ""411"", ""412"", ""413"", ""414"", ""415"", ""416"", ""417"", ""418"", ""419"", ""420"", ""421"", ""422"", ""423"", ""424"", ""425"", ""426"", ""427"", ""428"", ""429"", ""430"", ""431"", ""432"", ""433"", ""434"", ""435"", ""436"", ""437"", ""438"", ""439"", ""440"", ""441"", ""442"", ""443"", ""444"", ""445"", ""446"", ""447"", ""448"", ""449"", ""450"", ""451"", ""452"", ""453"", ""454"", ""455"", ""456"", ""457"", ""458"", ""459"", ""460"", ""461"", ""462"", ""463"", ""464"", ""465"", ""466"", ""467"", ""468"", ""469"", ""470"", ""471"", ""472"", ""473""]",0.15761100233598593,0.1647792428278557,,
bioasq_train,bioasq13b_5525317687ecba3764000007,0.52734907,"[""2"", ""9"", ""10"", ""26"", ""42"", ""77"", ""116"", ""137"", ""172"", ""187"", ""188""]",0.7272727272727273,0.2,0.3137254901960785,"[""2"", ""9"", ""10"", ""26"", ""42"", ""77"", ""116"", ""137"", ""172"", ""187"", ""188""]","[""2"", ""9"", ""10"", ""26"", ""42"", ""77"", ""116"", ""137"", ""164"", ""172"", ""187""]",0.3744007218271924,0.3842058268528857,0.3137254901960785,0.35294117647058826
bioasq_train,bioasq13b_54fc4e2e6ea36a810c000003,0.079012346,"[""2"", ""10"", ""16"", ""23"", ""32"", ""62"", ""76""]",0.8571428571428571,0.42857142857142855,0.5714285714285714,"[""2"", ""10"", ""16"", ""23"", ""32"", ""62"", ""76""]","[""2"", ""10"", ""16"", ""23"", ""32"", ""62"", ""76""]",0.044444444,0.044444444,0.5714285714285714,0.5714285714285714
bioasq_train,bioasq13b_54dfcdf81388e8454a00000a,0.18880874572051043,"[""1"", ""3"", ""6"", ""13"", ""14"", ""18"", ""19"", ""30"", ""37"", ""43"", ""50"", ""51"", ""52"", ""55""]",0.8571428571428571,0.75,0.7999999999999999,"[""1"", ""3"", ""6"", ""13"", ""14"", ""18"", ""19"", ""30"", ""37"", ""43"", ""50"", ""51"", ""52"", ""55""]","[""13"", ""14"", ""18"", ""19"", ""30"", ""37"", ""43"", ""50"", ""51"", ""52"", ""55""]",0.15002801120448178,0.14648459383753504,0.7999999999999999,0.6666666666666666
bioasq_train,bioasq13b_56accec70a360a5e45000003,0,"[""1"", ""5""]",1,0.25,0.4,"[""1"", ""5""]","[""1"", ""5""]",0,0,0.4,0.4
bioasq_train,bioasq13b_56cad5df5795f9a73e000020,0,"[""9"", ""11""]",0.5,0.2,0.28571428571428575,"[""9"", ""11""]","[""9"", ""11""]",0,0,0.28571428571428575,0.28571428571428575
bioasq_train,bioasq13b_56f3f2072ac5ed1459000018,0.3526585614820909,"[""2"", ""5"", ""6"", ""7"", ""8"", ""37"", ""45"", ""58"", ""85"", ""94"", ""96"", ""104"", ""113""]",0.6153846153846154,0.5714285714285714,0.5925925925925927,"[""2"", ""5"", ""6"", ""7"", ""8"", ""37"", ""45"", ""58"", ""85"", ""94"", ""96"", ""104"", ""113""]","[""2"", ""5"", ""6"", ""7"", ""8"", ""37"", ""45"", ""58"", ""85"", ""94"", ""96"", ""104"", ""113""]",0.2553846153846154,0.2553846153846154,0.5925925925925927,0.5925925925925927
bioasq_train,bioasq13b_5713394af9287de436000001,0,"[""2"", ""3"", ""24"", ""25"", ""34"", ""41""]",0.8333333333333334,0.5555555555555556,0.6666666666666667,"[""2"", ""3"", ""24"", ""25"", ""34"", ""41""]","[""2"", ""3"", ""24"", ""25"", ""34"", ""41""]",0,0,0.6666666666666667,0.6666666666666667
bioasq_train,bioasq13b_54e1c5d5ae9738404b00000b,0.18096633,"[""3"", ""7"", ""8"", ""15"", ""23"", ""24"", ""25"", ""27"", ""28"", ""35"", ""37"", ""42"", ""45"", ""47"", ""52""]",0.4666666666666667,0.5384615384615384,0.5,"[""3"", ""7"", ""8"", ""15"", ""23"", ""24"", ""25"", ""27"", ""28"", ""35"", ""37"", ""42"", ""45"", ""47"", ""52""]","[""3"", ""7"", ""8"", ""15"", ""23"", ""24"", ""25"", ""27"", ""28"", ""35"", ""37"", ""42"", ""45"", ""47"", ""52""]",0.11556818181818182,0.11556818181818182,0.5,0.5
bioasq_train,bioasq13b_570906fecf1c325851000010,0.26456036466664484,"[""1"", ""3"", ""5"", ""7"", ""11"", ""51"", ""53"", ""54"", ""66"", ""71"", ""77"", ""86"", ""95"", ""97"", ""108"", ""112"", ""114"", ""125"", ""129"", ""130"", ""133"", ""140"", ""144""]",0.34782608695652173,0.38095238095238093,0.3636363636363636,"[""1"", ""3"", ""5"", ""7"", ""11"", ""51"", ""53"", ""54"", ""66"", ""71"", ""77"", ""86"", ""95"", ""97"", ""108"", ""112"", ""114"", ""125"", ""129"", ""130"", ""133"", ""140"", ""144""]","[""1"", ""3"", ""5"", ""7"", ""11"", ""51"", ""53"", ""54"", ""66"", ""71"", ""77"", ""86"", ""95"", ""97"", ""108"", ""112"", ""114"", ""125"", ""130"", ""133"", ""144""]",0.19102635770027074,0.19319254658385093,0.3636363636363636,0.2857142857142857
bioasq_train,bioasq13b_56f55cc809dd18d46b000008,0.4496698015465874,"[""1"", ""12"", ""26"", ""27"", ""28"", ""46"", ""53"", ""57"", ""79"", ""80"", ""82"", ""89"", ""93"", ""112"", ""115"", ""116"", ""120"", ""121"", ""122"", ""140"", ""141"", ""153"", ""154"", ""155"", ""158"", ""161"", ""166"", ""167"", ""170"", ""172""]",0.2,0.5454545454545454,0.29268292682926833,"[""1"", ""12"", ""26"", ""27"", ""28"", ""46"", ""53"", ""57"", ""79"", ""80"", ""82"", ""89"", ""93"", ""112"", ""115"", ""116"", ""120"", ""121"", ""122"", ""140"", ""141"", ""153"", ""154"", ""155"", ""158"", ""161"", ""166"", ""167"", ""170"", ""172""]","[""1"", ""12"", ""26"", ""27"", ""28"", ""46"", ""53"", ""57"", ""79"", ""80"", ""82"", ""85"", ""89"", ""93"", ""99"", ""112"", ""115"", ""116"", ""120"", ""121"", ""122"", ""153"", ""155"", ""158"", ""166"", ""167"", ""170"", ""172""]",0.3300071432605388,0.3518708088757418,0.29268292682926833,0.30769230769230765
bioasq_train,bioasq13b_571f30c40fd6f91b68000002,0.10158730158730159,"[""2"", ""16"", ""32"", ""35"", ""46""]",1,0.4166666666666667,0.5882352941176471,"[""2"", ""16"", ""32"", ""35"", ""46""]","[""2"", ""16"", ""32"", ""35"", ""46""]",0.057142857,0.057142857,0.5882352941176471,0.5882352941176471
bioasq_train,bioasq13b_531e01ff267d7dd05300000e,0,"[""1"", ""7"", ""8""]",0.3333333333333333,1,0.5,"[""1"", ""7"", ""8""]","[""1"", ""7"", ""8""]",0,0,0.5,0.5
bioasq_train,bioasq13b_56d046813975bb303a00000f,0.16111111111111112,"[""8"", ""12"", ""34"", ""36"", ""38"", ""40"", ""41"", ""42""]",0.5,0.6666666666666666,0.5714285714285715,"[""8"", ""12"", ""34"", ""36"", ""38"", ""40"", ""41"", ""42""]","[""8"", ""12"", ""34"", ""36"", ""38"", ""40"", ""41"", ""42""]",0.1125,0.1125,0.5714285714285715,0.5714285714285715
bioasq_train,bioasq13b_55391b2cbc4f83e828000017,0.077777778,"[""2"", ""7"", ""8"", ""10"", ""11""]",0.8,0.5714285714285714,0.6666666666666666,"[""2"", ""7"", ""8"", ""10"", ""11""]","[""2"", ""7"", ""8"", ""10"", ""11""]",0.05,0.05,0.6666666666666666,0.6666666666666666
bioasq_train,bioasq13b_54dc8ed6c0bb8dce23000002,0.066666667,"[""2"", ""18"", ""39"", ""40""]",1,0.2857142857142857,0.4444444444444445,"[""2"", ""18"", ""39"", ""40""]","[""2"", ""18"", ""39"", ""40""]",0.033333333,0.033333333,0.4444444444444445,0.4444444444444445
bioasq_train,bioasq13b_52bf1f5f03868f1b06000017,0.11760942760942758,"[""6"", ""48"", ""49"", ""50"", ""51"", ""52"", ""53"", ""60"", ""66"", ""69"", ""83""]",0.6363636363636364,0.5384615384615384,0.5833333333333334,"[""6"", ""48"", ""49"", ""50"", ""51"", ""52"", ""53"", ""60"", ""66"", ""69"", ""83""]","[""6"", ""48"", ""49"", ""50"", ""51"", ""52"", ""53"", ""66"", ""69"", ""83""]",0.099242424,0.099393939,0.5833333333333334,0.5217391304347826
bioasq_train,bioasq13b_5518e7a7622b194345000002,0.10531560382437573,"[""2"", ""4"", ""7"", ""15"", ""26"", ""28"", ""33"", ""34"", ""70"", ""71"", ""91"", ""95"", ""104"", ""114"", ""123""]",0.7333333333333333,0.55,0.6285714285714286,"[""2"", ""4"", ""7"", ""15"", ""26"", ""28"", ""33"", ""34"", ""70"", ""71"", ""91"", ""95"", ""104"", ""114"", ""123""]","[""2"", ""4"", ""7"", ""15"", ""26"", ""28"", ""33"", ""34"", ""70"", ""71"", ""91"", ""95"", ""104"", ""114"", ""123""]",0.062083333333333324,0.062083333333333324,0.6285714285714286,0.6285714285714286
bioasq_train,bioasq13b_56eaf4e6107309bc2f000001,0.2648148148148148,"[""9"", ""18"", ""34"", ""35"", ""60"", ""64"", ""100"", ""103""]",0.875,0.25,0.3888888888888889,"[""9"", ""18"", ""34"", ""35"", ""60"", ""64"", ""100"", ""103""]","[""9"", ""18"", ""34"", ""35"", ""60"", ""64"", ""100"", ""103""]",0.17045454545454547,0.17045454545454547,0.3888888888888889,0.3888888888888889
bioasq_train,bioasq13b_56b8ccc5156496395c000003,0.26666666666666666,"[""1"", ""3"", ""6""]",1,0.5,0.6666666666666666,"[""1"", ""3"", ""6""]","[""1"", ""3"", ""6""]",0.2,0.2,0.6666666666666666,0.6666666666666666
bioasq_train,bioasq13b_53175e68b166e2b806000009,0.2253696920363587,"[""5"", ""8"", ""34"", ""78"", ""88"", ""95""]",1,0.25,0.4,"[""5"", ""8"", ""34"", ""78"", ""88"", ""95""]","[""5"", ""8"", ""34"", ""78"", ""88"", ""95""]",0.13241758241758242,0.13241758241758242,0.4,0.4
bioasq_train,bioasq13b_52ed264a98d023950500002f,0.30427378204633404,"[""12"", ""14"", ""15"", ""16"", ""17"", ""18"", ""31"", ""32"", ""33"", ""36"", ""37"", ""44"", ""45"", ""46"", ""48"", ""50"", ""51"", ""52"", ""53"", ""54"", ""55"", ""57"", ""58"", ""59"", ""60"", ""61"", ""65"", ""66"", ""68"", ""72"", ""73"", ""75"", ""76"", ""78"", ""80"", ""83"", ""86"", ""89"", ""90"", ""94"", ""95"", ""96"", ""98"", ""100"", ""101"", ""102"", ""103"", ""104"", ""106"", ""108"", ""111"", ""112"", ""113"", ""116"", ""118""]",0.072727273,0.3076923076923077,0.1176470588235294,"[""12"", ""14"", ""15"", ""16"", ""17"", ""18"", ""31"", ""32"", ""33"", ""36"", ""37"", ""44"", ""45"", ""46"", ""48"", ""50"", ""51"", ""52"", ""53"", ""54"", ""55"", ""57"", ""58"", ""59"", ""60"", ""61"", ""65"", ""66"", ""68"", ""72"", ""73"", ""75"", ""76"", ""78"", ""80"", ""83"", ""86"", ""89"", ""90"", ""94"", ""95"", ""96"", ""98"", ""100"", ""101"", ""102"", ""103"", ""104"", ""106"", ""108"", ""111"", ""112"", ""113"", ""116"", ""118""]","[""12"", ""14"", ""15"", ""16"", ""17"", ""18"", ""31"", ""32"", ""33"", ""36"", ""37"", ""44"", ""45"", ""48"", ""50"", ""51"", ""52"", ""53"", ""54"", ""55"", ""57"", ""58"", ""59"", ""60"", ""61"", ""65"", ""66"", ""68"", ""72"", ""73"", ""75"", ""76"", ""78"", ""80"", ""83"", ""86"", ""90"", ""94"", ""95"", ""96"", ""98"", ""101"", ""102"", ""103"", ""104"", ""106"", ""108"", ""111"", ""112"", ""113"", ""116"", ""118""]",0.22088662094106742,0.2227981650921075,0.1176470588235294,0.12307692307692308
bioasq_train,bioasq13b_56f82f9acf1c325851000002,0,"[""44"", ""51"", ""52""]",0.6666666666666666,0.125,0.21052631578947367,"[""44"", ""51"", ""52""]","[""44"", ""51"", ""52""]",0,0,0.21052631578947367,0.21052631578947367
bioasq_train,bioasq13b_56bce63cd36b5da37800000b,0.098631398,"[""3"", ""5"", ""15"", ""25"", ""33"", ""38"", ""42"", ""46"", ""52"", ""53"", ""63"", ""71"", ""72"", ""80"", ""90"", ""99"", ""100"", ""102"", ""133"", ""141"", ""145""]",0.47619047619047616,0.5263157894736842,0.5,"[""3"", ""5"", ""15"", ""25"", ""33"", ""38"", ""42"", ""46"", ""52"", ""53"", ""63"", ""71"", ""72"", ""80"", ""90"", ""99"", ""100"", ""102"", ""133"", ""141"", ""145""]","[""3"", ""5"", ""15"", ""25"", ""33"", ""38"", ""42"", ""46"", ""52"", ""53"", ""63"", ""71"", ""72"", ""80"", ""90"", ""99"", ""100"", ""102"", ""133"", ""141"", ""145""]",0.055818182,0.055818182,0.5,0.5
bioasq_train,bioasq13b_530a3f8a970c65fa6b000006,0,"[""8"", ""9"", ""14"", ""18"", ""58"", ""59"", ""62"", ""122""]",0.625,0.25,0.35714285714285715,"[""8"", ""9"", ""14"", ""18"", ""58"", ""59"", ""62"", ""122""]","[""8"", ""9"", ""14"", ""18"", ""58"", ""59"", ""62"", ""122""]",0,0,0.35714285714285715,0.35714285714285715
bioasq_train,bioasq13b_56e0869351531f7e33000011,0,"[""3"", ""10"", ""18""]",0.6666666666666666,0.5,0.5714285714285715,"[""3"", ""10"", ""18""]","[""3"", ""10"", ""18""]",0,0,0.5714285714285715,0.5714285714285715
bioasq_train,bioasq13b_56b9cabbac7ad10019000002,0.23915343915343917,"[""11"", ""17"", ""18"", ""21"", ""46"", ""50""]",0.8333333333333334,0.29411764705882354,0.4347826086956522,"[""11"", ""17"", ""18"", ""21"", ""46"", ""50""]","[""11"", ""17"", ""18"", ""46"", ""50""]",0.20238095238095238,0.19523809523809527,0.4347826086956522,0.3636363636363636
bioasq_train,bioasq13b_52fb19ab2059c6d71c00005c,0.2918125587358111,"[""8"", ""9"", ""10"", ""11"", ""17"", ""18"", ""27"", ""28"", ""29"", ""47"", ""53"", ""56"", ""65"", ""70"", ""71"", ""72"", ""78"", ""79"", ""80"", ""83"", ""84"", ""88"", ""96"", ""97"", ""98"", ""99"", ""103"", ""106"", ""107"", ""112"", ""116"", ""118"", ""120"", ""121"", ""122"", ""125"", ""126"", ""128"", ""133"", ""134"", ""136"", ""137"", ""139"", ""140"", ""141"", ""142"", ""144""]",,,,"[""8"", ""9"", ""10"", ""11"", ""17"", ""18"", ""27"", ""28"", ""29"", ""47"", ""53"", ""56"", ""65"", ""70"", ""71"", ""72"", ""78"", ""79"", ""80"", ""83"", ""84"", ""88"", ""96"", ""97"", ""98"", ""99"", ""103"", ""106"", ""107"", ""112"", ""116"", ""118"", ""120"", ""121"", ""122"", ""125"", ""126"", ""128"", ""133"", ""134"", ""136"", ""137"", ""139"", ""140"", ""141"", ""142"", ""144""]","[""8"", ""9"", ""10"", ""11"", ""17"", ""18"", ""27"", ""28"", ""29"", ""47"", ""53"", ""56"", ""65"", ""70"", ""71"", ""72"", ""78"", ""79"", ""80"", ""83"", ""84"", ""88"", ""96"", ""97"", ""98"", ""99"", ""103"", ""106"", ""107"", ""108"", ""112"", ""116"", ""118"", ""120"", ""121"", ""122"", ""125"", ""126"", ""128"", ""133"", ""136"", ""137"", ""138"", ""139"", ""140"", ""141"", ""142"", ""144""]",0.20010720861477954,0.21033008281819127,,
bioasq_train,bioasq13b_56c8f7445795f9a73e00001b,0,"[""1""]",1,0.14285714285714285,0.25,"[""1""]","[""1""]",0,0,0.25,0.25
bioasq_train,bioasq13b_535d7c247d100faa09000006,0.2591515575726102,"[""1"", ""2"", ""6"", ""13"", ""14"", ""30"", ""31"", ""39"", ""44"", ""47"", ""81"", ""82"", ""121"", ""122"", ""128"", ""145"", ""146""]",0.17647058823529413,0.1875,0.1818181818181818,"[""1"", ""2"", ""6"", ""13"", ""14"", ""30"", ""31"", ""39"", ""44"", ""47"", ""81"", ""82"", ""121"", ""122"", ""128"", ""145"", ""146""]","[""1"", ""2"", ""6"", ""13"", ""14"", ""30"", ""31"", ""39"", ""44"", ""47"", ""81"", ""82"", ""121"", ""122"", ""128"", ""145"", ""146""]",0.15548691548691548,0.15548691548691548,0.1818181818181818,0.1818181818181818
bioasq_train,bioasq13b_5318798bb166e2b806000014,0.7155195745742658,"[""2"", ""16"", ""25"", ""28"", ""30"", ""42"", ""43"", ""55"", ""57"", ""61"", ""70"", ""95"", ""117"", ""143"", ""215"", ""226""]",0.375,0.2,0.26086956521739135,"[""2"", ""16"", ""25"", ""28"", ""30"", ""42"", ""43"", ""55"", ""57"", ""61"", ""70"", ""95"", ""117"", ""143"", ""215"", ""226""]","[""2"", ""16"", ""22"", ""25"", ""28"", ""30"", ""31"", ""35"", ""40"", ""42"", ""43"", ""55"", ""57"", ""61"", ""70"", ""71"", ""95"", ""116"", ""117"", ""142"", ""143"", ""215"", ""222"", ""226""]",0.6419968020407224,0.5962944855532065,0.26086956521739135,0.2962962962962963
bioasq_train,bioasq13b_57152ebbcb4ef8864c000002,0.47544332210998874,"[""2"", ""12"", ""84"", ""86"", ""87""]",0.6,0.16666666666666666,0.2608695652173913,"[""2"", ""12"", ""84"", ""86"", ""87""]","[""2"", ""12"", ""84"", ""86"", ""87"", ""106"", ""117"", ""124""]",0.4094444444444444,0.4061111111111111,0.2608695652173913,0.30769230769230765
bioasq_train,bioasq13b_56acd7530a360a5e45000004,0.02962963,"[""1"", ""5"", ""6"", ""12"", ""28"", ""29"", ""30"", ""31"", ""32"", ""33"", ""38"", ""39"", ""40"", ""41"", ""42"", ""43"", ""44""]",0.47058823529411764,0.8,0.5925925925925927,"[""1"", ""5"", ""6"", ""12"", ""28"", ""29"", ""30"", ""31"", ""32"", ""33"", ""38"", ""39"", ""40"", ""41"", ""42"", ""43"", ""44""]","[""1"", ""5"", ""6"", ""12"", ""28"", ""29"", ""30"", ""31"", ""32"", ""33"", ""38"", ""39"", ""40"", ""41"", ""42"", ""43"", ""44""]",0.022222222222222233,0.022222222222222233,0.5925925925925927,0.5925925925925927
bioasq_train,bioasq13b_55479102f35db75526000004,0.3914295285826008,"[""2"", ""4"", ""7"", ""17"", ""31"", ""32"", ""35"", ""43"", ""44"", ""46"", ""52"", ""53"", ""54"", ""57"", ""60"", ""63"", ""75"", ""78"", ""79"", ""82"", ""84"", ""90"", ""94"", ""95"", ""114"", ""116"", ""118"", ""119"", ""120"", ""124"", ""132"", ""144"", ""147"", ""148"", ""151"", ""152"", ""154"", ""158"", ""159"", ""168"", ""171"", ""174"", ""175"", ""177"", ""178"", ""182"", ""184"", ""191"", ""192"", ""194"", ""195""]",0.37254901960784315,0.5428571428571428,0.4418604651162791,"[""2"", ""4"", ""7"", ""17"", ""31"", ""32"", ""35"", ""43"", ""44"", ""46"", ""52"", ""53"", ""54"", ""57"", ""60"", ""63"", ""75"", ""78"", ""79"", ""82"", ""84"", ""90"", ""94"", ""95"", ""114"", ""116"", ""118"", ""119"", ""120"", ""124"", ""132"", ""144"", ""147"", ""148"", ""151"", ""152"", ""154"", ""158"", ""159"", ""168"", ""171"", ""174"", ""175"", ""177"", ""178"", ""182"", ""184"", ""191"", ""192"", ""194"", ""195""]","[""2"", ""4"", ""7"", ""17"", ""31"", ""32"", ""35"", ""43"", ""44"", ""46"", ""52"", ""53"", ""54"", ""57"", ""60"", ""63"", ""75"", ""77"", ""78"", ""79"", ""82"", ""84"", ""94"", ""95"", ""114"", ""116"", ""118"", ""120"", ""124"", ""132"", ""134"", ""144"", ""147"", ""148"", ""151"", ""152"", ""154"", ""156"", ""158"", ""159"", ""168"", ""171"", ""174"", ""177"", ""182"", ""184"", ""187"", ""191"", ""192"", ""194"", ""195"", ""196""]",0.2885214053853043,0.32073262653166823,0.4418604651162791,0.4597701149425288
bioasq_train,bioasq13b_530f72fd329f5fcf1e000003,0.28216924340632077,"[""12"", ""13"", ""14"", ""17"", ""18"", ""19"", ""21"", ""22"", ""57"", ""58"", ""59"", ""60"", ""61"", ""62"", ""63"", ""67"", ""68"", ""69"", ""71"", ""79"", ""80"", ""96"", ""115"", ""116"", ""135"", ""136"", ""141"", ""146"", ""151"", ""156"", ""166"", ""176"", ""179"", ""184"", ""185"", ""186"", ""190"", ""193"", ""196"", ""199"", ""200""]",0.36585365853658536,0.7142857142857143,0.4838709677419355,"[""12"", ""13"", ""14"", ""17"", ""18"", ""19"", ""21"", ""22"", ""57"", ""58"", ""59"", ""60"", ""61"", ""62"", ""63"", ""67"", ""68"", ""69"", ""71"", ""79"", ""80"", ""96"", ""115"", ""116"", ""135"", ""136"", ""141"", ""146"", ""151"", ""156"", ""166"", ""176"", ""179"", ""184"", ""185"", ""186"", ""190"", ""193"", ""196"", ""199"", ""200""]","[""12"", ""13"", ""14"", ""17"", ""18"", ""19"", ""21"", ""22"", ""57"", ""58"", ""59"", ""60"", ""61"", ""62"", ""63"", ""67"", ""68"", ""69"", ""71"", ""79"", ""80"", ""96"", ""115"", ""116"", ""135"", ""136"", ""141"", ""146"", ""151"", ""156"", ""166"", ""176"", ""179"", ""184"", ""185"", ""190"", ""193"", ""196"", ""200""]",0.19967968526215638,0.20920045155844808,0.4838709677419355,0.5
bioasq_train,bioasq13b_55391825bc4f83e828000016,0,"[""2"", ""4"", ""8"", ""9"", ""15"", ""21"", ""28"", ""29"", ""30"", ""32"", ""49""]",0.9090909090909091,0.45454545454545453,0.6060606060606061,"[""2"", ""4"", ""8"", ""9"", ""15"", ""21"", ""28"", ""29"", ""30"", ""32"", ""49""]","[""2"", ""4"", ""8"", ""9"", ""15"", ""21"", ""28"", ""29"", ""30"", ""32"", ""49""]",0,0,0.6060606060606061,0.6060606060606061
bioasq_train,bioasq13b_56f6d4ed09dd18d46b000010,0.23118995746446724,"[""1"", ""7"", ""26"", ""44"", ""50"", ""51"", ""57"", ""77"", ""85"", ""86"", ""91"", ""92"", ""102"", ""106""]",0.42857142857142855,0.46153846153846156,0.4444444444444445,"[""1"", ""7"", ""26"", ""44"", ""50"", ""51"", ""57"", ""77"", ""85"", ""86"", ""91"", ""92"", ""102"", ""106""]","[""1"", ""7"", ""26"", ""44"", ""50"", ""51"", ""57"", ""77"", ""85"", ""91"", ""92"", ""102"", ""106""]",0.18048552754435104,0.17511671335200746,0.4444444444444445,0.46153846153846156
bioasq_train,bioasq13b_56c4bbfdb04e159d0e000002,0.2202330831466909,"[""1"", ""5"", ""9"", ""10"", ""39"", ""40"", ""41"", ""42"", ""56"", ""65"", ""67"", ""70"", ""71"", ""79"", ""81"", ""82"", ""88"", ""89"", ""90"", ""92"", ""93"", ""104"", ""105"", ""107"", ""108"", ""112"", ""114"", ""115"", ""116"", ""122"", ""124"", ""125"", ""126"", ""128"", ""130"", ""131"", ""132"", ""135"", ""140"", ""141"", ""142"", ""143"", ""146"", ""148"", ""149"", ""152"", ""153"", ""156"", ""157"", ""158"", ""161"", ""162"", ""163"", ""164"", ""166"", ""168"", ""170"", ""171"", ""172"", ""173"", ""174"", ""175"", ""176""]",,,,"[""1"", ""5"", ""9"", ""10"", ""39"", ""40"", ""41"", ""42"", ""56"", ""65"", ""67"", ""70"", ""71"", ""79"", ""81"", ""82"", ""88"", ""89"", ""90"", ""92"", ""93"", ""104"", ""105"", ""107"", ""108"", ""112"", ""114"", ""115"", ""116"", ""122"", ""124"", ""125"", ""126"", ""128"", ""130"", ""131"", ""132"", ""135"", ""140"", ""141"", ""142"", ""143"", ""146"", ""148"", ""149"", ""152"", ""153"", ""156"", ""157"", ""158"", ""161"", ""162"", ""163"", ""164"", ""166"", ""168"", ""170"", ""171"", ""172"", ""173"", ""174"", ""175"", ""176""]","[""1"", ""5"", ""9"", ""10"", ""39"", ""40"", ""41"", ""42"", ""56"", ""65"", ""67"", ""70"", ""71"", ""79"", ""81"", ""82"", ""88"", ""89"", ""90"", ""92"", ""93"", ""104"", ""105"", ""107"", ""108"", ""112"", ""114"", ""115"", ""116"", ""118"", ""122"", ""124"", ""125"", ""126"", ""128"", ""130"", ""131"", ""132"", ""135"", ""141"", ""142"", ""143"", ""146"", ""148"", ""149"", ""152"", ""153"", ""156"", ""157"", ""158"", ""161"", ""162"", ""163"", ""164"", ""166"", ""168"", ""170"", ""171"", ""172"", ""173"", ""174"", ""175"", ""176""]",0.13650054976174206,0.1393003360036925,,
bioasq_train,bioasq13b_532f03e6d6d3ac6a34000022,0.24659932659932662,"[""7"", ""19"", ""31"", ""57"", ""63"", ""69"", ""88"", ""100"", ""112""]",0.6666666666666666,0.3333333333333333,0.4444444444444444,"[""7"", ""19"", ""31"", ""57"", ""63"", ""69"", ""88"", ""100"", ""112""]","[""7"", ""19"", ""31"", ""57"", ""63"", ""69"", ""88"", ""100"", ""112""]",0.1909090909090909,0.1909090909090909,0.4444444444444444,0.4444444444444444
bioasq_train,bioasq13b_530e1b205937551c09000003,0.3004500511719805,"[""10"", ""11"", ""12"", ""13"", ""14"", ""21"", ""22"", ""23"", ""25"", ""26"", ""27"", ""29"", ""30"", ""57"", ""59"", ""60"", ""62"", ""63"", ""64"", ""66"", ""68"", ""70"", ""90"", ""96"", ""100"", ""104"", ""113"", ""116"", ""157"", ""166"", ""171"", ""174"", ""175"", ""177""]",0.14705882352941177,0.3125,0.2,"[""10"", ""11"", ""12"", ""13"", ""14"", ""21"", ""22"", ""23"", ""25"", ""26"", ""27"", ""29"", ""30"", ""57"", ""59"", ""60"", ""62"", ""63"", ""64"", ""66"", ""68"", ""70"", ""90"", ""96"", ""100"", ""104"", ""113"", ""116"", ""157"", ""166"", ""171"", ""174"", ""175"", ""177""]","[""10"", ""11"", ""12"", ""13"", ""14"", ""21"", ""22"", ""23"", ""25"", ""26"", ""27"", ""29"", ""30"", ""57"", ""59"", ""60"", ""62"", ""63"", ""64"", ""66"", ""68"", ""70"", ""83"", ""84"", ""90"", ""93"", ""96"", ""100"", ""104"", ""113"", ""116"", ""157"", ""166"", ""171"", ""174"", ""177""]",0.20464470964470963,0.2186496544391281,0.2,0.1923076923076923
bioasq_train,bioasq13b_54d8e319014675820d000009,0.1647435897435897,"[""2"", ""4"", ""5"", ""14"", ""17"", ""28"", ""29"", ""30"", ""37"", ""81"", ""82"", ""84"", ""85""]",0.6153846153846154,0.5714285714285714,0.5925925925925927,"[""2"", ""4"", ""5"", ""14"", ""17"", ""28"", ""29"", ""30"", ""37"", ""81"", ""82"", ""84"", ""85""]","[""2"", ""4"", ""5"", ""14"", ""17"", ""28"", ""29"", ""30"", ""37"", ""81"", ""82"", ""84"", ""85""]",0.1298076923076923,0.1298076923076923,0.5925925925925927,0.5925925925925927
bioasq_train,bioasq13b_52f348542059c6d71c00000f,0.074255628,"[""1"", ""2"", ""5"", ""9"", ""10"", ""12"", ""14"", ""15"", ""16"", ""17"", ""21"", ""22"", ""25"", ""31"", ""32"", ""34""]",0.125,0.4,0.19047619047619047,"[""1"", ""2"", ""5"", ""9"", ""10"", ""12"", ""14"", ""15"", ""16"", ""17"", ""21"", ""22"", ""25"", ""31"", ""32"", ""34""]","[""1"", ""2"", ""5"", ""9"", ""10"", ""12"", ""14"", ""15"", ""16"", ""17"", ""21"", ""22"", ""25"", ""31"", ""32"", ""34""]",0.054411765,0.054411765,0.19047619047619047,0.19047619047619047
bioasq_train,bioasq13b_56c331aa50c68dd416000005,0.5500938876226565,"[""1"", ""5"", ""6"", ""7"", ""8"", ""11"", ""13"", ""14"", ""16"", ""17"", ""18"", ""25"", ""27"", ""28"", ""32"", ""34"", ""37"", ""40"", ""42"", ""43"", ""45"", ""51"", ""52"", ""54"", ""56"", ""61"", ""62"", ""63"", ""64"", ""66"", ""70"", ""71"", ""72"", ""73"", ""74"", ""75"", ""77"", ""78"", ""81"", ""82"", ""86"", ""87"", ""89"", ""94"", ""96"", ""98"", ""101"", ""102"", ""103"", ""104"", ""106"", ""107"", ""108"", ""112"", ""113"", ""114"", ""115"", ""116"", ""118"", ""123"", ""124"", ""130"", ""131"", ""134"", ""138"", ""144"", ""146"", ""147"", ""148"", ""150"", ""152"", ""154"", ""156"", ""157"", ""158"", ""161""]",0.3026315789473684,0.48936170212765956,0.37398373983739835,"[""1"", ""5"", ""6"", ""7"", ""8"", ""11"", ""13"", ""14"", ""16"", ""17"", ""18"", ""25"", ""27"", ""28"", ""32"", ""34"", ""37"", ""40"", ""42"", ""43"", ""45"", ""51"", ""52"", ""54"", ""56"", ""61"", ""62"", ""63"", ""64"", ""66"", ""70"", ""71"", ""72"", ""73"", ""74"", ""75"", ""77"", ""78"", ""81"", ""82"", ""86"", ""87"", ""89"", ""94"", ""96"", ""98"", ""101"", ""102"", ""103"", ""104"", ""106"", ""107"", ""108"", ""112"", ""113"", ""114"", ""115"", ""116"", ""118"", ""123"", ""124"", ""130"", ""131"", ""134"", ""138"", ""144"", ""146"", ""147"", ""148"", ""150"", ""152"", ""154"", ""156"", ""157"", ""158"", ""161""]","[""1"", ""5"", ""6"", ""7"", ""8"", ""11"", ""13"", ""14"", ""16"", ""17"", ""18"", ""25"", ""27"", ""28"", ""32"", ""34"", ""37"", ""40"", ""42"", ""43"", ""45"", ""47"", ""51"", ""52"", ""54"", ""56"", ""61"", ""62"", ""63"", ""64"", ""66"", ""70"", ""71"", ""72"", ""73"", ""74"", ""75"", ""77"", ""78"", ""81"", ""82"", ""85"", ""86"", ""87"", ""89"", ""94"", ""96"", ""98"", ""101"", ""102"", ""103"", ""104"", ""106"", ""107"", ""108"", ""112"", ""113"", ""114"", ""115"", ""116"", ""118"", ""123"", ""124"", ""125"", ""128"", ""130"", ""131"", ""134"", ""138"", ""144"", ""146"", ""147"", ""148"", ""150"", ""152"", ""154"", ""156"", ""157"", ""158"", ""161"", ""162""]",0.37953614882963416,0.3822196001002144,0.37398373983739835,0.359375
bioasq_train,bioasq13b_56c1f027ef6e394741000049,0.044444444444444446,"[""2"", ""31"", ""42"", ""68"", ""76"", ""110"", ""111"", ""121""]",0.875,0.4666666666666667,0.608695652,"[""2"", ""31"", ""42"", ""68"", ""76"", ""110"", ""111"", ""121""]","[""2"", ""31"", ""42"", ""68"", ""76"", ""110"", ""111"", ""121""]",0.022222222,0.022222222,0.608695652,0.608695652
bioasq_train,bioasq13b_56bcd422d36b5da378000005,0.42470491161151636,"[""4"", ""11"", ""12"", ""15"", ""25"", ""26"", ""27"", ""29"", ""30"", ""31"", ""33"", ""35"", ""44"", ""84"", ""86"", ""88"", ""90"", ""95"", ""96"", ""104"", ""110"", ""112"", ""115"", ""133"", ""134"", ""139"", ""141"", ""146"", ""153"", ""155"", ""159""]",0.25806451612903225,0.36363636363636365,0.3018867924528302,"[""4"", ""11"", ""12"", ""15"", ""25"", ""26"", ""27"", ""29"", ""30"", ""31"", ""33"", ""35"", ""44"", ""84"", ""86"", ""88"", ""90"", ""95"", ""96"", ""104"", ""110"", ""112"", ""115"", ""133"", ""134"", ""139"", ""141"", ""146"", ""153"", ""155"", ""159""]","[""4"", ""11"", ""12"", ""15"", ""25"", ""26"", ""27"", ""29"", ""30"", ""31"", ""33"", ""35"", ""44"", ""82"", ""84"", ""86"", ""88"", ""90"", ""95"", ""96"", ""104"", ""110"", ""112"", ""115"", ""133"", ""134"", ""139"", ""141"", ""146"", ""153"", ""155"", ""159""]",0.28309409390291745,0.28154083962133497,0.3018867924528302,0.2962962962962963
bioasq_train,bioasq13b_5549de44f35db7552600000c,0.4402917797109622,"[""3"", ""51"", ""74"", ""93"", ""97"", ""118"", ""147"", ""153"", ""171"", ""180"", ""218"", ""219"", ""230"", ""233"", ""238"", ""239"", ""241"", ""253"", ""255"", ""270""]",0.25,0.15151515151515152,0.18867924528301888,"[""3"", ""51"", ""74"", ""93"", ""97"", ""118"", ""147"", ""153"", ""171"", ""180"", ""218"", ""219"", ""230"", ""233"", ""238"", ""239"", ""241"", ""253"", ""255"", ""270""]","[""3"", ""51"", ""74"", ""93"", ""97"", ""118"", ""147"", ""153"", ""171"", ""179"", ""180"", ""218"", ""219"", ""230"", ""233"", ""239"", ""241"", ""253"", ""255"", ""270"", ""273"", ""282""]",0.29988479472841323,0.31793136761524626,0.18867924528301888,0.14545454545454545
bioasq_train,bioasq13b_5541297f182542114d000001,0.16365744272113458,"[""2"", ""12"", ""13"", ""22"", ""26"", ""27"", ""28"", ""30"", ""31"", ""32"", ""33"", ""34"", ""35"", ""36"", ""42"", ""51"", ""52"", ""60""]",0.2222222222222222,0.5714285714285714,0.32,"[""2"", ""12"", ""13"", ""22"", ""26"", ""27"", ""28"", ""30"", ""31"", ""32"", ""33"", ""34"", ""35"", ""36"", ""42"", ""51"", ""52"", ""60""]","[""2"", ""12"", ""13"", ""22"", ""26"", ""27"", ""28"", ""30"", ""31"", ""32"", ""33"", ""34"", ""35"", ""36"", ""42"", ""51"", ""52"", ""60""]",0.10427409102466312,0.10427409102466312,0.32,0.32
bioasq_train,bioasq13b_56d2adc5f22319765a000005,0.15455090718248615,"[""12"", ""42"", ""43"", ""47"", ""52"", ""61"", ""62"", ""66"", ""83"", ""88"", ""89""]",0.2727272727272727,0.42857142857142855,0.33333333333333326,"[""12"", ""42"", ""43"", ""47"", ""52"", ""61"", ""62"", ""66"", ""83"", ""88"", ""89""]","[""12"", ""42"", ""43"", ""47"", ""52"", ""61"", ""62"", ""66"", ""83"", ""88"", ""89""]",0.097222222,0.097222222,0.33333333333333326,0.33333333333333326
bioasq_train,bioasq13b_571f2e8e0fd6f91b68000001,0.028571428571428577,"[""2"", ""41"", ""50"", ""51"", ""78"", ""85""]",0.8333333333333334,0.4166666666666667,0.5555555555555556,"[""2"", ""41"", ""50"", ""51"", ""78"", ""85""]","[""2"", ""41"", ""50"", ""51"", ""78"", ""85""]",0.014285714,0.014285714,0.5555555555555556,0.5555555555555556
bioasq_train,bioasq13b_5710ed19a5ed216440000003,0.17568200208203022,"[""1"", ""6"", ""8"", ""10"", ""11"", ""12"", ""13"", ""14"", ""15"", ""16"", ""17"", ""18"", ""23"", ""27"", ""28"", ""29"", ""30"", ""31"", ""32"", ""34"", ""35"", ""36"", ""38"", ""39"", ""41"", ""44"", ""46"", ""53"", ""57"", ""58"", ""59"", ""64"", ""65"", ""66"", ""67"", ""68"", ""69"", ""70"", ""72"", ""74"", ""75"", ""76"", ""77"", ""78"", ""81"", ""83"", ""84"", ""91"", ""92"", ""93"", ""95"", ""96"", ""97"", ""98"", ""99"", ""100"", ""102"", ""103"", ""104"", ""106"", ""107"", ""108""]",0.5483870967741935,0.6071428571428571,0.5762711864406779,"[""1"", ""6"", ""8"", ""10"", ""11"", ""12"", ""13"", ""14"", ""15"", ""16"", ""17"", ""18"", ""23"", ""27"", ""28"", ""29"", ""30"", ""31"", ""32"", ""34"", ""35"", ""36"", ""38"", ""39"", ""41"", ""44"", ""46"", ""53"", ""57"", ""58"", ""59"", ""64"", ""65"", ""66"", ""67"", ""68"", ""69"", ""70"", ""72"", ""74"", ""75"", ""76"", ""77"", ""78"", ""81"", ""83"", ""84"", ""91"", ""92"", ""93"", ""95"", ""96"", ""97"", ""98"", ""99"", ""100"", ""102"", ""103"", ""104"", ""106"", ""107"", ""108""]","[""1"", ""6"", ""8"", ""10"", ""11"", ""12"", ""13"", ""14"", ""15"", ""16"", ""17"", ""18"", ""23"", ""27"", ""28"", ""29"", ""30"", ""31"", ""32"", ""34"", ""35"", ""36"", ""38"", ""39"", ""41"", ""44"", ""53"", ""57"", ""58"", ""59"", ""64"", ""65"", ""66"", ""67"", ""68"", ""69"", ""70"", ""72"", ""74"", ""75"", ""76"", ""77"", ""78"", ""81"", ""83"", ""84"", ""91"", ""92"", ""93"", ""95"", ""96"", ""97"", ""99"", ""102"", ""103"", ""104"", ""106"", ""107"", ""108""]",0.11057945779620657,0.11580673553466259,0.5762711864406779,0.5391304347826087
bioasq_train,bioasq13b_550300fce9bde6963400000a,0.076034858,"[""2"", ""5"", ""7"", ""8"", ""9"", ""12"", ""13"", ""20"", ""21"", ""25"", ""35"", ""36"", ""50"", ""52"", ""55"", ""60"", ""62""]",0.4117647058823529,0.7777777777777778,0.5384615384615384,"[""2"", ""5"", ""7"", ""8"", ""9"", ""12"", ""13"", ""20"", ""21"", ""25"", ""35"", ""36"", ""50"", ""52"", ""55"", ""60"", ""62""]","[""2"", ""5"", ""7"", ""8"", ""9"", ""12"", ""13"", ""20"", ""21"", ""35"", ""36"", ""50"", ""52"", ""55"", ""60"", ""62""]",0.055522876,0.053986928,0.5384615384615384,0.56
bioasq_train,bioasq13b_5502fe13e9bde69634000009,0.14329374329374328,"[""6"", ""14"", ""15"", ""21"", ""33"", ""34"", ""35"", ""42"", ""48"", ""50""]",0.4,0.4,0.4000000000000001,"[""6"", ""14"", ""15"", ""21"", ""33"", ""34"", ""35"", ""42"", ""48"", ""50""]","[""6"", ""14"", ""15"", ""21"", ""33"", ""34"", ""35"", ""42"", ""48"", ""50""]",0.092773893,0.092773893,0.4000000000000001,0.4000000000000001
bioasq_train,bioasq13b_54fc27a896abe38008000002,0.27494560994560996,"[""1"", ""2"", ""12"", ""20"", ""32"", ""40"", ""53"", ""115"", ""132"", ""164""]",1,0.15873015873015872,0.27397260273972607,"[""1"", ""2"", ""12"", ""20"", ""32"", ""40"", ""53"", ""115"", ""132"", ""164""]","[""1"", ""2"", ""12"", ""20"", ""32"", ""40"", ""53"", ""98"", ""115"", ""132"", ""164""]",0.1827272727272727,0.1833041958041958,0.27397260273972607,0.2702702702702703
bioasq_train,bioasq13b_5335c938d6d3ac6a34000052,0.035997401,"[""1"", ""2"", ""7"", ""8"", ""9"", ""11"", ""23"", ""28"", ""39"", ""46"", ""55"", ""56"", ""60"", ""61"", ""64"", ""70"", ""71""]",0.8235294117647058,0.8235294117647058,0.8235294117647058,"[""1"", ""2"", ""7"", ""8"", ""9"", ""11"", ""23"", ""28"", ""39"", ""46"", ""55"", ""56"", ""60"", ""61"", ""64"", ""70"", ""71""]","[""1"", ""2"", ""7"", ""8"", ""9"", ""11"", ""23"", ""28"", ""39"", ""46"", ""55"", ""56"", ""60"", ""61"", ""64"", ""70"", ""71""]",0.021637427,0.021637427,0.8235294117647058,0.8235294117647058
bioasq_train,bioasq13b_5717e0717de986d80d000002,0.10250544662309369,"[""1"", ""3"", ""7"", ""10"", ""11"", ""13"", ""14"", ""20"", ""21"", ""22"", ""23"", ""24"", ""31"", ""38"", ""39"", ""43"", ""44""]",,,,"[""1"", ""3"", ""7"", ""10"", ""11"", ""13"", ""14"", ""20"", ""21"", ""22"", ""23"", ""24"", ""31"", ""38"", ""39"", ""43"", ""44""]","[""1"", ""3"", ""7"", ""10"", ""11"", ""13"", ""14"", ""20"", ""21"", ""22"", ""23"", ""24"", ""31"", ""38"", ""39"", ""43"", ""44""]",0.075163399,0.075163399,,
bioasq_train,bioasq13b_5713506d1174fb1755000003,0.10158730158730159,"[""1"", ""5"", ""6"", ""7"", ""9"", ""10"", ""12""]",,,,"[""1"", ""5"", ""6"", ""7"", ""9"", ""10"", ""12""]","[""1"", ""5"", ""6"", ""7"", ""9"", ""10"", ""12""]",0.057142857,0.057142857,,
bioasq_train,bioasq13b_52f65f372059c6d71c000027,0.27562453397294445,"[""1"", ""2"", ""5"", ""6"", ""27"", ""28"", ""31"", ""32"", ""33"", ""34"", ""35"", ""49"", ""50"", ""51"", ""58"", ""59"", ""63"", ""64"", ""65"", ""67"", ""72"", ""78"", ""79"", ""80"", ""81""]",0,0,0,"[""1"", ""2"", ""5"", ""6"", ""27"", ""28"", ""31"", ""32"", ""33"", ""34"", ""35"", ""49"", ""50"", ""51"", ""58"", ""59"", ""63"", ""64"", ""65"", ""67"", ""72"", ""78"", ""79"", ""80"", ""81""]","[""1"", ""2"", ""5"", ""6"", ""27"", ""28"", ""31"", ""32"", ""33"", ""34"", ""35"", ""49"", ""50"", ""51"", ""58"", ""59"", ""63"", ""64"", ""65"", ""67"", ""72"", ""78"", ""79"", ""80"", ""81""]",0.18439908239908237,0.18439908239908237,0,0
bioasq_train,bioasq13b_53442472aeec6fbd07000008,0.10181631366803864,"[""3"", ""6"", ""8"", ""9"", ""10"", ""12"", ""13"", ""14"", ""15"", ""16"", ""17"", ""18"", ""20"", ""22"", ""23"", ""24"", ""31"", ""34"", ""35"", ""38"", ""42"", ""43"", ""44"", ""52"", ""55"", ""56"", ""66"", ""72"", ""73"", ""74"", ""75"", ""77"", ""78"", ""79"", ""80"", ""84"", ""85"", ""86"", ""87"", ""88"", ""89"", ""90"", ""92"", ""95"", ""96"", ""97"", ""100"", ""101"", ""102"", ""103"", ""104"", ""105"", ""106"", ""107"", ""108"", ""111"", ""112"", ""113"", ""114"", ""115"", ""116"", ""117"", ""118"", ""119"", ""120"", ""122"", ""123"", ""124"", ""125"", ""126"", ""127"", ""128"", ""129"", ""130"", ""132"", ""133"", ""134"", ""137"", ""138"", ""139"", ""140"", ""141"", ""142"", ""143"", ""144"", ""145"", ""146"", ""147"", ""148"", ""152"", ""153"", ""154"", ""155"", ""156"", ""157"", ""158"", ""162"", ""163"", ""164"", ""166"", ""167"", ""168"", ""169"", ""170"", ""171"", ""172"", ""173"", ""174"", ""175"", ""176"", ""177"", ""178"", ""179"", ""180"", ""181"", ""182"", ""183"", ""184"", ""185"", ""186"", ""187"", ""188"", ""189"", ""190"", ""191"", ""192"", ""193"", ""194"", ""195"", ""196"", ""197"", ""198""]",0.19696969696969696,0.8387096774193549,0.31901840490797545,"[""3"", ""6"", ""8"", ""9"", ""10"", ""12"", ""13"", ""14"", ""15"", ""16"", ""17"", ""18"", ""20"", ""22"", ""23"", ""24"", ""31"", ""34"", ""35"", ""38"", ""42"", ""43"", ""44"", ""52"", ""55"", ""56"", ""66"", ""72"", ""73"", ""74"", ""75"", ""77"", ""78"", ""79"", ""80"", ""84"", ""85"", ""86"", ""87"", ""88"", ""89"", ""90"", ""92"", ""95"", ""96"", ""97"", ""100"", ""101"", ""102"", ""103"", ""104"", ""105"", ""106"", ""107"", ""108"", ""111"", ""112"", ""113"", ""114"", ""115"", ""116"", ""117"", ""118"", ""119"", ""120"", ""122"", ""123"", ""124"", ""125"", ""126"", ""127"", ""128"", ""129"", ""130"", ""132"", ""133"", ""134"", ""137"", ""138"", ""139"", ""140"", ""141"", ""142"", ""143"", ""144"", ""145"", ""146"", ""147"", ""148"", ""152"", ""153"", ""154"", ""155"", ""156"", ""157"", ""158"", ""162"", ""163"", ""164"", ""166"", ""167"", ""168"", ""169"", ""170"", ""171"", ""172"", ""173"", ""174"", ""175"", ""176"", ""177"", ""178"", ""179"", ""180"", ""181"", ""182"", ""183"", ""184"", ""185"", ""186"", ""187"", ""188"", ""189"", ""190"", ""191"", ""192"", ""193"", ""194"", ""195"", ""196"", ""197"", ""198""]","[""3"", ""6"", ""8"", ""9"", ""10"", ""12"", ""13"", ""14"", ""15"", ""16"", ""17"", ""18"", ""20"", ""22"", ""23"", ""24"", ""31"", ""34"", ""35"", ""38"", ""42"", ""43"", ""44"", ""52"", ""55"", ""56"", ""66"", ""72"", ""73"", ""74"", ""75"", ""77"", ""78"", ""79"", ""80"", ""84"", ""85"", ""86"", ""87"", ""88"", ""89"", ""90"", ""92"", ""95"", ""96"", ""97"", ""98"", ""100"", ""101"", ""102"", ""103"", ""104"", ""105"", ""106"", ""107"", ""108"", ""111"", ""112"", ""113"", ""114"", ""115"", ""116"", ""117"", ""118"", ""119"", ""120"", ""122"", ""123"", ""124"", ""125"", ""126"", ""127"", ""128"", ""129"", ""130"", ""132"", ""133"", ""134"", ""137"", ""138"", ""139"", ""140"", ""141"", ""142"", ""143"", ""144"", ""145"", ""146"", ""147"", ""148"", ""152"", ""153"", ""154"", ""155"", ""156"", ""157"", ""158"", ""162"", ""163"", ""164"", ""166"", ""167"", ""168"", ""169"", ""170"", ""171"", ""172"", ""173"", ""174"", ""175"", ""176"", ""177"", ""178"", ""179"", ""180"", ""181"", ""182"", ""183"", ""184"", ""185"", ""186"", ""187"", ""188"", ""189"", ""190"", ""191"", ""192"", ""193"", ""194"", ""195"", ""196"", ""197"", ""198""]",0.063741998,0.064845409,0.31901840490797545,0.3170731707317073
bioasq_train,bioasq13b_55074fa8bde8548216000003,0.14,"[""2"", ""12"", ""24"", ""25"", ""26"", ""44"", ""45"", ""71""]",0.75,0.3,0.4285714285714285,"[""2"", ""12"", ""24"", ""25"", ""26"", ""44"", ""45"", ""71""]","[""2"", ""12"", ""24"", ""25"", ""26"", ""44"", ""45"", ""71""]",0.09,0.09,0.4285714285714285,0.4285714285714285
bioasq_train,bioasq13b_570a8dcfcf1c325851000027,0.34974060348931346,"[""2"", ""20"", ""26"", ""28"", ""35"", ""36"", ""39"", ""44"", ""48"", ""52"", ""53"", ""54"", ""55"", ""56""]",0.5714285714285714,0.6153846153846154,0.5925925925925927,"[""2"", ""20"", ""26"", ""28"", ""35"", ""36"", ""39"", ""44"", ""48"", ""52"", ""53"", ""54"", ""55"", ""56""]","[""2"", ""20"", ""26"", ""28"", ""35"", ""36"", ""39"", ""44"", ""48"", ""52"", ""53"", ""54"", ""55"", ""56""]",0.2529166666666667,0.2529166666666667,0.5925925925925927,0.5925925925925927
bioasq_train,bioasq13b_552446612c8b63434a00000c,0.22724437356016305,"[""2"", ""16"", ""28"", ""29"", ""36"", ""46"", ""55"", ""121""]",1,0.15384615384615385,0.2666666666666667,"[""2"", ""16"", ""28"", ""29"", ""36"", ""46"", ""55"", ""121""]","[""2"", ""16"", ""28"", ""29"", ""36"", ""46"", ""55"", ""121""]",0.14345029239766086,0.14345029239766086,0.2666666666666667,0.2666666666666667
bioasq_train,bioasq13b_553f5a20ab98a37113000006,0.18916927359536762,"[""1"", ""4"", ""5"", ""6"", ""7"", ""9"", ""10"", ""11"", ""12"", ""13"", ""14"", ""15"", ""16"", ""17"", ""24"", ""25"", ""26"", ""28"", ""29"", ""30"", ""31"", ""32"", ""33"", ""34"", ""35"", ""37"", ""38"", ""39"", ""40"", ""41"", ""42"", ""43"", ""44"", ""45"", ""46"", ""47"", ""48"", ""49"", ""50"", ""51"", ""52"", ""53"", ""54"", ""56"", ""57"", ""58"", ""59"", ""60"", ""61"", ""62"", ""63"", ""64"", ""67"", ""68"", ""70"", ""71"", ""72"", ""73"", ""74"", ""75"", ""76"", ""78"", ""79"", ""80"", ""81"", ""82"", ""83"", ""84"", ""85"", ""86"", ""96""]",0.3380281690140845,1,0.5052631578947369,"[""1"", ""4"", ""5"", ""6"", ""7"", ""9"", ""10"", ""11"", ""12"", ""13"", ""14"", ""15"", ""16"", ""17"", ""24"", ""25"", ""26"", ""28"", ""29"", ""30"", ""31"", ""32"", ""33"", ""34"", ""35"", ""37"", ""38"", ""39"", ""40"", ""41"", ""42"", ""43"", ""44"", ""45"", ""46"", ""47"", ""48"", ""49"", ""50"", ""51"", ""52"", ""53"", ""54"", ""56"", ""57"", ""58"", ""59"", ""60"", ""61"", ""62"", ""63"", ""64"", ""67"", ""68"", ""70"", ""71"", ""72"", ""73"", ""74"", ""75"", ""76"", ""78"", ""79"", ""80"", ""81"", ""82"", ""83"", ""84"", ""85"", ""86"", ""96""]","[""1"", ""4"", ""5"", ""6"", ""7"", ""9"", ""10"", ""11"", ""12"", ""13"", ""14"", ""15"", ""16"", ""17"", ""26"", ""28"", ""29"", ""30"", ""31"", ""32"", ""33"", ""34"", ""35"", ""36"", ""37"", ""38"", ""39"", ""40"", ""41"", ""42"", ""43"", ""44"", ""45"", ""46"", ""47"", ""48"", ""49"", ""50"", ""51"", ""52"", ""53"", ""54"", ""56"", ""57"", ""58"", ""59"", ""60"", ""61"", ""62"", ""63"", ""64"", ""67"", ""68"", ""70"", ""71"", ""72"", ""73"", ""74"", ""75"", ""76"", ""78"", ""79"", ""80"", ""81"", ""82"", ""83"", ""84"", ""85"", ""86"", ""96""]",0.13426157610429912,0.13757090977951347,0.5052631578947369,0.4893617021276595
bioasq_train,bioasq13b_56c904745795f9a73e00001c,0.1,"[""1"", ""6"", ""7"", ""8""]",0.75,0.42857142857142855,0.5454545454545454,"[""1"", ""6"", ""7"", ""8""]","[""1"", ""6"", ""7"", ""8""]",0.05,0.05,0.5454545454545454,0.5454545454545454
bioasq_train,bioasq13b_5503167be9bde69634000028,0,"[""2"", ""6"", ""17"", ""18"", ""21"", ""22"", ""29"", ""33"", ""37"", ""39"", ""41"", ""42""]",,,,"[""2"", ""6"", ""17"", ""18"", ""21"", ""22"", ""29"", ""33"", ""37"", ""39"", ""41"", ""42""]","[""2"", ""6"", ""17"", ""18"", ""21"", ""22"", ""29"", ""33"", ""37"", ""39"", ""41"", ""42""]",0,0,,
bioasq_train,bioasq13b_56c036afef6e394741000019,0.079365079,"[""4"", ""13"", ""25"", ""26"", ""35"", ""51"", ""52""]",0.7142857142857143,0.625,0.6666666666666666,"[""4"", ""13"", ""25"", ""26"", ""35"", ""51"", ""52""]","[""4"", ""13"", ""25"", ""26"", ""35"", ""51""]",0.071428571,0.071428571,0.6666666666666666,0.7142857142857143
bioasq_train,bioasq13b_5710eec5a5ed216440000004,0.20580339738234477,"[""1"", ""2"", ""4"", ""5"", ""14"", ""25"", ""26"", ""28"", ""35"", ""38"", ""39"", ""40"", ""41"", ""42"", ""43"", ""44"", ""54"", ""55"", ""58""]",0.631578947,0.631578947,0.631578947,"[""1"", ""2"", ""4"", ""5"", ""14"", ""25"", ""26"", ""28"", ""35"", ""38"", ""39"", ""40"", ""41"", ""42"", ""43"", ""44"", ""54"", ""55"", ""58""]","[""1"", ""2"", ""4"", ""5"", ""14"", ""25"", ""26"", ""35"", ""38"", ""39"", ""40"", ""41"", ""42"", ""43"", ""44"", ""54"", ""55"", ""58""]",0.1465789473684211,0.15807017543859647,0.631578947,0.5945945945945946
bioasq_train,bioasq13b_551ae73b6b348bb82c000001,0.2357139066472733,"[""11"", ""14"", ""15"", ""17"", ""26"", ""28"", ""30"", ""32"", ""34"", ""45"", ""57"", ""62"", ""64"", ""66"", ""68"", ""73"", ""87"", ""94"", ""111"", ""115"", ""156"", ""161"", ""162""]",0.2608695652173913,0.2608695652173913,0.2608695652173913,"[""11"", ""14"", ""15"", ""17"", ""26"", ""28"", ""30"", ""32"", ""34"", ""45"", ""57"", ""62"", ""64"", ""66"", ""68"", ""73"", ""87"", ""94"", ""111"", ""115"", ""156"", ""161"", ""162""]","[""11"", ""14"", ""15"", ""17"", ""26"", ""28"", ""30"", ""32"", ""34"", ""45"", ""57"", ""62"", ""64"", ""66"", ""68"", ""73"", ""87"", ""94"", ""111"", ""115"", ""156"", ""161"", ""162""]",0.15486609686609687,0.15486609686609687,0.2608695652173913,0.2608695652173913
bioasq_train,bioasq13b_54f2f81664850a5854000003,0,"[""3"", ""14"", ""20"", ""27""]",0.75,0.75,0.75,"[""3"", ""14"", ""20"", ""27""]","[""3"", ""14"", ""20"", ""27""]",0,0,0.75,0.75
bioasq_train,bioasq13b_56c1f031ef6e39474100004e,0.3185367823601204,"[""2"", ""4"", ""5"", ""13"", ""17"", ""31"", ""32"", ""33"", ""38"", ""39"", ""41"", ""42"", ""48"", ""73"", ""81"", ""89"", ""93"", ""94"", ""119"", ""120""]",0.7,0.5,0.5833333333333334,"[""2"", ""4"", ""5"", ""13"", ""17"", ""31"", ""32"", ""33"", ""38"", ""39"", ""41"", ""42"", ""48"", ""73"", ""81"", ""89"", ""93"", ""94"", ""119"", ""120""]","[""2"", ""4"", ""5"", ""13"", ""17"", ""31"", ""32"", ""33"", ""38"", ""39"", ""41"", ""42"", ""48"", ""73"", ""81"", ""89"", ""93"", ""94"", ""119"", ""120""]",0.22181879648411088,0.22181879648411088,0.5833333333333334,0.5833333333333334
bioasq_train,bioasq13b_535917f3c95abccd6f000001,0.032323232,"[""2"", ""3"", ""49"", ""50"", ""51"", ""54"", ""98"", ""100"", ""101"", ""104""]",0.2,0.16666666666666666,0.1818181818181818,"[""2"", ""3"", ""49"", ""50"", ""51"", ""54"", ""98"", ""100"", ""101"", ""104""]","[""2"", ""3"", ""49"", ""50"", ""51"", ""54"", ""98"", ""100"", ""101"", ""104""]",0.018181818181818188,0.018181818181818188,0.1818181818181818,0.1818181818181818
bioasq_train,bioasq13b_5544e4635beec11c10000007,0,"[""6"", ""41"", ""42"", ""43"", ""44"", ""45"", ""57"", ""61"", ""62"", ""64""]",0.5,0.35714285714285715,0.41666666666666663,"[""6"", ""41"", ""42"", ""43"", ""44"", ""45"", ""57"", ""61"", ""62"", ""64""]","[""6"", ""41"", ""42"", ""43"", ""44"", ""45"", ""57"", ""61"", ""62"", ""64""]",0,0,0.41666666666666663,0.41666666666666663
bioasq_train,bioasq13b_56af573b0a360a5e45000011,0,"[""1"", ""3"", ""15"", ""16"", ""22""]",0.8,0.26666666666666666,0.4,"[""1"", ""3"", ""15"", ""16"", ""22""]","[""1"", ""3"", ""15"", ""16"", ""22""]",0,0,0.4,0.4
bioasq_train,bioasq13b_553ccbaef32186855800000f,0.18587739474695997,"[""6"", ""7"", ""8"", ""20"", ""21"", ""22"", ""35"", ""39"", ""61"", ""62"", ""65"", ""69"", ""79"", ""92"", ""93"", ""96"", ""99"", ""100"", ""105"", ""106"", ""107"", ""109""]",0.45454545454545453,0.43478260869565216,0.4444444444444445,"[""6"", ""7"", ""8"", ""20"", ""21"", ""22"", ""35"", ""39"", ""61"", ""62"", ""65"", ""69"", ""79"", ""92"", ""93"", ""96"", ""99"", ""100"", ""105"", ""106"", ""107"", ""109""]","[""6"", ""7"", ""8"", ""20"", ""21"", ""22"", ""35"", ""39"", ""61"", ""62"", ""65"", ""69"", ""79"", ""92"", ""93"", ""96"", ""99"", ""100"", ""105"", ""106"", ""107"", ""109""]",0.12553359683794466,0.12553359683794466,0.4444444444444445,0.4444444444444445
bioasq_train,bioasq13b_56c0ea0aef6e394741000029,0,"[""1"", ""2"", ""4"", ""8"", ""9"", ""10""]",0.6666666666666666,0.6666666666666666,0.6666666666666666,"[""1"", ""2"", ""4"", ""8"", ""9"", ""10""]","[""1"", ""2"", ""4"", ""8"", ""9"", ""10""]",0,0,0.6666666666666666,0.6666666666666666
bioasq_train,bioasq13b_56a38f9b496b62f23f000004,0,"[""1"", ""7"", ""8"", ""16""]",1,1,1,"[""1"", ""7"", ""8"", ""16""]","[""1"", ""7"", ""8"", ""16""]",0,0,1,1
bioasq_train,bioasq13b_5324d0429b2d7acc7e000023,0.2106209563345871,"[""1"", ""3"", ""4"", ""6"", ""9"", ""22"", ""25"", ""26"", ""28"", ""29"", ""30"", ""31"", ""32"", ""34"", ""39"", ""49"", ""50"", ""52"", ""54"", ""56"", ""57"", ""58"", ""61"", ""62"", ""68"", ""75"", ""85"", ""86"", ""87"", ""88"", ""94"", ""95"", ""96"", ""97"", ""98"", ""99"", ""100"", ""104"", ""105"", ""106"", ""107"", ""108"", ""109"", ""110"", ""112"", ""113"", ""114"", ""116"", ""117"", ""118"", ""121"", ""122"", ""123"", ""124"", ""125"", ""126"", ""127"", ""128"", ""129"", ""130"", ""131"", ""132"", ""133"", ""134"", ""135"", ""136"", ""137"", ""138"", ""139"", ""140"", ""150"", ""152"", ""153"", ""154"", ""155"", ""156"", ""158""]",0.45454545454545453,0.7954545454545454,0.5785123966942148,"[""1"", ""3"", ""4"", ""6"", ""9"", ""22"", ""25"", ""26"", ""28"", ""29"", ""30"", ""31"", ""32"", ""34"", ""39"", ""49"", ""50"", ""52"", ""54"", ""56"", ""57"", ""58"", ""61"", ""62"", ""68"", ""75"", ""85"", ""86"", ""87"", ""88"", ""94"", ""95"", ""96"", ""97"", ""98"", ""99"", ""100"", ""104"", ""105"", ""106"", ""107"", ""108"", ""109"", ""110"", ""112"", ""113"", ""114"", ""116"", ""117"", ""118"", ""121"", ""122"", ""123"", ""124"", ""125"", ""126"", ""127"", ""128"", ""129"", ""130"", ""131"", ""132"", ""133"", ""134"", ""135"", ""136"", ""137"", ""138"", ""139"", ""140"", ""150"", ""152"", ""153"", ""154"", ""155"", ""156"", ""158""]","[""1"", ""3"", ""4"", ""22"", ""25"", ""26"", ""28"", ""29"", ""30"", ""31"", ""32"", ""34"", ""39"", ""49"", ""50"", ""52"", ""54"", ""56"", ""57"", ""58"", ""61"", ""62"", ""68"", ""75"", ""85"", ""86"", ""87"", ""88"", ""94"", ""95"", ""96"", ""97"", ""98"", ""99"", ""100"", ""104"", ""105"", ""106"", ""107"", ""108"", ""109"", ""110"", ""112"", ""113"", ""114"", ""116"", ""117"", ""118"", ""121"", ""122"", ""123"", ""124"", ""125"", ""126"", ""127"", ""128"", ""129"", ""130"", ""131"", ""132"", ""133"", ""134"", ""135"", ""136"", ""137"", ""138"", ""139"", ""140"", ""150"", ""152"", ""153"", ""154"", ""155"", ""156"", ""158""]",0.14596177076393174,0.14617669397892954,0.5785123966942148,0.5714285714285714
bioasq_train,bioasq13b_56be14c7ef6e39474100000a,0.1325714285714286,"[""1"", ""2"", ""8"", ""12"", ""17"", ""18"", ""24"", ""36"", ""48"", ""57"", ""60"", ""61"", ""62"", ""66"", ""67"", ""77"", ""80"", ""81"", ""86"", ""89"", ""97"", ""104"", ""105"", ""110"", ""115"", ""145"", ""146"", ""148"", ""150""]",0.5517241379310345,0.5714285714285714,0.5614035087719299,"[""1"", ""2"", ""8"", ""12"", ""17"", ""18"", ""24"", ""36"", ""48"", ""57"", ""60"", ""61"", ""62"", ""66"", ""67"", ""77"", ""80"", ""81"", ""86"", ""89"", ""97"", ""104"", ""105"", ""110"", ""115"", ""145"", ""146"", ""148"", ""150""]","[""1"", ""2"", ""8"", ""12"", ""17"", ""18"", ""24"", ""36"", ""48"", ""57"", ""60"", ""61"", ""62"", ""66"", ""67"", ""77"", ""80"", ""81"", ""86"", ""89"", ""97"", ""104"", ""105"", ""110"", ""115"", ""145"", ""146"", ""148"", ""150""]",0.094597701,0.094597701,0.5614035087719299,0.5614035087719299
bioasq_train,bioasq13b_54fc58df6ea36a810c000004,0.14074074074074072,"[""5"", ""37"", ""44"", ""51"", ""62"", ""63""]",0.6666666666666666,0.19047619047619047,0.2962962962962963,"[""5"", ""37"", ""44"", ""51"", ""62"", ""63""]","[""5"", ""37"", ""44"", ""51"", ""62"", ""63""]",0.075,0.075,0.2962962962962963,0.2962962962962963
bioasq_train,bioasq13b_56bf4035ef6e394741000010,0.4131772128131287,"[""1"", ""2"", ""3"", ""11"", ""22"", ""24"", ""28"", ""33"", ""34"", ""40"", ""44"", ""46"", ""53"", ""56"", ""62"", ""68"", ""74"", ""76"", ""78"", ""88"", ""91"", ""95"", ""103"", ""111"", ""113""]",,,,"[""1"", ""2"", ""3"", ""11"", ""22"", ""24"", ""28"", ""33"", ""34"", ""40"", ""44"", ""46"", ""53"", ""56"", ""62"", ""68"", ""74"", ""76"", ""78"", ""88"", ""91"", ""95"", ""103"", ""111"", ""113""]","[""1"", ""2"", ""3"", ""11"", ""22"", ""24"", ""28"", ""33"", ""34"", ""40"", ""44"", ""46"", ""53"", ""56"", ""62"", ""67"", ""68"", ""76"", ""78"", ""88"", ""91"", ""95"", ""103"", ""111"", ""113""]",0.30425940725940726,0.2992840114965352,,
bioasq_train,bioasq13b_52fc94932059c6d71c000072,0,"[""1"", ""2"", ""4"", ""5"", ""7""]",0.4,1,0.5714285714285715,"[""1"", ""2"", ""4"", ""5"", ""7""]","[""1"", ""2"", ""4"", ""5"", ""7""]",0,0,0.5714285714285715,0.5714285714285715
bioasq_train,bioasq13b_55032785e9bde69634000031,0.10897739425428471,"[""3"", ""4"", ""5"", ""6"", ""7"", ""8"", ""24"", ""25"", ""27"", ""35"", ""36"", ""43"", ""44"", ""46"", ""53"", ""54"", ""55"", ""56"", ""57"", ""58"", ""59"", ""60"", ""63"", ""64"", ""67"", ""68"", ""70"", ""71"", ""74"", ""75"", ""76"", ""80"", ""81"", ""82"", ""83"", ""92"", ""95"", ""102""]",0.2631578947368421,0.7142857142857143,0.3846153846153846,"[""3"", ""4"", ""5"", ""6"", ""7"", ""8"", ""24"", ""25"", ""27"", ""35"", ""36"", ""43"", ""44"", ""46"", ""53"", ""54"", ""55"", ""56"", ""57"", ""58"", ""59"", ""60"", ""63"", ""64"", ""67"", ""68"", ""70"", ""71"", ""74"", ""75"", ""76"", ""80"", ""81"", ""82"", ""83"", ""92"", ""95"", ""102""]","[""3"", ""4"", ""5"", ""6"", ""7"", ""8"", ""24"", ""25"", ""27"", ""35"", ""36"", ""43"", ""44"", ""46"", ""53"", ""54"", ""55"", ""56"", ""57"", ""58"", ""59"", ""60"", ""63"", ""64"", ""67"", ""68"", ""70"", ""71"", ""74"", ""75"", ""76"", ""80"", ""81"", ""82"", ""83"", ""92"", ""95"", ""102""]",0.065703682,0.065703682,0.3846153846153846,0.3846153846153846
bioasq_train,bioasq13b_533ada5efd9a95ea0d000001,0.19385984385984384,"[""10"", ""11"", ""16"", ""18"", ""23"", ""35"", ""37"", ""38"", ""43"", ""46"", ""59"", ""60""]",0.5,0.46153846153846156,0.48000000000000004,"[""10"", ""11"", ""16"", ""18"", ""23"", ""35"", ""37"", ""38"", ""43"", ""46"", ""59"", ""60""]","[""11"", ""16"", ""18"", ""23"", ""35"", ""37"", ""38"", ""43"", ""46"", ""59"", ""60""]",0.1523809523809524,0.14880952380952378,0.48000000000000004,0.41666666666666663
bioasq_train,bioasq13b_54f48cb74e9bf3263f000001,0.091932196,"[""1"", ""2"", ""5"", ""6"", ""7"", ""11"", ""15"", ""16"", ""19"", ""20"", ""23"", ""24"", ""26"", ""34"", ""35"", ""38"", ""57"", ""60"", ""62"", ""63"", ""64"", ""65"", ""66"", ""67"", ""70"", ""71"", ""72"", ""73"", ""74"", ""75"", ""76"", ""84"", ""85""]",0.5151515151515151,0.6296296296296297,0.5666666666666667,"[""1"", ""2"", ""5"", ""6"", ""7"", ""11"", ""15"", ""16"", ""19"", ""20"", ""23"", ""24"", ""26"", ""34"", ""35"", ""38"", ""57"", ""60"", ""62"", ""63"", ""64"", ""65"", ""66"", ""67"", ""70"", ""71"", ""72"", ""73"", ""74"", ""75"", ""76"", ""84"", ""85""]","[""1"", ""2"", ""5"", ""6"", ""7"", ""11"", ""15"", ""16"", ""19"", ""20"", ""23"", ""24"", ""26"", ""34"", ""35"", ""38"", ""57"", ""60"", ""62"", ""63"", ""64"", ""65"", ""66"", ""67"", ""70"", ""71"", ""72"", ""73"", ""74"", ""75"", ""76"", ""84"", ""85""]",0.046750700280112044,0.046750700280112044,0.5666666666666667,0.5666666666666667
bioasq_train,bioasq13b_532f043ed6d3ac6a34000023,0.3989117348558273,"[""12"", ""23"", ""24"", ""25"", ""28"", ""29"", ""30"", ""31"", ""34"", ""35"", ""44"", ""46"", ""52"", ""53"", ""54"", ""63"", ""67"", ""76"", ""82"", ""83"", ""84"", ""96""]",0.22727272727272727,0.2,0.21276595744680854,"[""12"", ""23"", ""24"", ""25"", ""28"", ""29"", ""30"", ""31"", ""34"", ""35"", ""44"", ""46"", ""52"", ""53"", ""54"", ""63"", ""67"", ""76"", ""82"", ""83"", ""84"", ""96""]","[""12"", ""23"", ""24"", ""25"", ""28"", ""29"", ""30"", ""31"", ""34"", ""35"", ""44"", ""46"", ""52"", ""53"", ""54"", ""63"", ""67"", ""76"", ""82"", ""83"", ""84"", ""96""]",0.26459126427569624,0.26459126427569624,0.21276595744680854,0.21276595744680854
bioasq_train,bioasq13b_5545d847bf90a13052000006,0,"[""2""]",1,0.5,0.6666666666666666,"[""2""]","[""2""]",0,0,0.6666666666666666,0.6666666666666666
bioasq_train,bioasq13b_5541ffc3472cfd8617000004,0.13947638342006588,"[""2"", ""6"", ""7"", ""9"", ""10"", ""11"", ""12"", ""14"", ""22"", ""23"", ""24"", ""26"", ""27"", ""28"", ""29"", ""30"", ""32"", ""40"", ""41"", ""43"", ""57"", ""62"", ""63"", ""64"", ""66"", ""72"", ""73"", ""74"", ""80"", ""82"", ""90"", ""91"", ""92"", ""102"", ""103"", ""104"", ""112"", ""113"", ""116"", ""122"", ""123"", ""125"", ""126"", ""127"", ""128"", ""130"", ""132"", ""133"", ""136"", ""137"", ""138"", ""141"", ""144"", ""145"", ""147"", ""148"", ""149"", ""151"", ""152""]",0.3050847457627119,0.75,0.4337349397590361,"[""2"", ""6"", ""7"", ""9"", ""10"", ""11"", ""12"", ""14"", ""22"", ""23"", ""24"", ""26"", ""27"", ""28"", ""29"", ""30"", ""32"", ""40"", ""41"", ""43"", ""57"", ""62"", ""63"", ""64"", ""66"", ""72"", ""73"", ""74"", ""80"", ""82"", ""90"", ""91"", ""92"", ""102"", ""103"", ""104"", ""112"", ""113"", ""116"", ""122"", ""123"", ""125"", ""126"", ""127"", ""128"", ""130"", ""132"", ""133"", ""136"", ""137"", ""138"", ""141"", ""144"", ""145"", ""147"", ""148"", ""149"", ""151"", ""152""]","[""2"", ""6"", ""7"", ""9"", ""10"", ""11"", ""12"", ""14"", ""22"", ""23"", ""24"", ""26"", ""27"", ""28"", ""29"", ""30"", ""32"", ""40"", ""41"", ""43"", ""44"", ""57"", ""62"", ""63"", ""64"", ""66"", ""72"", ""73"", ""74"", ""80"", ""82"", ""90"", ""91"", ""92"", ""102"", ""103"", ""104"", ""112"", ""113"", ""116"", ""122"", ""123"", ""126"", ""127"", ""128"", ""130"", ""132"", ""133"", ""136"", ""137"", ""138"", ""141"", ""144"", ""145"", ""147"", ""148"", ""149""]",0.089376427,0.099867847,0.4337349397590361,0.4197530864197531
bioasq_train,bioasq13b_54f0985994afd6150400001a,0.03611826,"[""1"", ""2"", ""3"", ""4"", ""5"", ""6"", ""7"", ""8"", ""9"", ""10"", ""11"", ""13"", ""14"", ""15"", ""16"", ""17"", ""18"", ""19"", ""20"", ""21"", ""22"", ""24"", ""25"", ""26"", ""27"", ""28"", ""33"", ""34"", ""35"", ""37"", ""39"", ""40"", ""41"", ""42"", ""43"", ""44"", ""45"", ""46"", ""47"", ""48"", ""50"", ""52"", ""53"", ""54"", ""55"", ""56"", ""57"", ""58"", ""59"", ""60"", ""61"", ""62"", ""63"", ""64"", ""66"", ""67"", ""68"", ""69"", ""70"", ""71"", ""73"", ""74"", ""75"", ""76"", ""77"", ""78"", ""79"", ""80"", ""81"", ""82"", ""83"", ""84"", ""85"", ""86"", ""87"", ""88"", ""90"", ""91"", ""92"", ""93"", ""94"", ""95"", ""96"", ""97"", ""98"", ""99"", ""100"", ""101"", ""102"", ""103"", ""104"", ""105"", ""106"", ""107"", ""108"", ""109"", ""110"", ""111"", ""112"", ""113"", ""114"", ""115"", ""116"", ""117"", ""118"", ""119"", ""120"", ""121"", ""122"", ""123"", ""124"", ""125"", ""126"", ""127"", ""128"", ""129"", ""130"", ""131"", ""132"", ""133"", ""134"", ""135"", ""136"", ""137"", ""138"", ""139"", ""140"", ""141"", ""142"", ""143"", ""144"", ""145"", ""146"", ""147"", ""148"", ""149"", ""150"", ""151"", ""152"", ""153"", ""154"", ""155"", ""156"", ""157"", ""158"", ""159"", ""160"", ""161"", ""162"", ""163"", ""164"", ""165"", ""166"", ""167"", ""168"", ""169"", ""170"", ""171"", ""172"", ""173"", ""174"", ""175"", ""176"", ""177"", ""178"", ""179"", ""180"", ""181"", ""182"", ""183"", ""184"", ""185"", ""186""]",0.13872832369942195,0.96,0.24242424242424243,"[""1"", ""2"", ""3"", ""4"", ""5"", ""6"", ""7"", ""8"", ""9"", ""10"", ""11"", ""13"", ""14"", ""15"", ""16"", ""17"", ""18"", ""19"", ""20"", ""21"", ""22"", ""24"", ""25"", ""26"", ""27"", ""28"", ""33"", ""34"", ""35"", ""37"", ""39"", ""40"", ""41"", ""42"", ""43"", ""44"", ""45"", ""46"", ""47"", ""48"", ""50"", ""52"", ""53"", ""54"", ""55"", ""56"", ""57"", ""58"", ""59"", ""60"", ""61"", ""62"", ""63"", ""64"", ""66"", ""67"", ""68"", ""69"", ""70"", ""71"", ""73"", ""74"", ""75"", ""76"", ""77"", ""78"", ""79"", ""80"", ""81"", ""82"", ""83"", ""84"", ""85"", ""86"", ""87"", ""88"", ""90"", ""91"", ""92"", ""93"", ""94"", ""95"", ""96"", ""97"", ""98"", ""99"", ""100"", ""101"", ""102"", ""103"", ""104"", ""105"", ""106"", ""107"", ""108"", ""109"", ""110"", ""111"", ""112"", ""113"", ""114"", ""115"", ""116"", ""117"", ""118"", ""119"", ""120"", ""121"", ""122"", ""123"", ""124"", ""125"", ""126"", ""127"", ""128"", ""129"", ""130"", ""131"", ""132"", ""133"", ""134"", ""135"", ""136"", ""137"", ""138"", ""139"", ""140"", ""141"", ""142"", ""143"", ""144"", ""145"", ""146"", ""147"", ""148"", ""149"", ""150"", ""151"", ""152"", ""153"", ""154"", ""155"", ""156"", ""157"", ""158"", ""159"", ""160"", ""161"", ""162"", ""163"", ""164"", ""165"", ""166"", ""167"", ""168"", ""169"", ""170"", ""171"", ""172"", ""173"", ""174"", ""175"", ""176"", ""177"", ""178"", ""179"", ""180"", ""181"", ""182"", ""183"", ""184"", ""185"", ""186""]","[""1"", ""2"", ""3"", ""4"", ""5"", ""6"", ""7"", ""8"", ""9"", ""10"", ""11"", ""13"", ""14"", ""15"", ""16"", ""17"", ""18"", ""19"", ""20"", ""21"", ""22"", ""24"", ""25"", ""26"", ""27"", ""28"", ""33"", ""34"", ""35"", ""37"", ""39"", ""40"", ""41"", ""42"", ""43"", ""44"", ""45"", ""46"", ""47"", ""48"", ""50"", ""52"", ""53"", ""54"", ""55"", ""56"", ""57"", ""58"", ""59"", ""60"", ""61"", ""62"", ""63"", ""64"", ""66"", ""67"", ""68"", ""70"", ""71"", ""73"", ""74"", ""75"", ""76"", ""77"", ""78"", ""79"", ""80"", ""81"", ""82"", ""83"", ""84"", ""85"", ""86"", ""87"", ""88"", ""90"", ""91"", ""92"", ""93"", ""94"", ""95"", ""96"", ""97"", ""98"", ""99"", ""100"", ""101"", ""102"", ""103"", ""104"", ""105"", ""106"", ""107"", ""108"", ""109"", ""110"", ""111"", ""112"", ""113"", ""114"", ""115"", ""116"", ""117"", ""118"", ""119"", ""120"", ""121"", ""122"", ""123"", ""124"", ""125"", ""126"", ""127"", ""128"", ""129"", ""130"", ""131"", ""132"", ""133"", ""134"", ""135"", ""136"", ""137"", ""138"", ""139"", ""140"", ""141"", ""142"", ""143"", ""144"", ""145"", ""146"", ""147"", ""148"", ""149"", ""150"", ""151"", ""152"", ""153"", ""154"", ""155"", ""156"", ""157"", ""158"", ""159"", ""160"", ""161"", ""162"", ""163"", ""164"", ""165"", ""166"", ""167"", ""168"", ""169"", ""170"", ""171"", ""172"", ""173"", ""174"", ""175"", ""176"", ""177"", ""178"", ""179"", ""180"", ""181"", ""182"", ""183"", ""184"", ""185"", ""186"", ""187""]",0.024096848492901935,0.025226341549841668,0.24242424242424243,0.24242424242424243
bioasq_train,bioasq13b_56af7b820a360a5e45000014,0,"[""3"", ""4"", ""9""]",1,0.375,0.5454545454545454,"[""3"", ""4"", ""9""]","[""3"", ""4"", ""9""]",0,0,0.5454545454545454,0.5454545454545454
bioasq_train,bioasq13b_5709f646cf1c325851000021,0.3259055759055759,"[""45"", ""46"", ""48"", ""49"", ""50"", ""52"", ""70"", ""77""]",0.375,0.15,0.21428571428571425,"[""45"", ""46"", ""48"", ""49"", ""50"", ""52"", ""70"", ""77""]","[""45"", ""46"", ""48"", ""49"", ""50"", ""52""]",0.2876373626373626,0.246978022,0.21428571428571425,0.23076923076923075
bioasq_train,bioasq13b_5509ba931180f13250000001,0.10770301357257878,"[""2"", ""6"", ""9"", ""10"", ""13"", ""14"", ""20"", ""21"", ""27"", ""36"", ""37"", ""51"", ""65"", ""71"", ""73"", ""95"", ""96"", ""112"", ""113"", ""115"", ""116"", ""121"", ""123"", ""138""]",0.3333333333333333,0.5333333333333333,0.4102564102564102,"[""2"", ""6"", ""9"", ""10"", ""13"", ""14"", ""20"", ""21"", ""27"", ""36"", ""37"", ""51"", ""65"", ""71"", ""73"", ""95"", ""96"", ""112"", ""113"", ""115"", ""116"", ""121"", ""123"", ""138""]","[""2"", ""6"", ""9"", ""10"", ""13"", ""14"", ""20"", ""21"", ""27"", ""36"", ""37"", ""51"", ""65"", ""71"", ""73"", ""95"", ""96"", ""112"", ""113"", ""115"", ""116"", ""121"", ""123"", ""138""]",0.07,0.07,0.4102564102564102,0.4102564102564102
bioasq_train,bioasq13b_5325a1a69b2d7acc7e000025,0,"[""18"", ""19"", ""20"", ""23"", ""33""]",0.6,0.6,0.6,"[""18"", ""19"", ""20"", ""23"", ""33""]","[""18"", ""19"", ""20"", ""23"", ""33""]",0,0,0.6,0.6
bioasq_train,bioasq13b_54f1e4d0c409818c32000002,0.2820921580720273,"[""10"", ""15"", ""25"", ""26"", ""27"", ""35"", ""36"", ""46"", ""47"", ""58"", ""60"", ""61"", ""62"", ""65"", ""76"", ""86"", ""87"", ""89"", ""91"", ""94"", ""95"", ""96"", ""101"", ""104"", ""114"", ""115""]",0.23076923076923078,0.6666666666666666,0.3428571428571429,"[""10"", ""15"", ""25"", ""26"", ""27"", ""35"", ""36"", ""46"", ""47"", ""58"", ""60"", ""61"", ""62"", ""65"", ""76"", ""86"", ""87"", ""89"", ""91"", ""94"", ""95"", ""96"", ""101"", ""104"", ""114"", ""115""]","[""10"", ""15"", ""25"", ""26"", ""27"", ""35"", ""36"", ""46"", ""47"", ""58"", ""60"", ""61"", ""62"", ""65"", ""76"", ""86"", ""87"", ""89"", ""91"", ""94"", ""95"", ""101"", ""104"", ""114"", ""115""]",0.18088649216319547,0.18449166815451262,0.3428571428571429,0.3529411764705882
bioasq_train,bioasq13b_56bf5b0cef6e394741000014,0.4048053563026339,"[""1"", ""2"", ""3"", ""4"", ""5"", ""6"", ""7"", ""11"", ""13"", ""14"", ""15"", ""16"", ""31"", ""33"", ""34"", ""35"", ""36"", ""43""]",0.3333333333333333,0.5,0.4,"[""1"", ""2"", ""3"", ""4"", ""5"", ""6"", ""7"", ""11"", ""13"", ""14"", ""15"", ""16"", ""31"", ""33"", ""34"", ""35"", ""36"", ""43""]","[""1"", ""2"", ""3"", ""4"", ""5"", ""6"", ""7"", ""11"", ""13"", ""14"", ""15"", ""16"", ""31"", ""33"", ""34"", ""35"", ""36"", ""43""]",0.3059568461383343,0.3059568461383343,0.4,0.4
bioasq_train,bioasq13b_56c3104c50c68dd416000001,0,"[""1"", ""2"", ""13"", ""24""]",0.5,0.16666666666666666,0.25,"[""1"", ""2"", ""13"", ""24""]","[""1"", ""2"", ""13"", ""24""]",0,0,0.25,0.25
bioasq_train,bioasq13b_56c07ef5ef6e394741000023,0.24047471620227037,"[""4"", ""8"", ""9"", ""14"", ""25"", ""28"", ""30"", ""37"", ""41"", ""42"", ""47"", ""53"", ""74"", ""75"", ""76""]",,,,"[""4"", ""8"", ""9"", ""14"", ""25"", ""28"", ""30"", ""37"", ""41"", ""42"", ""47"", ""53"", ""74"", ""75"", ""76""]","[""4"", ""8"", ""9"", ""14"", ""25"", ""28"", ""30"", ""37"", ""41"", ""42"", ""47"", ""53"", ""74"", ""75"", ""76""]",0.14327485380116958,0.14327485380116958,,
bioasq_train,bioasq13b_52f89a002059c6d71c00004c,0.24600172816419957,"[""5"", ""6"", ""18"", ""30"", ""38"", ""40"", ""46"", ""52"", ""78"", ""82"", ""96"", ""98"", ""110"", ""114"", ""140"", ""142"", ""144"", ""154"", ""161"", ""166"", ""171""]",0.6190476190476191,0.40625,0.49056603773584906,"[""5"", ""6"", ""18"", ""30"", ""38"", ""40"", ""46"", ""52"", ""78"", ""82"", ""96"", ""98"", ""110"", ""114"", ""140"", ""142"", ""144"", ""154"", ""161"", ""166"", ""171""]","[""5"", ""6"", ""18"", ""22"", ""29"", ""30"", ""38"", ""40"", ""46"", ""52"", ""78"", ""82"", ""96"", ""98"", ""110"", ""114"", ""140"", ""142"", ""144"", ""154"", ""161"", ""166"", ""171""]",0.1697497647280256,0.17851449275362316,0.49056603773584906,0.5454545454545454
bioasq_train,bioasq13b_56c1f033ef6e39474100004f,0.1346899377488036,"[""1"", ""2"", ""3"", ""4"", ""5"", ""6"", ""7"", ""8"", ""9"", ""10"", ""11"", ""13"", ""14"", ""16"", ""17"", ""18"", ""19"", ""20"", ""21"", ""22"", ""23"", ""24"", ""25"", ""26"", ""27"", ""28"", ""29"", ""30"", ""31"", ""32"", ""33"", ""34"", ""35"", ""36"", ""37"", ""38"", ""40"", ""41"", ""42"", ""43"", ""44"", ""45"", ""46"", ""47"", ""48"", ""49"", ""50"", ""51"", ""52"", ""53"", ""63"", ""64"", ""65"", ""66"", ""67"", ""68"", ""69"", ""70"", ""71"", ""72"", ""74"", ""75"", ""76"", ""77"", ""78"", ""79"", ""80"", ""81"", ""82"", ""83"", ""84"", ""85"", ""86"", ""87"", ""88"", ""89"", ""90"", ""91"", ""92"", ""93"", ""94"", ""95"", ""96"", ""97"", ""98"", ""99"", ""100""]",0.3793103448275862,0.9428571428571428,0.5409836065573771,"[""1"", ""2"", ""3"", ""4"", ""5"", ""6"", ""7"", ""8"", ""9"", ""10"", ""11"", ""13"", ""14"", ""16"", ""17"", ""18"", ""19"", ""20"", ""21"", ""22"", ""23"", ""24"", ""25"", ""26"", ""27"", ""28"", ""29"", ""30"", ""31"", ""32"", ""33"", ""34"", ""35"", ""36"", ""37"", ""38"", ""40"", ""41"", ""42"", ""43"", ""44"", ""45"", ""46"", ""47"", ""48"", ""49"", ""50"", ""51"", ""52"", ""53"", ""63"", ""64"", ""65"", ""66"", ""67"", ""68"", ""69"", ""70"", ""71"", ""72"", ""74"", ""75"", ""76"", ""77"", ""78"", ""79"", ""80"", ""81"", ""82"", ""83"", ""84"", ""85"", ""86"", ""87"", ""88"", ""89"", ""90"", ""91"", ""92"", ""93"", ""94"", ""95"", ""96"", ""97"", ""98"", ""99"", ""100""]","[""1"", ""2"", ""3"", ""4"", ""5"", ""6"", ""7"", ""8"", ""9"", ""10"", ""11"", ""13"", ""14"", ""16"", ""17"", ""18"", ""19"", ""20"", ""21"", ""22"", ""23"", ""24"", ""25"", ""26"", ""27"", ""28"", ""29"", ""30"", ""31"", ""32"", ""33"", ""34"", ""35"", ""36"", ""37"", ""38"", ""40"", ""41"", ""42"", ""43"", ""44"", ""45"", ""46"", ""47"", ""48"", ""49"", ""50"", ""51"", ""52"", ""53"", ""64"", ""65"", ""66"", ""67"", ""68"", ""69"", ""70"", ""71"", ""72"", ""74"", ""75"", ""76"", ""77"", ""78"", ""79"", ""80"", ""81"", ""82"", ""83"", ""84"", ""85"", ""86"", ""87"", ""88"", ""90"", ""91"", ""92"", ""93"", ""94"", ""95"", ""96"", ""97"", ""98"", ""99"", ""100""]",0.095630878,0.095605992,0.5409836065573771,0.5166666666666666
bioasq_train,bioasq13b_54cf42bdf693c3b16b000007,0.14285714285714285,"[""2"", ""10"", ""19"", ""22"", ""27"", ""33"", ""37""]",0.7142857142857143,0.7142857142857143,0.7142857142857143,"[""2"", ""10"", ""19"", ""22"", ""27"", ""33"", ""37""]","[""2"", ""10"", ""19"", ""22"", ""27"", ""33"", ""37""]",0.082142857,0.082142857,0.7142857142857143,0.7142857142857143
bioasq_train,bioasq13b_530f7d7fe3eabad021000002,0.2944098360040389,"[""11"", ""12"", ""13"", ""14"", ""15"", ""16"", ""17"", ""18"", ""19"", ""43"", ""47"", ""72"", ""73""]",0.5384615384615384,0.3181818181818182,0.39999999999999997,"[""11"", ""12"", ""13"", ""14"", ""15"", ""16"", ""17"", ""18"", ""19"", ""43"", ""47"", ""72"", ""73""]","[""11"", ""12"", ""13"", ""14"", ""15"", ""16"", ""17"", ""18"", ""19"", ""43"", ""47"", ""72""]",0.20518673355629877,0.19690635451505015,0.39999999999999997,0.4117647058823529
bioasq_train,bioasq13b_5544da8f5beec11c10000004,0,"[""1"", ""2"", ""5"", ""6"", ""7"", ""12"", ""17"", ""18""]",0.625,0.625,0.625,"[""1"", ""2"", ""5"", ""6"", ""7"", ""12"", ""17"", ""18""]","[""1"", ""2"", ""5"", ""6"", ""7"", ""12"", ""17"", ""18""]",0,0,0.625,0.625
bioasq_train,bioasq13b_56ebee26107309bc2f000002,0.11666666666666667,"[""5"", ""13"", ""14"", ""15""]",0.75,0.6,0.6666666666666665,"[""5"", ""13"", ""14"", ""15""]","[""5"", ""13"", ""14"", ""15""]",0.075,0.075,0.6666666666666665,0.6666666666666665
bioasq_train,bioasq13b_52f7c91f2059c6d71c00002e,0.17408702408702406,"[""1"", ""2"", ""10"", ""25"", ""28"", ""30"", ""38"", ""40"", ""48"", ""49"", ""50"", ""54""]",0.4166666666666667,0.8333333333333334,0.5555555555555556,"[""1"", ""2"", ""10"", ""25"", ""28"", ""30"", ""38"", ""40"", ""48"", ""49"", ""50"", ""54""]","[""1"", ""2"", ""10"", ""25"", ""28"", ""30"", ""38"", ""40"", ""48"", ""49"", ""50"", ""54""]",0.11217948717948718,0.11217948717948718,0.5555555555555556,0.5555555555555556
bioasq_train,bioasq13b_54d7b457e19bba8909000004,0,"[""1"", ""5"", ""6""]",1,1,1,"[""1"", ""5"", ""6""]","[""1"", ""5"", ""6""]",0,0,1,1
bioasq_train,bioasq13b_54dfce9b1388e8454a00000b,0.23425529807882747,"[""3"", ""4"", ""13"", ""23"", ""24"", ""37"", ""51"", ""58"", ""63""]",0.8888888888888888,0.5,0.64,"[""3"", ""4"", ""13"", ""23"", ""24"", ""37"", ""51"", ""58"", ""63""]","[""3"", ""4"", ""13"", ""23"", ""24"", ""37"", ""51"", ""58"", ""63""]",0.14766488413547235,0.14766488413547235,0.64,0.64
bioasq_train,bioasq13b_553ba7b7f321868558000006,0.022222222222222223,"[""6"", ""8"", ""9"", ""10"", ""12"", ""13"", ""15"", ""16"", ""17"", ""36"", ""37"", ""38"", ""39"", ""40"", ""46"", ""47""]",0.5625,0.5,0.5294117647058824,"[""6"", ""8"", ""9"", ""10"", ""12"", ""13"", ""15"", ""16"", ""17"", ""36"", ""37"", ""38"", ""39"", ""40"", ""46"", ""47""]","[""6"", ""8"", ""9"", ""10"", ""12"", ""13"", ""15"", ""16"", ""17"", ""36"", ""37"", ""38"", ""39"", ""40"", ""46"", ""47""]",0.0125,0.0125,0.5294117647058824,0.5294117647058824
bioasq_train,bioasq13b_532f05a5d6d3ac6a34000025,0.21251031666020945,"[""6"", ""9"", ""12"", ""13"", ""16"", ""17"", ""22"", ""24"", ""38"", ""39"", ""42"", ""46"", ""47"", ""53"", ""56"", ""59"", ""61"", ""65"", ""66"", ""69"", ""70"", ""85"", ""86"", ""88"", ""90"", ""93"", ""96"", ""99"", ""104"", ""106"", ""124"", ""125"", ""126"", ""129"", ""130"", ""131"", ""132"", ""133"", ""134"", ""135""]",0.15,0.75,0.24999999999999997,"[""6"", ""9"", ""12"", ""13"", ""16"", ""17"", ""22"", ""24"", ""38"", ""39"", ""42"", ""46"", ""47"", ""53"", ""56"", ""59"", ""61"", ""65"", ""66"", ""69"", ""70"", ""85"", ""86"", ""88"", ""90"", ""93"", ""96"", ""99"", ""104"", ""106"", ""124"", ""125"", ""126"", ""129"", ""130"", ""131"", ""132"", ""133"", ""134"", ""135""]","[""6"", ""9"", ""12"", ""13"", ""16"", ""17"", ""22"", ""24"", ""38"", ""39"", ""42"", ""46"", ""47"", ""53"", ""56"", ""59"", ""61"", ""65"", ""66"", ""69"", ""70"", ""85"", ""86"", ""88"", ""90"", ""93"", ""96"", ""99"", ""104"", ""106"", ""124"", ""125"", ""126"", ""129"", ""130"", ""133"", ""134""]",0.14049986105548906,0.14855896703032268,0.24999999999999997,0.26666666666666666
bioasq_train,bioasq13b_553c8fd1f32186855800000a,0.35504898883639574,"[""1"", ""2"", ""3"", ""5"", ""7"", ""10"", ""11"", ""28"", ""30"", ""31"", ""32"", ""33"", ""34"", ""37"", ""42"", ""43"", ""46"", ""47"", ""48"", ""52"", ""53"", ""58"", ""59"", ""60"", ""61"", ""63"", ""66"", ""67"", ""70"", ""71"", ""73"", ""75"", ""76"", ""77"", ""78"", ""85"", ""92"", ""95"", ""96"", ""98"", ""101"", ""103"", ""104"", ""105"", ""112"", ""115"", ""116"", ""118"", ""121"", ""123"", ""125"", ""128"", ""130"", ""131"", ""133"", ""135"", ""137"", ""141"", ""142"", ""143"", ""144"", ""147"", ""149"", ""151"", ""153"", ""155"", ""157"", ""158"", ""159"", ""161"", ""164"", ""166"", ""169"", ""170"", ""171"", ""172"", ""173"", ""175"", ""178"", ""180"", ""182"", ""184"", ""186"", ""188"", ""190"", ""192"", ""193"", ""194"", ""195"", ""196"", ""197"", ""198"", ""199"", ""200"", ""202"", ""203"", ""204"", ""205"", ""206"", ""208"", ""210"", ""211"", ""212"", ""213"", ""214"", ""215"", ""216"", ""217"", ""218"", ""219"", ""220"", ""221"", ""222"", ""223"", ""224"", ""225"", ""226"", ""227"", ""228"", ""229"", ""230"", ""231"", ""232"", ""233"", ""234"", ""235"", ""236"", ""237"", ""238"", ""239"", ""240"", ""241"", ""242"", ""243"", ""244"", ""245"", ""246"", ""247"", ""248"", ""249"", ""250"", ""251"", ""252"", ""253"", ""254"", ""255"", ""256"", ""257"", ""258"", ""259"", ""260"", ""261"", ""262"", ""263"", ""264""]",0.096774194,0.5555555555555556,0.16483516483516483,"[""1"", ""2"", ""3"", ""5"", ""7"", ""10"", ""11"", ""28"", ""30"", ""31"", ""32"", ""33"", ""34"", ""37"", ""42"", ""43"", ""46"", ""47"", ""48"", ""52"", ""53"", ""58"", ""59"", ""60"", ""61"", ""63"", ""66"", ""67"", ""70"", ""71"", ""73"", ""75"", ""76"", ""77"", ""78"", ""85"", ""92"", ""95"", ""96"", ""98"", ""101"", ""103"", ""104"", ""105"", ""112"", ""115"", ""116"", ""118"", ""121"", ""123"", ""125"", ""128"", ""130"", ""131"", ""133"", ""135"", ""137"", ""141"", ""142"", ""143"", ""144"", ""147"", ""149"", ""151"", ""153"", ""155"", ""157"", ""158"", ""159"", ""161"", ""164"", ""166"", ""169"", ""170"", ""171"", ""172"", ""173"", ""175"", ""178"", ""180"", ""182"", ""184"", ""186"", ""188"", ""190"", ""192"", ""193"", ""194"", ""195"", ""196"", ""197"", ""198"", ""199"", ""200"", ""202"", ""203"", ""204"", ""205"", ""206"", ""208"", ""210"", ""211"", ""212"", ""213"", ""214"", ""215"", ""216"", ""217"", ""218"", ""219"", ""220"", ""221"", ""222"", ""223"", ""224"", ""225"", ""226"", ""227"", ""228"", ""229"", ""230"", ""231"", ""232"", ""233"", ""234"", ""235"", ""236"", ""237"", ""238"", ""239"", ""240"", ""241"", ""242"", ""243"", ""244"", ""245"", ""246"", ""247"", ""248"", ""249"", ""250"", ""251"", ""252"", ""253"", ""254"", ""255"", ""256"", ""257"", ""258"", ""259"", ""260"", ""261"", ""262"", ""263"", ""264""]","[""1"", ""2"", ""3"", ""5"", ""6"", ""7"", ""10"", ""11"", ""28"", ""30"", ""31"", ""32"", ""33"", ""34"", ""37"", ""42"", ""43"", ""46"", ""47"", ""48"", ""51"", ""52"", ""53"", ""58"", ""59"", ""60"", ""61"", ""63"", ""66"", ""67"", ""68"", ""70"", ""71"", ""73"", ""75"", ""76"", ""77"", ""78"", ""85"", ""92"", ""95"", ""96"", ""98"", ""100"", ""101"", ""103"", ""104"", ""105"", ""106"", ""112"", ""113"", ""115"", ""116"", ""118"", ""121"", ""123"", ""124"", ""125"", ""128"", ""129"", ""130"", ""131"", ""133"", ""135"", ""136"", ""138"", ""141"", ""142"", ""144"", ""147"", ""148"", ""150"", ""151"", ""153"", ""155"", ""156"", ""158"", ""161"", ""164"", ""166"", ""168"", ""169"", ""170"", ""171"", ""172"", ""174"", ""175"", ""178"", ""180"", ""182"", ""184"", ""186"", ""188"", ""190"", ""191"", ""192"", ""193"", ""194"", ""195"", ""196"", ""197"", ""198"", ""199"", ""200"", ""201"", ""202"", ""203"", ""204"", ""205"", ""206"", ""208"", ""209"", ""210"", ""211"", ""212"", ""213"", ""214"", ""215"", ""216"", ""217"", ""218"", ""219"", ""220"", ""221"", ""222"", ""223"", ""224"", ""225"", ""226"", ""227"", ""228"", ""229"", ""230"", ""231"", ""232"", ""233"", ""234"", ""235"", ""236"", ""237"", ""238"", ""239"", ""240"", ""241"", ""242"", ""243"", ""244"", ""245"", ""246"", ""247"", ""248"", ""249"", ""250"", ""251"", ""252"", ""253"", ""254"", ""255"", ""256"", ""257"", ""258"", ""259"", ""260"", ""261"", ""262"", ""263"", ""264"", ""265""]",0.24667556677947095,0.28018058745641256,0.16483516483516483,0.17435897435897438
bioasq_train,bioasq13b_57092f9bcf1c32585100001b,0.019999999999999997,"[""2"", ""13"", ""22"", ""25"", ""28"", ""36"", ""54"", ""55"", ""61""]",0.5555555555555556,0.2777777777777778,0.3703703703703704,"[""2"", ""13"", ""22"", ""25"", ""28"", ""36"", ""54"", ""55"", ""61""]","[""2"", ""13"", ""22"", ""25"", ""28"", ""36"", ""54"", ""55"", ""61""]",0.01,0.01,0.3703703703703704,0.3703703703703704
bioasq_train,bioasq13b_553a761cf321868558000001,0.033333333333333326,"[""17"", ""21"", ""22"", ""23"", ""25""]",0.8,0.26666666666666666,0.4,"[""17"", ""21"", ""22"", ""23"", ""25""]","[""17"", ""21"", ""22"", ""23"", ""25""]",0.016666666666666663,0.016666666666666663,0.4,0.4
bioasq_train,bioasq13b_54edf1ee94afd6150400000f,0,"[""6"", ""8"", ""9""]",0.6666666666666666,0.6666666666666666,0.6666666666666666,"[""6"", ""8"", ""9""]","[""6"", ""8"", ""9""]",0,0,0.6666666666666666,0.6666666666666666
bioasq_train,bioasq13b_571f356f0fd6f91b68000006,0.19887485970819307,"[""1"", ""12"", ""13"", ""17"", ""31"", ""55"", ""56"", ""92"", ""93"", ""101"", ""102""]",0.8181818181818182,0.375,0.5142857142857142,"[""1"", ""12"", ""13"", ""17"", ""31"", ""55"", ""56"", ""92"", ""93"", ""101"", ""102""]","[""1"", ""12"", ""13"", ""17"", ""31"", ""55"", ""56"", ""92"", ""101"", ""102""]",0.14226010101010103,0.13345959595959597,0.5142857142857142,0.47058823529411764
bioasq_train,bioasq13b_56bce51cd36b5da37800000a,0.044444444,"[""1"", ""5"", ""8"", ""9"", ""18"", ""22"", ""23"", ""30"", ""34"", ""36"", ""44""]",0.8181818181818182,0.9,0.8571428571428572,"[""1"", ""5"", ""8"", ""9"", ""18"", ""22"", ""23"", ""30"", ""34"", ""36"", ""44""]","[""1"", ""5"", ""8"", ""9"", ""18"", ""22"", ""23"", ""30"", ""34"", ""36"", ""44""]",0.033333333,0.033333333,0.8571428571428572,0.8571428571428572
bioasq_train,bioasq13b_5324d12b9b2d7acc7e000024,0.11897867564534234,"[""2"", ""7"", ""8"", ""10"", ""11"", ""12"", ""24"", ""25"", ""26"", ""27"", ""28"", ""34"", ""36"", ""40"", ""41"", ""44"", ""50"", ""51""]",0.5,0.5625,0.5294117647058824,"[""2"", ""7"", ""8"", ""10"", ""11"", ""12"", ""24"", ""25"", ""26"", ""27"", ""28"", ""34"", ""36"", ""40"", ""41"", ""44"", ""50"", ""51""]","[""2"", ""7"", ""8"", ""10"", ""11"", ""12"", ""24"", ""25"", ""26"", ""27"", ""28"", ""34"", ""36"", ""40"", ""41"", ""44"", ""50"", ""51""]",0.074141414,0.074141414,0.5294117647058824,0.5294117647058824
bioasq_train,bioasq13b_5319a83bb166e2b80600002c,0.1283338883338883,"[""8"", ""19"", ""25"", ""36"", ""42"", ""57"", ""58"", ""79"", ""82"", ""90""]",0.8,0.36363636363636365,0.5000000000000001,"[""8"", ""19"", ""25"", ""36"", ""42"", ""57"", ""58"", ""79"", ""82"", ""90""]","[""8"", ""19"", ""25"", ""36"", ""42"", ""57"", ""58"", ""79"", ""82"", ""90""]",0.083896104,0.083896104,0.5000000000000001,0.5000000000000001
bioasq_train,bioasq13b_52ed27c098d0239505000030,0.2585624979644963,"[""1"", ""2"", ""3"", ""5"", ""7"", ""9"", ""10"", ""11"", ""13"", ""14"", ""15"", ""16"", ""17"", ""18"", ""19"", ""20"", ""22"", ""23"", ""24"", ""25"", ""26"", ""28"", ""29"", ""30"", ""31"", ""32"", ""34"", ""35"", ""38"", ""41"", ""42"", ""43"", ""44"", ""45"", ""46"", ""47"", ""48"", ""49"", ""50"", ""52"", ""53"", ""54"", ""56"", ""57"", ""58"", ""60"", ""61"", ""63"", ""64"", ""66"", ""67"", ""68"", ""70"", ""72"", ""73"", ""74"", ""75"", ""76"", ""77"", ""78"", ""80"", ""81"", ""82"", ""83"", ""84"", ""85"", ""86"", ""88"", ""92"", ""93"", ""94"", ""96"", ""97"", ""98"", ""99"", ""100"", ""103"", ""104"", ""105"", ""106"", ""107"", ""108"", ""110"", ""111"", ""112"", ""113"", ""114"", ""116"", ""117"", ""118"", ""120"", ""121"", ""122"", ""123"", ""124"", ""125"", ""126"", ""128"", ""130"", ""131"", ""133"", ""134"", ""136"", ""137"", ""138"", ""140"", ""141"", ""142"", ""143"", ""144"", ""145"", ""146"", ""147"", ""148"", ""149"", ""150"", ""151"", ""153"", ""154"", ""155"", ""156"", ""157"", ""158"", ""159"", ""160"", ""161"", ""163"", ""164"", ""165"", ""166"", ""167"", ""168"", ""169"", ""170"", ""171"", ""172"", ""173"", ""174"", ""175"", ""176"", ""177"", ""178"", ""179"", ""180"", ""181"", ""182"", ""183"", ""184"", ""185"", ""186"", ""187"", ""188"", ""189"", ""190"", ""191"", ""192"", ""193"", ""194"", ""195"", ""196"", ""197"", ""198"", ""199"", ""200"", ""201"", ""202"", ""203"", ""204"", ""205"", ""206"", ""207"", ""208"", ""209"", ""210"", ""211"", ""212"", ""213"", ""214"", ""215"", ""216"", ""217"", ""218"", ""219"", ""220"", ""221"", ""222""]",0.091397849,1,0.16748768472906406,"[""1"", ""2"", ""3"", ""5"", ""7"", ""9"", ""10"", ""11"", ""13"", ""14"", ""15"", ""16"", ""17"", ""18"", ""19"", ""20"", ""22"", ""23"", ""24"", ""25"", ""26"", ""28"", ""29"", ""30"", ""31"", ""32"", ""34"", ""35"", ""38"", ""41"", ""42"", ""43"", ""44"", ""45"", ""46"", ""47"", ""48"", ""49"", ""50"", ""52"", ""53"", ""54"", ""56"", ""57"", ""58"", ""60"", ""61"", ""63"", ""64"", ""66"", ""67"", ""68"", ""70"", ""72"", ""73"", ""74"", ""75"", ""76"", ""77"", ""78"", ""80"", ""81"", ""82"", ""83"", ""84"", ""85"", ""86"", ""88"", ""92"", ""93"", ""94"", ""96"", ""97"", ""98"", ""99"", ""100"", ""103"", ""104"", ""105"", ""106"", ""107"", ""108"", ""110"", ""111"", ""112"", ""113"", ""114"", ""116"", ""117"", ""118"", ""120"", ""121"", ""122"", ""123"", ""124"", ""125"", ""126"", ""128"", ""130"", ""131"", ""133"", ""134"", ""136"", ""137"", ""138"", ""140"", ""141"", ""142"", ""143"", ""144"", ""145"", ""146"", ""147"", ""148"", ""149"", ""150"", ""151"", ""153"", ""154"", ""155"", ""156"", ""157"", ""158"", ""159"", ""160"", ""161"", ""163"", ""164"", ""165"", ""166"", ""167"", ""168"", ""169"", ""170"", ""171"", ""172"", ""173"", ""174"", ""175"", ""176"", ""177"", ""178"", ""179"", ""180"", ""181"", ""182"", ""183"", ""184"", ""185"", ""186"", ""187"", ""188"", ""189"", ""190"", ""191"", ""192"", ""193"", ""194"", ""195"", ""196"", ""197"", ""198"", ""199"", ""200"", ""201"", ""202"", ""203"", ""204"", ""205"", ""206"", ""207"", ""208"", ""209"", ""210"", ""211"", ""212"", ""213"", ""214"", ""215"", ""216"", ""217"", ""218"", ""219"", ""220"", ""221"", ""222""]","[""1"", ""5"", ""7"", ""9"", ""10"", ""13"", ""16"", ""17"", ""18"", ""19"", ""20"", ""22"", ""23"", ""24"", ""25"", ""26"", ""28"", ""29"", ""30"", ""31"", ""32"", ""34"", ""35"", ""38"", ""41"", ""42"", ""43"", ""44"", ""45"", ""46"", ""47"", ""48"", ""49"", ""50"", ""52"", ""53"", ""54"", ""56"", ""57"", ""58"", ""60"", ""61"", ""63"", ""64"", ""66"", ""67"", ""68"", ""70"", ""72"", ""73"", ""74"", ""75"", ""76"", ""77"", ""78"", ""80"", ""81"", ""82"", ""83"", ""84"", ""85"", ""86"", ""88"", ""92"", ""93"", ""94"", ""96"", ""97"", ""99"", ""100"", ""103"", ""104"", ""105"", ""106"", ""107"", ""108"", ""110"", ""111"", ""112"", ""113"", ""114"", ""116"", ""117"", ""118"", ""120"", ""121"", ""122"", ""123"", ""124"", ""125"", ""126"", ""128"", ""130"", ""131"", ""133"", ""134"", ""136"", ""137"", ""138"", ""140"", ""141"", ""142"", ""143"", ""144"", ""145"", ""146"", ""147"", ""148"", ""149"", ""150"", ""151"", ""153"", ""154"", ""155"", ""156"", ""157"", ""158"", ""159"", ""160"", ""161"", ""163"", ""164"", ""166"", ""167"", ""168"", ""169"", ""170"", ""171"", ""172"", ""173"", ""174"", ""175"", ""176"", ""177"", ""178"", ""179"", ""180"", ""181"", ""182"", ""183"", ""184"", ""185"", ""186"", ""187"", ""188"", ""189"", ""190"", ""191"", ""192"", ""193"", ""194"", ""195"", ""196"", ""197"", ""198"", ""199"", ""200"", ""201"", ""202"", ""203"", ""204"", ""205"", ""206"", ""207"", ""208"", ""209"", ""210"", ""211"", ""212"", ""213"", ""214"", ""215"", ""216"", ""217"", ""218"", ""219"", ""220"", ""221"", ""222""]",0.18137912513531523,0.18790890389963252,0.16748768472906406,0.17346938775510204
bioasq_train,bioasq13b_551af9106b348bb82c000002,0.4392935097221901,"[""2"", ""3"", ""29"", ""30"", ""31"", ""34"", ""61"", ""62"", ""63"", ""79"", ""113"", ""119"", ""120"", ""121"", ""122"", ""136"", ""144""]",0.5882352941176471,0.47619047619047616,0.5263157894736842,"[""2"", ""3"", ""29"", ""30"", ""31"", ""34"", ""61"", ""62"", ""63"", ""79"", ""113"", ""119"", ""120"", ""121"", ""122"", ""136"", ""144""]","[""2"", ""3"", ""29"", ""30"", ""31"", ""34"", ""61"", ""62"", ""63"", ""79"", ""80"", ""119"", ""120"", ""121"", ""122"", ""134"", ""144""]",0.3487480063795853,0.3611111111111111,0.5263157894736842,0.5263157894736842
bioasq_train,bioasq13b_54edeb4394afd6150400000b,0.16564101312893584,"[""6"", ""11"", ""12"", ""13"", ""14"", ""15"", ""21"", ""22"", ""26"", ""27"", ""28"", ""29"", ""30"", ""31"", ""32"", ""34"", ""35"", ""36"", ""40"", ""41"", ""42"", ""43""]",0.4090909090909091,0.6428571428571429,0.5000000000000001,"[""6"", ""11"", ""12"", ""13"", ""14"", ""15"", ""21"", ""22"", ""26"", ""27"", ""28"", ""29"", ""30"", ""31"", ""32"", ""34"", ""35"", ""36"", ""40"", ""41"", ""42"", ""43""]","[""6"", ""11"", ""12"", ""13"", ""14"", ""15"", ""21"", ""22"", ""26"", ""27"", ""28"", ""29"", ""30"", ""31"", ""32"", ""34"", ""35"", ""36"", ""40"", ""41"", ""42"", ""43""]",0.11568865916692003,0.11568865916692003,0.5000000000000001,0.5000000000000001
bioasq_train,bioasq13b_52f1287d2059c6d71c000008,0.21658884325550992,"[""3"", ""14"", ""18"", ""28"", ""30"", ""31"", ""39"", ""46"", ""50""]",0.7777777777777778,0.4117647058823529,0.5384615384615384,"[""3"", ""14"", ""18"", ""28"", ""30"", ""31"", ""39"", ""46"", ""50""]","[""3"", ""14"", ""18"", ""28"", ""30"", ""31"", ""46"", ""50""]",0.15450660450660453,0.14351204351204352,0.5384615384615384,0.48
bioasq_train,bioasq13b_550889db098a1b487b000005,0.2291372788431612,"[""5"", ""15"", ""21"", ""27"", ""45"", ""49"", ""69"", ""74"", ""81"", ""84"", ""86"", ""91"", ""96"", ""102""]",0.35714285714285715,0.5,0.41666666666666663,"[""5"", ""15"", ""21"", ""27"", ""45"", ""49"", ""69"", ""74"", ""81"", ""84"", ""86"", ""91"", ""96"", ""102""]","[""5"", ""15"", ""21"", ""27"", ""45"", ""49"", ""69"", ""74"", ""81"", ""84"", ""86"", ""91"", ""96"", ""102""]",0.1511671335200747,0.1511671335200747,0.41666666666666663,0.41666666666666663
bioasq_train,bioasq13b_554500065beec11c1000000b,0.02745098,"[""2"", ""3"", ""4"", ""13"", ""15"", ""16"", ""17"", ""19"", ""21"", ""22"", ""24"", ""42"", ""61"", ""67"", ""71"", ""76""]",0.5625,0.45,0.5,"[""2"", ""3"", ""4"", ""13"", ""15"", ""16"", ""17"", ""19"", ""21"", ""22"", ""24"", ""42"", ""61"", ""67"", ""71"", ""76""]","[""2"", ""3"", ""4"", ""13"", ""15"", ""16"", ""17"", ""19"", ""21"", ""22"", ""24"", ""42"", ""61"", ""67"", ""71"", ""76""]",0.017647058823529415,0.017647058823529415,0.5,0.5
bioasq_train,bioasq13b_56d03a4d3975bb303a00000c,0.4916282172338319,"[""1"", ""3"", ""5"", ""14"", ""26"", ""42"", ""45"", ""53"", ""56"", ""84"", ""90"", ""93"", ""128"", ""132"", ""140""]",,,,"[""1"", ""3"", ""5"", ""14"", ""26"", ""42"", ""45"", ""53"", ""56"", ""84"", ""90"", ""93"", ""128"", ""132"", ""140""]","[""1"", ""2"", ""3"", ""5"", ""14"", ""18"", ""26"", ""31"", ""37"", ""42"", ""45"", ""53"", ""56"", ""84"", ""90"", ""93"", ""116"", ""128"", ""132""]",0.39591800356506235,0.40164468923736657,,
bioasq_train,bioasq13b_5539062dbc4f83e828000013,0.088888889,"[""2"", ""3"", ""4"", ""13"", ""18"", ""20"", ""21"", ""22"", ""23"", ""26"", ""29""]",0.5454545454545454,0.5454545454545454,0.5454545454545454,"[""2"", ""3"", ""4"", ""13"", ""18"", ""20"", ""21"", ""22"", ""23"", ""26"", ""29""]","[""2"", ""3"", ""4"", ""13"", ""18"", ""20"", ""21"", ""22"", ""23"", ""26"", ""29""]",0.05,0.05,0.5454545454545454,0.5454545454545454
bioasq_train,bioasq13b_54f616cd5f206a0c0600000c,0.059259259,"[""7"", ""26"", ""27"", ""28"", ""58"", ""62""]",0.5,0.3333333333333333,0.4,"[""7"", ""26"", ""27"", ""28"", ""58"", ""62""]","[""7"", ""26"", ""27"", ""28"", ""58"", ""62""]",0.033333333333333326,0.033333333333333326,0.4,0.4
bioasq_train,bioasq13b_56c5ade15795f9a73e000003,0.3840758910057156,"[""2"", ""20"", ""27"", ""28"", ""56"", ""60"", ""65"", ""70"", ""73"", ""85"", ""93"", ""101"", ""103""]",0.5384615384615384,0.25,0.3414634146341463,"[""2"", ""20"", ""27"", ""28"", ""56"", ""60"", ""65"", ""70"", ""73"", ""85"", ""93"", ""101"", ""103""]","[""2"", ""20"", ""27"", ""28"", ""56"", ""60"", ""65"", ""70"", ""73"", ""85"", ""93"", ""101"", ""103""]",0.256501441,0.256501441,0.3414634146341463,0.3414634146341463
bioasq_train,bioasq13b_56f157a52ac5ed1459000011,0.18849607182940514,"[""17"", ""18"", ""19"", ""22"", ""33"", ""34"", ""35"", ""36"", ""42""]",0.7777777777777778,0.3684210526315789,0.5,"[""17"", ""18"", ""19"", ""22"", ""33"", ""34"", ""35"", ""36"", ""42""]","[""17"", ""18"", ""19"", ""22"", ""33"", ""34"", ""35"", ""36"", ""42""]",0.1301010101010101,0.1301010101010101,0.5,0.5
bioasq_train,bioasq13b_56cafca85795f9a73e000030,0,"[""1"", ""6"", ""8"", ""10""]",1,0.6666666666666666,0.8,"[""1"", ""6"", ""8"", ""10""]","[""1"", ""6"", ""8"", ""10""]",0,0,0.8,0.8
bioasq_train,bioasq13b_532ad531d6d3ac6a34000013,0,"[""14"", ""15"", ""29"", ""45"", ""59"", ""61""]",0.3333333333333333,0.2,0.25,"[""14"", ""15"", ""29"", ""45"", ""59"", ""61""]","[""14"", ""15"", ""29"", ""45"", ""59"", ""61""]",0,0,0.25,0.25
bioasq_train,bioasq13b_57092635cf1c325851000019,0.25108671651291836,"[""1"", ""3"", ""5"", ""7"", ""13"", ""16"", ""19"", ""22"", ""28"", ""32"", ""37"", ""41"", ""53"", ""54"", ""57"", ""62"", ""63"", ""66"", ""71"", ""72"", ""78"", ""80"", ""82"", ""91"", ""96"", ""99"", ""100"", ""102"", ""104"", ""106"", ""108"", ""110"", ""114"", ""116""]",0.4411764705882353,0.625,0.5172413793103449,"[""1"", ""3"", ""5"", ""7"", ""13"", ""16"", ""19"", ""22"", ""28"", ""32"", ""37"", ""41"", ""53"", ""54"", ""57"", ""62"", ""63"", ""66"", ""71"", ""72"", ""78"", ""80"", ""82"", ""91"", ""96"", ""99"", ""100"", ""102"", ""104"", ""106"", ""108"", ""110"", ""114"", ""116""]","[""1"", ""3"", ""5"", ""7"", ""13"", ""16"", ""19"", ""22"", ""28"", ""32"", ""37"", ""41"", ""53"", ""54"", ""62"", ""63"", ""71"", ""72"", ""78"", ""80"", ""82"", ""91"", ""96"", ""99"", ""100"", ""102"", ""104"", ""106"", ""108"", ""110"", ""114"", ""116""]",0.18255066935074277,0.1829478323153459,0.5172413793103449,0.5357142857142857
bioasq_train,bioasq13b_56cd765b5795f9a73e000038,0.2837317149081855,"[""3"", ""7"", ""8"", ""11"", ""12"", ""20"", ""21"", ""22"", ""28"", ""36"", ""37"", ""38"", ""47"", ""61""]",0.6428571428571429,0.6923076923076923,0.6666666666666666,"[""3"", ""7"", ""8"", ""11"", ""12"", ""20"", ""21"", ""22"", ""28"", ""36"", ""37"", ""38"", ""47"", ""61""]","[""3"", ""7"", ""8"", ""11"", ""12"", ""20"", ""21"", ""22"", ""28"", ""36"", ""37"", ""38"", ""47"", ""61""]",0.16817460317460314,0.16817460317460314,0.6666666666666666,0.6666666666666666
bioasq_train,bioasq13b_5509ce9ec2af5d5b70000001,0.13669219887410794,"[""1"", ""2"", ""7"", ""8"", ""9"", ""10"", ""11"", ""12"", ""13"", ""15"", ""17"", ""18"", ""21"", ""22"", ""23"", ""25"", ""26"", ""27"", ""34"", ""45"", ""46"", ""47"", ""48"", ""50"", ""52""]",0.36,0.5625,0.43902439024390244,"[""1"", ""2"", ""7"", ""8"", ""9"", ""10"", ""11"", ""12"", ""13"", ""15"", ""17"", ""18"", ""21"", ""22"", ""23"", ""25"", ""26"", ""27"", ""34"", ""45"", ""46"", ""47"", ""48"", ""50"", ""52""]","[""1"", ""2"", ""7"", ""8"", ""9"", ""11"", ""12"", ""13"", ""15"", ""17"", ""18"", ""21"", ""22"", ""23"", ""25"", ""26"", ""27"", ""34"", ""45"", ""46"", ""47"", ""48"", ""50"", ""52""]",0.091607652,0.09311396,0.43902439024390244,0.45
bioasq_train,bioasq13b_56d12d643975bb303a000014,0.23571428571428574,"[""11"", ""20"", ""22""]",0.6666666666666666,0.2222222222222222,0.3333333333333333,"[""11"", ""20"", ""22""]","[""11"", ""20"", ""22""]",0.1392857142857143,0.1392857142857143,0.3333333333333333,0.3333333333333333
bioasq_train,bioasq13b_5319a73cb166e2b806000026,0.21194003527336863,"[""31"", ""35"", ""37"", ""39"", ""65"", ""71""]",0.3333333333333333,0.15384615384615385,0.21052631578947367,"[""31"", ""35"", ""37"", ""39"", ""65"", ""71""]","[""31"", ""35"", ""37"", ""39"", ""65"", ""71""]",0.11904761904761907,0.11904761904761907,0.21052631578947367,0.21052631578947367
bioasq_train,bioasq13b_54d776453706e89528000018,0.2388888888888889,"[""2"", ""30"", ""31"", ""32"", ""78""]",0.4,0.25,0.3076923076923077,"[""2"", ""30"", ""31"", ""32"", ""78""]","[""2"", ""30"", ""31"", ""32"", ""78""]",0.1571428571428571,0.1571428571428571,0.3076923076923077,0.3076923076923077
bioasq_train,bioasq13b_534289851eccfd0633000001,0.41435293316680233,"[""7"", ""34"", ""35"", ""47"", ""50"", ""77"", ""119"", ""120"", ""122"", ""123"", ""124"", ""125"", ""126"", ""128"", ""133"", ""151"", ""153"", ""154"", ""157"", ""160"", ""211"", ""212"", ""215"", ""221"", ""225"", ""226"", ""228"", ""231"", ""232"", ""234"", ""240"", ""241"", ""242"", ""246"", ""251"", ""254"", ""256"", ""257"", ""261"", ""262"", ""263"", ""264"", ""266"", ""271"", ""272"", ""273"", ""276"", ""278"", ""281"", ""282"", ""284"", ""286"", ""287"", ""291"", ""292"", ""293"", ""294"", ""295"", ""296"", ""297"", ""298"", ""299"", ""300"", ""301"", ""302"", ""303"", ""304"", ""305"", ""306"", ""310"", ""311"", ""312"", ""314"", ""315"", ""316"", ""318"", ""321"", ""322"", ""323"", ""324"", ""325"", ""326"", ""327"", ""328"", ""329""]",0.094117647,0.32,0.14545454545454545,"[""7"", ""34"", ""35"", ""47"", ""50"", ""77"", ""119"", ""120"", ""122"", ""123"", ""124"", ""125"", ""126"", ""128"", ""133"", ""151"", ""153"", ""154"", ""157"", ""160"", ""211"", ""212"", ""215"", ""221"", ""225"", ""226"", ""228"", ""231"", ""232"", ""234"", ""240"", ""241"", ""242"", ""246"", ""251"", ""254"", ""256"", ""257"", ""261"", ""262"", ""263"", ""264"", ""266"", ""271"", ""272"", ""273"", ""276"", ""278"", ""281"", ""282"", ""284"", ""286"", ""287"", ""291"", ""292"", ""293"", ""294"", ""295"", ""296"", ""297"", ""298"", ""299"", ""300"", ""301"", ""302"", ""303"", ""304"", ""305"", ""306"", ""310"", ""311"", ""312"", ""314"", ""315"", ""316"", ""318"", ""321"", ""322"", ""323"", ""324"", ""325"", ""326"", ""327"", ""328"", ""329""]","[""7"", ""34"", ""35"", ""47"", ""50"", ""77"", ""119"", ""120"", ""122"", ""123"", ""124"", ""125"", ""126"", ""133"", ""151"", ""153"", ""154"", ""157"", ""160"", ""211"", ""212"", ""215"", ""221"", ""225"", ""226"", ""228"", ""231"", ""232"", ""234"", ""240"", ""241"", ""244"", ""246"", ""251"", ""252"", ""254"", ""256"", ""257"", ""261"", ""262"", ""264"", ""266"", ""267"", ""271"", ""272"", ""273"", ""276"", ""278"", ""279"", ""281"", ""282"", ""284"", ""286"", ""287"", ""291"", ""292"", ""293"", ""294"", ""295"", ""296"", ""298"", ""299"", ""300"", ""301"", ""302"", ""303"", ""304"", ""305"", ""306"", ""310"", ""311"", ""312"", ""314"", ""315"", ""316"", ""318"", ""321"", ""322"", ""323"", ""324"", ""325"", ""326"", ""327"", ""328"", ""329""]",0.2770008932855367,0.2998832704688712,0.14545454545454545,0.14545454545454545
bioasq_train,bioasq13b_52f124a12059c6d71c000006,0.37866739288307916,"[""2"", ""3"", ""8"", ""13"", ""14"", ""15"", ""16"", ""17"", ""18"", ""20"", ""24"", ""25"", ""27"", ""28"", ""31""]",0.3333333333333333,0.8333333333333334,0.47619047619047616,"[""2"", ""3"", ""8"", ""13"", ""14"", ""15"", ""16"", ""17"", ""18"", ""20"", ""24"", ""25"", ""27"", ""28"", ""31""]","[""2"", ""3"", ""13"", ""24"", ""25"", ""31""]",0.3631127450980392,0.3252450980392157,0.47619047619047616,0.6666666666666666
bioasq_train,bioasq13b_587f57f692a5b8ad44000002,0,"[""1"", ""5"", ""6"", ""9"", ""13"", ""17""]",0.8333333333333334,0.8333333333333334,0.8333333333333334,"[""1"", ""5"", ""6"", ""9"", ""13"", ""17""]","[""1"", ""5"", ""6"", ""9"", ""13"", ""17""]",0,0,0.8333333333333334,0.8333333333333334
bioasq_train,bioasq13b_5881f0f1713cbdfd3d000004,0.039999999999999994,"[""1"", ""2"", ""4"", ""5""]",0.5,1,0.6666666666666666,"[""1"", ""2"", ""4"", ""5""]","[""1"", ""2"", ""4"", ""5""]",0.019999999999999997,0.019999999999999997,0.6666666666666666,0.6666666666666666
bioasq_train,bioasq13b_58a5d7ef60087bc10a000026,0.1708024691358025,"[""2"", ""24"", ""40"", ""48"", ""57"", ""75"", ""81"", ""82""]",0.75,0.8571428571428571,0.7999999999999999,"[""2"", ""24"", ""40"", ""48"", ""57"", ""75"", ""81"", ""82""]","[""2"", ""24"", ""40"", ""48"", ""57"", ""75"", ""81"", ""82""]",0.10222222222222221,0.10222222222222221,0.7999999999999999,0.7999999999999999
bioasq_train,bioasq13b_58a874c338c171fb5b000003,0,"[""4"", ""15""]",1,0.6666666666666666,0.8,"[""4"", ""15""]","[""4"", ""15""]",0,0,0.8,0.8
bioasq_train,bioasq13b_58a3160d60087bc10a00000a,0.13831569664902998,"[""1"", ""2"", ""7"", ""40"", ""44"", ""50"", ""55"", ""60"", ""96"", ""100"", ""110"", ""121"", ""136"", ""148""]",,,,"[""1"", ""2"", ""7"", ""40"", ""44"", ""50"", ""55"", ""60"", ""96"", ""100"", ""110"", ""121"", ""136"", ""148""]","[""1"", ""2"", ""7"", ""40"", ""44"", ""50"", ""55"", ""60"", ""96"", ""100"", ""110"", ""121"", ""136"", ""148""]",0.08,0.08,,
bioasq_train,bioasq13b_58837dd72305cd7e21000003,0,"[""1"", ""6"", ""7"", ""9"", ""11""]",1,0.7142857142857143,0.8333333333333333,"[""1"", ""6"", ""7"", ""9"", ""11""]","[""1"", ""6"", ""7"", ""9"", ""11""]",0,0,0.8333333333333333,0.8333333333333333
bioasq_train,bioasq13b_58962dac78275d0c4a000005,0.4519056912673635,"[""1"", ""2"", ""3"", ""5"", ""9"", ""10"", ""18"", ""20"", ""58"", ""78"", ""81"", ""113"", ""175"", ""178"", ""180"", ""310"", ""311"", ""337"", ""339"", ""340""]",0.3,0.2727272727272727,0.28571428571428564,"[""1"", ""2"", ""3"", ""5"", ""9"", ""10"", ""18"", ""20"", ""58"", ""78"", ""81"", ""113"", ""175"", ""178"", ""180"", ""310"", ""311"", ""337"", ""339"", ""340""]","[""1"", ""2"", ""3"", ""5"", ""9"", ""10"", ""18"", ""20"", ""58"", ""78"", ""81"", ""175"", ""178"", ""180"", ""310"", ""311"", ""337"", ""338"", ""339"", ""340""]",0.329341642,0.3264162235191096,0.28571428571428564,0.28571428571428564
bioasq_train,bioasq13b_58a3261e60087bc10a00000c,0.1797659218120121,"[""12"", ""13"", ""25"", ""26"", ""28"", ""30"", ""31"", ""32"", ""34"", ""35"", ""36"", ""38"", ""41"", ""44"", ""45"", ""47"", ""52"", ""56"", ""57"", ""63"", ""66"", ""70"", ""74"", ""78"", ""82"", ""84"", ""96"", ""103"", ""116"", ""118"", ""120"", ""123"", ""124"", ""126"", ""130"", ""132"", ""136"", ""149""]",0.21052631578947367,0.5,0.2962962962962963,"[""12"", ""13"", ""25"", ""26"", ""28"", ""30"", ""31"", ""32"", ""34"", ""35"", ""36"", ""38"", ""41"", ""44"", ""45"", ""47"", ""52"", ""56"", ""57"", ""63"", ""66"", ""70"", ""74"", ""78"", ""82"", ""84"", ""96"", ""103"", ""116"", ""118"", ""120"", ""123"", ""124"", ""126"", ""130"", ""132"", ""136"", ""149""]","[""12"", ""13"", ""25"", ""26"", ""28"", ""30"", ""31"", ""32"", ""34"", ""35"", ""36"", ""38"", ""41"", ""44"", ""45"", ""47"", ""52"", ""56"", ""57"", ""63"", ""66"", ""70"", ""74"", ""78"", ""82"", ""84"", ""96"", ""103"", ""116"", ""118"", ""120"", ""123"", ""124"", ""126"", ""130"", ""132"", ""136"", ""149""]",0.12246296717085145,0.12246296717085145,0.2962962962962963,0.2962962962962963
bioasq_train,bioasq13b_5889f0ed3b87a8a73800000c,0.044444444444444446,"[""4"", ""5"", ""6"", ""7"", ""8"", ""10"", ""22""]",0.7142857142857143,0.625,0.6666666666666666,"[""4"", ""5"", ""6"", ""7"", ""8"", ""10"", ""22""]","[""4"", ""5"", ""6"", ""7"", ""8"", ""10"", ""22""]",0.022222222,0.022222222,0.6666666666666666,0.6666666666666666
bioasq_train,bioasq13b_5880acbb0a76a87357000003,0.15238095238095237,"[""1"", ""3"", ""4"", ""5"", ""7"", ""8"", ""11""]",0.2857142857142857,0.6666666666666666,0.4,"[""1"", ""3"", ""4"", ""5"", ""7"", ""8"", ""11""]","[""1"", ""3"", ""4"", ""5"", ""7"", ""8"", ""11""]",0.11428571428571428,0.11428571428571428,0.4,0.4
bioasq_train,bioasq13b_58a989571978bbde22000002,0.21390898956116347,"[""6"", ""12"", ""19"", ""26"", ""27"", ""34"", ""35"", ""49"", ""50"", ""60"", ""72"", ""75"", ""82"", ""83"", ""101"", ""102"", ""106"", ""131"", ""133"", ""134"", ""135""]",0.47619047619047616,0.7142857142857143,0.5714285714285714,"[""6"", ""12"", ""19"", ""26"", ""27"", ""34"", ""35"", ""49"", ""50"", ""60"", ""72"", ""75"", ""82"", ""83"", ""101"", ""102"", ""106"", ""131"", ""133"", ""134"", ""135""]","[""6"", ""12"", ""19"", ""26"", ""27"", ""34"", ""35"", ""49"", ""50"", ""60"", ""72"", ""75"", ""82"", ""83"", ""101"", ""102"", ""106"", ""131"", ""133"", ""134"", ""135""]",0.14716083916083914,0.14716083916083914,0.5714285714285714,0.5714285714285714
bioasq_train,bioasq13b_589afa6978275d0c4a000039,0.4580733800930085,"[""5"", ""12"", ""13"", ""26"", ""41"", ""49"", ""53"", ""62"", ""76"", ""82"", ""87"", ""93"", ""95"", ""107"", ""114"", ""117"", ""138"", ""141"", ""143"", ""151"", ""157"", ""172"", ""174"", ""177"", ""185"", ""187"", ""191"", ""193"", ""195"", ""197"", ""201"", ""203"", ""217"", ""223"", ""224"", ""226"", ""228"", ""229""]",0.2631578947368421,0.29411764705882354,0.27777777777777773,"[""5"", ""12"", ""13"", ""26"", ""41"", ""49"", ""53"", ""62"", ""76"", ""82"", ""87"", ""93"", ""95"", ""107"", ""114"", ""117"", ""138"", ""141"", ""143"", ""151"", ""157"", ""172"", ""174"", ""177"", ""185"", ""187"", ""191"", ""193"", ""195"", ""197"", ""201"", ""203"", ""217"", ""223"", ""224"", ""226"", ""228"", ""229""]","[""5"", ""12"", ""13"", ""26"", ""41"", ""49"", ""53"", ""62"", ""76"", ""82"", ""87"", ""93"", ""95"", ""107"", ""114"", ""117"", ""138"", ""141"", ""143"", ""151"", ""155"", ""157"", ""172"", ""174"", ""177"", ""187"", ""191"", ""193"", ""195"", ""197"", ""224"", ""226"", ""228"", ""229""]",0.3378117641405915,0.34507881708153854,0.27777777777777773,0.2647058823529412
bioasq_train,bioasq13b_58a5d54860087bc10a000025,0.1791737513718938,"[""2"", ""20"", ""26"", ""33"", ""55"", ""64"", ""65"", ""79"", ""85"", ""97"", ""117"", ""131"", ""138"", ""146"", ""176"", ""178"", ""185""]",0.5294117647058824,0.42857142857142855,0.4736842105263158,"[""2"", ""20"", ""26"", ""33"", ""55"", ""64"", ""65"", ""79"", ""85"", ""97"", ""117"", ""131"", ""138"", ""146"", ""176"", ""178"", ""185""]","[""2"", ""20"", ""26"", ""33"", ""55"", ""64"", ""65"", ""79"", ""85"", ""97"", ""117"", ""131"", ""138"", ""146"", ""176"", ""178"", ""185""]",0.1132069478509107,0.1132069478509107,0.4736842105263158,0.4736842105263158
bioasq_train,bioasq13b_5895fc7e78275d0c4a000003,0.24804253034189558,"[""1"", ""3"", ""6"", ""9"", ""10"", ""11"", ""12"", ""13"", ""14"", ""15"", ""16"", ""17"", ""18"", ""19"", ""23"", ""24"", ""26"", ""33"", ""34"", ""37"", ""38"", ""43"", ""44"", ""45"", ""46"", ""48"", ""55"", ""58"", ""62"", ""67"", ""69"", ""70"", ""71"", ""72"", ""73"", ""74"", ""75"", ""76"", ""77"", ""78"", ""81"", ""82"", ""93"", ""97"", ""98"", ""102"", ""103"", ""104"", ""106""]",0.20408163265306123,1,0.3389830508474576,"[""1"", ""3"", ""6"", ""9"", ""10"", ""11"", ""12"", ""13"", ""14"", ""15"", ""16"", ""17"", ""18"", ""19"", ""23"", ""24"", ""26"", ""33"", ""34"", ""37"", ""38"", ""43"", ""44"", ""45"", ""46"", ""48"", ""55"", ""58"", ""62"", ""67"", ""69"", ""70"", ""71"", ""72"", ""73"", ""74"", ""75"", ""76"", ""77"", ""78"", ""81"", ""82"", ""93"", ""97"", ""98"", ""102"", ""103"", ""104"", ""106""]","[""1"", ""3"", ""6"", ""9"", ""10"", ""11"", ""12"", ""13"", ""14"", ""15"", ""16"", ""17"", ""18"", ""19"", ""20"", ""23"", ""24"", ""26"", ""33"", ""34"", ""37"", ""38"", ""43"", ""44"", ""45"", ""46"", ""48"", ""55"", ""58"", ""62"", ""67"", ""69"", ""71"", ""72"", ""73"", ""74"", ""75"", ""78"", ""81"", ""82"", ""93"", ""97"", ""98"", ""102"", ""103"", ""104"", ""106""]",0.16917372205334097,0.18345384413779445,0.3389830508474576,0.3508771929824561
bioasq_train,bioasq13b_587e42032420191125000004,0,"[""1"", ""3"", ""6""]",1,0.42857142857142855,0.6,"[""1"", ""3"", ""6""]","[""1"", ""3"", ""6""]",0,0,0.6,0.6
bioasq_train,bioasq13b_58a5723c60087bc10a00001e,0.27089838654750276,"[""22"", ""23"", ""24"", ""25"", ""26"", ""27"", ""28"", ""29"", ""30"", ""37"", ""38"", ""39"", ""40"", ""57"", ""60"", ""61"", ""62"", ""63"", ""66"", ""76"", ""78"", ""79"", ""82"", ""85"", ""86"", ""88"", ""89"", ""90"", ""91"", ""93"", ""95""]",0.064516129,0.4,0.1111111111111111,"[""22"", ""23"", ""24"", ""25"", ""26"", ""27"", ""28"", ""29"", ""30"", ""37"", ""38"", ""39"", ""40"", ""57"", ""60"", ""61"", ""62"", ""63"", ""66"", ""76"", ""78"", ""79"", ""82"", ""85"", ""86"", ""88"", ""89"", ""90"", ""91"", ""93"", ""95""]","[""22"", ""23"", ""24"", ""25"", ""27"", ""28"", ""29"", ""30"", ""37"", ""39"", ""40"", ""57"", ""60"", ""61"", ""62"", ""63"", ""76"", ""78"", ""79"", ""82"", ""85"", ""86"", ""88"", ""89"", ""90"", ""91"", ""93"", ""95""]",0.1837589698171917,0.1865459343839561,0.1111111111111111,0.12121212121212122
bioasq_train,bioasq13b_58a3264e60087bc10a00000d,0.4438718109071303,"[""21"", ""22"", ""23"", ""25"", ""33"", ""35"", ""36"", ""51"", ""58"", ""90"", ""110"", ""113"", ""117"", ""128"", ""137"", ""147"", ""155"", ""156"", ""164"", ""176"", ""200""]",0.42857142857142855,0.2727272727272727,0.33333333333333326,"[""21"", ""22"", ""23"", ""25"", ""33"", ""35"", ""36"", ""51"", ""58"", ""90"", ""110"", ""113"", ""117"", ""128"", ""137"", ""147"", ""155"", ""156"", ""164"", ""176"", ""200""]","[""21"", ""22"", ""23"", ""25"", ""33"", ""35"", ""36"", ""51"", ""58"", ""61"", ""90"", ""110"", ""113"", ""117"", ""128"", ""137"", ""147"", ""156"", ""164"", ""176"", ""200""]",0.3158339285586188,0.3124596443037223,0.33333333333333326,0.33333333333333326
bioasq_train,bioasq13b_58a0f95c78275d0c4a000055,0.18290123456790125,"[""2"", ""13"", ""32"", ""33"", ""34"", ""35"", ""36"", ""61"", ""62""]",0.4444444444444444,0.4444444444444444,0.4444444444444444,"[""2"", ""13"", ""32"", ""33"", ""34"", ""35"", ""36"", ""61"", ""62""]","[""2"", ""13"", ""32"", ""33"", ""34"", ""35"", ""36"", ""61"", ""62""]",0.1188888888888889,0.1188888888888889,0.4444444444444444,0.4444444444444444
bioasq_train,bioasq13b_5883868b2305cd7e21000005,0,"[""1"", ""6""]",1,0.4,0.5714285714285715,"[""1"", ""6""]","[""1"", ""6""]",0,0,0.5714285714285715,0.5714285714285715
bioasq_train,bioasq13b_58a3423e60087bc10a000019,0.23985088985088987,"[""13"", ""22"", ""29"", ""33"", ""56"", ""68"", ""79"", ""84"", ""92"", ""96"", ""110""]",0.9090909090909091,0.7142857142857143,0.8,"[""13"", ""22"", ""29"", ""33"", ""56"", ""68"", ""79"", ""84"", ""92"", ""96"", ""110""]","[""13"", ""22"", ""29"", ""33"", ""56"", ""68"", ""79"", ""84"", ""92"", ""96"", ""110""]",0.17255244755244756,0.17255244755244756,0.8,0.8
bioasq_train,bioasq13b_5895b9ae7d9090f35300000a,0,"[""5"", ""6"", ""7"", ""8"", ""12"", ""13"", ""14""]",0.8571428571428571,1,0.923076923,"[""5"", ""6"", ""7"", ""8"", ""12"", ""13"", ""14""]","[""5"", ""6"", ""7"", ""8"", ""12"", ""13"", ""14""]",0,0,0.923076923,0.923076923
bioasq_train,bioasq13b_589c8ef878275d0c4a000042,0.5331001770970208,"[""2"", ""15"", ""16"", ""17"", ""24"", ""25"", ""40"", ""41"", ""44"", ""58"", ""72"", ""73"", ""74"", ""75"", ""141"", ""144"", ""145"", ""151"", ""172"", ""173"", ""174"", ""184"", ""185"", ""194""]",0.2916666666666667,0.4117647058823529,0.34146341463414637,"[""2"", ""15"", ""16"", ""17"", ""24"", ""25"", ""40"", ""41"", ""44"", ""58"", ""72"", ""73"", ""74"", ""75"", ""141"", ""144"", ""145"", ""151"", ""172"", ""173"", ""174"", ""184"", ""185"", ""194""]","[""2"", ""15"", ""16"", ""17"", ""24"", ""25"", ""40"", ""41"", ""44"", ""58"", ""72"", ""73"", ""74"", ""75"", ""141"", ""144"", ""145"", ""153"", ""172"", ""173"", ""174"", ""194""]",0.3914109748693927,0.4096623813113638,0.34146341463414637,0.358974359
bioasq_train,bioasq13b_58a9d3cd396a458e50000004,0.11313131313131311,"[""2"", ""3"", ""26"", ""32"", ""34"", ""41"", ""42"", ""57"", ""58"", ""67"", ""70""]",0.5454545454545454,0.6666666666666666,0.6,"[""2"", ""3"", ""26"", ""32"", ""34"", ""41"", ""42"", ""57"", ""58"", ""67"", ""70""]","[""2"", ""3"", ""26"", ""32"", ""34"", ""41"", ""42"", ""57"", ""58"", ""67"", ""70""]",0.081818182,0.081818182,0.6,0.6
bioasq_train,bioasq13b_587d3873ae41fa4569000002,0.12938271604938273,"[""1"", ""5"", ""11"", ""16"", ""22"", ""23"", ""40"", ""57""]",,,,"[""1"", ""5"", ""11"", ""16"", ""22"", ""23"", ""40"", ""57""]","[""1"", ""5"", ""11"", ""16"", ""22"", ""23"", ""40"", ""57""]",0.079722222,0.079722222,,
bioasq_train,bioasq13b_587f857b8ce3255b64000001,0.1807936507936508,"[""5"", ""7"", ""9"", ""11"", ""14"", ""24"", ""25"", ""49"", ""57"", ""61"", ""64"", ""73"", ""85"", ""86"", ""97""]",,,,"[""5"", ""7"", ""9"", ""11"", ""14"", ""24"", ""25"", ""49"", ""57"", ""61"", ""64"", ""73"", ""85"", ""86"", ""97""]","[""5"", ""7"", ""9"", ""11"", ""14"", ""24"", ""25"", ""49"", ""57"", ""61"", ""64"", ""73"", ""85"", ""86"", ""97""]",0.11916666666666667,0.11916666666666667,,
bioasq_train,bioasq13b_58a8a51b7f77222767000001,0,"[""3"", ""16"", ""18"", ""19""]",0.5,0.6666666666666666,0.5714285714285715,"[""3"", ""16"", ""18"", ""19""]","[""3"", ""16"", ""18"", ""19""]",0,0,0.5714285714285715,0.5714285714285715
bioasq_train,bioasq13b_58a9cd03396a458e50000003,0,"[""5"", ""11"", ""21"", ""37"", ""43""]",1,0.5555555555555556,0.7142857142857143,"[""5"", ""11"", ""21"", ""37"", ""43""]","[""5"", ""11"", ""21"", ""37"", ""43""]",0,0,0.7142857142857143,0.7142857142857143
bioasq_train,bioasq13b_587e2a0cc32c812009000001,0,"[""1"", ""2"", ""3"", ""5""]",0.75,0.75,0.75,"[""1"", ""2"", ""3"", ""5""]","[""1"", ""2"", ""3"", ""5""]",0,0,0.75,0.75
bioasq_train,bioasq13b_58a3275960087bc10a00000f,0.4068348317276504,"[""1"", ""2"", ""3"", ""4"", ""6"", ""7"", ""8"", ""9"", ""10"", ""12"", ""15"", ""19"", ""20"", ""22"", ""36"", ""39"", ""45"", ""48"", ""50"", ""51"", ""62"", ""66"", ""68"", ""69"", ""71"", ""72"", ""78"", ""82"", ""86"", ""87"", ""88"", ""91"", ""96"", ""99"", ""100"", ""101"", ""102"", ""106"", ""108"", ""109"", ""112"", ""117"", ""123"", ""126"", ""128"", ""130"", ""132"", ""135"", ""137"", ""138"", ""141"", ""142"", ""146"", ""148"", ""152"", ""153"", ""156"", ""158"", ""160"", ""161"", ""163"", ""166"", ""170"", ""171"", ""175"", ""178"", ""180"", ""182"", ""184"", ""185"", ""188"", ""190"", ""191"", ""193"", ""194"", ""195"", ""197"", ""198"", ""202"", ""203"", ""206"", ""207"", ""209"", ""211"", ""213"", ""215"", ""217"", ""218"", ""220"", ""221"", ""222"", ""225"", ""226"", ""228"", ""229"", ""230"", ""231"", ""232"", ""234"", ""235"", ""236"", ""238"", ""240"", ""242"", ""244"", ""246"", ""248"", ""250"", ""252"", ""254"", ""256"", ""258"", ""260"", ""262"", ""264"", ""266"", ""270"", ""272"", ""275"", ""276"", ""278"", ""280"", ""282"", ""284"", ""285"", ""286"", ""287"", ""288"", ""290"", ""292"", ""294"", ""296"", ""298"", ""300"", ""301"", ""302"", ""303"", ""304"", ""305"", ""306"", ""307"", ""308""]",0.20422535211267606,0.7073170731707317,0.31693989071038253,"[""1"", ""2"", ""3"", ""4"", ""6"", ""7"", ""8"", ""9"", ""10"", ""12"", ""15"", ""19"", ""20"", ""22"", ""36"", ""39"", ""45"", ""48"", ""50"", ""51"", ""62"", ""66"", ""68"", ""69"", ""71"", ""72"", ""78"", ""82"", ""86"", ""87"", ""88"", ""91"", ""96"", ""99"", ""100"", ""101"", ""102"", ""106"", ""108"", ""109"", ""112"", ""117"", ""123"", ""126"", ""128"", ""130"", ""132"", ""135"", ""137"", ""138"", ""141"", ""142"", ""146"", ""148"", ""152"", ""153"", ""156"", ""158"", ""160"", ""161"", ""163"", ""166"", ""170"", ""171"", ""175"", ""178"", ""180"", ""182"", ""184"", ""185"", ""188"", ""190"", ""191"", ""193"", ""194"", ""195"", ""197"", ""198"", ""202"", ""203"", ""206"", ""207"", ""209"", ""211"", ""213"", ""215"", ""217"", ""218"", ""220"", ""221"", ""222"", ""225"", ""226"", ""228"", ""229"", ""230"", ""231"", ""232"", ""234"", ""235"", ""236"", ""238"", ""240"", ""242"", ""244"", ""246"", ""248"", ""250"", ""252"", ""254"", ""256"", ""258"", ""260"", ""262"", ""264"", ""266"", ""270"", ""272"", ""275"", ""276"", ""278"", ""280"", ""282"", ""284"", ""285"", ""286"", ""287"", ""288"", ""290"", ""292"", ""294"", ""296"", ""298"", ""300"", ""301"", ""302"", ""303"", ""304"", ""305"", ""306"", ""307"", ""308""]","[""1"", ""2"", ""3"", ""4"", ""6"", ""7"", ""8"", ""9"", ""10"", ""12"", ""19"", ""20"", ""45"", ""48"", ""50"", ""51"", ""62"", ""66"", ""68"", ""69"", ""71"", ""72"", ""78"", ""82"", ""83"", ""86"", ""87"", ""88"", ""91"", ""93"", ""96"", ""99"", ""100"", ""101"", ""102"", ""106"", ""108"", ""109"", ""112"", ""115"", ""117"", ""123"", ""125"", ""128"", ""130"", ""132"", ""135"", ""137"", ""141"", ""142"", ""146"", ""152"", ""153"", ""156"", ""158"", ""161"", ""163"", ""166"", ""170"", ""172"", ""175"", ""178"", ""180"", ""182"", ""184"", ""185"", ""188"", ""190"", ""191"", ""193"", ""195"", ""198"", ""202"", ""203"", ""206"", ""207"", ""209"", ""211"", ""212"", ""214"", ""216"", ""218"", ""220"", ""222"", ""225"", ""227"", ""228"", ""230"", ""232"", ""234"", ""236"", ""238"", ""240"", ""242"", ""244"", ""246"", ""248"", ""250"", ""252"", ""254"", ""256"", ""258"", ""260"", ""262"", ""264"", ""266"", ""270"", ""272"", ""275"", ""276"", ""278"", ""280"", ""282"", ""284"", ""286"", ""288"", ""290"", ""292"", ""294"", ""296"", ""298"", ""300"", ""301"", ""302"", ""303"", ""304"", ""305"", ""306"", ""307"", ""308""]",0.2884500375260318,0.32843939939998956,0.31693989071038253,0.31578947368421056
bioasq_train,bioasq13b_589ae59c78275d0c4a000036,0.6657882611053807,"[""18"", ""31"", ""93"", ""121"", ""123"", ""124"", ""220"", ""226"", ""233"", ""234"", ""235"", ""240"", ""241"", ""242"", ""243"", ""244"", ""250"", ""255"", ""271"", ""272"", ""273"", ""274"", ""277"", ""278"", ""282"", ""284"", ""290"", ""291"", ""295"", ""302"", ""313"", ""314"", ""320"", ""324"", ""325"", ""334"", ""335"", ""338"", ""340"", ""344"", ""346"", ""347"", ""358"", ""364"", ""366"", ""371"", ""375"", ""378"", ""386"", ""390"", ""393"", ""394"", ""395"", ""404"", ""405""]",,,,"[""18"", ""31"", ""93"", ""121"", ""123"", ""124"", ""220"", ""226"", ""233"", ""234"", ""235"", ""240"", ""241"", ""242"", ""243"", ""244"", ""250"", ""255"", ""271"", ""272"", ""273"", ""274"", ""277"", ""278"", ""282"", ""284"", ""290"", ""291"", ""295"", ""302"", ""313"", ""314"", ""320"", ""324"", ""325"", ""334"", ""335"", ""338"", ""340"", ""344"", ""346"", ""347"", ""358"", ""364"", ""366"", ""371"", ""375"", ""378"", ""386"", ""390"", ""393"", ""394"", ""395"", ""404"", ""405""]","[""18"", ""31"", ""93"", ""121"", ""123"", ""124"", ""131"", ""133"", ""220"", ""226"", ""233"", ""234"", ""235"", ""238"", ""240"", ""241"", ""242"", ""243"", ""244"", ""250"", ""255"", ""271"", ""272"", ""273"", ""274"", ""277"", ""278"", ""282"", ""284"", ""290"", ""291"", ""295"", ""299"", ""302"", ""313"", ""314"", ""320"", ""324"", ""334"", ""335"", ""338"", ""344"", ""345"", ""347"", ""348"", ""356"", ""357"", ""358"", ""366"", ""371"", ""375"", ""378"", ""386"", ""390"", ""393"", ""395"", ""404"", ""405""]",0.49544062196098154,0.5300838217240098,,
bioasq_train,bioasq13b_58a2ccec60087bc10a000003,0.4948316498316498,"[""2"", ""19"", ""56"", ""65"", ""112"", ""132"", ""137"", ""221""]",0,0,0,"[""2"", ""19"", ""56"", ""65"", ""112"", ""132"", ""137"", ""221""]","[""2"", ""19"", ""56"", ""65"", ""112"", ""132"", ""137"", ""146"", ""221""]",0.3606565656565657,0.38722222222222225,0,0
bioasq_train,bioasq13b_588533cee56acf5176000014,0,"[""1"", ""7"", ""8""]",1,0.75,0.8571428571428571,"[""1"", ""7"", ""8""]","[""1"", ""7"", ""8""]",0,0,0.8571428571428571,0.8571428571428571
bioasq_train,bioasq13b_589a246578275d0c4a00002e,0.24578796645092635,"[""2"", ""3"", ""5"", ""20"", ""21"", ""22"", ""25"", ""26"", ""27"", ""28"", ""29"", ""30"", ""31"", ""33"", ""34"", ""36"", ""52"", ""53"", ""57"", ""58"", ""61"", ""62"", ""75"", ""76"", ""80"", ""85"", ""100"", ""102"", ""106""]",,,,"[""2"", ""3"", ""5"", ""20"", ""21"", ""22"", ""25"", ""26"", ""27"", ""28"", ""29"", ""30"", ""31"", ""33"", ""34"", ""36"", ""52"", ""53"", ""57"", ""58"", ""61"", ""62"", ""75"", ""76"", ""80"", ""85"", ""100"", ""102"", ""106""]","[""2"", ""3"", ""5"", ""20"", ""21"", ""22"", ""25"", ""26"", ""27"", ""28"", ""29"", ""30"", ""31"", ""33"", ""34"", ""36"", ""52"", ""53"", ""57"", ""58"", ""61"", ""62"", ""75"", ""76"", ""80"", ""85"", ""102"", ""106""]",0.19214686893566202,0.19867388516737466,,
bioasq_train,bioasq13b_58b6a42522d300530900000b,0.018181818181818188,"[""3"", ""12"", ""16"", ""25"", ""27"", ""67"", ""76"", ""136"", ""172"", ""185"", ""186""]",0.45454545454545453,0.25,0.3225806451612903,"[""3"", ""12"", ""16"", ""25"", ""27"", ""67"", ""76"", ""136"", ""172"", ""185"", ""186""]","[""3"", ""12"", ""16"", ""25"", ""27"", ""67"", ""76"", ""136"", ""172"", ""185"", ""186""]",0.009090909,0.009090909,0.3225806451612903,0.3225806451612903
bioasq_train,bioasq13b_58a87bd338c171fb5b000005,0,"[""22"", ""27""]",1,0.5,0.6666666666666666,"[""22"", ""27""]","[""22"", ""27""]",0,0,0.6666666666666666,0.6666666666666666
bioasq_train,bioasq13b_5895db407d9090f35300000e,0.22999044276135017,"[""2"", ""6"", ""33"", ""36"", ""37"", ""46"", ""47"", ""52"", ""54"", ""64"", ""65"", ""72"", ""73"", ""80"", ""81"", ""90"", ""93"", ""100"", ""101"", ""106"", ""115"", ""124"", ""125"", ""130"", ""131"", ""133"", ""136"", ""145""]",0.25,0.6363636363636364,0.358974359,"[""2"", ""6"", ""33"", ""36"", ""37"", ""46"", ""47"", ""52"", ""54"", ""64"", ""65"", ""72"", ""73"", ""80"", ""81"", ""90"", ""93"", ""100"", ""101"", ""106"", ""115"", ""124"", ""125"", ""130"", ""131"", ""133"", ""136"", ""145""]","[""2"", ""6"", ""33"", ""35"", ""36"", ""37"", ""46"", ""47"", ""52"", ""54"", ""55"", ""64"", ""65"", ""72"", ""73"", ""80"", ""81"", ""90"", ""93"", ""100"", ""101"", ""106"", ""115"", ""124"", ""125"", ""130"", ""131"", ""133"", ""136"", ""145""]",0.15464450640201471,0.16006892933126332,0.358974359,0.34146341463414637
bioasq_train,bioasq13b_58b576b622d3005309000008,0.511931773,"[""2"", ""12"", ""13"", ""24"", ""27"", ""28"", ""51"", ""52"", ""60"", ""61"", ""62"", ""65"", ""70"", ""71"", ""80"", ""81"", ""82"", ""91"", ""94"", ""96"", ""99"", ""114"", ""118"", ""122"", ""127"", ""137"", ""141"", ""144"", ""146"", ""152"", ""155"", ""162"", ""164"", ""166"", ""171"", ""174"", ""181"", ""182"", ""186"", ""188"", ""191"", ""192"", ""196"", ""197"", ""202"", ""206"", ""212"", ""214"", ""218"", ""221"", ""222"", ""224"", ""226"", ""228"", ""231"", ""234"", ""241"", ""244"", ""246"", ""250"", ""252"", ""254"", ""256"", ""258"", ""260"", ""262"", ""264"", ""266"", ""274"", ""276"", ""278"", ""280""]",,,,"[""2"", ""12"", ""13"", ""24"", ""27"", ""28"", ""51"", ""52"", ""60"", ""61"", ""62"", ""65"", ""70"", ""71"", ""80"", ""81"", ""82"", ""91"", ""94"", ""96"", ""99"", ""114"", ""118"", ""122"", ""127"", ""137"", ""141"", ""144"", ""146"", ""152"", ""155"", ""162"", ""164"", ""166"", ""171"", ""174"", ""181"", ""182"", ""186"", ""188"", ""191"", ""192"", ""196"", ""197"", ""202"", ""206"", ""212"", ""214"", ""218"", ""221"", ""222"", ""224"", ""226"", ""228"", ""231"", ""234"", ""241"", ""244"", ""246"", ""250"", ""252"", ""254"", ""256"", ""258"", ""260"", ""262"", ""264"", ""266"", ""274"", ""276"", ""278"", ""280""]","[""2"", ""12"", ""13"", ""27"", ""28"", ""51"", ""52"", ""60"", ""61"", ""62"", ""65"", ""70"", ""71"", ""80"", ""81"", ""82"", ""91"", ""94"", ""95"", ""96"", ""99"", ""114"", ""115"", ""118"", ""121"", ""122"", ""124"", ""125"", ""131"", ""137"", ""141"", ""143"", ""144"", ""146"", ""152"", ""154"", ""155"", ""157"", ""162"", ""164"", ""166"", ""171"", ""172"", ""174"", ""177"", ""181"", ""182"", ""186"", ""188"", ""191"", ""192"", ""194"", ""196"", ""197"", ""199"", ""202"", ""203"", ""204"", ""206"", ""212"", ""214"", ""215"", ""216"", ""218"", ""221"", ""224"", ""226"", ""228"", ""229"", ""231"", ""234"", ""236"", ""238"", ""241"", ""242"", ""244"", ""246"", ""248"", ""250"", ""252"", ""254"", ""256"", ""258"", ""259"", ""260"", ""262"", ""264"", ""266"", ""267"", ""268"", ""270"", ""271"", ""272"", ""273"", ""274"", ""275"", ""276"", ""278"", ""279"", ""280""]",0.4013920581947749,0.4272659216895153,,
bioasq_train,bioasq13b_58bc8e5002b8c60953000006,0.3533333333333333,"[""2"", ""25"", ""66"", ""67""]",1,0.5,0.6666666666666666,"[""2"", ""25"", ""66"", ""67""]","[""2"", ""25"", ""66"", ""67""]",0.25,0.25,0.6666666666666666,0.6666666666666666
bioasq_train,bioasq13b_588800f43b87a8a738000009,0,"[""1"", ""4"", ""6""]",1,0.5,0.6666666666666666,"[""1"", ""4"", ""6""]","[""1"", ""4"", ""6""]",0,0,0.6666666666666666,0.6666666666666666
bioasq_train,bioasq13b_58bca3eb02b8c6095300000d,0,"[""2"", ""50""]",1,0.25,0.4,"[""2"", ""50""]","[""2"", ""50""]",0,0,0.4,0.4
bioasq_train,bioasq13b_587d36ab859bf79568000001,0,"[""1"", ""6"", ""7"", ""8""]",0.75,0.75,0.75,"[""1"", ""6"", ""7"", ""8""]","[""1"", ""6"", ""7"", ""8""]",0,0,0.75,0.75
bioasq_train,bioasq13b_58848822e56acf517600000c,0.6399788592011861,"[""4"", ""9"", ""11"", ""19"", ""44"", ""52"", ""84"", ""106"", ""131"", ""138"", ""146"", ""155""]",0.083333333,0.066666667,0.074074074,"[""4"", ""9"", ""11"", ""19"", ""44"", ""52"", ""84"", ""106"", ""131"", ""138"", ""146"", ""155""]","[""4"", ""146"", ""155""]",0.5859652194211018,0.5034547152194211,0.074074074,0
bioasq_train,bioasq13b_58bcb83d02b8c6095300000f,0.1793103448275862,"[""2"", ""3"", ""9"", ""29"", ""30"", ""31""]",0.16666666666666666,0.034482758620689655,0.057142857,"[""2"", ""3"", ""9"", ""29"", ""30"", ""31""]","[""2"", ""3"", ""9"", ""29"", ""30"", ""31""]",0.089655172,0.089655172,0.057142857,0.057142857
bioasq_train,bioasq13b_58b95ea222d3005309000011,0.40536292399381835,"[""1"", ""11"", ""12"", ""13"", ""41"", ""44"", ""45"", ""46"", ""47"", ""48"", ""49"", ""50"", ""55"", ""61"", ""77"", ""78"", ""79"", ""80"", ""91"", ""92"", ""93"", ""99"", ""100"", ""101"", ""102"", ""112"", ""114"", ""118"", ""122"", ""123"", ""124"", ""126"", ""127"", ""128"", ""129"", ""131"", ""145"", ""146"", ""147"", ""151"", ""155"", ""156"", ""157"", ""158"", ""168"", ""171"", ""172"", ""173"", ""174"", ""176"", ""177"", ""181"", ""182"", ""184"", ""185"", ""186"", ""188"", ""191"", ""192"", ""194"", ""195"", ""196"", ""197"", ""201"", ""202"", ""203"", ""205"", ""206"", ""207"", ""208"", ""211"", ""212"", ""213"", ""214"", ""215"", ""216"", ""217"", ""218"", ""221"", ""222"", ""223"", ""224"", ""225"", ""226"", ""227"", ""228"", ""229"", ""231"", ""233"", ""234"", ""235"", ""236"", ""237"", ""238"", ""239"", ""240"", ""241"", ""242"", ""243"", ""244"", ""245"", ""246"", ""247"", ""248"", ""251"", ""252"", ""253"", ""254"", ""255"", ""256"", ""257"", ""258"", ""259"", ""260"", ""261"", ""262"", ""263"", ""264"", ""265"", ""266"", ""267"", ""268"", ""269"", ""270"", ""271"", ""272"", ""273"", ""274"", ""275"", ""276"", ""277"", ""278"", ""279"", ""280"", ""281"", ""282"", ""283"", ""284"", ""285"", ""290"", ""291"", ""292"", ""293"", ""294"", ""295"", ""296"", ""297"", ""298"", ""299"", ""300"", ""301"", ""302"", ""303"", ""304"", ""305"", ""306"", ""307"", ""308"", ""309"", ""310"", ""311"", ""312"", ""313"", ""314"", ""315"", ""316"", ""317"", ""318"", ""319"", ""320"", ""321"", ""322"", ""323"", ""324"", ""325"", ""326"", ""327"", ""328"", ""329"", ""330"", ""331"", ""332"", ""333"", ""334"", ""335"", ""336"", ""337"", ""338"", ""339"", ""340"", ""341"", ""342"", ""343"", ""344"", ""345"", ""346"", ""347"", ""348"", ""349"", ""350"", ""351"", ""352"", ""353"", ""354"", ""355"", ""356"", ""357"", ""358"", ""359"", ""360"", ""361"", ""362"", ""363"", ""364"", ""365"", ""366"", ""367"", ""368"", ""369"", ""370"", ""371"", ""372"", ""373"", ""374"", ""375"", ""376"", ""377"", ""378"", ""379"", ""380"", ""381"", ""382"", ""383"", ""384"", ""385"", ""386"", ""387"", ""388"", ""389"", ""390"", ""391"", ""392"", ""393"", ""394"", ""395"", ""396"", ""397"", ""398"", ""399"", ""400"", ""401"", ""402"", ""403"", ""404"", ""405"", ""406"", ""407"", ""408"", ""409"", ""410"", ""411"", ""412"", ""413"", ""414""]",0.083333333,0.5945945945945946,0.14617940199335547,"[""1"", ""11"", ""12"", ""13"", ""41"", ""44"", ""45"", ""46"", ""47"", ""48"", ""49"", ""50"", ""55"", ""61"", ""77"", ""78"", ""79"", ""80"", ""91"", ""92"", ""93"", ""99"", ""100"", ""101"", ""102"", ""112"", ""114"", ""118"", ""122"", ""123"", ""124"", ""126"", ""127"", ""128"", ""129"", ""131"", ""145"", ""146"", ""147"", ""151"", ""155"", ""156"", ""157"", ""158"", ""168"", ""171"", ""172"", ""173"", ""174"", ""176"", ""177"", ""181"", ""182"", ""184"", ""185"", ""186"", ""188"", ""191"", ""192"", ""194"", ""195"", ""196"", ""197"", ""201"", ""202"", ""203"", ""205"", ""206"", ""207"", ""208"", ""211"", ""212"", ""213"", ""214"", ""215"", ""216"", ""217"", ""218"", ""221"", ""222"", ""223"", ""224"", ""225"", ""226"", ""227"", ""228"", ""229"", ""231"", ""233"", ""234"", ""235"", ""236"", ""237"", ""238"", ""239"", ""240"", ""241"", ""242"", ""243"", ""244"", ""245"", ""246"", ""247"", ""248"", ""251"", ""252"", ""253"", ""254"", ""255"", ""256"", ""257"", ""258"", ""259"", ""260"", ""261"", ""262"", ""263"", ""264"", ""265"", ""266"", ""267"", ""268"", ""269"", ""270"", ""271"", ""272"", ""273"", ""274"", ""275"", ""276"", ""277"", ""278"", ""279"", ""280"", ""281"", ""282"", ""283"", ""284"", ""285"", ""290"", ""291"", ""292"", ""293"", ""294"", ""295"", ""296"", ""297"", ""298"", ""299"", ""300"", ""301"", ""302"", ""303"", ""304"", ""305"", ""306"", ""307"", ""308"", ""309"", ""310"", ""311"", ""312"", ""313"", ""314"", ""315"", ""316"", ""317"", ""318"", ""319"", ""320"", ""321"", ""322"", ""323"", ""324"", ""325"", ""326"", ""327"", ""328"", ""329"", ""330"", ""331"", ""332"", ""333"", ""334"", ""335"", ""336"", ""337"", ""338"", ""339"", ""340"", ""341"", ""342"", ""343"", ""344"", ""345"", ""346"", ""347"", ""348"", ""349"", ""350"", ""351"", ""352"", ""353"", ""354"", ""355"", ""356"", ""357"", ""358"", ""359"", ""360"", ""361"", ""362"", ""363"", ""364"", ""365"", ""366"", ""367"", ""368"", ""369"", ""370"", ""371"", ""372"", ""373"", ""374"", ""375"", ""376"", ""377"", ""378"", ""379"", ""380"", ""381"", ""382"", ""383"", ""384"", ""385"", ""386"", ""387"", ""388"", ""389"", ""390"", ""391"", ""392"", ""393"", ""394"", ""395"", ""396"", ""397"", ""398"", ""399"", ""400"", ""401"", ""402"", ""403"", ""404"", ""405"", ""406"", ""407"", ""408"", ""409"", ""410"", ""411"", ""412"", ""413"", ""414""]","[""1"", ""11"", ""12"", ""13"", ""41"", ""44"", ""45"", ""46"", ""47"", ""48"", ""49"", ""53"", ""55"", ""61"", ""77"", ""78"", ""79"", ""80"", ""91"", ""92"", ""93"", ""96"", ""100"", ""101"", ""102"", ""107"", ""112"", ""114"", ""118"", ""122"", ""123"", ""124"", ""126"", ""127"", ""128"", ""129"", ""131"", ""135"", ""136"", ""137"", ""145"", ""146"", ""147"", ""151"", ""155"", ""156"", ""157"", ""158"", ""166"", ""167"", ""168"", ""171"", ""172"", ""173"", ""174"", ""176"", ""177"", ""181"", ""182"", ""184"", ""185"", ""186"", ""188"", ""191"", ""192"", ""195"", ""196"", ""199"", ""201"", ""202"", ""203"", ""205"", ""206"", ""207"", ""208"", ""211"", ""212"", ""213"", ""214"", ""215"", ""216"", ""217"", ""218"", ""221"", ""222"", ""223"", ""225"", ""226"", ""227"", ""228"", ""229"", ""231"", ""233"", ""234"", ""235"", ""236"", ""237"", ""238"", ""239"", ""240"", ""241"", ""242"", ""243"", ""244"", ""245"", ""248"", ""251"", ""252"", ""253"", ""254"", ""255"", ""256"", ""257"", ""258"", ""259"", ""260"", ""261"", ""262"", ""263"", ""264"", ""265"", ""266"", ""267"", ""268"", ""269"", ""270"", ""271"", ""272"", ""273"", ""274"", ""275"", ""276"", ""277"", ""278"", ""279"", ""280"", ""281"", ""282"", ""283"", ""284"", ""285"", ""291"", ""292"", ""293"", ""294"", ""295"", ""296"", ""297"", ""298"", ""299"", ""300"", ""301"", ""302"", ""303"", ""304"", ""305"", ""306"", ""307"", ""308"", ""309"", ""310"", ""311"", ""312"", ""313"", ""314"", ""315"", ""316"", ""317"", ""318"", ""319"", ""320"", ""321"", ""322"", ""323"", ""324"", ""325"", ""326"", ""327"", ""328"", ""329"", ""330"", ""331"", ""332"", ""333"", ""334"", ""335"", ""336"", ""337"", ""338"", ""339"", ""340"", ""341"", ""342"", ""343"", ""344"", ""345"", ""346"", ""347"", ""348"", ""349"", ""350"", ""351"", ""352"", ""353"", ""354"", ""355"", ""356"", ""357"", ""358"", ""359"", ""360"", ""361"", ""362"", ""363"", ""364"", ""365"", ""366"", ""367"", ""368"", ""369"", ""370"", ""371"", ""372"", ""373"", ""374"", ""375"", ""376"", ""377"", ""378"", ""379"", ""380"", ""381"", ""382"", ""383"", ""384"", ""385"", ""386"", ""387"", ""388"", ""389"", ""390"", ""391"", ""392"", ""393"", ""394"", ""395"", ""396"", ""397"", ""398"", ""399"", ""400"", ""401"", ""402"", ""403"", ""404"", ""405"", ""406"", ""407"", ""408"", ""409"", ""410"", ""411"", ""412"", ""413"", ""414""]",0.24523520772797913,0.2599989610473749,0.14617940199335547,0.15894039735099338
bioasq_train,bioasq13b_58a1c6b678275d0c4a000057,0.2777777777777778,"[""26"", ""29""]",1,0.2857142857142857,0.4444444444444445,"[""26"", ""29""]","[""29""]",0.25,0.25,0.4444444444444445,0.25
bioasq_train,bioasq13b_58bc640002b8c60953000003,0,"[""5""]",1,0.25,0.4,"[""5""]","[""5""]",0,0,0.4,0.4
bioasq_train,bioasq13b_5895ee638707e6ea39000001,0.11851851851851851,"[""4"", ""6"", ""7"", ""8"", ""9"", ""10"", ""11""]",0.42857142857142855,0.6,0.5,"[""4"", ""6"", ""7"", ""8"", ""9"", ""10"", ""11""]","[""4"", ""6"", ""7"", ""8"", ""9"", ""10"", ""11""]",0.088888889,0.088888889,0.5,0.5
bioasq_train,bioasq13b_58bbbf3722d300530900001b,0.1778632478632479,"[""1"", ""2"", ""4"", ""15"", ""20"", ""22"", ""24"", ""26"", ""27"", ""28"", ""33"", ""34"", ""36""]",0.38461538461538464,0.8333333333333334,0.5263157894736842,"[""1"", ""2"", ""4"", ""15"", ""20"", ""22"", ""24"", ""26"", ""27"", ""28"", ""33"", ""34"", ""36""]","[""1"", ""2"", ""4"", ""15"", ""20"", ""22"", ""24"", ""26"", ""27"", ""28"", ""33"", ""34"", ""36""]",0.11959706959706959,0.11959706959706959,0.5263157894736842,0.5263157894736842
bioasq_train,bioasq13b_58bbb64422d3005309000014,0.10666666666666665,"[""5"", ""24"", ""27"", ""55""]",0.75,0.42857142857142855,0.5454545454545454,"[""5"", ""24"", ""27"", ""55""]","[""5"", ""24"", ""27"", ""55""]",0.08,0.08,0.5454545454545454,0.5454545454545454
bioasq_train,bioasq13b_589af57a78275d0c4a000038,0.6346958705056758,"[""1"", ""3"", ""61"", ""96"", ""119"", ""200"", ""228"", ""230"", ""270"", ""271"", ""272"", ""296"", ""297"", ""328"", ""351"", ""358"", ""361"", ""371"", ""372""]",,,,"[""1"", ""3"", ""61"", ""96"", ""119"", ""200"", ""228"", ""230"", ""270"", ""271"", ""272"", ""296"", ""297"", ""328"", ""351"", ""358"", ""361"", ""371"", ""372""]","[""1"", ""3"", ""61"", ""96"", ""119"", ""200"", ""228"", ""230"", ""297""]",0.5558308059987791,0.5084744873868614,,
bioasq_train,bioasq13b_58a22eb460087bc10a000001,0.2075783475783476,"[""1"", ""6"", ""7"", ""8"", ""9"", ""28"", ""56""]",0,0,0,"[""1"", ""6"", ""7"", ""8"", ""9"", ""28"", ""56""]","[""1"", ""6"", ""7"", ""8"", ""9"", ""28"", ""56""]",0.13333333333333333,0.13333333333333333,0,0
bioasq_train,bioasq13b_58b558d522d3005309000006,0.17830994555632237,"[""1"", ""7"", ""14"", ""31"", ""35"", ""38"", ""61"", ""69"", ""77"", ""86"", ""93"", ""140"", ""142"", ""201"", ""222"", ""225"", ""228"", ""232""]",,,,"[""1"", ""7"", ""14"", ""31"", ""35"", ""38"", ""61"", ""69"", ""77"", ""86"", ""93"", ""140"", ""142"", ""201"", ""222"", ""225"", ""228"", ""232""]","[""1"", ""7"", ""14"", ""31"", ""35"", ""38"", ""61"", ""69"", ""77"", ""86"", ""93"", ""140"", ""142"", ""201"", ""222"", ""225"", ""228"", ""232""]",0.1073015873015873,0.1073015873015873,,
bioasq_train,bioasq13b_5895e2567d9090f353000011,0.20665462169389007,"[""2"", ""11"", ""23"", ""27"", ""28"", ""49"", ""55"", ""56"", ""57"", ""70"", ""71"", ""75"", ""85"", ""86"", ""94"", ""100"", ""108"", ""118"", ""121"", ""126"", ""127"", ""128"", ""130"", ""132"", ""134""]",0.4,0.45454545454545453,0.4255319148936171,"[""2"", ""11"", ""23"", ""27"", ""28"", ""49"", ""55"", ""56"", ""57"", ""70"", ""71"", ""75"", ""85"", ""86"", ""94"", ""100"", ""108"", ""118"", ""121"", ""126"", ""127"", ""128"", ""130"", ""132"", ""134""]","[""2"", ""11"", ""23"", ""27"", ""28"", ""49"", ""55"", ""56"", ""57"", ""70"", ""71"", ""75"", ""85"", ""86"", ""94"", ""100"", ""108"", ""118"", ""121"", ""126"", ""128"", ""130"", ""132"", ""134""]",0.13155167055167055,0.12925683113183112,0.4255319148936171,0.43478260869565216
bioasq_train,bioasq13b_58bc696b02b8c60953000005,0.022222222222222233,"[""2"", ""13"", ""14"", ""31"", ""42"", ""43"", ""44"", ""52""]",0.75,0.6666666666666666,0.7058823529411765,"[""2"", ""13"", ""14"", ""31"", ""42"", ""43"", ""44"", ""52""]","[""2"", ""13"", ""14"", ""31"", ""42"", ""43"", ""44"", ""52""]",0.011111111111111117,0.011111111111111117,0.7058823529411765,0.7058823529411765
bioasq_train,bioasq13b_58a327bf60087bc10a000011,0.36022899128162283,"[""3"", ""14"", ""15"", ""30"", ""52"", ""60"", ""70"", ""90"", ""96"", ""119"", ""133"", ""219""]",,,,"[""3"", ""14"", ""15"", ""30"", ""52"", ""60"", ""70"", ""90"", ""96"", ""119"", ""133"", ""219""]","[""3"", ""14"", ""15"", ""30"", ""52"", ""60"", ""70"", ""90"", ""96"", ""119"", ""133"", ""219""]",0.2684721418931945,0.2684721418931945,,
bioasq_train,bioasq13b_58bc9dbb02b8c60953000009,0.2226193621739799,"[""2"", ""3"", ""4"", ""14"", ""18"", ""24"", ""34"", ""36"", ""43"", ""66"", ""74"", ""75"", ""81"", ""82"", ""89"", ""91"", ""99"", ""111"", ""122"", ""124"", ""125"", ""132"", ""139"", ""140"", ""143"", ""151"", ""156"", ""159"", ""164"", ""172"", ""184"", ""185"", ""186"", ""191"", ""192"", ""202"", ""204"", ""212"", ""214"", ""215"", ""216""]",0.3902439024390244,0.6666666666666666,0.4923076923076923,"[""2"", ""3"", ""4"", ""14"", ""18"", ""24"", ""34"", ""36"", ""43"", ""66"", ""74"", ""75"", ""81"", ""82"", ""89"", ""91"", ""99"", ""111"", ""122"", ""124"", ""125"", ""132"", ""139"", ""140"", ""143"", ""151"", ""156"", ""159"", ""164"", ""172"", ""184"", ""185"", ""186"", ""191"", ""192"", ""202"", ""204"", ""212"", ""214"", ""215"", ""216""]","[""2"", ""3"", ""4"", ""14"", ""18"", ""24"", ""34"", ""36"", ""43"", ""66"", ""74"", ""75"", ""81"", ""82"", ""89"", ""91"", ""99"", ""111"", ""122"", ""124"", ""125"", ""132"", ""139"", ""140"", ""143"", ""151"", ""156"", ""159"", ""164"", ""172"", ""184"", ""185"", ""186"", ""191"", ""192"", ""202"", ""204"", ""212"", ""214"", ""215"", ""216""]",0.145318137,0.145318137,0.4923076923076923,0.4923076923076923
bioasq_train,bioasq13b_588f365194c1512c50000003,0,"[""1"", ""2"", ""12"", ""16"", ""17"", ""21""]",0.8333333333333334,0.5555555555555556,0.6666666666666667,"[""1"", ""2"", ""12"", ""16"", ""17"", ""21""]","[""1"", ""2"", ""12"", ""16"", ""17"", ""21""]",0,0,0.6666666666666667,0.6666666666666667
bioasq_train,bioasq13b_58ca746d02b8c6095300002d,0.522490742,"[""2"", ""6"", ""7"", ""11"", ""13"", ""16"", ""17"", ""19"", ""22"", ""23"", ""26"", ""28"", ""31"", ""32"", ""46"", ""48"", ""49"", ""56"", ""57"", ""62"", ""63"", ""66"", ""72"", ""92"", ""95"", ""96"", ""98"", ""100"", ""106"", ""114"", ""116"", ""119"", ""121"", ""125"", ""126"", ""129"", ""133"", ""134"", ""138"", ""146"", ""151"", ""153"", ""155"", ""157"", ""161"", ""162"", ""168"", ""173"", ""174"", ""176"", ""180"", ""181"", ""184"", ""186"", ""188"", ""190"", ""191"", ""193"", ""194"", ""195"", ""196"", ""203"", ""204"", ""205"", ""206"", ""207"", ""209"", ""210"", ""211"", ""213"", ""214"", ""215"", ""216"", ""217"", ""218"", ""219"", ""221"", ""222"", ""223"", ""226"", ""229"", ""231"", ""233"", ""235"", ""237"", ""238"", ""239"", ""240"", ""241"", ""242"", ""243"", ""244"", ""245"", ""246"", ""247"", ""248"", ""249"", ""251"", ""253"", ""255"", ""257"", ""259"", ""261"", ""263"", ""265"", ""266"", ""267"", ""268"", ""271"", ""272"", ""273"", ""275"", ""277"", ""278"", ""279"", ""281"", ""282"", ""283"", ""284"", ""285"", ""286"", ""287"", ""289"", ""291"", ""293"", ""294"", ""295"", ""296"", ""297"", ""299"", ""301"", ""303"", ""304"", ""305"", ""307"", ""309""]",0.1323529411764706,0.5,0.20930232558139536,"[""2"", ""6"", ""7"", ""11"", ""13"", ""16"", ""17"", ""19"", ""22"", ""23"", ""26"", ""28"", ""31"", ""32"", ""46"", ""48"", ""49"", ""56"", ""57"", ""62"", ""63"", ""66"", ""72"", ""92"", ""95"", ""96"", ""98"", ""100"", ""106"", ""114"", ""116"", ""119"", ""121"", ""125"", ""126"", ""129"", ""133"", ""134"", ""138"", ""146"", ""151"", ""153"", ""155"", ""157"", ""161"", ""162"", ""168"", ""173"", ""174"", ""176"", ""180"", ""181"", ""184"", ""186"", ""188"", ""190"", ""191"", ""193"", ""194"", ""195"", ""196"", ""203"", ""204"", ""205"", ""206"", ""207"", ""209"", ""210"", ""211"", ""213"", ""214"", ""215"", ""216"", ""217"", ""218"", ""219"", ""221"", ""222"", ""223"", ""226"", ""229"", ""231"", ""233"", ""235"", ""237"", ""238"", ""239"", ""240"", ""241"", ""242"", ""243"", ""244"", ""245"", ""246"", ""247"", ""248"", ""249"", ""251"", ""253"", ""255"", ""257"", ""259"", ""261"", ""263"", ""265"", ""266"", ""267"", ""268"", ""271"", ""272"", ""273"", ""275"", ""277"", ""278"", ""279"", ""281"", ""282"", ""283"", ""284"", ""285"", ""286"", ""287"", ""289"", ""291"", ""293"", ""294"", ""295"", ""296"", ""297"", ""299"", ""301"", ""303"", ""304"", ""305"", ""307"", ""309""]","[""2"", ""6"", ""7"", ""11"", ""13"", ""16"", ""17"", ""19"", ""22"", ""23"", ""26"", ""27"", ""28"", ""31"", ""32"", ""46"", ""48"", ""49"", ""56"", ""57"", ""62"", ""63"", ""66"", ""72"", ""92"", ""93"", ""95"", ""96"", ""98"", ""100"", ""106"", ""115"", ""116"", ""117"", ""118"", ""119"", ""121"", ""125"", ""126"", ""129"", ""133"", ""134"", ""138"", ""146"", ""148"", ""151"", ""153"", ""155"", ""156"", ""157"", ""161"", ""162"", ""163"", ""164"", ""166"", ""168"", ""171"", ""172"", ""173"", ""174"", ""176"", ""177"", ""178"", ""180"", ""181"", ""182"", ""183"", ""184"", ""185"", ""186"", ""188"", ""189"", ""190"", ""191"", ""192"", ""193"", ""194"", ""195"", ""196"", ""197"", ""198"", ""200"", ""203"", ""204"", ""205"", ""206"", ""207"", ""208"", ""209"", ""210"", ""211"", ""212"", ""213"", ""214"", ""215"", ""216"", ""217"", ""218"", ""219"", ""220"", ""221"", ""222"", ""223"", ""224"", ""225"", ""226"", ""227"", ""228"", ""229"", ""230"", ""231"", ""232"", ""233"", ""234"", ""235"", ""236"", ""237"", ""238"", ""239"", ""240"", ""241"", ""242"", ""243"", ""244"", ""245"", ""246"", ""247"", ""248"", ""249"", ""250"", ""251"", ""252"", ""253"", ""254"", ""255"", ""256"", ""257"", ""258"", ""259"", ""260"", ""261"", ""262"", ""263"", ""264"", ""265"", ""266"", ""267"", ""268"", ""269"", ""270"", ""271"", ""272"", ""273"", ""274"", ""275"", ""276"", ""277"", ""278"", ""279"", ""280"", ""281"", ""282"", ""283"", ""284"", ""285"", ""286"", ""287"", ""288"", ""289"", ""290"", ""291"", ""292"", ""293"", ""294"", ""295"", ""296"", ""297"", ""298"", ""299"", ""300"", ""301"", ""302"", ""303"", ""304"", ""305"", ""306"", ""307"", ""308"", ""309""]",0.4072037682261033,0.3991337914574095,0.20930232558139536,0.20444444444444446
bioasq_train,bioasq13b_58861f8b3b87a8a738000003,0.35855365559360325,"[""1"", ""2"", ""5"", ""9"", ""12"", ""15"", ""17"", ""22"", ""24"", ""29"", ""32"", ""35"", ""42"", ""43"", ""46"", ""53"", ""54"", ""57"", ""63"", ""72"", ""73"", ""77"", ""82"", ""86"", ""93"", ""99"", ""108"", ""111"", ""112"", ""116"", ""122"", ""126"", ""128"", ""131"", ""133"", ""135"", ""138"", ""144"", ""148"", ""153"", ""157"", ""161"", ""164"", ""168"", ""170"", ""174"", ""177""]",,,,"[""1"", ""2"", ""5"", ""9"", ""12"", ""15"", ""17"", ""22"", ""24"", ""29"", ""32"", ""35"", ""42"", ""43"", ""46"", ""53"", ""54"", ""57"", ""63"", ""72"", ""73"", ""77"", ""82"", ""86"", ""93"", ""99"", ""108"", ""111"", ""112"", ""116"", ""122"", ""126"", ""128"", ""131"", ""133"", ""135"", ""138"", ""144"", ""148"", ""153"", ""157"", ""161"", ""164"", ""168"", ""170"", ""174"", ""177""]","[""1"", ""2"", ""5"", ""9"", ""12"", ""15"", ""17"", ""22"", ""24"", ""29"", ""32"", ""35"", ""42"", ""43"", ""46"", ""53"", ""54"", ""57"", ""63"", ""72"", ""73"", ""77"", ""82"", ""86"", ""93"", ""99"", ""102"", ""108"", ""111"", ""112"", ""116"", ""119"", ""122"", ""126"", ""128"", ""131"", ""133"", ""138"", ""144"", ""148"", ""153"", ""157"", ""161"", ""164"", ""168"", ""170"", ""174"", ""177""]",0.24542956948012318,0.2570246324917763,,
bioasq_train,bioasq13b_58ab1e19396a458e5000000f,0.080386903,"[""1"", ""4"", ""5"", ""6"", ""8"", ""13"", ""14"", ""18"", ""21"", ""24"", ""25"", ""29"", ""40"", ""41"", ""42"", ""46"", ""48"", ""49"", ""51"", ""72"", ""73"", ""74"", ""76"", ""82"", ""84"", ""88""]",,,,"[""1"", ""4"", ""5"", ""6"", ""8"", ""13"", ""14"", ""18"", ""21"", ""24"", ""25"", ""29"", ""40"", ""41"", ""42"", ""46"", ""48"", ""49"", ""51"", ""72"", ""73"", ""74"", ""76"", ""82"", ""84"", ""88""]","[""1"", ""4"", ""5"", ""6"", ""8"", ""13"", ""14"", ""18"", ""21"", ""24"", ""25"", ""29"", ""40"", ""41"", ""42"", ""46"", ""48"", ""49"", ""51"", ""72"", ""73"", ""74"", ""76"", ""82"", ""84"", ""88""]",0.051032588,0.051032588,,
bioasq_train,bioasq13b_5896381a78275d0c4a00000a,0,"[""1"", ""6"", ""8""]",1,0.6,0.7499999999999999,"[""1"", ""6"", ""8""]","[""1"", ""6"", ""8""]",0,0,0.7499999999999999,0.7499999999999999
bioasq_train,bioasq13b_58cdb38f02b8c60953000041,0.083597884,"[""4"", ""23"", ""30"", ""31"", ""78""]",0.8,0.5714285714285714,0.6666666666666666,"[""4"", ""23"", ""30"", ""31"", ""78""]","[""4"", ""23"", ""30"", ""31"", ""78""]",0.045238095,0.045238095,0.6666666666666666,0.6666666666666666
bioasq_train,bioasq13b_58cd729502b8c6095300003d,0.19705882352941176,"[""2"", ""4"", ""11"", ""12"", ""21"", ""27"", ""28"", ""37"", ""41"", ""44""]",0.6,0.75,0.6666666666666665,"[""2"", ""4"", ""11"", ""12"", ""21"", ""27"", ""28"", ""37"", ""41"", ""44""]","[""2"", ""4"", ""11"", ""12"", ""21"", ""27"", ""28"", ""37"", ""41"", ""44""]",0.12200980392156864,0.12200980392156864,0.6666666666666665,0.6666666666666665
bioasq_train,bioasq13b_58ab1f209ef3c34033000001,0.15555555555555559,"[""1"", ""4"", ""5"", ""6"", ""7"", ""19""]",,,,"[""1"", ""4"", ""5"", ""6"", ""7"", ""19""]","[""1"", ""4"", ""5"", ""6"", ""7"", ""19""]",0.1,0.1,,
bioasq_train,bioasq13b_58c66a4b02b8c60953000025,0.4897421433405204,"[""2"", ""5"", ""6"", ""7"", ""11"", ""12"", ""24"", ""25"", ""26"", ""28"", ""39"", ""40"", ""41"", ""43"", ""55"", ""64"", ""74"", ""79"", ""80"", ""82"", ""83"", ""84"", ""90"", ""93"", ""101"", ""102"", ""106"", ""107"", ""108"", ""111"", ""114"", ""115"", ""116"", ""134"", ""140"", ""147"", ""157"", ""158"", ""160"", ""201"", ""204"", ""205"", ""206"", ""207"", ""209""]",,,,"[""2"", ""5"", ""6"", ""7"", ""11"", ""12"", ""24"", ""25"", ""26"", ""28"", ""39"", ""40"", ""41"", ""43"", ""55"", ""64"", ""74"", ""79"", ""80"", ""82"", ""83"", ""84"", ""90"", ""93"", ""101"", ""102"", ""106"", ""107"", ""108"", ""111"", ""114"", ""115"", ""116"", ""134"", ""140"", ""147"", ""157"", ""158"", ""160"", ""201"", ""204"", ""205"", ""206"", ""207"", ""209""]","[""2"", ""5"", ""6"", ""7"", ""11"", ""12"", ""14"", ""24"", ""25"", ""26"", ""28"", ""39"", ""40"", ""43"", ""55"", ""64"", ""74"", ""79"", ""82"", ""83"", ""90"", ""93"", ""101"", ""103"", ""106"", ""107"", ""108"", ""111"", ""114"", ""115"", ""116"", ""134"", ""140"", ""147"", ""157"", ""158"", ""160"", ""201"", ""202"", ""204"", ""205"", ""206"", ""207""]",0.35236972462816163,0.3788599849363633,,
bioasq_train,bioasq13b_58bd6c5802b8c60953000012,0.31917086539167777,"[""1"", ""7"", ""9"", ""10"", ""11"", ""12"", ""17"", ""21"", ""25"", ""26"", ""30"", ""31"", ""39"", ""40"", ""44"", ""53"", ""58"", ""59"", ""60"", ""61"", ""62"", ""63"", ""64"", ""65"", ""66"", ""67"", ""75"", ""78"", ""80"", ""81"", ""93"", ""94"", ""98"", ""100"", ""101"", ""102"", ""105"", ""106"", ""108"", ""113"", ""114"", ""117"", ""122"", ""125"", ""130"", ""131"", ""143"", ""144"", ""146"", ""147"", ""148"", ""151"", ""152"", ""153"", ""154"", ""156"", ""157"", ""158"", ""161"", ""164"", ""168"", ""171"", ""172"", ""173"", ""174"", ""175"", ""176"", ""177"", ""178"", ""180"", ""181"", ""184"", ""185"", ""186"", ""187"", ""188"", ""189"", ""190"", ""191"", ""193"", ""194"", ""195"", ""196"", ""197"", ""199"", ""204"", ""205"", ""206"", ""210"", ""211"", ""214"", ""215"", ""217"", ""218"", ""221"", ""223"", ""226"", ""227"", ""228"", ""229"", ""231"", ""232"", ""233"", ""235"", ""236"", ""238"", ""241"", ""243"", ""244"", ""246"", ""247"", ""248"", ""249"", ""250"", ""251"", ""252"", ""253"", ""254"", ""255"", ""256"", ""257"", ""258"", ""259""]",,,,"[""1"", ""7"", ""9"", ""10"", ""11"", ""12"", ""17"", ""21"", ""25"", ""26"", ""30"", ""31"", ""39"", ""40"", ""44"", ""53"", ""58"", ""59"", ""60"", ""61"", ""62"", ""63"", ""64"", ""65"", ""66"", ""67"", ""75"", ""78"", ""80"", ""81"", ""93"", ""94"", ""98"", ""100"", ""101"", ""102"", ""105"", ""106"", ""108"", ""113"", ""114"", ""117"", ""122"", ""125"", ""130"", ""131"", ""143"", ""144"", ""146"", ""147"", ""148"", ""151"", ""152"", ""153"", ""154"", ""156"", ""157"", ""158"", ""161"", ""164"", ""168"", ""171"", ""172"", ""173"", ""174"", ""175"", ""176"", ""177"", ""178"", ""180"", ""181"", ""184"", ""185"", ""186"", ""187"", ""188"", ""189"", ""190"", ""191"", ""193"", ""194"", ""195"", ""196"", ""197"", ""199"", ""204"", ""205"", ""206"", ""210"", ""211"", ""214"", ""215"", ""217"", ""218"", ""221"", ""223"", ""226"", ""227"", ""228"", ""229"", ""231"", ""232"", ""233"", ""235"", ""236"", ""238"", ""241"", ""243"", ""244"", ""246"", ""247"", ""248"", ""249"", ""250"", ""251"", ""252"", ""253"", ""254"", ""255"", ""256"", ""257"", ""258"", ""259""]","[""1"", ""7"", ""9"", ""10"", ""11"", ""12"", ""15"", ""16"", ""21"", ""25"", ""26"", ""30"", ""31"", ""39"", ""40"", ""44"", ""53"", ""58"", ""59"", ""60"", ""61"", ""62"", ""63"", ""64"", ""65"", ""66"", ""67"", ""75"", ""78"", ""80"", ""81"", ""93"", ""94"", ""98"", ""100"", ""101"", ""102"", ""105"", ""106"", ""108"", ""113"", ""114"", ""117"", ""122"", ""125"", ""128"", ""130"", ""131"", ""143"", ""144"", ""146"", ""147"", ""148"", ""151"", ""152"", ""153"", ""156"", ""157"", ""161"", ""164"", ""165"", ""171"", ""172"", ""173"", ""174"", ""175"", ""176"", ""177"", ""180"", ""181"", ""182"", ""183"", ""184"", ""185"", ""186"", ""188"", ""189"", ""190"", ""191"", ""193"", ""194"", ""195"", ""196"", ""197"", ""199"", ""200"", ""204"", ""205"", ""206"", ""208"", ""210"", ""211"", ""212"", ""214"", ""215"", ""218"", ""220"", ""221"", ""226"", ""227"", ""228"", ""231"", ""232"", ""233"", ""235"", ""236"", ""238"", ""241"", ""243"", ""244"", ""245"", ""246"", ""247"", ""248"", ""249"", ""250"", ""251"", ""252"", ""253"", ""254"", ""255"", ""256"", ""257"", ""258"", ""259""]",0.23012977457305497,0.25751988739104525,,
bioasq_train,bioasq13b_588f9756ed9bbee70d000001,0.26807081807081806,"[""2"", ""11"", ""22"", ""32"", ""62"", ""68"", ""75"", ""78"", ""81""]",,,,"[""2"", ""11"", ""22"", ""32"", ""62"", ""68"", ""75"", ""78"", ""81""]","[""2"", ""11"", ""22"", ""32"", ""62"", ""68"", ""75"", ""78"", ""81""]",0.17342657342657342,0.17342657342657342,,
bioasq_train,bioasq13b_589a245e78275d0c4a000029,0.3402051793639502,"[""1"", ""2"", ""15"", ""22"", ""23"", ""24"", ""25"", ""26"", ""31"", ""32"", ""43"", ""54"", ""55"", ""59"", ""61"", ""68"", ""73"", ""75"", ""76"", ""82"", ""87"", ""91"", ""93"", ""97"", ""104"", ""106"", ""110"", ""114"", ""116"", ""127"", ""128"", ""133"", ""134"", ""136"", ""141"", ""142"", ""148"", ""150"", ""158"", ""164"", ""175"", ""180"", ""182"", ""184"", ""186"", ""197"", ""201"", ""206"", ""211"", ""214"", ""218"", ""221"", ""226"", ""229"", ""231"", ""233"", ""236"", ""238"", ""241"", ""248"", ""251"", ""256"", ""258"", ""261"", ""266"", ""271"", ""273"", ""279"", ""280"", ""286"", ""289"", ""290"", ""293"", ""295"", ""298"", ""301"", ""306"", ""309"", ""311"", ""314"", ""320"", ""323"", ""325"", ""328"", ""329"", ""334"", ""338"", ""340"", ""346"", ""349""]",,,,"[""1"", ""2"", ""15"", ""22"", ""23"", ""24"", ""25"", ""26"", ""31"", ""32"", ""43"", ""54"", ""55"", ""59"", ""61"", ""68"", ""73"", ""75"", ""76"", ""82"", ""87"", ""91"", ""93"", ""97"", ""104"", ""106"", ""110"", ""114"", ""116"", ""127"", ""128"", ""133"", ""134"", ""136"", ""141"", ""142"", ""148"", ""150"", ""158"", ""164"", ""175"", ""180"", ""182"", ""184"", ""186"", ""197"", ""201"", ""206"", ""211"", ""214"", ""218"", ""221"", ""226"", ""229"", ""231"", ""233"", ""236"", ""238"", ""241"", ""248"", ""251"", ""256"", ""258"", ""261"", ""266"", ""271"", ""273"", ""279"", ""280"", ""286"", ""289"", ""290"", ""293"", ""295"", ""298"", ""301"", ""306"", ""309"", ""311"", ""314"", ""320"", ""323"", ""325"", ""328"", ""329"", ""334"", ""338"", ""340"", ""346"", ""349""]","[""1"", ""2"", ""15"", ""22"", ""23"", ""24"", ""25"", ""26"", ""31"", ""32"", ""43"", ""54"", ""55"", ""59"", ""61"", ""68"", ""73"", ""75"", ""76"", ""82"", ""97"", ""104"", ""106"", ""110"", ""114"", ""116"", ""127"", ""128"", ""133"", ""134"", ""136"", ""141"", ""142"", ""148"", ""150"", ""158"", ""164"", ""175"", ""180"", ""182"", ""184"", ""186"", ""197"", ""201"", ""206"", ""211"", ""214"", ""218"", ""221"", ""226"", ""229"", ""231"", ""233"", ""236"", ""241"", ""248"", ""251"", ""256"", ""258"", ""261"", ""266"", ""271"", ""273"", ""279"", ""280"", ""286"", ""289"", ""293"", ""295"", ""298"", ""301"", ""306"", ""308"", ""311"", ""314"", ""317"", ""320"", ""323"", ""328"", ""329"", ""334"", ""338"", ""340"", ""344"", ""346"", ""349""]",0.22774979518416205,0.24965957841639613,,
bioasq_train,bioasq13b_58d4d7578acda34529000007,0,"[""1"", ""2"", ""3"", ""4"", ""5"", ""6"", ""8"", ""9"", ""12"", ""16"", ""19""]",0.18181818181818182,1,0.3076923076923077,"[""1"", ""2"", ""3"", ""4"", ""5"", ""6"", ""8"", ""9"", ""12"", ""16"", ""19""]","[""1"", ""2"", ""3"", ""4"", ""5"", ""6"", ""8"", ""9"", ""12"", ""16"", ""19""]",0,0,0.3076923076923077,0.3076923076923077
bioasq_train,bioasq13b_58cbf1f402b8c60953000036,0.048484848,"[""3"", ""13"", ""25"", ""34"", ""38"", ""44"", ""55"", ""93"", ""117"", ""136""]",0.6,0.4,0.48,"[""3"", ""13"", ""25"", ""34"", ""38"", ""44"", ""55"", ""93"", ""117"", ""136""]","[""3"", ""13"", ""25"", ""34"", ""38"", ""44"", ""55"", ""93"", ""117"", ""136""]",0.036363636363636376,0.036363636363636376,0.48,0.48
bioasq_train,bioasq13b_587f60f892a5b8ad44000004,0,"[""1"", ""6""]",1,0.5,0.6666666666666666,"[""1"", ""6""]","[""1"", ""6""]",0,0,0.6666666666666666,0.6666666666666666
bioasq_train,bioasq13b_589a246778275d0c4a00002f,0.23629629629629628,"[""2"", ""12"", ""29"", ""35"", ""46"", ""62"", ""72"", ""95"", ""148""]",0.2222222222222222,0.2222222222222222,0.2222222222222222,"[""2"", ""12"", ""29"", ""35"", ""46"", ""62"", ""72"", ""95"", ""148""]","[""2"", ""12"", ""29"", ""35"", ""46"", ""62"", ""72"", ""95"", ""148""]",0.1388888888888889,0.1388888888888889,0.2222222222222222,0.2222222222222222
bioasq_train,bioasq13b_58c2556302b8c6095300001f,0,"[""37"", ""38""]",1,1,1,"[""37"", ""38""]","[""37"", ""38""]",0,0,1,1
bioasq_train,bioasq13b_5890f4ab621ea6ff7e000008,0.2318622483174168,"[""2"", ""5"", ""23"", ""27"", ""30"", ""31"", ""32"", ""34"", ""36"", ""41"", ""57"", ""58"", ""60"", ""75"", ""76"", ""82"", ""84"", ""111"", ""112"", ""115"", ""132"", ""133"", ""138"", ""144"", ""165"", ""166"", ""173"", ""174"", ""177"", ""181"", ""182"", ""184"", ""186"", ""206"", ""209"", ""210"", ""213"", ""214"", ""215"", ""217"", ""220"", ""222""]",,,,"[""2"", ""5"", ""23"", ""27"", ""30"", ""31"", ""32"", ""34"", ""36"", ""41"", ""57"", ""58"", ""60"", ""75"", ""76"", ""82"", ""84"", ""111"", ""112"", ""115"", ""132"", ""133"", ""138"", ""144"", ""165"", ""166"", ""173"", ""174"", ""177"", ""181"", ""182"", ""184"", ""186"", ""206"", ""209"", ""210"", ""213"", ""214"", ""215"", ""217"", ""220"", ""222""]","[""2"", ""5"", ""23"", ""27"", ""30"", ""31"", ""32"", ""34"", ""36"", ""37"", ""41"", ""56"", ""57"", ""60"", ""75"", ""76"", ""82"", ""84"", ""111"", ""112"", ""115"", ""132"", ""133"", ""138"", ""144"", ""165"", ""166"", ""173"", ""174"", ""177"", ""181"", ""182"", ""184"", ""206"", ""209"", ""210"", ""213"", ""214"", ""215"", ""217"", ""220"", ""222""]",0.149109739,0.1684090530513739,,
bioasq_train,bioasq13b_58cd633c02b8c6095300003a,0.052631578947368425,"[""1"", ""4"", ""7"", ""10"", ""19"", ""23"", ""24"", ""27"", ""30"", ""31"", ""32"", ""33"", ""37"", ""46""]",0.2857142857142857,0.6666666666666666,0.4,"[""1"", ""4"", ""7"", ""10"", ""19"", ""23"", ""24"", ""27"", ""30"", ""31"", ""32"", ""33"", ""37"", ""46""]","[""1"", ""4"", ""7"", ""10"", ""19"", ""23"", ""24"", ""27"", ""30"", ""31"", ""32"", ""33"", ""37"", ""46""]",0.026315789473684216,0.026315789473684216,0.4,0.4
bioasq_train,bioasq13b_58cdbaf302b8c60953000044,0.31228687816407114,"[""4"", ""5"", ""7"", ""12"", ""14"", ""25"", ""44"", ""47"", ""51"", ""52"", ""57"", ""90"", ""143""]",0.38461538461538464,0.4166666666666667,0.4,"[""4"", ""5"", ""7"", ""12"", ""14"", ""25"", ""44"", ""47"", ""51"", ""52"", ""57"", ""90"", ""143""]","[""4"", ""5"", ""7"", ""12"", ""14"", ""25"", ""44"", ""47"", ""51"", ""52"", ""57"", ""143""]",0.2343530441866355,0.24458020050125312,0.4,0.3333333333333333
bioasq_train,bioasq13b_589474467d9090f353000006,0.039999999999999994,"[""1"", ""2"", ""5"", ""8""]",1,0.5,0.6666666666666666,"[""1"", ""2"", ""5"", ""8""]","[""1"", ""2"", ""5"", ""8""]",0.019999999999999997,0.019999999999999997,0.6666666666666666,0.6666666666666666
bioasq_train,bioasq13b_5891c754621ea6ff7e000011,0,"[""1"", ""3"", ""4"", ""5""]",1,1,1,"[""1"", ""3"", ""4"", ""5""]","[""1"", ""3"", ""4"", ""5""]",0,0,1,1
bioasq_train,bioasq13b_5890dcba621ea6ff7e000003,0,"[""2"", ""203""]",,,,"[""2"", ""203""]","[""2"", ""203""]",0,0,,
bioasq_train,bioasq13b_58cea0768acda34529000001,0.23410934744268078,"[""2"", ""10"", ""20"", ""34"", ""40"", ""53"", ""56"", ""63""]",0.625,0.8333333333333334,0.7142857142857143,"[""2"", ""10"", ""20"", ""34"", ""40"", ""53"", ""56"", ""63""]","[""2"", ""10"", ""20"", ""34"", ""40"", ""53"", ""63""]",0.17500000000000002,0.17579365079365078,0.7142857142857143,0.7692307692307692
bioasq_train,bioasq13b_58cb305c02b8c60953000032,0.38148148148148153,"[""1"", ""2"", ""36"", ""49"", ""61"", ""62"", ""76"", ""93""]",0.75,0.46153846153846156,0.5714285714285714,"[""1"", ""2"", ""36"", ""49"", ""61"", ""62"", ""76"", ""93""]","[""1"", ""2"", ""36"", ""49"", ""61"", ""62"", ""76"", ""93""]",0.2666666666666667,0.2666666666666667,0.5714285714285714,0.5714285714285714
bioasq_train,bioasq13b_58ca5cba02b8c6095300002b,0.4607407407407408,"[""11"", ""21""]",,,,"[""11"", ""21""]","[""11"", ""21"", ""66""]",0.4166666666666667,0.35,,
bioasq_train,bioasq13b_58e115d66fddd3e83e00000a,0,"[""2"", ""22"", ""30"", ""38""]",1,0.4,0.5714285714285715,"[""2"", ""22"", ""30"", ""38""]","[""2"", ""22"", ""30"", ""38""]",0,0,0.5714285714285715,0.5714285714285715
bioasq_train,bioasq13b_58d90b968acda3452900000e,0.12987012987012986,"[""2"", ""16"", ""24"", ""40"", ""47"", ""86"", ""131"", ""132"", ""133"", ""136""]",0.7,0.5833333333333334,0.6363636363636365,"[""2"", ""16"", ""24"", ""40"", ""47"", ""86"", ""131"", ""132"", ""133"", ""136""]","[""2"", ""16"", ""24"", ""40"", ""47"", ""86"", ""131"", ""132"", ""133"", ""136""]",0.075324675,0.075324675,0.6363636363636365,0.6363636363636365
bioasq_train,bioasq13b_58e12ea66fddd3e83e00000e,0,"[""38"", ""49"", ""50""]",0.3333333333333333,0.16666666666666666,0.2222222222222222,"[""38"", ""49"", ""50""]","[""38"", ""49"", ""50""]",0,0,0.2222222222222222,0.2222222222222222
bioasq_train,bioasq13b_58c67bf302b8c60953000026,0.5779242836861662,"[""1"", ""5"", ""6"", ""33"", ""34"", ""41"", ""44"", ""53"", ""57"", ""58"", ""73"", ""95"", ""110"", ""111"", ""114"", ""116"", ""133"", ""148"", ""156"", ""168"", ""170"", ""223"", ""225"", ""226"", ""227"", ""233"", ""252"", ""255"", ""256""]",0.1724137931034483,0.19230769230769232,0.18181818181818185,"[""1"", ""5"", ""6"", ""33"", ""34"", ""41"", ""44"", ""53"", ""57"", ""58"", ""73"", ""95"", ""110"", ""111"", ""114"", ""116"", ""133"", ""148"", ""156"", ""168"", ""170"", ""223"", ""225"", ""226"", ""227"", ""233"", ""252"", ""255"", ""256""]","[""1"", ""5"", ""6"", ""33"", ""34"", ""41"", ""44"", ""57"", ""58"", ""110"", ""111"", ""115"", ""118"", ""133"", ""137"", ""148"", ""164"", ""167"", ""170"", ""223"", ""225"", ""227"", ""233"", ""236"", ""251"", ""252"", ""255"", ""256""]",0.46016822638146165,0.4869262625031512,0.18181818181818185,0.14814814814814817
bioasq_train,bioasq13b_58837ba62305cd7e21000002,0,"[""1"", ""3"", ""4"", ""8""]",,,,"[""1"", ""3"", ""4"", ""8""]","[""1"", ""3"", ""4"", ""8""]",0,0,,
bioasq_train,bioasq13b_58d388958acda34529000006,0.6388010588052488,"[""1"", ""2"", ""3"", ""23"", ""24"", ""25"", ""27"", ""28"", ""72"", ""90"", ""116"", ""175"", ""176"", ""191"", ""196"", ""203"", ""215"", ""216""]",0.2222222222222222,0.14285714285714285,0.17391304347826086,"[""1"", ""2"", ""3"", ""23"", ""24"", ""25"", ""27"", ""28"", ""72"", ""90"", ""116"", ""175"", ""176"", ""191"", ""196"", ""203"", ""215"", ""216""]","[""1"", ""2"", ""3"", ""23"", ""24"", ""25"", ""27"", ""28"", ""72""]",0.6422525608458969,0.4727769933457884,0.17391304347826086,0.16216216216216214
bioasq_train,bioasq13b_588f9b7eed9bbee70d000003,0.2947094185801451,"[""2"", ""12"", ""13"", ""17"", ""26"", ""32"", ""33"", ""39"", ""41"", ""45"", ""46"", ""55"", ""58"", ""67"", ""74"", ""75"", ""76"", ""80"", ""82"", ""88"", ""89"", ""95"", ""96"", ""100"", ""101"", ""111"", ""118"", ""122"", ""126"", ""128"", ""133"", ""136"", ""141"", ""144"", ""153"", ""156"", ""164"", ""168"", ""173"", ""180"", ""182"", ""191"", ""192""]",0.13953488372093023,0.5454545454545454,0.22222222222222218,"[""2"", ""12"", ""13"", ""17"", ""26"", ""32"", ""33"", ""39"", ""41"", ""45"", ""46"", ""55"", ""58"", ""67"", ""74"", ""75"", ""76"", ""80"", ""82"", ""88"", ""89"", ""95"", ""96"", ""100"", ""101"", ""111"", ""118"", ""122"", ""126"", ""128"", ""133"", ""136"", ""141"", ""144"", ""153"", ""156"", ""164"", ""168"", ""173"", ""180"", ""182"", ""191"", ""192""]","[""2"", ""12"", ""13"", ""17"", ""26"", ""33"", ""39"", ""45"", ""46"", ""55"", ""58"", ""67"", ""74"", ""75"", ""76"", ""80"", ""82"", ""88"", ""95"", ""96"", ""100"", ""101"", ""111"", ""118"", ""122"", ""126"", ""133"", ""136"", ""140"", ""141"", ""144"", ""153"", ""156"", ""164"", ""168"", ""173"", ""180"", ""182"", ""191"", ""192""]",0.21577054782934377,0.22588659763249366,0.22222222222222218,0.2352941176470588
bioasq_train,bioasq13b_589a246a78275d0c4a000031,0.10308641975308643,"[""1"", ""2"", ""3"", ""13"", ""22"", ""23"", ""25"", ""26"", ""32""]",0.6666666666666666,0.6,0.631578947,"[""1"", ""2"", ""3"", ""13"", ""22"", ""23"", ""25"", ""26"", ""32""]","[""1"", ""2"", ""3"", ""13"", ""22"", ""23"", ""25"", ""26"", ""32""]",0.077777778,0.077777778,0.631578947,0.631578947
bioasq_train,bioasq13b_58dc2c698acda3452900001f,0.1851851851851852,"[""18"", ""19"", ""25""]",0.3333333333333333,0.3333333333333333,0.3333333333333333,"[""18"", ""19"", ""25""]","[""18"", ""19"", ""25""]",0.16666666666666669,0.16666666666666669,0.3333333333333333,0.3333333333333333
bioasq_train,bioasq13b_58e2467a6fddd3e83e000012,0.2109090909090909,"[""1"", ""4"", ""18"", ""21"", ""22"", ""23"", ""26"", ""28"", ""32"", ""33"", ""34""]",0.18181818181818182,1,0.3076923076923077,"[""1"", ""4"", ""18"", ""21"", ""22"", ""23"", ""26"", ""28"", ""32"", ""33"", ""34""]","[""1"", ""4"", ""18"", ""21"", ""22"", ""23"", ""26"", ""28"", ""32"", ""33"", ""34""]",0.14318181818181816,0.14318181818181816,0.3076923076923077,0.3076923076923077
bioasq_train,bioasq13b_587d016ed673c3eb14000002,0.25,"[""2"", ""16"", ""21""]",0.3333333333333333,0.25,0.28571428571428575,"[""2"", ""16"", ""21""]","[""2"", ""16"", ""21""]",0.175,0.175,0.28571428571428575,0.28571428571428575
bioasq_train,bioasq13b_58dff3f06fddd3e83e000007,0,"[""2"", ""8""]",1,1,1,"[""2"", ""8""]","[""2"", ""8""]",0,0,1,1
bioasq_train,bioasq13b_588fd7cded9bbee70d000009,0.13333333333333333,"[""4"", ""21"", ""24"", ""25"", ""27""]",0.6,0.42857142857142855,0.5,"[""4"", ""21"", ""24"", ""25"", ""27""]","[""4"", ""21"", ""24"", ""25"", ""27""]",0.085714286,0.085714286,0.5,0.5
bioasq_train,bioasq13b_58af14ae717cd3f655000001,0.088888889,"[""25"", ""27"", ""32"", ""33"", ""39"", ""41""]",0.6666666666666666,0.3333333333333333,0.4444444444444444,"[""25"", ""27"", ""32"", ""33"", ""39"", ""41""]","[""25"", ""27"", ""32"", ""33"", ""39"", ""41""]",0.066666667,0.066666667,0.4444444444444444,0.4444444444444444
bioasq_train,bioasq13b_58d131218acda34529000005,0.6642478623261835,"[""4"", ""5"", ""6"", ""8"", ""10"", ""15"", ""22"", ""23"", ""24"", ""25"", ""26"", ""27"", ""28"", ""60"", ""62"", ""75"", ""99"", ""107"", ""117"", ""142"", ""146"", ""154"", ""166"", ""171"", ""174"", ""176"", ""180"", ""184"", ""190"", ""194"", ""196"", ""203"", ""210"", ""212"", ""214"", ""216"", ""218"", ""220"", ""223"", ""224"", ""228"", ""229"", ""233"", ""236"", ""238"", ""240"", ""246"", ""248"", ""249"", ""250"", ""251"", ""252"", ""253"", ""254"", ""256"", ""258"", ""259"", ""260"", ""261"", ""262"", ""264"", ""266"", ""268"", ""270"", ""272"", ""273"", ""274"", ""276"", ""278"", ""280"", ""282"", ""284"", ""286"", ""288"", ""289"", ""290"", ""292"", ""294"", ""295"", ""296"", ""298"", ""300"", ""302"", ""304"", ""306"", ""308"", ""310"", ""311"", ""312"", ""314"", ""316"", ""317"", ""318"", ""320"", ""322"", ""323"", ""324"", ""325"", ""326"", ""328"", ""330"", ""332"", ""334"", ""335"", ""336"", ""338"", ""340"", ""342"", ""344"", ""346"", ""348"", ""350"", ""352"", ""354"", ""356"", ""358"", ""360"", ""362"", ""364""]",,,,"[""4"", ""5"", ""6"", ""8"", ""10"", ""15"", ""22"", ""23"", ""24"", ""25"", ""26"", ""27"", ""28"", ""60"", ""62"", ""75"", ""99"", ""107"", ""117"", ""142"", ""146"", ""154"", ""166"", ""171"", ""174"", ""176"", ""180"", ""184"", ""190"", ""194"", ""196"", ""203"", ""210"", ""212"", ""214"", ""216"", ""218"", ""220"", ""223"", ""224"", ""228"", ""229"", ""233"", ""236"", ""238"", ""240"", ""246"", ""248"", ""249"", ""250"", ""251"", ""252"", ""253"", ""254"", ""256"", ""258"", ""259"", ""260"", ""261"", ""262"", ""264"", ""266"", ""268"", ""270"", ""272"", ""273"", ""274"", ""276"", ""278"", ""280"", ""282"", ""284"", ""286"", ""288"", ""289"", ""290"", ""292"", ""294"", ""295"", ""296"", ""298"", ""300"", ""302"", ""304"", ""306"", ""308"", ""310"", ""311"", ""312"", ""314"", ""316"", ""317"", ""318"", ""320"", ""322"", ""323"", ""324"", ""325"", ""326"", ""328"", ""330"", ""332"", ""334"", ""335"", ""336"", ""338"", ""340"", ""342"", ""344"", ""346"", ""348"", ""350"", ""352"", ""354"", ""356"", ""358"", ""360"", ""362"", ""364""]","[""4"", ""5"", ""6"", ""8"", ""10"", ""15"", ""22"", ""23"", ""24"", ""25"", ""26"", ""27"", ""28"", ""33"", ""42"", ""44"", ""48"", ""49"", ""50"", ""60"", ""62"", ""75"", ""81"", ""99"", ""107"", ""117"", ""122"", ""123"", ""129"", ""130"", ""133"", ""136"", ""142"", ""143"", ""144"", ""146"", ""151"", ""154"", ""166"", ""171"", ""172"", ""173"", ""174"", ""176"", ""180"", ""181"", ""182"", ""184"", ""190"", ""191"", ""194"", ""195"", ""197"", ""198"", ""201"", ""202"", ""203"", ""204"", ""210"", ""211"", ""212"", ""213"", ""214"", ""215"", ""216"", ""217"", ""218"", ""219"", ""220"", ""221"", ""224"", ""225"", ""226"", ""227"", ""228"", ""229"", ""233"", ""234"", ""236"", ""237"", ""238"", ""239"", ""240"", ""241"", ""242"", ""243"", ""244"", ""245"", ""246"", ""247"", ""248"", ""249"", ""250"", ""251"", ""252"", ""253"", ""254"", ""255"", ""256"", ""257"", ""258"", ""259"", ""260"", ""261"", ""262"", ""263"", ""264"", ""265"", ""266"", ""267"", ""268"", ""269"", ""270"", ""271"", ""272"", ""273"", ""274"", ""275"", ""276"", ""277"", ""278"", ""279"", ""280"", ""281"", ""282"", ""283"", ""284"", ""285"", ""286"", ""287"", ""288"", ""289"", ""290"", ""291"", ""292"", ""293"", ""294"", ""295"", ""296"", ""297"", ""298"", ""299"", ""300"", ""301"", ""302"", ""303"", ""304"", ""305"", ""306"", ""307"", ""308"", ""309"", ""310"", ""311"", ""312"", ""313"", ""314"", ""315"", ""316"", ""317"", ""318"", ""319"", ""320"", ""321"", ""322"", ""323"", ""324"", ""325"", ""326"", ""327"", ""328"", ""329"", ""330"", ""331"", ""332"", ""333"", ""334"", ""335"", ""336"", ""337"", ""338"", ""339"", ""340"", ""341"", ""342"", ""343"", ""344"", ""345"", ""346"", ""347"", ""348"", ""349"", ""350"", ""351"", ""352"", ""353"", ""354"", ""355"", ""356"", ""357"", ""358"", ""359"", ""360"", ""361"", ""362"", ""363"", ""364"", ""365""]",0.5279911733351379,0.5408336610750897,,
bioasq_train,bioasq13b_58cdbbd102b8c60953000045,0,"[""10"", ""34"", ""45"", ""57""]",0.5,0.4,0.4444444444444445,"[""10"", ""34"", ""45"", ""57""]","[""10"", ""34"", ""45"", ""57""]",0,0,0.4444444444444445,0.4444444444444445
bioasq_train,bioasq13b_58e2651c6fddd3e83e000013,0.13333333333333333,"[""2"", ""3"", ""10"", ""16""]",0.75,0.75,0.75,"[""2"", ""3"", ""10"", ""16""]","[""2"", ""3"", ""10"", ""16""]",0.1,0.1,0.75,0.75
bioasq_train,bioasq13b_587d13c0d673c3eb14000004,0,"[""1"", ""5"", ""9""]",1,1,1,"[""1"", ""5"", ""9""]","[""1"", ""5"", ""9""]",0,0,1,1
bioasq_train,bioasq13b_588623153b87a8a738000006,0.015384615384615375,"[""1"", ""6"", ""8"", ""24"", ""37"", ""45"", ""66"", ""72"", ""74"", ""75"", ""82"", ""92"", ""94""]",0.23076923076923078,0.75,0.3529411764705882,"[""1"", ""6"", ""8"", ""24"", ""37"", ""45"", ""66"", ""72"", ""74"", ""75"", ""82"", ""92"", ""94""]","[""1"", ""6"", ""8"", ""24"", ""37"", ""45"", ""66"", ""72"", ""74"", ""75"", ""82"", ""92"", ""94""]",0.007692308,0.007692308,0.3529411764705882,0.3529411764705882
bioasq_train,bioasq13b_58af11e67125859353000001,0.2774272356152802,"[""5"", ""12"", ""25"", ""33"", ""35"", ""42"", ""43"", ""44"", ""46"", ""48"", ""53"", ""55"", ""58"", ""59"", ""60"", ""61"", ""62"", ""70"", ""73"", ""74"", ""75"", ""77"", ""87"", ""93"", ""95"", ""102"", ""112"", ""118""]",,,,"[""5"", ""12"", ""25"", ""33"", ""35"", ""42"", ""43"", ""44"", ""46"", ""48"", ""53"", ""55"", ""58"", ""59"", ""60"", ""61"", ""62"", ""70"", ""73"", ""74"", ""75"", ""77"", ""87"", ""93"", ""95"", ""102"", ""112"", ""118""]","[""5"", ""12"", ""25"", ""33"", ""35"", ""42"", ""43"", ""44"", ""46"", ""53"", ""55"", ""58"", ""59"", ""60"", ""70"", ""73"", ""74"", ""75"", ""87"", ""93"", ""95"", ""102"", ""112"", ""118""]",0.21140876287428015,0.20487017787017786,,
bioasq_train,bioasq13b_58965c5578275d0c4a00000f,0.23333333333333334,"[""1"", ""2""]",1,0.5,0.6666666666666666,"[""1"", ""2""]","[""1"", ""2""]",0.15,0.15,0.6666666666666666,0.6666666666666666
bioasq_train,bioasq13b_58946d6e7d9090f353000005,0,"[""1"", ""3"", ""12""]",1,0.3333333333333333,0.5,"[""1"", ""3"", ""12""]","[""1"", ""3"", ""12""]",0,0,0.5,0.5
bioasq_train,bioasq13b_588fa24fed9bbee70d000005,0.18956927452579625,"[""2"", ""8"", ""15"", ""17"", ""21"", ""22"", ""23"", ""25"", ""27"", ""28"", ""29"", ""32"", ""33"", ""34"", ""38"", ""48"", ""54"", ""55"", ""58"", ""59"", ""63"", ""74"", ""76"", ""78""]",,,,"[""2"", ""8"", ""15"", ""17"", ""21"", ""22"", ""23"", ""25"", ""27"", ""28"", ""29"", ""32"", ""33"", ""34"", ""38"", ""48"", ""54"", ""55"", ""58"", ""59"", ""63"", ""74"", ""76"", ""78""]","[""2"", ""8"", ""15"", ""17"", ""21"", ""22"", ""23"", ""25"", ""27"", ""28"", ""33"", ""34"", ""38"", ""48"", ""54"", ""55"", ""58"", ""59"", ""63"", ""74"", ""76"", ""78""]",0.12800000000000003,0.1315909090909091,,
bioasq_train,bioasq13b_58dd0c608acda34529000026,0.3219753086419753,"[""9"", ""12"", ""15"", ""32"", ""40"", ""51"", ""52""]",0.42857142857142855,0.3333333333333333,0.375,"[""9"", ""12"", ""15"", ""32"", ""40"", ""51"", ""52""]","[""9"", ""12"", ""15"", ""32"", ""40"", ""46"", ""51"", ""52""]",0.2561507936507937,0.25555555555555554,0.375,0.35294117647058826
bioasq_train,bioasq13b_58efa66070f9fc6f0f000005,0.095360195,"[""6"", ""10"", ""21"", ""23"", ""25"", ""29"", ""30"", ""90"", ""98"", ""99"", ""100"", ""102"", ""103""]",0.23076923076923078,0.3,0.2608695652173913,"[""6"", ""10"", ""21"", ""23"", ""25"", ""29"", ""30"", ""90"", ""98"", ""99"", ""100"", ""102"", ""103""]","[""6"", ""10"", ""21"", ""23"", ""25"", ""29"", ""30"", ""90"", ""98"", ""99"", ""100"", ""102"", ""103""]",0.068681319,0.068681319,0.2608695652173913,0.2608695652173913
bioasq_train,bioasq13b_58ea521d3e8b6dc87c00000f,0.2491032019618191,"[""2"", ""4"", ""7"", ""8"", ""12"", ""18"", ""23"", ""24"", ""26"", ""46"", ""49"", ""50"", ""58"", ""59""]",0.2857142857142857,0.8,0.4210526315789473,"[""2"", ""4"", ""7"", ""8"", ""12"", ""18"", ""23"", ""24"", ""26"", ""46"", ""49"", ""50"", ""58"", ""59""]","[""2"", ""4"", ""7"", ""8"", ""12"", ""18"", ""23"", ""24"", ""26"", ""46"", ""49"", ""50"", ""58"", ""59""]",0.16786181139122316,0.16786181139122316,0.4210526315789473,0.4210526315789473
bioasq_train,bioasq13b_58eb984aeda5a57672000008,0,"[""8"", ""12"", ""14"", ""18""]",0.75,0.75,0.75,"[""8"", ""12"", ""14"", ""18""]","[""8"", ""12"", ""14"", ""18""]",0,0,0.75,0.75
bioasq_train,bioasq13b_5880a46d3d0145644d000001,0,"[""1"", ""5""]",1,0.3333333333333333,0.5,"[""1"", ""5""]","[""1"", ""5""]",0,0,0.5,0.5
bioasq_train,bioasq13b_58ea6c3eeda5a57672000001,0.13999999999999999,"[""2"", ""60"", ""62""]",0.6666666666666666,0.18181818181818182,0.28571428571428575,"[""2"", ""60"", ""62""]","[""2"", ""60"", ""62""]",0.07,0.07,0.28571428571428575,0.28571428571428575
bioasq_train,bioasq13b_58815f26713cbdfd3d000002,0,"[""1"", ""4"", ""5"", ""6"", ""8""]",0.8,0.8,0.8000000000000002,"[""1"", ""4"", ""5"", ""6"", ""8""]","[""1"", ""4"", ""5"", ""6"", ""8""]",0,0,0.8000000000000002,0.8000000000000002
bioasq_train,bioasq13b_58f3c8f470f9fc6f0f00000c,0.3270594837261504,"[""2"", ""15"", ""16"", ""21"", ""28"", ""36"", ""37"", ""42"", ""53""]",0.7777777777777778,0.7,0.7368421052631577,"[""2"", ""15"", ""16"", ""21"", ""28"", ""36"", ""37"", ""42"", ""53""]","[""2"", ""15"", ""16"", ""21"", ""36"", ""37"", ""53""]",0.2633333333333333,0.26555555555555554,0.7368421052631577,0.7058823529411764
bioasq_train,bioasq13b_5891c2e7621ea6ff7e00000f,0,"[""1"", ""4"", ""5"", ""8"", ""9""]",0.8,0.6666666666666666,0.7272727272727272,"[""1"", ""4"", ""5"", ""8"", ""9""]","[""1"", ""4"", ""5"", ""8"", ""9""]",0,0,0.7272727272727272,0.7272727272727272
bioasq_train,bioasq13b_58dcd0338acda34529000022,0.1332649606252766,"[""1"", ""2"", ""3"", ""5"", ""9"", ""10"", ""17"", ""18"", ""21"", ""22"", ""23"", ""24"", ""25"", ""26"", ""27"", ""28"", ""36"", ""37"", ""40"", ""41"", ""42"", ""48"", ""49"", ""50"", ""57"", ""58"", ""60"", ""61"", ""78"", ""80"", ""81"", ""82"", ""83"", ""84"", ""86"", ""90"", ""92"", ""99"", ""100"", ""101"", ""102"", ""106"", ""108"", ""109"", ""110"", ""111"", ""112"", ""113"", ""114"", ""115"", ""116"", ""118"", ""120"", ""121"", ""122"", ""124"", ""126"", ""127"", ""128"", ""130"", ""131"", ""132"", ""133"", ""135"", ""136"", ""138"", ""140"", ""141"", ""142"", ""143"", ""144"", ""146"", ""148"", ""150"", ""152"", ""154"", ""156"", ""157"", ""158"", ""160"", ""161"", ""162"", ""164"", ""166"", ""167"", ""168"", ""169"", ""170"", ""171"", ""172"", ""173"", ""174"", ""175"", ""176"", ""178"", ""179"", ""182"", ""184"", ""185"", ""186"", ""187"", ""188"", ""189"", ""190"", ""191"", ""192"", ""193"", ""194"", ""196"", ""197"", ""198"", ""199"", ""200"", ""201"", ""202"", ""203"", ""204"", ""205"", ""206"", ""207"", ""208"", ""209"", ""210"", ""211"", ""212"", ""213"", ""214"", ""215"", ""216"", ""217"", ""218"", ""219"", ""220"", ""221"", ""222"", ""223"", ""224"", ""225"", ""226"", ""227"", ""228"", ""229"", ""230"", ""231"", ""232"", ""233"", ""234"", ""235"", ""236"", ""237"", ""238"", ""239"", ""240"", ""241"", ""242"", ""243"", ""244"", ""245"", ""246"", ""247"", ""248"", ""249"", ""250"", ""251"", ""252"", ""253"", ""254"", ""255"", ""256"", ""257"", ""258"", ""259"", ""260"", ""261"", ""262"", ""263"", ""264"", ""265"", ""266"", ""267"", ""268"", ""269"", ""270"", ""271"", ""272"", ""273"", ""274"", ""275"", ""276"", ""277"", ""278"", ""279"", ""280"", ""281"", ""282"", ""283"", ""284"", ""285"", ""286"", ""287"", ""288"", ""289"", ""290"", ""291"", ""292"", ""293"", ""294"", ""295"", ""296"", ""297"", ""298"", ""299"", ""300"", ""301"", ""302"", ""303"", ""304"", ""305"", ""306"", ""307"", ""308"", ""309"", ""310"", ""311"", ""312"", ""313"", ""314"", ""315"", ""316"", ""317"", ""318"", ""319"", ""320"", ""321"", ""322"", ""323"", ""324"", ""325"", ""326"", ""327"", ""328"", ""329"", ""330"", ""331"", ""332"", ""333"", ""334"", ""335"", ""336"", ""337"", ""338"", ""339"", ""340"", ""341"", ""342"", ""343"", ""344"", ""345"", ""346""]",,,,"[""1"", ""2"", ""3"", ""5"", ""9"", ""10"", ""17"", ""18"", ""21"", ""22"", ""23"", ""24"", ""25"", ""26"", ""27"", ""28"", ""36"", ""37"", ""40"", ""41"", ""42"", ""48"", ""49"", ""50"", ""57"", ""58"", ""60"", ""61"", ""78"", ""80"", ""81"", ""82"", ""83"", ""84"", ""86"", ""90"", ""92"", ""99"", ""100"", ""101"", ""102"", ""106"", ""108"", ""109"", ""110"", ""111"", ""112"", ""113"", ""114"", ""115"", ""116"", ""118"", ""120"", ""121"", ""122"", ""124"", ""126"", ""127"", ""128"", ""130"", ""131"", ""132"", ""133"", ""135"", ""136"", ""138"", ""140"", ""141"", ""142"", ""143"", ""144"", ""146"", ""148"", ""150"", ""152"", ""154"", ""156"", ""157"", ""158"", ""160"", ""161"", ""162"", ""164"", ""166"", ""167"", ""168"", ""169"", ""170"", ""171"", ""172"", ""173"", ""174"", ""175"", ""176"", ""178"", ""179"", ""182"", ""184"", ""185"", ""186"", ""187"", ""188"", ""189"", ""190"", ""191"", ""192"", ""193"", ""194"", ""196"", ""197"", ""198"", ""199"", ""200"", ""201"", ""202"", ""203"", ""204"", ""205"", ""206"", ""207"", ""208"", ""209"", ""210"", ""211"", ""212"", ""213"", ""214"", ""215"", ""216"", ""217"", ""218"", ""219"", ""220"", ""221"", ""222"", ""223"", ""224"", ""225"", ""226"", ""227"", ""228"", ""229"", ""230"", ""231"", ""232"", ""233"", ""234"", ""235"", ""236"", ""237"", ""238"", ""239"", ""240"", ""241"", ""242"", ""243"", ""244"", ""245"", ""246"", ""247"", ""248"", ""249"", ""250"", ""251"", ""252"", ""253"", ""254"", ""255"", ""256"", ""257"", ""258"", ""259"", ""260"", ""261"", ""262"", ""263"", ""264"", ""265"", ""266"", ""267"", ""268"", ""269"", ""270"", ""271"", ""272"", ""273"", ""274"", ""275"", ""276"", ""277"", ""278"", ""279"", ""280"", ""281"", ""282"", ""283"", ""284"", ""285"", ""286"", ""287"", ""288"", ""289"", ""290"", ""291"", ""292"", ""293"", ""294"", ""295"", ""296"", ""297"", ""298"", ""299"", ""300"", ""301"", ""302"", ""303"", ""304"", ""305"", ""306"", ""307"", ""308"", ""309"", ""310"", ""311"", ""312"", ""313"", ""314"", ""315"", ""316"", ""317"", ""318"", ""319"", ""320"", ""321"", ""322"", ""323"", ""324"", ""325"", ""326"", ""327"", ""328"", ""329"", ""330"", ""331"", ""332"", ""333"", ""334"", ""335"", ""336"", ""337"", ""338"", ""339"", ""340"", ""341"", ""342"", ""343"", ""344"", ""345"", ""346""]","[""1"", ""2"", ""3"", ""5"", ""9"", ""10"", ""17"", ""18"", ""21"", ""22"", ""23"", ""24"", ""25"", ""26"", ""27"", ""28"", ""36"", ""37"", ""40"", ""41"", ""42"", ""48"", ""49"", ""50"", ""57"", ""58"", ""60"", ""61"", ""78"", ""80"", ""81"", ""82"", ""83"", ""84"", ""86"", ""88"", ""89"", ""90"", ""92"", ""99"", ""100"", ""101"", ""102"", ""106"", ""108"", ""109"", ""110"", ""111"", ""112"", ""113"", ""114"", ""115"", ""116"", ""118"", ""120"", ""121"", ""122"", ""124"", ""126"", ""127"", ""128"", ""130"", ""131"", ""133"", ""135"", ""136"", ""138"", ""140"", ""141"", ""142"", ""144"", ""146"", ""148"", ""150"", ""152"", ""154"", ""156"", ""157"", ""158"", ""160"", ""161"", ""162"", ""164"", ""166"", ""168"", ""169"", ""170"", ""171"", ""172"", ""174"", ""175"", ""176"", ""178"", ""181"", ""182"", ""184"", ""186"", ""187"", ""188"", ""189"", ""190"", ""191"", ""192"", ""193"", ""194"", ""196"", ""197"", ""198"", ""199"", ""200"", ""201"", ""202"", ""203"", ""204"", ""205"", ""206"", ""207"", ""208"", ""209"", ""210"", ""211"", ""212"", ""214"", ""215"", ""216"", ""217"", ""218"", ""219"", ""220"", ""221"", ""222"", ""223"", ""224"", ""225"", ""226"", ""227"", ""228"", ""229"", ""230"", ""231"", ""232"", ""233"", ""234"", ""235"", ""236"", ""237"", ""238"", ""239"", ""240"", ""241"", ""242"", ""243"", ""244"", ""245"", ""246"", ""247"", ""248"", ""250"", ""251"", ""252"", ""253"", ""254"", ""255"", ""256"", ""257"", ""258"", ""259"", ""260"", ""261"", ""262"", ""263"", ""264"", ""265"", ""266"", ""267"", ""268"", ""269"", ""270"", ""271"", ""272"", ""273"", ""274"", ""275"", ""276"", ""277"", ""278"", ""279"", ""280"", ""281"", ""282"", ""283"", ""284"", ""285"", ""286"", ""287"", ""288"", ""289"", ""290"", ""291"", ""292"", ""293"", ""294"", ""295"", ""296"", ""297"", ""298"", ""299"", ""300"", ""301"", ""302"", ""303"", ""304"", ""305"", ""306"", ""307"", ""308"", ""309"", ""310"", ""311"", ""312"", ""313"", ""314"", ""315"", ""316"", ""317"", ""318"", ""319"", ""320"", ""321"", ""322"", ""323"", ""324"", ""325"", ""326"", ""327"", ""328"", ""329"", ""330"", ""331"", ""332"", ""333"", ""334"", ""335"", ""336"", ""337"", ""338"", ""339"", ""340"", ""341"", ""342"", ""343"", ""344"", ""345"", ""346""]",0.089400692,0.097948447,,
bioasq_train,bioasq13b_5880b036c872c95565000002,0,"[""8"", ""9""]",1,0.4,0.5714285714285715,"[""8"", ""9""]","[""8"", ""9""]",0,0,0.5714285714285715,0.5714285714285715
bioasq_train,bioasq13b_58f4c09f70f9fc6f0f000017,0.3537518664909969,"[""1"", ""10"", ""17"", ""18"", ""33"", ""34"", ""37"", ""38"", ""42"", ""43""]",0.4,0.2222222222222222,0.2857142857142857,"[""1"", ""10"", ""17"", ""18"", ""33"", ""34"", ""37"", ""38"", ""42"", ""43""]","[""1"", ""10"", ""17"", ""18"", ""33"", ""34"", ""37"", ""38"", ""42"", ""43""]",0.255764163,0.255764163,0.2857142857142857,0.2857142857142857
bioasq_train,bioasq13b_58f4b3ee70f9fc6f0f000013,0.5234172714892297,"[""2"", ""4"", ""5"", ""7"", ""10"", ""11"", ""22"", ""23"", ""24"", ""27"", ""28"", ""29"", ""35"", ""37"", ""42"", ""43"", ""50"", ""52"", ""53"", ""54"", ""55"", ""60"", ""61"", ""62"", ""66"", ""78"", ""79"", ""84"", ""85"", ""93"", ""99"", ""117"", ""118"", ""120"", ""122"", ""126"", ""127"", ""128"", ""133"", ""135"", ""137"", ""146"", ""157"", ""158"", ""164"", ""165"", ""171"", ""172"", ""174"", ""177"", ""178"", ""180"", ""182"", ""184"", ""186"", ""190"", ""193"", ""194"", ""195"", ""196"", ""197""]",,,,"[""2"", ""4"", ""5"", ""7"", ""10"", ""11"", ""22"", ""23"", ""24"", ""27"", ""28"", ""29"", ""35"", ""37"", ""42"", ""43"", ""50"", ""52"", ""53"", ""54"", ""55"", ""60"", ""61"", ""62"", ""66"", ""78"", ""79"", ""84"", ""85"", ""93"", ""99"", ""117"", ""118"", ""120"", ""122"", ""126"", ""127"", ""128"", ""133"", ""135"", ""137"", ""146"", ""157"", ""158"", ""164"", ""165"", ""171"", ""172"", ""174"", ""177"", ""178"", ""180"", ""182"", ""184"", ""186"", ""190"", ""193"", ""194"", ""195"", ""196"", ""197""]","[""2"", ""4"", ""5"", ""7"", ""10"", ""11"", ""22"", ""23"", ""28"", ""29"", ""37"", ""42"", ""43"", ""53"", ""54"", ""55"", ""61"", ""62"", ""66"", ""78"", ""79"", ""84"", ""85"", ""93"", ""117"", ""118"", ""120"", ""122"", ""126"", ""128"", ""133"", ""135"", ""137"", ""146"", ""157"", ""158"", ""164"", ""165"", ""171"", ""177"", ""178"", ""180"", ""182"", ""184"", ""186"", ""190"", ""193"", ""194"", ""196""]",0.3943522544646302,0.4271969976621139,,
bioasq_train,bioasq13b_58edfaf4eda5a57672000012,0.2575484682854614,"[""4"", ""5"", ""8"", ""21"", ""22"", ""24"", ""25"", ""36"", ""38"", ""40"", ""41"", ""42"", ""59"", ""63"", ""75"", ""82"", ""86"", ""87"", ""93"", ""106"", ""109"", ""110"", ""113"", ""118"", ""132"", ""134"", ""137"", ""138"", ""141"", ""146"", ""150"", ""152""]",0.34375,0.4782608695652174,0.4,"[""4"", ""5"", ""8"", ""21"", ""22"", ""24"", ""25"", ""36"", ""38"", ""40"", ""41"", ""42"", ""59"", ""63"", ""75"", ""82"", ""86"", ""87"", ""93"", ""106"", ""109"", ""110"", ""113"", ""118"", ""132"", ""134"", ""137"", ""138"", ""141"", ""146"", ""150"", ""152""]","[""4"", ""5"", ""8"", ""22"", ""24"", ""25"", ""36"", ""38"", ""40"", ""41"", ""42"", ""59"", ""63"", ""75"", ""82"", ""86"", ""87"", ""93"", ""106"", ""108"", ""110"", ""113"", ""118"", ""132"", ""134"", ""137"", ""138"", ""141"", ""146"", ""150"", ""152""]",0.17208120568801685,0.18231672077260314,0.4,0.33333333333333337
bioasq_train,bioasq13b_5916f14070f9fc6f0f00001f,0,"[""2"", ""5"", ""8"", ""9"", ""11"", ""14"", ""15""]",0.7142857142857143,0.7142857142857143,0.7142857142857143,"[""2"", ""5"", ""8"", ""9"", ""11"", ""14"", ""15""]","[""2"", ""5"", ""8"", ""9"", ""11"", ""14"", ""15""]",0,0,0.7142857142857143,0.7142857142857143
bioasq_train,bioasq13b_59d09a0cbc32f93e6d000001,0.44993021395910976,"[""3"", ""11"", ""30"", ""33"", ""36"", ""37"", ""76"", ""77"", ""86"", ""95"", ""96""]",0.36363636363636365,0.25,0.2962962962962963,"[""3"", ""11"", ""30"", ""33"", ""36"", ""37"", ""76"", ""77"", ""86"", ""95"", ""96""]","[""3"", ""11"", ""30"", ""33"", ""36"", ""37"", ""76"", ""77"", ""95"", ""96""]",0.3485691269514799,0.3454716117216117,0.2962962962962963,0.3076923076923077
bioasq_train,bioasq13b_5a7345792dc08e987e000019,0,"[""28"", ""29"", ""45""]",0.6666666666666666,0.5,0.5714285714285715,"[""28"", ""29"", ""45""]","[""28"", ""29"", ""45""]",0,0,0.5714285714285715,0.5714285714285715
bioasq_train,bioasq13b_5a6e3299b750ff4455000040,0,"[""1"", ""3"", ""4"", ""6""]",0.75,1,0.8571428571428571,"[""1"", ""3"", ""4"", ""6""]","[""1"", ""3"", ""4"", ""6""]",0,0,0.8571428571428571,0.8571428571428571
bioasq_train,bioasq13b_5a855585faa1ab7d2e000029,0.13333333333333333,"[""1"", ""5"", ""6"", ""23""]",,,,"[""1"", ""5"", ""6"", ""23""]","[""1"", ""5"", ""6"", ""23""]",0.1,0.1,,
bioasq_train,bioasq13b_5a82fc89faa1ab7d2e000028,0.040537241,"[""10"", ""12"", ""13"", ""22"", ""25"", ""26"", ""27"", ""30"", ""68"", ""69"", ""70"", ""72"", ""73""]",0.6153846153846154,0.36363636363636365,0.4571428571428572,"[""10"", ""12"", ""13"", ""22"", ""25"", ""26"", ""27"", ""30"", ""68"", ""69"", ""70"", ""72"", ""73""]","[""10"", ""12"", ""13"", ""22"", ""25"", ""26"", ""27"", ""30"", ""68"", ""69"", ""70"", ""72"", ""73""]",0.021978021978021966,0.021978021978021966,0.4571428571428572,0.4571428571428572
bioasq_train,bioasq13b_58ee217feda5a57672000015,0,"[""1"", ""2"", ""4"", ""5"", ""8"", ""13"", ""16"", ""26"", ""29"", ""33"", ""35"", ""37"", ""38"", ""44""]",0.6428571428571429,0.6923076923076923,0.6666666666666666,"[""1"", ""2"", ""4"", ""5"", ""8"", ""13"", ""16"", ""26"", ""29"", ""33"", ""35"", ""37"", ""38"", ""44""]","[""1"", ""2"", ""4"", ""5"", ""8"", ""13"", ""16"", ""26"", ""29"", ""33"", ""35"", ""37"", ""38"", ""44""]",0,0,0.6666666666666666,0.6666666666666666
bioasq_train,bioasq13b_5a859184faa1ab7d2e000031,0.27126984126984127,"[""2"", ""11"", ""28"", ""38"", ""51"", ""62"", ""63"", ""71"", ""73"", ""80"", ""96"", ""100"", ""110"", ""113""]",,,,"[""2"", ""11"", ""28"", ""38"", ""51"", ""62"", ""63"", ""71"", ""73"", ""80"", ""96"", ""100"", ""110"", ""113""]","[""2"", ""11"", ""28"", ""38"", ""51"", ""62"", ""63"", ""71"", ""73"", ""80"", ""96"", ""100"", ""110"", ""113""]",0.17857142857142855,0.17857142857142855,,
bioasq_train,bioasq13b_5a774240faa1ab7d2e000003,0,"[""3"", ""21""]",1,1,1,"[""3"", ""21""]","[""3"", ""21""]",0,0,1,1
bioasq_train,bioasq13b_5a87e95461bb38fb2400000c,0.15407407407407406,"[""2"", ""11"", ""12"", ""23"", ""26""]",0.6,0.6,0.6,"[""2"", ""11"", ""12"", ""23"", ""26""]","[""2"", ""11"", ""12"", ""23"", ""26""]",0.10666666666666665,0.10666666666666665,0.6,0.6
bioasq_train,bioasq13b_5a6f8baeb750ff4455000057,0.14158730158730157,"[""4"", ""17"", ""33"", ""77""]",,,,"[""4"", ""17"", ""33"", ""77""]","[""4"", ""17"", ""33"", ""77""]",0.082857143,0.082857143,,
bioasq_train,bioasq13b_5a886da58cb19eca6b000004,0.043545752,"[""1"", ""5"", ""6"", ""9"", ""10"", ""16"", ""19"", ""20"", ""22"", ""25"", ""26"", ""27"", ""30"", ""31"", ""40"", ""42""]",0.1875,0.5,0.2727272727272727,"[""1"", ""5"", ""6"", ""9"", ""10"", ""16"", ""19"", ""20"", ""22"", ""25"", ""26"", ""27"", ""30"", ""31"", ""40"", ""42""]","[""1"", ""5"", ""6"", ""9"", ""10"", ""16"", ""19"", ""20"", ""22"", ""25"", ""26"", ""27"", ""30"", ""31"", ""40"", ""42""]",0.029779411764705888,0.029779411764705888,0.2727272727272727,0.2727272727272727
bioasq_train,bioasq13b_5a43a933966455904c00000b,0.2543071743071743,"[""1"", ""6"", ""23"", ""25"", ""51"", ""66"", ""78"", ""80"", ""82"", ""84"", ""85"", ""90""]",0.6666666666666666,0.4444444444444444,0.5333333333333333,"[""1"", ""6"", ""23"", ""25"", ""51"", ""66"", ""78"", ""80"", ""82"", ""84"", ""85"", ""90""]","[""1"", ""6"", ""23"", ""51"", ""66"", ""78"", ""80"", ""82"", ""84"", ""85"", ""90""]",0.18012820512820513,0.17884615384615382,0.5333333333333333,0.5517241379310345
bioasq_train,bioasq13b_5a003e0a966455904c000001,0.19893705,"[""1"", ""2"", ""3"", ""6"", ""8"", ""9"", ""10"", ""18"", ""30"", ""36"", ""48"", ""49"", ""50"", ""53"", ""56"", ""63""]",,,,"[""1"", ""2"", ""3"", ""6"", ""8"", ""9"", ""10"", ""18"", ""30"", ""36"", ""48"", ""49"", ""50"", ""53"", ""56"", ""63""]","[""1"", ""2"", ""3"", ""6"", ""8"", ""9"", ""10"", ""18"", ""30"", ""36"", ""48"", ""49"", ""50"", ""53"", ""56"", ""63""]",0.1167919799498747,0.1167919799498747,,
bioasq_train,bioasq13b_58ede257eda5a57672000010,0.068498168,"[""1"", ""8"", ""12"", ""13"", ""34"", ""36"", ""38"", ""56"", ""59"", ""61"", ""62"", ""65"", ""67""]",0.6923076923076923,0.42857142857142855,0.5294117647058824,"[""1"", ""8"", ""12"", ""13"", ""34"", ""36"", ""38"", ""56"", ""59"", ""61"", ""62"", ""65"", ""67""]","[""1"", ""8"", ""12"", ""13"", ""34"", ""36"", ""38"", ""56"", ""59"", ""61"", ""62"", ""65"", ""67""]",0.037912088,0.037912088,0.5294117647058824,0.5294117647058824
bioasq_train,bioasq13b_5a76039b83b0d9ea66000010,0,"[""1"", ""3"", ""6"", ""9"", ""13"", ""14""]",0.6666666666666666,0.6666666666666666,0.6666666666666666,"[""1"", ""3"", ""6"", ""9"", ""13"", ""14""]","[""1"", ""3"", ""6"", ""9"", ""13"", ""14""]",0,0,0.6666666666666666,0.6666666666666666
bioasq_train,bioasq13b_5a6e5df6b750ff445500004e,0,"[""1"", ""4""]",1,0.5,0.6666666666666666,"[""1"", ""4""]","[""1"", ""4""]",0,0,0.6666666666666666,0.6666666666666666
bioasq_train,bioasq13b_5a37df1c966455904c000004,0.022222222222222233,"[""8"", ""22"", ""26"", ""32"", ""35"", ""52"", ""53"", ""57""]",,,,"[""8"", ""22"", ""26"", ""32"", ""35"", ""52"", ""53"", ""57""]","[""8"", ""22"", ""26"", ""32"", ""35"", ""52"", ""53"", ""57""]",0.011111111111111117,0.011111111111111117,,
bioasq_train,bioasq13b_5a774585faa1ab7d2e000005,0.066666667,"[""7"", ""12""]",1,0.6666666666666666,0.8,"[""7"", ""12""]","[""7"", ""12""]",0.033333333,0.033333333,0.8,0.8
bioasq_train,bioasq13b_5a74e6eb0384be9551000009,0.044444444444444446,"[""2"", ""6"", ""13"", ""14"", ""53"", ""74"", ""100""]",1,0.2692307692307692,0.42424242424242425,"[""2"", ""6"", ""13"", ""14"", ""53"", ""74"", ""100""]","[""2"", ""6"", ""13"", ""14"", ""53"", ""74"", ""100""]",0.022222222,0.022222222,0.42424242424242425,0.42424242424242425
bioasq_train,bioasq13b_5a897729fcd1d6a10c000009,0,"[""2""]",1,0.5,0.6666666666666666,"[""2""]","[""2""]",0,0,0.6666666666666666,0.6666666666666666
bioasq_train,bioasq13b_5a774431faa1ab7d2e000004,0,"[""5"", ""7"", ""9""]",0.3333333333333333,1,0.5,"[""5"", ""7"", ""9""]","[""5"", ""7"", ""9""]",0,0,0.5,0.5
bioasq_train,bioasq13b_5a67c8c4b750ff4455000013,0,"[""4"", ""6"", ""9""]",1,0.3333333333333333,0.5,"[""4"", ""6"", ""9""]","[""4"", ""6"", ""9""]",0,0,0.5,0.5
bioasq_train,bioasq13b_5a7d535ffaa1ab7d2e000018,0,"[""3""]",1,1,1,"[""3""]","[""3""]",0,0,1,1
bioasq_train,bioasq13b_5a76dd749e632bc066000008,0,"[""6"", ""8"", ""9""]",1,0.75,0.8571428571428571,"[""6"", ""8"", ""9""]","[""6"", ""8"", ""9""]",0,0,0.8571428571428571,0.8571428571428571
bioasq_train,bioasq13b_5a760a4183b0d9ea66000016,0.066666667,"[""2"", ""18""]",1,0.25,0.4,"[""2"", ""18""]","[""2"", ""18""]",0.033333333,0.033333333,0.4,0.4
bioasq_train,bioasq13b_5a6e1db0b750ff4455000039,0,"[""1"", ""5"", ""8"", ""12""]",0.25,1,0.4,"[""1"", ""5"", ""8"", ""12""]","[""1"", ""5"", ""8"", ""12""]",0,0,0.4,0.4
bioasq_train,bioasq13b_5a74d9980384be9551000008,0.17037037037037037,"[""2"", ""34"", ""35"", ""127"", ""128"", ""136""]",,,,"[""2"", ""34"", ""35"", ""127"", ""128"", ""136""]","[""2"", ""34"", ""35"", ""127"", ""128"", ""136""]",0.10666666666666669,0.10666666666666669,,
bioasq_train,bioasq13b_5a8aa253fcd1d6a10c00001b,0,"[""10"", ""13"", ""14"", ""16"", ""17"", ""20""]",0.3333333333333333,0.5,0.4,"[""10"", ""13"", ""14"", ""16"", ""17"", ""20""]","[""10"", ""13"", ""14"", ""16"", ""17"", ""20""]",0,0,0.4,0.4
bioasq_train,bioasq13b_5a895a96fcd1d6a10c000003,0,"[""4"", ""6"", ""10"", ""58"", ""59"", ""83"", ""86"", ""89"", ""90"", ""92""]",0.5,0.35714285714285715,0.41666666666666663,"[""4"", ""6"", ""10"", ""58"", ""59"", ""83"", ""86"", ""89"", ""90"", ""92""]","[""4"", ""6"", ""10"", ""58"", ""59"", ""83"", ""86"", ""89"", ""90"", ""92""]",0,0,0.41666666666666663,0.41666666666666663
bioasq_train,bioasq13b_5a89528dfcd1d6a10c000001,0,"[""16"", ""55""]",,,,"[""16"", ""55""]","[""16"", ""55""]",0,0,,
bioasq_train,bioasq13b_5a6d13fbb750ff445500002f,0,"[""3""]",1,0.25,0.4,"[""3""]","[""3""]",0,0,0.4,0.4
bioasq_train,bioasq13b_5a87124561bb38fb24000001,0,"[""2"", ""15"", ""22"", ""25"", ""28""]",0.6,0.6,0.6,"[""2"", ""15"", ""22"", ""25"", ""28""]","[""2"", ""15"", ""22"", ""25"", ""28""]",0,0,0.6,0.6
bioasq_train,bioasq13b_5a7361d83b9d13c708000005,0,"[""2"", ""9"", ""36""]",1,0.5,0.6666666666666666,"[""2"", ""9"", ""36""]","[""2"", ""9"", ""36""]",0,0,0.6666666666666666,0.6666666666666666
bioasq_train,bioasq13b_5a67b152b750ff445500000e,0.279006239,"[""2"", ""15"", ""18"", ""31"", ""37"", ""81"", ""110"", ""112"", ""113"", ""117"", ""139""]",0.6363636363636364,0.3888888888888889,0.4827586206896552,"[""2"", ""15"", ""18"", ""31"", ""37"", ""81"", ""110"", ""112"", ""113"", ""117"", ""139""]","[""2"", ""15"", ""18"", ""31"", ""37"", ""81"", ""110"", ""112"", ""113"", ""117"", ""118"", ""139""]",0.22594696969696967,0.22205882352941178,0.4827586206896552,0.4666666666666666
bioasq_train,bioasq13b_5a6f8dc6b750ff4455000058,0.1666228069977835,"[""3"", ""14"", ""21"", ""22"", ""24"", ""28"", ""48"", ""51"", ""53"", ""56"", ""57"", ""59"", ""60"", ""77"", ""82"", ""86"", ""87"", ""94"", ""111"", ""117"", ""124"", ""127"", ""137"", ""146"", ""155"", ""159"", ""161"", ""174"", ""184"", ""187"", ""199"", ""201""]",,,,"[""3"", ""14"", ""21"", ""22"", ""24"", ""28"", ""48"", ""51"", ""53"", ""56"", ""57"", ""59"", ""60"", ""77"", ""82"", ""86"", ""87"", ""94"", ""111"", ""117"", ""124"", ""127"", ""137"", ""146"", ""155"", ""159"", ""161"", ""174"", ""184"", ""187"", ""199"", ""201""]","[""3"", ""14"", ""21"", ""22"", ""24"", ""28"", ""48"", ""51"", ""53"", ""56"", ""57"", ""59"", ""60"", ""77"", ""82"", ""86"", ""87"", ""94"", ""111"", ""117"", ""124"", ""127"", ""137"", ""146"", ""155"", ""159"", ""161"", ""174"", ""184"", ""187"", ""188"", ""199"", ""201""]",0.10206398265221792,0.1065052611647039,,
bioasq_train,bioasq13b_5a7610ca83b0d9ea6600001b,0.10441572192916279,"[""5"", ""18"", ""24"", ""25"", ""27"", ""29"", ""30"", ""31"", ""35"", ""36"", ""37"", ""38"", ""39"", ""40"", ""49"", ""57"", ""60"", ""62"", ""75"", ""79"", ""80"", ""81"", ""91"", ""92"", ""93"", ""96"", ""102"", ""106"", ""113"", ""114""]",,,,"[""5"", ""18"", ""24"", ""25"", ""27"", ""29"", ""30"", ""31"", ""35"", ""36"", ""37"", ""38"", ""39"", ""40"", ""49"", ""57"", ""60"", ""62"", ""75"", ""79"", ""80"", ""81"", ""91"", ""92"", ""93"", ""96"", ""102"", ""106"", ""113"", ""114""]","[""5"", ""18"", ""24"", ""25"", ""27"", ""29"", ""30"", ""31"", ""35"", ""36"", ""37"", ""38"", ""39"", ""40"", ""49"", ""57"", ""60"", ""62"", ""75"", ""79"", ""80"", ""81"", ""91"", ""92"", ""93"", ""96"", ""102"", ""106"", ""113"", ""114""]",0.061400089605734766,0.061400089605734766,,
bioasq_train,bioasq13b_5a7602be83b0d9ea6600000f,0.19668476747424116,"[""2"", ""3"", ""11"", ""12"", ""18"", ""19"", ""42"", ""43"", ""44"", ""46"", ""56"", ""62"", ""69"", ""70"", ""72""]",,,,"[""2"", ""3"", ""11"", ""12"", ""18"", ""19"", ""42"", ""43"", ""44"", ""46"", ""56"", ""62"", ""69"", ""70"", ""72""]","[""2"", ""3"", ""11"", ""12"", ""18"", ""19"", ""42"", ""43"", ""44"", ""46"", ""56"", ""62"", ""69"", ""70"", ""72""]",0.12625000000000003,0.12625000000000003,,
bioasq_train,bioasq13b_5a6e4592b750ff4455000047,0,"[""1"", ""3"", ""16"", ""17""]",1,0.5714285714285714,0.7272727272727273,"[""1"", ""3"", ""16"", ""17""]","[""1"", ""3"", ""16"", ""17""]",0,0,0.7272727272727273,0.7272727272727273
bioasq_train,bioasq13b_5a6a7869b750ff4455000028,0,"[""1"", ""2"", ""3""]",1,0.42857142857142855,0.6,"[""1"", ""2"", ""3""]","[""1"", ""2"", ""3""]",0,0,0.6,0.6
bioasq_train,bioasq13b_5a6cfe27b750ff4455000029,0,"[""3""]",1,0.16666666666666666,0.2857142857142857,"[""3""]","[""3""]",0,0,0.2857142857142857,0.2857142857142857
bioasq_train,bioasq13b_5a6fa417b750ff445500005f,0,"[""1"", ""4"", ""5"", ""6"", ""8"", ""9"", ""10""]",1,0.875,0.9333333333333333,"[""1"", ""4"", ""5"", ""6"", ""8"", ""9"", ""10""]","[""1"", ""4"", ""5"", ""6"", ""8"", ""9"", ""10""]",0,0,0.9333333333333333,0.9333333333333333
bioasq_train,bioasq13b_5a87140a61bb38fb24000003,0.3363237975346155,"[""2"", ""14"", ""21"", ""34"", ""46"", ""47"", ""48"", ""55"", ""75"", ""90"", ""100"", ""122"", ""148"", ""180"", ""182"", ""206"", ""220""]",,,,"[""2"", ""14"", ""21"", ""34"", ""46"", ""47"", ""48"", ""55"", ""75"", ""90"", ""100"", ""122"", ""148"", ""180"", ""182"", ""206"", ""220""]","[""2"", ""14"", ""21"", ""34"", ""46"", ""47"", ""48"", ""55"", ""75"", ""90"", ""100"", ""122"", ""148"", ""180"", ""206""]",0.24638446655272608,0.24793590943762567,,
bioasq_train,bioasq13b_5a77072c9e632bc06600000a,0,"[""2"", ""10"", ""14"", ""176""]",0.75,0.17647058823529413,0.2857142857142857,"[""2"", ""10"", ""14"", ""176""]","[""2"", ""10"", ""14"", ""176""]",0,0,0.2857142857142857,0.2857142857142857
bioasq_train,bioasq13b_5a897601fcd1d6a10c000008,0.43082818086966157,"[""4"", ""5"", ""6"", ""7"", ""31"", ""35"", ""36"", ""37"", ""40"", ""44"", ""47"", ""50"", ""55"", ""61"", ""62"", ""76"", ""84"", ""88"", ""90"", ""94"", ""106"", ""115"", ""116"", ""120"", ""122"", ""156"", ""159"", ""166"", ""176"", ""180"", ""195"", ""199"", ""201"", ""210"", ""211"", ""214"", ""217"", ""219"", ""223"", ""228"", ""229"", ""233"", ""256"", ""261"", ""265"", ""275"", ""277"", ""280"", ""285"", ""293"", ""299"", ""306""]",,,,"[""4"", ""5"", ""6"", ""7"", ""31"", ""35"", ""36"", ""37"", ""40"", ""44"", ""47"", ""50"", ""55"", ""61"", ""62"", ""76"", ""84"", ""88"", ""90"", ""94"", ""106"", ""115"", ""116"", ""120"", ""122"", ""156"", ""159"", ""166"", ""176"", ""180"", ""195"", ""199"", ""201"", ""210"", ""211"", ""214"", ""217"", ""219"", ""223"", ""228"", ""229"", ""233"", ""256"", ""261"", ""265"", ""275"", ""277"", ""280"", ""285"", ""293"", ""299"", ""306""]","[""4"", ""5"", ""6"", ""7"", ""31"", ""35"", ""36"", ""37"", ""40"", ""44"", ""47"", ""50"", ""55"", ""61"", ""62"", ""76"", ""90"", ""94"", ""106"", ""115"", ""116"", ""120"", ""122"", ""156"", ""159"", ""166"", ""176"", ""180"", ""181"", ""187"", ""190"", ""195"", ""199"", ""201"", ""210"", ""211"", ""214"", ""219"", ""223"", ""228"", ""229"", ""233"", ""256"", ""261"", ""275"", ""277"", ""280"", ""285"", ""299"", ""306""]",0.301241483,0.33362436371745796,,
bioasq_train,bioasq13b_5a6f940bb750ff445500005a,0,"[""2"", ""3""]",1,0.6666666666666666,0.8,"[""2"", ""3""]","[""2"", ""3""]",0,0,0.8,0.8
bioasq_train,bioasq13b_5aa4f47cd6d6b54f7900000a,0,"[""1"", ""5"", ""14"", ""33"", ""36""]",0.6,0.75,0.6666666666666665,"[""1"", ""5"", ""14"", ""33"", ""36""]","[""1"", ""5"", ""14"", ""33"", ""36""]",0,0,0.6666666666666665,0.6666666666666665
bioasq_train,bioasq13b_5a9924ea1d1251d03b000008,0,"[""1"", ""2"", ""6"", ""7"", ""10"", ""11"", ""18"", ""20""]",0.75,0.6666666666666666,0.7058823529411765,"[""1"", ""2"", ""6"", ""7"", ""10"", ""11"", ""18"", ""20""]","[""1"", ""2"", ""6"", ""7"", ""10"", ""11"", ""18"", ""20""]",0,0,0.7058823529411765,0.7058823529411765
bioasq_train,bioasq13b_5a9d7caa1d1251d03b00001e,0.13741863075196412,"[""12"", ""14"", ""15"", ""27"", ""41"", ""45"", ""46"", ""50""]",0.5,0.36363636363636365,0.4210526315789474,"[""12"", ""14"", ""15"", ""27"", ""41"", ""45"", ""46"", ""50""]","[""12"", ""14"", ""15"", ""27"", ""41"", ""45"", ""46"", ""50""]",0.091717172,0.091717172,0.4210526315789474,0.4210526315789474
bioasq_train,bioasq13b_5aa38f75d6d6b54f79000005,0,"[""7"", ""8""]",1,0.5,0.6666666666666666,"[""7"", ""8""]","[""7"", ""8""]",0,0,0.6666666666666666,0.6666666666666666
bioasq_train,bioasq13b_5a9929ed1d1251d03b000009,0,"[""2""]",1,0.5,0.6666666666666666,"[""2""]","[""2""]",0,0,0.6666666666666666,0.6666666666666666
bioasq_train,bioasq13b_5a775182faa1ab7d2e000009,0,"[""1"", ""6""]",0.5,1,0.6666666666666666,"[""1"", ""6""]","[""1"", ""6""]",0,0,0.6666666666666666,0.6666666666666666
bioasq_train,bioasq13b_5aa0495bd6d6b54f79000002,0,"[""4"", ""13"", ""24"", ""31""]",1,1,1,"[""4"", ""13"", ""24"", ""31""]","[""4"", ""13"", ""24"", ""31""]",0,0,1,1
bioasq_train,bioasq13b_5aacd83ffcf4565872000008,0,"[""6"", ""7"", ""8"", ""16"", ""21"", ""22"", ""27""]",0.7142857142857143,0.625,0.6666666666666666,"[""6"", ""7"", ""8"", ""16"", ""21"", ""22"", ""27""]","[""6"", ""7"", ""8"", ""16"", ""21"", ""22"", ""27""]",0,0,0.6666666666666666,0.6666666666666666
bioasq_train,bioasq13b_5a9d8ffe1d1251d03b000022,0.15037037037037038,"[""5"", ""12"", ""37"", ""44"", ""53"", ""67"", ""69"", ""70"", ""72""]",0.5555555555555556,0.5,0.5263157894736842,"[""5"", ""12"", ""37"", ""44"", ""53"", ""67"", ""69"", ""70"", ""72""]","[""5"", ""12"", ""37"", ""44"", ""53"", ""67"", ""69"", ""70"", ""72""]",0.10444444444444445,0.10444444444444445,0.5263157894736842,0.5263157894736842
bioasq_train,bioasq13b_5aad547efcf456587200000b,0,"[""6"", ""10"", ""13"", ""23"", ""28"", ""37"", ""47"", ""48""]",0.625,0.8333333333333334,0.7142857142857143,"[""6"", ""10"", ""13"", ""23"", ""28"", ""37"", ""47"", ""48""]","[""6"", ""10"", ""13"", ""23"", ""28"", ""37"", ""47"", ""48""]",0,0,0.7142857142857143,0.7142857142857143
bioasq_train,bioasq13b_5aa393b3d6d6b54f79000006,0.21481481481481485,"[""3""]",1,0.3333333333333333,0.5,"[""3""]","[""3""]",0.11666666666666667,0.11666666666666667,0.5,0.5
bioasq_train,bioasq13b_5aa82388fcf4565872000001,0.23001122334455668,"[""5"", ""9"", ""11"", ""16"", ""30"", ""31"", ""37"", ""47"", ""48""]",0.1111111111111111,0.2,0.14285714285714285,"[""5"", ""9"", ""11"", ""16"", ""30"", ""31"", ""37"", ""47"", ""48""]","[""5"", ""9"", ""11"", ""16"", ""30"", ""31"", ""37"", ""47"", ""48""]",0.1613131313131313,0.1613131313131313,0.14285714285714285,0.14285714285714285
bioasq_train,bioasq13b_5a76420c9e632bc066000007,0,"[""1"", ""2""]",1,0.5,0.6666666666666666,"[""1"", ""2""]","[""1"", ""2""]",0,0,0.6666666666666666,0.6666666666666666
bioasq_train,bioasq13b_5a9d2a8f1d1251d03b000019,0,"[""9"", ""16""]",1,0.4,0.5714285714285715,"[""9"", ""16""]","[""9"", ""16""]",0,0,0.5714285714285715,0.5714285714285715
bioasq_train,bioasq13b_5a9acc7b1d1251d03b000015,0,"[""2"", ""9""]",1,0.5,0.6666666666666666,"[""2"", ""9""]","[""2"", ""9""]",0,0,0.6666666666666666,0.6666666666666666
bioasq_train,bioasq13b_5a7376e33b9d13c708000009,0.023333333333333355,"[""2"", ""3"", ""4"", ""5"", ""10"", ""19"", ""20"", ""28"", ""34"", ""35"", ""54"", ""55"", ""62"", ""63"", ""70"", ""71"", ""72"", ""77"", ""80""]",0.47368421052631576,0.8181818181818182,0.6,"[""2"", ""3"", ""4"", ""5"", ""10"", ""19"", ""20"", ""28"", ""34"", ""35"", ""54"", ""55"", ""62"", ""63"", ""70"", ""71"", ""72"", ""77"", ""80""]","[""2"", ""3"", ""4"", ""5"", ""10"", ""19"", ""20"", ""28"", ""34"", ""35"", ""54"", ""55"", ""62"", ""63"", ""70"", ""71"", ""72"", ""77"", ""80""]",0.015000000000000013,0.015000000000000013,0.6,0.6
bioasq_train,bioasq13b_5ab908d4fcf456587200001a,0.13333333333333333,"[""2"", ""6"", ""7""]",1,0.75,0.8571428571428571,"[""2"", ""6"", ""7""]","[""2"", ""6"", ""7""]",0.1,0.1,0.8571428571428571,0.8571428571428571
bioasq_train,bioasq13b_5ad3aa47133db5eb78000004,0,"[""2"", ""11""]",1,0.6666666666666666,0.8,"[""2"", ""11""]","[""2"", ""11""]",0,0,0.8,0.8
bioasq_train,bioasq13b_5ace3e3f0340b9f058000012,0.2665338269243673,"[""2"", ""7"", ""10"", ""12"", ""13"", ""15"", ""16"", ""19"", ""25"", ""28"", ""29"", ""31"", ""35"", ""37"", ""39"", ""46"", ""47"", ""51"", ""52"", ""53"", ""56"", ""57"", ""58"", ""59"", ""60"", ""62"", ""65"", ""66"", ""68"", ""70"", ""71"", ""72"", ""74"", ""75"", ""76"", ""78"", ""82"", ""84"", ""86"", ""91"", ""92"", ""94"", ""96"", ""99"", ""100"", ""101"", ""102"", ""103"", ""104"", ""105"", ""106"", ""107"", ""108"", ""110"", ""112"", ""113"", ""114"", ""115"", ""116"", ""118"", ""120"", ""121"", ""122"", ""123"", ""124"", ""125""]",0.25757575757575757,0.7727272727272727,0.38636363636363635,"[""2"", ""7"", ""10"", ""12"", ""13"", ""15"", ""16"", ""19"", ""25"", ""28"", ""29"", ""31"", ""35"", ""37"", ""39"", ""46"", ""47"", ""51"", ""52"", ""53"", ""56"", ""57"", ""58"", ""59"", ""60"", ""62"", ""65"", ""66"", ""68"", ""70"", ""71"", ""72"", ""74"", ""75"", ""76"", ""78"", ""82"", ""84"", ""86"", ""91"", ""92"", ""94"", ""96"", ""99"", ""100"", ""101"", ""102"", ""103"", ""104"", ""105"", ""106"", ""107"", ""108"", ""110"", ""112"", ""113"", ""114"", ""115"", ""116"", ""118"", ""120"", ""121"", ""122"", ""123"", ""124"", ""125""]","[""2"", ""7"", ""10"", ""12"", ""13"", ""15"", ""16"", ""19"", ""25"", ""28"", ""29"", ""31"", ""35"", ""37"", ""39"", ""46"", ""47"", ""51"", ""52"", ""53"", ""56"", ""58"", ""59"", ""60"", ""62"", ""65"", ""66"", ""68"", ""71"", ""76"", ""82"", ""84"", ""86"", ""91"", ""92"", ""94"", ""96"", ""99"", ""100"", ""102"", ""104"", ""106"", ""108"", ""110"", ""112"", ""114"", ""116"", ""118"", ""120"", ""122"", ""124"", ""125""]",0.19942666498045095,0.22620851785888602,0.38636363636363635,0.4054054054054054
bioasq_train,bioasq13b_5ab9050bfcf4565872000019,0.088888889,"[""1"", ""2"", ""4"", ""5""]",0.75,0.5,0.6,"[""1"", ""2"", ""4"", ""5""]","[""1"", ""2"", ""4"", ""5""]",0.05,0.05,0.6,0.6
bioasq_train,bioasq13b_5ad4f4f5133db5eb7800000a,0,"[""1"", ""2""]",1,0.6666666666666666,0.8,"[""1"", ""2""]","[""1"", ""2""]",0,0,0.8,0.8
bioasq_train,bioasq13b_5ac28c0c95d006272400000a,0,"[""4"", ""24""]",1,0.5,0.6666666666666666,"[""4"", ""24""]","[""4"", ""24""]",0,0,0.6666666666666666,0.6666666666666666
bioasq_train,bioasq13b_5abc9157fcf456587200001e,0.2992648709315376,"[""14"", ""18"", ""32""]",1,0.42857142857142855,0.6,"[""14"", ""18"", ""32""]","[""14"", ""18"", ""32""]",0.17250000000000001,0.17250000000000001,0.6,0.6
bioasq_train,bioasq13b_5aa67b4fd6d6b54f7900000f,0.4373932711766478,"[""9"", ""11"", ""31"", ""43"", ""85"", ""86"", ""110"", ""111"", ""113"", ""138"", ""139"", ""173"", ""174"", ""200"", ""204"", ""210"", ""212""]",0.47058823529411764,0.4,0.4324324324324324,"[""9"", ""11"", ""31"", ""43"", ""85"", ""86"", ""110"", ""111"", ""113"", ""138"", ""139"", ""173"", ""174"", ""200"", ""204"", ""210"", ""212""]","[""9"", ""11"", ""31"", ""43"", ""85"", ""86"", ""110"", ""111"", ""113"", ""138"", ""139"", ""173"", ""174"", ""180"", ""200"", ""204"", ""210"", ""212""]",0.2955263157894737,0.2996839320523531,0.4324324324324324,0.4210526315789474
bioasq_train,bioasq13b_5abc9c1efcf4565872000020,0.24556036742793366,"[""1"", ""2"", ""6"", ""14"", ""21"", ""24"", ""26"", ""34"", ""36"", ""37"", ""44"", ""46"", ""52"", ""55"", ""58"", ""71"", ""77"", ""81"", ""89"", ""93"", ""99"", ""113""]",0.2727272727272727,0.46153846153846156,0.3428571428571428,"[""1"", ""2"", ""6"", ""14"", ""21"", ""24"", ""26"", ""34"", ""36"", ""37"", ""44"", ""46"", ""52"", ""55"", ""58"", ""71"", ""77"", ""81"", ""89"", ""93"", ""99"", ""113""]","[""1"", ""2"", ""6"", ""14"", ""16"", ""21"", ""24"", ""26"", ""34"", ""36"", ""37"", ""41"", ""44"", ""46"", ""52"", ""55"", ""58"", ""71"", ""77"", ""81"", ""89"", ""93"", ""99"", ""113""]",0.1645887405947376,0.17126657824933686,0.3428571428571428,0.32432432432432434
bioasq_train,bioasq13b_5ab8fb5bfcf4565872000017,0,"[""1"", ""3"", ""5"", ""6"", ""7""]",0.6,0.75,0.6666666666666665,"[""1"", ""3"", ""5"", ""6"", ""7""]","[""1"", ""3"", ""5"", ""6"", ""7""]",0,0,0.6666666666666665,0.6666666666666665
bioasq_train,bioasq13b_5abd31e0fcf456587200002c,0.033333333333333326,"[""2"", ""7"", ""11"", ""18"", ""28""]",1,0.45454545454545453,0.625,"[""2"", ""7"", ""11"", ""18"", ""28""]","[""2"", ""7"", ""11"", ""18"", ""28""]",0.016666666666666663,0.016666666666666663,0.625,0.625
bioasq_train,bioasq13b_5aae651ffcf456587200000d,0,"[""4"", ""21"", ""35""]",0.6666666666666666,0.5,0.5714285714285715,"[""4"", ""21"", ""35""]","[""4"", ""21"", ""35""]",0,0,0.5714285714285715,0.5714285714285715
bioasq_train,bioasq13b_5abcf6b9fcf4565872000027,0.4225428892095559,"[""32"", ""59"", ""68""]",1,0.2,0.33333333333333337,"[""32"", ""59"", ""68""]","[""32"", ""59"", ""68""]",0.2725,0.2725,0.33333333333333337,0.33333333333333337
bioasq_train,bioasq13b_5ac0fccf19833b0d7b000007,0,"[""2"", ""9"", ""16"", ""34"", ""35"", ""44""]",0.8333333333333334,0.8333333333333334,0.8333333333333334,"[""2"", ""9"", ""16"", ""34"", ""35"", ""44""]","[""2"", ""9"", ""16"", ""34"", ""35"", ""44""]",0,0,0.8333333333333334,0.8333333333333334
bioasq_train,bioasq13b_5abcf108fcf4565872000025,0,"[""2"", ""16"", ""26"", ""35"", ""64""]",1,0.38461538461538464,0.5555555555555556,"[""2"", ""16"", ""26"", ""35"", ""64""]","[""2"", ""16"", ""26"", ""35"", ""64""]",0,0,0.5555555555555556,0.5555555555555556
bioasq_train,bioasq13b_5ace2d600340b9f05800000e,0.2548211183709329,"[""3"", ""4"", ""8"", ""9"", ""16"", ""36"", ""43"", ""45"", ""53"", ""66"", ""73"", ""74"", ""93"", ""96"", ""106"", ""111"", ""117"", ""118"", ""119"", ""120"", ""133"", ""137"", ""138""]",0.4782608695652174,0.4074074074074074,0.44000000000000006,"[""3"", ""4"", ""8"", ""9"", ""16"", ""36"", ""43"", ""45"", ""53"", ""66"", ""73"", ""74"", ""93"", ""96"", ""106"", ""111"", ""117"", ""118"", ""119"", ""120"", ""133"", ""137"", ""138""]","[""3"", ""4"", ""8"", ""9"", ""16"", ""36"", ""43"", ""45"", ""53"", ""66"", ""73"", ""74"", ""93"", ""96"", ""106"", ""111"", ""117"", ""118"", ""119"", ""120"", ""133"", ""137"", ""138""]",0.16412709030100334,0.16412709030100334,0.44000000000000006,0.44000000000000006
bioasq_train,bioasq13b_5ac08478d0c506ce46000002,0.028571428571428577,"[""10"", ""24"", ""31"", ""43"", ""53"", ""58"", ""59""]",1,0.7,0.8235294117647058,"[""10"", ""24"", ""31"", ""43"", ""53"", ""58"", ""59""]","[""10"", ""24"", ""31"", ""43"", ""53"", ""58"", ""59""]",0.014285714,0.014285714,0.8235294117647058,0.8235294117647058
bioasq_train,bioasq13b_5a9da37e4e03427e73000004,0,"[""3"", ""16""]",1,0.6666666666666666,0.8,"[""3"", ""16""]","[""3"", ""16""]",0,0,0.8,0.8
bioasq_train,bioasq13b_5c5207377e3cb0e231000002,0,"[""1"", ""2"", ""6"", ""9"", ""11"", ""12""]",0.5,0.5,0.5,"[""1"", ""2"", ""6"", ""9"", ""11"", ""12""]","[""1"", ""2"", ""6"", ""9"", ""11"", ""12""]",0,0,0.5,0.5
bioasq_train,bioasq13b_5ad3130c0340b9f05800001d,0,"[""1"", ""3"", ""18"", ""31"", ""42"", ""55"", ""67""]",0.8571428571428571,0.8571428571428571,0.8571428571428571,"[""1"", ""3"", ""18"", ""31"", ""42"", ""55"", ""67""]","[""1"", ""3"", ""18"", ""31"", ""42"", ""55"", ""67""]",0,0,0.8571428571428571,0.8571428571428571
bioasq_train,bioasq13b_5c522b487e3cb0e231000008,0,"[""3"", ""4"", ""5""]",1,0.75,0.8571428571428571,"[""3"", ""4"", ""5""]","[""3"", ""4"", ""5""]",0,0,0.8571428571428571,0.8571428571428571
bioasq_train,bioasq13b_5be94c90133db5eb78000021,0,"[""2""]",1,1,1,"[""2""]","[""2""]",0,0,1,1
bioasq_train,bioasq13b_5c34b45eda8336e21a000008,0.059259259,"[""2"", ""3"", ""9"", ""18"", ""33"", ""37""]",0.8333333333333334,0.35714285714285715,0.5,"[""2"", ""3"", ""9"", ""18"", ""33"", ""37""]","[""2"", ""3"", ""9"", ""18"", ""33"", ""37""]",0.033333333333333326,0.033333333333333326,0.5,0.5
bioasq_train,bioasq13b_5c597a5086df2b9174000016,0,"[""1"", ""4""]",1,0.3333333333333333,0.5,"[""1"", ""4""]","[""1"", ""4""]",0,0,0.5,0.5
bioasq_train,bioasq13b_5c53242b7e3cb0e231000019,0,"[""1"", ""4"", ""6""]",1,0.5,0.6666666666666666,"[""1"", ""4"", ""6""]","[""1"", ""4"", ""6""]",0,0,0.6666666666666666,0.6666666666666666
bioasq_train,bioasq13b_5c52ca7c7e3cb0e23100000d,0,"[""1"", ""2"", ""3"", ""4"", ""5"", ""6"", ""7""]",0.7142857142857143,1,0.8333333333333333,"[""1"", ""2"", ""3"", ""4"", ""5"", ""6"", ""7""]","[""1"", ""2"", ""3"", ""4"", ""5"", ""6"", ""7""]",0,0,0.8333333333333333,0.8333333333333333
bioasq_train,bioasq13b_5c3479dcda8336e21a000002,0,"[""2"", ""49"", ""50""]",0.6666666666666666,0.5,0.5714285714285715,"[""2"", ""49"", ""50""]","[""2"", ""49"", ""50""]",0,0,0.5714285714285715,0.5714285714285715
bioasq_train,bioasq13b_5c54496907647bbc4b000002,0.17777777777777778,"[""1"", ""2""]",1,0.6666666666666666,0.8,"[""1"", ""2""]","[""1"", ""2""]",0.13333333333333336,0.13333333333333336,0.8,0.8
bioasq_train,bioasq13b_5c5f0d861a4c55d80b000011,0.22236652236652235,"[""5"", ""18"", ""20"", ""21"", ""22"", ""23"", ""39"", ""40""]",0.375,0.5,0.42857142857142855,"[""5"", ""18"", ""20"", ""21"", ""22"", ""23"", ""39"", ""40""]","[""5"", ""18"", ""20"", ""21"", ""22"", ""23"", ""39"", ""40""]",0.1349025974025974,0.1349025974025974,0.42857142857142855,0.42857142857142855
bioasq_train,bioasq13b_5c58a92386df2b917400000e,0.6861861522701133,"[""10"", ""16"", ""22"", ""41"", ""42"", ""64"", ""65"", ""75"", ""78"", ""79"", ""96"", ""116"", ""130"", ""148"", ""152"", ""155"", ""200""]",0.11764705882352941,0.2857142857142857,0.16666666666666666,"[""10"", ""16"", ""22"", ""41"", ""42"", ""64"", ""65"", ""75"", ""78"", ""79"", ""96"", ""116"", ""130"", ""148"", ""152"", ""155"", ""200""]","[""10"", ""16"", ""22"", ""41"", ""42"", ""64"", ""65"", ""78"", ""79"", ""96"", ""115"", ""126"", ""130"", ""132"", ""148"", ""152"", ""153"", ""200"", ""201"", ""203""]",0.5290116263879383,0.5499957804817139,0.16666666666666666,0.14814814814814817
bioasq_train,bioasq13b_5c54600207647bbc4b000004,0,"[""1"", ""4""]",1,0.4,0.5714285714285715,"[""1"", ""4""]","[""1"", ""4""]",0,0,0.5714285714285715,0.5714285714285715
bioasq_train,bioasq13b_5ad3072a0340b9f05800001b,0,"[""1"", ""6"", ""10"", ""26"", ""31"", ""32"", ""36"", ""37"", ""40""]",0.2222222222222222,0.4,0.2857142857142857,"[""1"", ""6"", ""10"", ""26"", ""31"", ""32"", ""36"", ""37"", ""40""]","[""1"", ""6"", ""10"", ""26"", ""31"", ""32"", ""36"", ""37"", ""40""]",0,0,0.2857142857142857,0.2857142857142857
bioasq_train,bioasq13b_5c76e20f7c78d694710000ab,0.088888889,"[""5"", ""21"", ""33"", ""34"", ""35""]",1,1,1,"[""5"", ""21"", ""33"", ""34"", ""35""]","[""5"", ""21"", ""33"", ""34"", ""35""]",0.066666667,0.066666667,1,1
bioasq_train,bioasq13b_5c70001f7c78d6947100005c,0.11851851851851854,"[""22"", ""42""]",1,0.6666666666666666,0.8,"[""22"", ""42""]","[""22"", ""42""]",0.066666667,0.066666667,0.8,0.8
bioasq_train,bioasq13b_5c76d31c7c78d694710000a9,0,"[""13"", ""19"", ""35"", ""36"", ""45""]",0.6,0.6,0.6,"[""13"", ""19"", ""35"", ""36"", ""45""]","[""13"", ""19"", ""35"", ""36"", ""45""]",0,0,0.6,0.6
bioasq_train,bioasq13b_5c6585097c78d69471000003,0.1799940676607343,"[""2"", ""3"", ""4"", ""5"", ""12"", ""16"", ""17"", ""32"", ""33"", ""36"", ""41"", ""44"", ""48"", ""57"", ""58"", ""59"", ""60"", ""62"", ""65"", ""66""]",0.45,0.6,0.5142857142857143,"[""2"", ""3"", ""4"", ""5"", ""12"", ""16"", ""17"", ""32"", ""33"", ""36"", ""41"", ""44"", ""48"", ""57"", ""58"", ""59"", ""60"", ""62"", ""65"", ""66""]","[""2"", ""3"", ""4"", ""5"", ""12"", ""16"", ""17"", ""32"", ""33"", ""36"", ""41"", ""44"", ""48"", ""57"", ""58"", ""59"", ""60"", ""62"", ""65"", ""66""]",0.11261904761904766,0.11261904761904766,0.5142857142857143,0.5142857142857143
bioasq_train,bioasq13b_5c66d6167c78d69471000018,0,"[""1"", ""5"", ""6""]",0.3333333333333333,1,0.5,"[""1"", ""5"", ""6""]","[""1"", ""5"", ""6""]",0,0,0.5,0.5
bioasq_train,bioasq13b_5c6636c57c78d69471000011,0.3856099137625164,"[""1"", ""5"", ""6"", ""9"", ""14"", ""16"", ""18"", ""21"", ""25"", ""27"", ""28"", ""34"", ""35"", ""55"", ""60"", ""62"", ""70"", ""75"", ""78"", ""82"", ""84"", ""86"", ""90"", ""92"", ""95"", ""98"", ""101"", ""104"", ""107"", ""113"", ""114"", ""115"", ""118"", ""120"", ""122"", ""128"", ""131"", ""135"", ""138"", ""140"", ""142"", ""146"", ""151"", ""158"", ""161"", ""162"", ""170"", ""171"", ""174"", ""178""]",,,,"[""1"", ""5"", ""6"", ""9"", ""14"", ""16"", ""18"", ""21"", ""25"", ""27"", ""28"", ""34"", ""35"", ""55"", ""60"", ""62"", ""70"", ""75"", ""78"", ""82"", ""84"", ""86"", ""90"", ""92"", ""95"", ""98"", ""101"", ""104"", ""107"", ""113"", ""114"", ""115"", ""118"", ""120"", ""122"", ""128"", ""131"", ""135"", ""138"", ""140"", ""142"", ""146"", ""151"", ""158"", ""161"", ""162"", ""170"", ""171"", ""174"", ""178""]","[""1"", ""5"", ""6"", ""9"", ""14"", ""16"", ""18"", ""21"", ""25"", ""27"", ""28"", ""34"", ""35"", ""55"", ""60"", ""62"", ""70"", ""75"", ""78"", ""82"", ""84"", ""86"", ""90"", ""92"", ""95"", ""98"", ""101"", ""104"", ""107"", ""110"", ""112"", ""114"", ""115"", ""118"", ""120"", ""122"", ""128"", ""131"", ""135"", ""138"", ""140"", ""142"", ""158"", ""161"", ""162"", ""170"", ""174"", ""178""]",0.28705613984943434,0.2998594321078099,,
bioasq_train,bioasq13b_5c6ffde47c78d69471000059,0.14197530864197533,"[""5"", ""16"", ""28"", ""37"", ""38"", ""59"", ""120"", ""122"", ""162""]",,,,"[""5"", ""16"", ""28"", ""37"", ""38"", ""59"", ""120"", ""122"", ""162""]","[""5"", ""16"", ""28"", ""38"", ""59"", ""120"", ""122"", ""162""]",0.12000000000000004,0.11888888888888889,,
bioasq_train,bioasq13b_5c6548d4e842deac67000020,0.066666667,"[""1"", ""4""]",0.5,1,0.6666666666666666,"[""1"", ""4""]","[""1"", ""4""]",0.033333333,0.033333333,0.6666666666666666,0.6666666666666666
bioasq_train,bioasq13b_5c654aede842deac67000023,0,"[""1"", ""5""]",0.5,0.5,0.5,"[""1"", ""5""]","[""1"", ""5""]",0,0,0.5,0.5
bioasq_train,bioasq13b_5c5f18501a4c55d80b000017,0.2465112665112665,"[""2"", ""17"", ""20"", ""23"", ""24"", ""25"", ""33"", ""34"", ""35"", ""44""]",0.2,0.3333333333333333,0.25,"[""2"", ""17"", ""20"", ""23"", ""24"", ""25"", ""33"", ""34"", ""35"", ""44""]","[""2"", ""17"", ""20"", ""23"", ""24"", ""25"", ""33"", ""34"", ""35"", ""44""]",0.15545454545454546,0.15545454545454546,0.25,0.25
bioasq_train,bioasq13b_5c5f218a1a4c55d80b00001b,0,"[""3"", ""15"", ""30"", ""31"", ""48""]",0.6,0.6,0.6,"[""3"", ""15"", ""30"", ""31"", ""48""]","[""3"", ""15"", ""30"", ""31"", ""48""]",0,0,0.6,0.6
bioasq_train,bioasq13b_5c5245b57e3cb0e23100000a,0.20956212090541632,"[""7"", ""11"", ""12"", ""14"", ""15"", ""18"", ""19"", ""20"", ""24"", ""27"", ""28"", ""29"", ""30"", ""32"", ""34"", ""35"", ""36"", ""38"", ""41"", ""42"", ""43"", ""44"", ""45"", ""47"", ""52"", ""59"", ""60"", ""61"", ""62"", ""69"", ""70"", ""72""]",0.1875,0.6666666666666666,0.29268292682926833,"[""7"", ""11"", ""12"", ""14"", ""15"", ""18"", ""19"", ""20"", ""24"", ""27"", ""28"", ""29"", ""30"", ""32"", ""34"", ""35"", ""36"", ""38"", ""41"", ""42"", ""43"", ""44"", ""45"", ""47"", ""52"", ""59"", ""60"", ""61"", ""62"", ""69"", ""70"", ""72""]","[""7"", ""11"", ""12"", ""14"", ""15"", ""18"", ""19"", ""20"", ""24"", ""27"", ""28"", ""29"", ""30"", ""32"", ""34"", ""35"", ""36"", ""38"", ""41"", ""42"", ""43"", ""44"", ""45"", ""47"", ""52"", ""59"", ""60"", ""61"", ""62"", ""69"", ""70"", ""72"", ""80""]",0.13996578176725233,0.1422892793481029,0.29268292682926833,0.28571428571428575
bioasq_train,bioasq13b_5c66329e7c78d6947100000f,0.4390719061926492,"[""10"", ""14"", ""15"", ""16"", ""63"", ""66"", ""133"", ""134"", ""163"", ""164""]",,,,"[""10"", ""14"", ""15"", ""16"", ""63"", ""66"", ""133"", ""134"", ""163"", ""164""]","[""10"", ""14"", ""15"", ""16"", ""63"", ""66"", ""133"", ""134"", ""163"", ""164""]",0.29302478223530853,0.29302478223530853,,
bioasq_train,bioasq13b_5c6fff2e7c78d6947100005b,0.2117059323354473,"[""1"", ""6"", ""8"", ""13"", ""24"", ""25"", ""29"", ""36"", ""52"", ""58"", ""62"", ""72"", ""85""]",,,,"[""1"", ""6"", ""8"", ""13"", ""24"", ""25"", ""29"", ""36"", ""52"", ""58"", ""62"", ""72"", ""85""]","[""1"", ""6"", ""8"", ""13"", ""24"", ""25"", ""29"", ""36"", ""52"", ""58"", ""62"", ""72"", ""85""]",0.14037419623719932,0.14037419623719932,,
bioasq_train,bioasq13b_5c011bbf133db5eb7800002c,0,[],0,0,0,[],[],0,0,0,0
bioasq_train,bioasq13b_5c66d3977c78d69471000017,0,"[""2""]",1,0.25,0.4,"[""2""]","[""2""]",0,0,0.4,0.4
bioasq_train,bioasq13b_5c60382ac01990ff41000002,0.088888889,"[""1"", ""4"", ""5"", ""6""]",0.75,0.75,0.75,"[""1"", ""4"", ""5"", ""6""]","[""1"", ""4"", ""5"", ""6""]",0.05,0.05,0.75,0.75
bioasq_train,bioasq13b_5c780caf7c78d694710000af,0.1,"[""21"", ""22"", ""24""]",1,0.375,0.5454545454545454,"[""21"", ""22"", ""24""]","[""21"", ""22"", ""24""]",0.05,0.05,0.5454545454545454,0.5454545454545454
bioasq_train,bioasq13b_5c5f2d5a1a4c55d80b000023,0.37094017094017095,"[""1"", ""2"", ""3"", ""4"", ""5"", ""11"", ""12"", ""21"", ""22"", ""23"", ""32"", ""36"", ""42""]",0.23076923076923078,1,0.375,"[""1"", ""2"", ""3"", ""4"", ""5"", ""11"", ""12"", ""21"", ""22"", ""23"", ""32"", ""36"", ""42""]","[""1"", ""2"", ""3"", ""4"", ""5"", ""11"", ""12"", ""22"", ""23"", ""32"", ""36"", ""42""]",0.26098901098901095,0.24505494505494507,0.375,0.4
bioasq_train,bioasq13b_5c5410647e3cb0e23100001e,0,"[""1"", ""3"", ""6""]",0.6666666666666666,0.6666666666666666,0.6666666666666666,"[""1"", ""3"", ""6""]","[""1"", ""3"", ""6""]",0,0,0.6666666666666666,0.6666666666666666
bioasq_train,bioasq13b_5c6bedd57c78d69471000034,0,"[""16""]",1,0.5,0.6666666666666666,"[""16""]","[""16""]",0,0,0.6666666666666666,0.6666666666666666
bioasq_train,bioasq13b_5c6ffc5b7c78d69471000057,0,"[""21"", ""40"", ""41"", ""42"", ""43"", ""44"", ""45"", ""46"", ""47"", ""100"", ""101"", ""102"", ""103"", ""104"", ""105"", ""106"", ""107"", ""108"", ""109"", ""110"", ""111""]",,,,"[""21"", ""40"", ""41"", ""42"", ""43"", ""44"", ""45"", ""46"", ""47"", ""100"", ""101"", ""102"", ""103"", ""104"", ""105"", ""106"", ""107"", ""108"", ""109"", ""110"", ""111""]","[""21"", ""40"", ""41"", ""42"", ""43"", ""44"", ""45"", ""46"", ""47"", ""100"", ""101"", ""102"", ""103"", ""104"", ""105"", ""106"", ""107"", ""108"", ""109"", ""110"", ""111""]",0,0,,
bioasq_train,bioasq13b_5c58db1386df2b9174000014,0,"[""7"", ""24"", ""34"", ""36""]",,,,"[""7"", ""24"", ""34"", ""36""]","[""7"", ""24"", ""34"", ""36""]",0,0,,
bioasq_train,bioasq13b_5c53143b7e3cb0e231000013,0,"[""2"", ""17"", ""25"", ""29"", ""30""]",0.6,0.75,0.6666666666666665,"[""2"", ""17"", ""25"", ""29"", ""30""]","[""2"", ""17"", ""25"", ""29"", ""30""]",0,0,0.6666666666666665,0.6666666666666665
bioasq_train,bioasq13b_5c5317e77e3cb0e231000015,0.033333333333333326,"[""3"", ""11"", ""12"", ""25"", ""26"", ""35""]",0.5,0.75,0.6,"[""3"", ""11"", ""12"", ""25"", ""26"", ""35""]","[""3"", ""11"", ""12"", ""25"", ""26"", ""35""]",0.016666666666666663,0.016666666666666663,0.6,0.6
bioasq_train,bioasq13b_5c72b4897c78d69471000071,0.044444444444444446,"[""3"", ""29"", ""52"", ""53"", ""54"", ""55"", ""56""]",0.2857142857142857,0.2857142857142857,0.2857142857142857,"[""3"", ""29"", ""52"", ""53"", ""54"", ""55"", ""56""]","[""3"", ""29"", ""52"", ""53"", ""54"", ""55"", ""56""]",0.025,0.025,0.2857142857142857,0.2857142857142857
bioasq_train,bioasq13b_5c8436f875a4a5d219000002,0.41201475176965374,"[""2"", ""3"", ""12"", ""23"", ""36"", ""37"", ""44"", ""51""]",,,,"[""2"", ""3"", ""12"", ""23"", ""36"", ""37"", ""44"", ""51""]","[""2"", ""3"", ""12"", ""23"", ""37""]",0.33334249084249085,0.32284798534798537,,
bioasq_train,bioasq13b_5c88593d75a4a5d21900000a,0,"[""5""]",1,1,1,"[""5""]","[""5""]",0,0,1,1
bioasq_train,bioasq13b_5c83ff91617e120c34000005,0.1603490543015827,"[""1"", ""3"", ""7"", ""8"", ""10"", ""12"", ""45"", ""46"", ""58"", ""67"", ""69"", ""71"", ""99"", ""102""]",0.42857142857142855,0.5,0.4615384615384615,"[""1"", ""3"", ""7"", ""8"", ""10"", ""12"", ""45"", ""46"", ""58"", ""67"", ""69"", ""71"", ""99"", ""102""]","[""1"", ""3"", ""7"", ""8"", ""12"", ""45"", ""46"", ""58"", ""67"", ""69"", ""71"", ""99"", ""102""]",0.11370681605975723,0.10919557566616392,0.4615384615384615,0.48000000000000004
bioasq_train,bioasq13b_5c642fbce842deac67000014,0,"[""1"", ""3"", ""5""]",1,0.3333333333333333,0.5,"[""1"", ""3"", ""5""]","[""1"", ""3"", ""5""]",0,0,0.5,0.5
bioasq_train,bioasq13b_5c8962e8d558e5f232000001,0.1,"[""3"", ""4""]",1,0.5,0.6666666666666666,"[""3"", ""4""]","[""3"", ""4""]",0.05,0.05,0.6666666666666666,0.6666666666666666
bioasq_train,bioasq13b_5c8d0a980101eac870000008,0,"[""26"", ""34"", ""59"", ""63""]",0,0,0,"[""26"", ""34"", ""59"", ""63""]","[""26"", ""34"", ""59"", ""63""]",0,0,0,0
bioasq_train,bioasq13b_5c84394375a4a5d219000003,0.2857142857142857,"[""4"", ""24"", ""37""]",0.6666666666666666,0.4,0.5,"[""4"", ""24"", ""37""]","[""4"", ""24"", ""37""]",0.20714285714285713,0.20714285714285713,0.5,0.5
bioasq_train,bioasq13b_5c8feae70101eac87000000e,0,"[""2""]",1,0.25,0.4,"[""2""]","[""2""]",0,0,0.4,0.4
bioasq_train,bioasq13b_5c928303ecadf2e73f000014,0,"[""5"", ""6""]",0.5,1,0.6666666666666666,"[""5"", ""6""]","[""5"", ""6""]",0,0,0.6666666666666666,0.6666666666666666
bioasq_train,bioasq13b_5c72bfcd7c78d6947100007a,0.26666666666666666,"[""3"", ""14"", ""85""]",,,,"[""3"", ""14"", ""85""]","[""3"", ""14"", ""85""]",0.2,0.2,,
bioasq_train,bioasq13b_5c900a9becadf2e73f000003,0,"[""2""]",1,0.3333333333333333,0.5,"[""2""]","[""2""]",0,0,0.5,0.5
bioasq_train,bioasq13b_5c910813ecadf2e73f000006,0,"[""2""]",1,1,1,"[""2""]","[""2""]",0,0,1,1
bioasq_train,bioasq13b_5c915ca7ecadf2e73f00000b,0,"[""2""]",1,1,1,"[""2""]","[""2""]",0,0,1,1
bioasq_train,bioasq13b_5ca60a77ecadf2e73f00004d,0,"[""4""]",1,0.5,0.6666666666666666,"[""4""]","[""4""]",0,0,0.6666666666666666,0.6666666666666666
bioasq_train,bioasq13b_5c88b8a275a4a5d21900000b,0,"[""4"", ""5"", ""6""]",0.3333333333333333,1,0.5,"[""4"", ""5"", ""6""]","[""4"", ""5"", ""6""]",0,0,0.5,0.5
bioasq_train,bioasq13b_5ca9f5e4ecadf2e73f000052,0.067647059,"[""1"", ""2"", ""3"", ""7"", ""8"", ""9"", ""12"", ""19"", ""22"", ""24"", ""26"", ""28"", ""29"", ""30"", ""31"", ""32""]",0.3125,1,0.47619047619047616,"[""1"", ""2"", ""3"", ""7"", ""8"", ""9"", ""12"", ""19"", ""22"", ""24"", ""26"", ""28"", ""29"", ""30"", ""31"", ""32""]","[""1"", ""2"", ""3"", ""7"", ""8"", ""9"", ""12"", ""19"", ""22"", ""24"", ""26"", ""28"", ""29"", ""30"", ""31"", ""32""]",0.036764706,0.036764706,0.47619047619047616,0.47619047619047616
bioasq_train,bioasq13b_5c895e5ef9c2ba6b28000002,0,"[""3"", ""4""]",0.5,0.5,0.5,"[""3"", ""4""]","[""3"", ""4""]",0,0,0.5,0.5
bioasq_train,bioasq13b_5c960afaecadf2e73f00001e,0.039999999999999994,"[""1"", ""25"", ""26"", ""36""]",0.25,0.3333333333333333,0.28571428571428575,"[""1"", ""25"", ""26"", ""36""]","[""1"", ""25"", ""26"", ""36""]",0.019999999999999997,0.019999999999999997,0.28571428571428575,0.28571428571428575
bioasq_train,bioasq13b_5c978924ecadf2e73f000023,0.24301442393712927,"[""1"", ""2"", ""3"", ""4"", ""7"", ""8"", ""10"", ""19"", ""23"", ""24"", ""47"", ""48"", ""49"", ""50"", ""63"", ""68"", ""69"", ""70"", ""75"", ""76"", ""77"", ""78"", ""87"", ""91""]",,,,"[""1"", ""2"", ""3"", ""4"", ""7"", ""8"", ""10"", ""19"", ""23"", ""24"", ""47"", ""48"", ""49"", ""50"", ""63"", ""68"", ""69"", ""70"", ""75"", ""76"", ""77"", ""78"", ""87"", ""91""]","[""1"", ""2"", ""3"", ""4"", ""7"", ""8"", ""10"", ""19"", ""23"", ""24"", ""47"", ""48"", ""49"", ""50"", ""63"", ""68"", ""69"", ""70"", ""75"", ""76"", ""77"", ""78"", ""87"", ""91""]",0.1540899470899471,0.1540899470899471,,
bioasq_train,bioasq13b_5c8960a6f9c2ba6b28000003,0,"[""1"", ""7""]",1,0.2857142857142857,0.4444444444444445,"[""1"", ""7""]","[""1"", ""7""]",0,0,0.4444444444444445,0.4444444444444445
bioasq_train,bioasq13b_5c896ce0d558e5f232000002,0,"[""2"", ""3""]",1,0.6666666666666666,0.8,"[""2"", ""3""]","[""2"", ""3""]",0,0,0.8,0.8
bioasq_train,bioasq13b_5c8a8f56d558e5f23200000b,0,"[""1"", ""5"", ""6"", ""7"", ""8"", ""9"", ""10"", ""11"", ""12"", ""18""]",0.3,0.75,0.4285714285714285,"[""1"", ""5"", ""6"", ""7"", ""8"", ""9"", ""10"", ""11"", ""12"", ""18""]","[""1"", ""5"", ""6"", ""7"", ""8"", ""9"", ""10"", ""11"", ""12"", ""18""]",0,0,0.4285714285714285,0.4285714285714285
bioasq_train,bioasq13b_5c98fcf0ecadf2e73f00002c,0.12839506172839507,"[""2"", ""7"", ""16"", ""18"", ""19"", ""23"", ""30"", ""41"", ""42""]",0.4444444444444444,0.3333333333333333,0.380952381,"[""2"", ""7"", ""16"", ""18"", ""19"", ""23"", ""30"", ""41"", ""42""]","[""2"", ""7"", ""16"", ""18"", ""19"", ""23"", ""30"", ""41"", ""42""]",0.065079365,0.065079365,0.380952381,0.380952381
bioasq_train,bioasq13b_5ca9f932ecadf2e73f000054,0,"[""1"", ""5"", ""7"", ""8"", ""9""]",0.2,1,0.33333333333333337,"[""1"", ""5"", ""7"", ""8"", ""9""]","[""1"", ""5"", ""7"", ""8"", ""9""]",0,0,0.33333333333333337,0.33333333333333337
bioasq_train,bioasq13b_5ca3bfd7ecadf2e73f00004b,0,"[""2"", ""12"", ""13"", ""35""]",0.75,0.75,0.75,"[""2"", ""12"", ""13"", ""35""]","[""2"", ""12"", ""13"", ""35""]",0,0,0.75,0.75
bioasq_train,bioasq13b_5c922bc3ecadf2e73f000013,0,"[""11""]",1,1,1,"[""11""]","[""11""]",0,0,1,1
bioasq_train,bioasq13b_5c9d170cecadf2e73f000032,0.25303418803418803,"[""3"", ""27"", ""28"", ""34"", ""35"", ""39"", ""42"", ""45"", ""48"", ""50"", ""51"", ""52"", ""53""]",0.23076923076923078,0.3333333333333333,0.27272727272727276,"[""3"", ""27"", ""28"", ""34"", ""35"", ""39"", ""42"", ""45"", ""48"", ""50"", ""51"", ""52"", ""53""]","[""3"", ""28"", ""34"", ""39"", ""45"", ""48"", ""50"", ""51"", ""52"", ""53""]",0.20432692307692307,0.19365384615384612,0.27272727272727276,0.3157894736842105
bioasq_train,bioasq13b_5c9fb2aaecadf2e73f00003f,0,"[""2""]",1,0.5,0.6666666666666666,"[""2""]","[""2""]",0,0,0.6666666666666666,0.6666666666666666
bioasq_train,bioasq13b_5e7f5eaa835f4e4777000018,0,"[""1"", ""3"", ""5"", ""6"", ""7"", ""8""]",0.8333333333333334,0.8333333333333334,0.8333333333333334,"[""1"", ""3"", ""5"", ""6"", ""7"", ""8""]","[""1"", ""3"", ""5"", ""6"", ""7"", ""8""]",0,0,0.8333333333333334,0.8333333333333334
bioasq_train,bioasq13b_5e6ea5b9c6a8763d23000008,0.20047619047619045,"[""3"", ""28"", ""33"", ""38""]",0.75,0.6,0.6666666666666665,"[""3"", ""28"", ""33"", ""38""]","[""3"", ""28"", ""33"", ""38""]",0.12785714285714284,0.12785714285714284,0.6666666666666665,0.6666666666666665
bioasq_train,bioasq13b_5d386d66a1e1595105000003,0,"[""3"", ""16"", ""27"", ""54"", ""55"", ""62""]",0.3333333333333333,0.25,0.28571428571428575,"[""3"", ""16"", ""27"", ""54"", ""55"", ""62""]","[""3"", ""16"", ""27"", ""54"", ""55"", ""62""]",0,0,0.28571428571428575,0.28571428571428575
bioasq_train,bioasq13b_5e776c98835f4e477700000f,0,"[""3"", ""8"", ""10""]",0.6666666666666666,0.3333333333333333,0.4444444444444444,"[""3"", ""8"", ""10""]","[""3"", ""8"", ""10""]",0,0,0.4444444444444444,0.4444444444444444
bioasq_train,bioasq13b_5e6de9441af46fc130000023,0.36838841405508066,"[""1"", ""3"", ""4"", ""6"", ""13"", ""15"", ""16"", ""17"", ""18"", ""19"", ""22"", ""23"", ""25"", ""26"", ""29"", ""33"", ""34"", ""35"", ""43"", ""44"", ""45"", ""47"", ""48"", ""49"", ""51"", ""52""]",0.34615384615384615,0.9,0.5,"[""1"", ""3"", ""4"", ""6"", ""13"", ""15"", ""16"", ""17"", ""18"", ""19"", ""22"", ""23"", ""25"", ""26"", ""29"", ""33"", ""34"", ""35"", ""43"", ""44"", ""45"", ""47"", ""48"", ""49"", ""51"", ""52""]","[""1"", ""3"", ""4"", ""6"", ""13"", ""15"", ""16"", ""17"", ""18"", ""19"", ""22"", ""23"", ""25"", ""26"", ""29"", ""33"", ""34"", ""35"", ""43"", ""44"", ""45"", ""47"", ""48"", ""49"", ""51"", ""52""]",0.24572649572649574,0.24572649572649574,0.5,0.5
bioasq_train,bioasq13b_5d36c0e37bc3fee31f00000b,0.11043146565368789,"[""21"", ""22"", ""23"", ""25"", ""26"", ""27"", ""29"", ""30"", ""41"", ""50"", ""53"", ""56"", ""60"", ""63"", ""65"", ""66"", ""75"", ""80"", ""81"", ""82"", ""85"", ""88"", ""89"", ""92""]",0.2916666666666667,0.3888888888888889,0.3333333333333333,"[""21"", ""22"", ""23"", ""25"", ""26"", ""27"", ""29"", ""30"", ""41"", ""50"", ""53"", ""56"", ""60"", ""63"", ""65"", ""66"", ""75"", ""80"", ""81"", ""82"", ""85"", ""88"", ""89"", ""92""]","[""21"", ""22"", ""23"", ""25"", ""26"", ""27"", ""29"", ""30"", ""41"", ""50"", ""53"", ""56"", ""60"", ""63"", ""65"", ""66"", ""75"", ""80"", ""81"", ""82"", ""85"", ""88"", ""89"", ""92""]",0.063871795,0.063871795,0.3333333333333333,0.3333333333333333
bioasq_train,bioasq13b_5e37183cb5b409ea53000014,0,"[""1"", ""3"", ""4"", ""6"", ""7"", ""8""]",,,,"[""1"", ""3"", ""4"", ""6"", ""7"", ""8""]","[""1"", ""3"", ""4"", ""6"", ""7"", ""8""]",0,0,,
bioasq_train,bioasq13b_5d3840257bc3fee31f000011,0.10222222222222221,"[""3"", ""8"", ""15"", ""23"", ""24"", ""26"", ""36"", ""46"", ""51""]",0.6666666666666666,0.46153846153846156,0.5454545454545455,"[""3"", ""8"", ""15"", ""23"", ""24"", ""26"", ""36"", ""46"", ""51""]","[""3"", ""8"", ""15"", ""23"", ""24"", ""26"", ""36"", ""46"", ""51""]",0.053333333,0.053333333,0.5454545454545455,0.5454545454545455
bioasq_train,bioasq13b_5e81d6c6835f4e4777000030,0.083663592,"[""7"", ""13"", ""16"", ""17"", ""20"", ""21"", ""22"", ""23"", ""26"", ""27"", ""28"", ""29"", ""31"", ""32"", ""35"", ""36"", ""39"", ""40"", ""41"", ""43"", ""44"", ""47"", ""48""]",0.2608695652173913,1,0.41379310344827586,"[""7"", ""13"", ""16"", ""17"", ""20"", ""21"", ""22"", ""23"", ""26"", ""27"", ""28"", ""29"", ""31"", ""32"", ""35"", ""36"", ""39"", ""40"", ""41"", ""43"", ""44"", ""47"", ""48""]","[""7"", ""13"", ""16"", ""17"", ""20"", ""21"", ""22"", ""23"", ""26"", ""27"", ""28"", ""29"", ""31"", ""32"", ""35"", ""36"", ""39"", ""40"", ""41"", ""43"", ""44"", ""47"", ""48""]",0.051478261,0.051478261,0.41379310344827586,0.41379310344827586
bioasq_train,bioasq13b_5d3802a27bc3fee31f00000e,0.078518519,"[""17"", ""28"", ""32"", ""38"", ""39"", ""43"", ""47"", ""48"", ""49"", ""58""]",0.6,0.5454545454545454,0.5714285714285713,"[""17"", ""28"", ""32"", ""38"", ""39"", ""43"", ""47"", ""48"", ""49"", ""58""]","[""17"", ""28"", ""32"", ""38"", ""39"", ""43"", ""47"", ""48"", ""49"", ""58""]",0.043333333,0.043333333,0.5714285714285713,0.5714285714285713
bioasq_train,bioasq13b_5e3e8b1c48dab47f26000008,0,"[""1"", ""6"", ""7""]",0.6666666666666666,0.4,0.5,"[""1"", ""6"", ""7""]","[""1"", ""6"", ""7""]",0,0,0.5,0.5
bioasq_train,bioasq13b_5d38542b7bc3fee31f000015,0,"[""14"", ""16"", ""17"", ""21"", ""22"", ""23"", ""24"", ""44"", ""50""]",0.1111111111111111,0.1111111111111111,0.1111111111111111,"[""14"", ""16"", ""17"", ""21"", ""22"", ""23"", ""24"", ""44"", ""50""]","[""14"", ""16"", ""17"", ""21"", ""22"", ""23"", ""24"", ""44"", ""50""]",0,0,0.1111111111111111,0.1111111111111111
bioasq_train,bioasq13b_5d383af27bc3fee31f000010,0.12694839239437053,"[""3"", ""11"", ""14"", ""16"", ""17"", ""18"", ""19"", ""21"", ""22"", ""24"", ""27"", ""29"", ""33"", ""34"", ""37"", ""38"", ""39"", ""40"", ""41"", ""44"", ""53"", ""55"", ""56"", ""57"", ""58"", ""59"", ""70"", ""71"", ""72"", ""77"", ""82""]",0.2903225806451613,0.6923076923076923,0.4090909090909091,"[""3"", ""11"", ""14"", ""16"", ""17"", ""18"", ""19"", ""21"", ""22"", ""24"", ""27"", ""29"", ""33"", ""34"", ""37"", ""38"", ""39"", ""40"", ""41"", ""44"", ""53"", ""55"", ""56"", ""57"", ""58"", ""59"", ""70"", ""71"", ""72"", ""77"", ""82""]","[""3"", ""11"", ""14"", ""16"", ""17"", ""18"", ""19"", ""21"", ""22"", ""24"", ""27"", ""29"", ""33"", ""34"", ""37"", ""38"", ""39"", ""40"", ""41"", ""44"", ""53"", ""55"", ""56"", ""57"", ""58"", ""59"", ""70"", ""71"", ""72"", ""74"", ""77"", ""82""]",0.085759033,0.090230358,0.4090909090909091,0.4
bioasq_train,bioasq13b_5e80669e835f4e4777000025,0.066666667,"[""1"", ""5"", ""15"", ""16"", ""19"", ""23"", ""24"", ""26""]",0.125,0.5,0.2,"[""1"", ""5"", ""15"", ""16"", ""19"", ""23"", ""24"", ""26""]","[""1"", ""5"", ""15"", ""16"", ""19"", ""23"", ""24"", ""26""]",0.033333333,0.033333333,0.2,0.2
bioasq_train,bioasq13b_5e774660835f4e4777000007,0,"[""1"", ""2"", ""3"", ""4"", ""5"", ""16""]",0.3333333333333333,0.5,0.4,"[""1"", ""2"", ""3"", ""4"", ""5"", ""16""]","[""1"", ""2"", ""3"", ""4"", ""5"", ""16""]",0,0,0.4,0.4
bioasq_train,bioasq13b_5e6e767e51b80c9423000006,0,"[""7"", ""8"", ""17"", ""18""]",1,0.8,0.888888889,"[""7"", ""8"", ""17"", ""18""]","[""7"", ""8"", ""17"", ""18""]",0,0,0.888888889,0.888888889
bioasq_train,bioasq13b_5e3c83c548dab47f26000001,0.088888889,"[""2"", ""3"", ""14"", ""20""]",0.5,1,0.6666666666666666,"[""2"", ""3"", ""14"", ""20""]","[""2"", ""3"", ""14"", ""20""]",0.05,0.05,0.6666666666666666,0.6666666666666666
bioasq_train,bioasq13b_5e807578835f4e4777000028,0,"[""2"", ""13"", ""40""]",1,0.6,0.7499999999999999,"[""2"", ""13"", ""40""]","[""2"", ""13"", ""40""]",0,0,0.7499999999999999,0.7499999999999999
bioasq_train,bioasq13b_5e7f5f1a835f4e4777000019,0,"[""2""]",1,1,1,"[""2""]","[""2""]",0,0,1,1
bioasq_train,bioasq13b_5d387e24a1e1595105000011,0,"[""6"", ""14"", ""23""]",1,0.75,0.8571428571428571,"[""6"", ""14"", ""23""]","[""6"", ""14"", ""23""]",0,0,0.8571428571428571,0.8571428571428571
bioasq_train,bioasq13b_5e81cb50835f4e477700002f,0.23333333333333334,"[""18"", ""26"", ""39"", ""52""]",1,0.4444444444444444,0.6153846153846153,"[""18"", ""26"", ""39"", ""52""]","[""18"", ""26"", ""39"", ""52""]",0.15,0.15,0.6153846153846153,0.6153846153846153
bioasq_train,bioasq13b_5d3880eea1e1595105000014,0,"[""1"", ""5"", ""6"", ""7"", ""11"", ""15"", ""16""]",0.7142857142857143,0.8333333333333334,0.7692307692307692,"[""1"", ""5"", ""6"", ""7"", ""11"", ""15"", ""16""]","[""1"", ""5"", ""6"", ""7"", ""11"", ""15"", ""16""]",0,0,0.7692307692307692,0.7692307692307692
bioasq_train,bioasq13b_5e7f6138835f4e477700001b,0.05,"[""2"", ""6"", ""7"", ""8"", ""12"", ""13""]",0.16666666666666666,1,0.2857142857142857,"[""2"", ""6"", ""7"", ""8"", ""12"", ""13""]","[""2"", ""6"", ""7"", ""8"", ""12"", ""13""]",0.025,0.025,0.2857142857142857,0.2857142857142857
bioasq_train,bioasq13b_5e6e9348c6a8763d23000005,0,"[""2"", ""20"", ""30""]",1,0.75,0.8571428571428571,"[""2"", ""20"", ""30""]","[""2"", ""20"", ""30""]",0,0,0.8571428571428571,0.8571428571428571
bioasq_train,bioasq13b_5d3858a97bc3fee31f000018,0,"[""3""]",1,0.5,0.6666666666666666,"[""3""]","[""3""]",0,0,0.6666666666666666,0.6666666666666666
bioasq_train,bioasq13b_5e543704b761aafe09000001,0.1822222222222222,"[""5"", ""7"", ""15"", ""17"", ""18""]",0.4,1,0.5714285714285715,"[""5"", ""7"", ""15"", ""17"", ""18""]","[""5"", ""7"", ""15"", ""17"", ""18""]",0.13999999999999996,0.13999999999999996,0.5714285714285715,0.5714285714285715
bioasq_train,bioasq13b_5e7f61ed835f4e477700001c,0,"[""1"", ""7"", ""8"", ""9"", ""10"", ""11""]",0.3333333333333333,1,0.5,"[""1"", ""7"", ""8"", ""9"", ""10"", ""11""]","[""1"", ""7"", ""8"", ""9"", ""10"", ""11""]",0,0,0.5,0.5
bioasq_train,bioasq13b_5d387e74a1e1595105000012,0.10370370370370369,"[""2"", ""3"", ""4"", ""5"", ""16"", ""28"", ""29"", ""30""]",0.625,0.5555555555555556,0.5882352941176471,"[""2"", ""3"", ""4"", ""5"", ""16"", ""28"", ""29"", ""30""]","[""2"", ""3"", ""4"", ""5"", ""16"", ""28"", ""29"", ""30""]",0.066666667,0.066666667,0.5882352941176471,0.5882352941176471
bioasq_train,bioasq13b_5cf7835fa49efeb44c000011,0,"[""2"", ""11"", ""27"", ""46""]",1,0.8,0.888888889,"[""2"", ""11"", ""27"", ""46""]","[""2"", ""11"", ""27"", ""46""]",0,0,0.888888889,0.888888889
bioasq_train,bioasq13b_5e36dbdbb5b409ea5300000c,0,"[""2"", ""5"", ""9"", ""19""]",0.75,1,0.8571428571428571,"[""2"", ""5"", ""9"", ""19""]","[""2"", ""5"", ""9"", ""19""]",0,0,0.8571428571428571,0.8571428571428571
bioasq_train,bioasq13b_5d3883a0a1e1595105000017,0.23228897406915985,"[""2"", ""3"", ""11"", ""13"", ""16"", ""33"", ""34"", ""37"", ""40"", ""48"", ""66"", ""72"", ""77"", ""78""]",0.2857142857142857,0.4,0.3333333333333333,"[""2"", ""3"", ""11"", ""13"", ""16"", ""33"", ""34"", ""37"", ""40"", ""48"", ""66"", ""72"", ""77"", ""78""]","[""2"", ""3"", ""11"", ""13"", ""16"", ""33"", ""34"", ""37"", ""40"", ""48"", ""66"", ""72"", ""77"", ""78"", ""80""]",0.1674269005847953,0.17824561403508773,0.3333333333333333,0.32
bioasq_train,bioasq13b_5e4705753f54159529000017,0,"[""1"", ""3"", ""4"", ""5"", ""6"", ""7"", ""8"", ""9"", ""10"", ""25""]",0.3,0.6,0.4,"[""1"", ""3"", ""4"", ""5"", ""6"", ""7"", ""8"", ""9"", ""10"", ""25""]","[""1"", ""3"", ""4"", ""5"", ""6"", ""7"", ""8"", ""9"", ""10"", ""25""]",0,0,0.4,0.4
bioasq_train,bioasq13b_5cf4eb6aa49efeb44c00000e,0.2548148148148148,"[""23"", ""24"", ""25""]",1,0.2727272727272727,0.42857142857142855,"[""23"", ""24"", ""25""]","[""23"", ""24"", ""25""]",0.18,0.18,0.42857142857142855,0.42857142857142855
bioasq_train,bioasq13b_5cf619a8a49efeb44c000010,0.17992202729044837,"[""1"", ""4"", ""5"", ""6"", ""7"", ""8"", ""9"", ""10"", ""11"", ""53"", ""54"", ""55"", ""77"", ""78"", ""80"", ""81""]",0.25,0.2857142857142857,0.26666666666666666,"[""1"", ""4"", ""5"", ""6"", ""7"", ""8"", ""9"", ""10"", ""11"", ""53"", ""54"", ""55"", ""77"", ""78"", ""80"", ""81""]","[""1"", ""4"", ""5"", ""6"", ""7"", ""8"", ""9"", ""10"", ""11"", ""53"", ""54"", ""55"", ""77"", ""78"", ""80"", ""81""]",0.13769005847953217,0.13769005847953217,0.26666666666666666,0.26666666666666666
bioasq_train,bioasq13b_5e2dbe17fbd6abf43b000019,0.08,"[""1"", ""3"", ""21""]",1,0.5,0.6666666666666666,"[""1"", ""3"", ""21""]","[""1"", ""3"", ""21""]",0.04,0.04,0.6666666666666666,0.6666666666666666
bioasq_train,bioasq13b_5e2dc047fbd6abf43b00001b,0,"[""1"", ""15""]",1,0.3333333333333333,0.5,"[""1"", ""15""]","[""1"", ""15""]",0,0,0.5,0.5
bioasq_train,bioasq13b_5cebe907a49efeb44c000008,0.14685937572894095,"[""1"", ""4"", ""14"", ""22"", ""23"", ""34"", ""35"", ""37"", ""43"", ""44"", ""45"", ""46"", ""54"", ""57"", ""58"", ""64"", ""66"", ""73"", ""74"", ""81"", ""82""]",0.2857142857142857,0.42857142857142855,0.34285714285714286,"[""1"", ""4"", ""14"", ""22"", ""23"", ""34"", ""35"", ""37"", ""43"", ""44"", ""45"", ""46"", ""54"", ""57"", ""58"", ""64"", ""66"", ""73"", ""74"", ""81"", ""82""]","[""1"", ""4"", ""14"", ""22"", ""23"", ""34"", ""35"", ""37"", ""43"", ""44"", ""45"", ""46"", ""54"", ""57"", ""58"", ""64"", ""66"", ""73"", ""74"", ""81"", ""82""]",0.0914329,0.0914329,0.34285714285714286,0.34285714285714286
bioasq_train,bioasq13b_5e2dfb52fbd6abf43b00001e,0,"[""1"", ""6"", ""12"", ""13""]",1,0.8,0.888888889,"[""1"", ""6"", ""12"", ""13""]","[""1"", ""6"", ""12"", ""13""]",0,0,0.888888889,0.888888889
bioasq_train,bioasq13b_5e4b4be26d0a27794100001a,0.044444444444444446,"[""11"", ""12"", ""20"", ""21"", ""22"", ""32"", ""33"", ""45""]",0.625,0.625,0.625,"[""11"", ""12"", ""20"", ""21"", ""22"", ""32"", ""33"", ""45""]","[""11"", ""12"", ""20"", ""21"", ""22"", ""32"", ""33"", ""45""]",0.025,0.025,0.625,0.625
bioasq_train,bioasq13b_5cf4ea83a49efeb44c00000d,0.11534391534391533,"[""4"", ""18"", ""32"", ""58"", ""59"", ""60""]",0.6666666666666666,0.4444444444444444,0.5333333333333333,"[""4"", ""18"", ""32"", ""58"", ""59"", ""60""]","[""4"", ""18"", ""32"", ""58"", ""59"", ""60""]",0.080952381,0.080952381,0.5333333333333333,0.5333333333333333
bioasq_train,bioasq13b_5e49bcce6d0a27794100000f,0,"[""4"", ""5"", ""6"", ""7"", ""8""]",1,1,1,"[""4"", ""5"", ""6"", ""7"", ""8""]","[""4"", ""5"", ""6"", ""7"", ""8""]",0,0,1,1
bioasq_train,bioasq13b_5e36de90b5b409ea5300000e,0,"[""1"", ""2"", ""10"", ""12""]",1,0.3333333333333333,0.5,"[""1"", ""2"", ""10"", ""12""]","[""1"", ""2"", ""10"", ""12""]",0,0,0.5,0.5
bioasq_train,bioasq13b_5e5b9b96752ebcdc7a000005,0.037979797979797975,"[""7"", ""11"", ""14"", ""15"", ""16"", ""20"", ""21"", ""24"", ""25"", ""26""]",0.6,0.75,0.6666666666666665,"[""7"", ""11"", ""14"", ""15"", ""16"", ""20"", ""21"", ""24"", ""25"", ""26""]","[""7"", ""11"", ""14"", ""15"", ""16"", ""20"", ""21"", ""24"", ""25"", ""26""]",0.019090909090909092,0.019090909090909092,0.6666666666666665,0.6666666666666665
bioasq_train,bioasq13b_5e4700e03f54159529000015,0.071111111,"[""1"", ""3"", ""5"", ""6"", ""7""]",1,0.8333333333333334,0.9090909090909091,"[""1"", ""3"", ""5"", ""6"", ""7""]","[""1"", ""3"", ""5"", ""6"", ""7""]",0.039999999999999994,0.039999999999999994,0.9090909090909091,0.9090909090909091
bioasq_train,bioasq13b_5e2db427fbd6abf43b000015,0,"[""5"", ""12""]",1,0.4,0.5714285714285715,"[""5"", ""12""]","[""5"", ""12""]",0,0,0.5714285714285715,0.5714285714285715
bioasq_train,bioasq13b_5e482f08d14c9f295d00000d,0,"[""26""]",1,0.25,0.4,"[""26""]","[""26""]",0,0,0.4,0.4
bioasq_train,bioasq13b_5e2dae57fbd6abf43b000012,0,"[""6"", ""18"", ""19""]",0.6666666666666666,1,0.8,"[""6"", ""18"", ""19""]","[""6"", ""18"", ""19""]",0,0,0.8,0.8
bioasq_train,bioasq13b_5e2900368b3851296d000001,0.425986062,"[""2"", ""7"", ""8"", ""15"", ""23"", ""24"", ""25"", ""27"", ""28"", ""33"", ""57"", ""58"", ""59"", ""60"", ""67"", ""68"", ""69"", ""70"", ""73"", ""75"", ""76"", ""90"", ""91"", ""93"", ""130"", ""131"", ""134"", ""140"", ""142"", ""144"", ""145"", ""146"", ""147"", ""148"", ""150"", ""153"", ""154"", ""155""]",,,,"[""2"", ""7"", ""8"", ""15"", ""23"", ""24"", ""25"", ""27"", ""28"", ""33"", ""57"", ""58"", ""59"", ""60"", ""67"", ""68"", ""69"", ""70"", ""73"", ""75"", ""76"", ""90"", ""91"", ""93"", ""130"", ""131"", ""134"", ""140"", ""142"", ""144"", ""145"", ""146"", ""147"", ""148"", ""150"", ""153"", ""154"", ""155""]","[""2"", ""7"", ""8"", ""15"", ""23"", ""24"", ""25"", ""27"", ""28"", ""33"", ""57"", ""58"", ""59"", ""60"", ""67"", ""75"", ""76"", ""86"", ""90"", ""91"", ""130"", ""131"", ""139"", ""140"", ""142"", ""145"", ""150"", ""153"", ""154""]",0.3334384153884754,0.3430506235423538,,
bioasq_train,bioasq13b_5e48136dd14c9f295d000008,0,"[""3"", ""5"", ""7"", ""18""]",0.5,0.6666666666666666,0.5714285714285715,"[""3"", ""5"", ""7"", ""18""]","[""3"", ""5"", ""7"", ""18""]",0,0,0.5714285714285715,0.5714285714285715
bioasq_train,bioasq13b_5e2a0a02aa19d7443100000b,0,"[""1"", ""3""]",1,0.25,0.4,"[""1"", ""3""]","[""1"", ""3""]",0,0,0.4,0.4
bioasq_train,bioasq13b_5e35c4ea9be68b5512000002,0,"[""1"", ""3"", ""5"", ""7""]",1,0.5714285714285714,0.7272727272727273,"[""1"", ""3"", ""5"", ""7""]","[""1"", ""3"", ""5"", ""7""]",0,0,0.7272727272727273,0.7272727272727273
bioasq_train,bioasq13b_5e490d276d0a277941000001,0,"[""1"", ""2"", ""4"", ""5"", ""6"", ""7"", ""9"", ""11""]",0.5,0.6666666666666666,0.5714285714285715,"[""1"", ""2"", ""4"", ""5"", ""6"", ""7"", ""9"", ""11""]","[""1"", ""2"", ""4"", ""5"", ""6"", ""7"", ""9"", ""11""]",0,0,0.5714285714285715,0.5714285714285715
bioasq_train,bioasq13b_5e48f90bf8b2df0d49000006,0,"[""9"", ""14"", ""24"", ""35""]",1,1,1,"[""9"", ""14"", ""24"", ""35""]","[""9"", ""14"", ""24"", ""35""]",0,0,1,1
bioasq_train,bioasq13b_5e4981e96d0a277941000009,0.18666666666666668,"[""2"", ""12"", ""16"", ""17"", ""32""]",0.8,0.4,0.5333333333333333,"[""2"", ""12"", ""16"", ""17"", ""32""]","[""2"", ""12"", ""16"", ""17"", ""32""]",0.12000000000000002,0.12000000000000002,0.5333333333333333,0.5333333333333333
bioasq_train,bioasq13b_5c700c607c78d6947100005e,0,"[""1"", ""2"", ""6"", ""10""]",0.5,0.4,0.4444444444444445,"[""1"", ""2"", ""6"", ""10""]","[""1"", ""2"", ""6"", ""10""]",0,0,0.4444444444444445,0.4444444444444445
bioasq_train,bioasq13b_5e48339fd14c9f295d00000e,0.078388278,"[""2"", ""16"", ""17"", ""18"", ""20"", ""26"", ""27"", ""28"", ""29"", ""30"", ""31"", ""32"", ""33""]",0.38461538461538464,0.8333333333333334,0.5263157894736842,"[""2"", ""16"", ""17"", ""18"", ""20"", ""26"", ""27"", ""28"", ""29"", ""30"", ""31"", ""32"", ""33""]","[""2"", ""16"", ""17"", ""18"", ""20"", ""26"", ""27"", ""28"", ""29"", ""30"", ""31"", ""32""]",0.067032967,0.064835165,0.5263157894736842,0.5555555555555556
bioasq_train,bioasq13b_5cc0817da49efeb44c000002,0.10592592592592592,"[""7"", ""8"", ""11"", ""14"", ""17""]",0.4,0.3333333333333333,0.3636363636363636,"[""7"", ""8"", ""11"", ""14"", ""17""]","[""7"", ""8"", ""11"", ""14"", ""17""]",0.053333333,0.053333333,0.3636363636363636,0.3636363636363636
bioasq_train,bioasq13b_5e2a120c76af173751000001,0,"[""4"", ""5"", ""6"", ""7""]",0.75,0.75,0.75,"[""4"", ""5"", ""6"", ""7""]","[""4"", ""5"", ""6"", ""7""]",0,0,0.75,0.75
bioasq_train,bioasq13b_5e29fc57aa19d74431000006,0,"[""1"", ""6"", ""8"", ""9"", ""10"", ""11"", ""13""]",0.7142857142857143,1,0.8333333333333333,"[""1"", ""6"", ""8"", ""9"", ""10"", ""11"", ""13""]","[""1"", ""6"", ""8"", ""9"", ""10"", ""11"", ""13""]",0,0,0.8333333333333333,0.8333333333333333
bioasq_train,bioasq13b_5d35ef8a7bc3fee31f000002,0.010526315789473694,"[""8"", ""9"", ""11"", ""14"", ""15"", ""16"", ""21"", ""23"", ""24"", ""25"", ""27"", ""30"", ""31"", ""45"", ""46"", ""51"", ""53"", ""55"", ""58""]",0.42105263157894735,0.5714285714285714,0.48484848484848486,"[""8"", ""9"", ""11"", ""14"", ""15"", ""16"", ""21"", ""23"", ""24"", ""25"", ""27"", ""30"", ""31"", ""45"", ""46"", ""51"", ""53"", ""55"", ""58""]","[""8"", ""9"", ""11"", ""14"", ""15"", ""16"", ""21"", ""23"", ""24"", ""25"", ""27"", ""30"", ""31"", ""45"", ""46"", ""51"", ""53"", ""55"", ""58""]",0.005263158,0.005263158,0.48484848484848486,0.48484848484848486
bioasq_train,bioasq13b_5d35e114b3a638076300000c,0,"[""13"", ""22"", ""30""]",1,0.6,0.7499999999999999,"[""13"", ""22"", ""30""]","[""13"", ""22"", ""30""]",0,0,0.7499999999999999,0.7499999999999999
bioasq_train,bioasq13b_5e76384fc6a8763d2300000e,0,"[""1"", ""8""]",1,0.3333333333333333,0.5,"[""1"", ""8""]","[""1"", ""8""]",0,0,0.5,0.5
bioasq_train,bioasq13b_5e550b5db761aafe09000007,0,"[""3"", ""12"", ""15""]",0.6666666666666666,1,0.8,"[""3"", ""12"", ""15""]","[""3"", ""12"", ""15""]",0,0,0.8,0.8
bioasq_train,bioasq13b_5d36b5087bc3fee31f000008,0,"[""1"", ""6"", ""17"", ""20"", ""22"", ""23"", ""24"", ""25"", ""26"", ""30""]",0.5,0.8333333333333334,0.625,"[""1"", ""6"", ""17"", ""20"", ""22"", ""23"", ""24"", ""25"", ""26"", ""30""]","[""1"", ""6"", ""17"", ""20"", ""22"", ""23"", ""24"", ""25"", ""26"", ""30""]",0,0,0.625,0.625
bioasq_train,bioasq13b_5d35ebe7b3a6380763000010,0,"[""11"", ""20""]",1,0.6666666666666666,0.8,"[""11"", ""20""]","[""11"", ""20""]",0,0,0.8,0.8
bioasq_train,bioasq13b_5e763366c6a8763d2300000b,0,"[""1"", ""4"", ""10""]",1,0.75,0.8571428571428571,"[""1"", ""4"", ""10""]","[""1"", ""4"", ""10""]",0,0,0.8571428571428571,0.8571428571428571
bioasq_train,bioasq13b_5e5d2b4c1af46fc130000008,0.21333333333333332,"[""28"", ""29""]",1,0.2857142857142857,0.4444444444444445,"[""28"", ""29""]","[""28"", ""29""]",0.12,0.12,0.4444444444444445,0.4444444444444445
bioasq_train,bioasq13b_5d35f07b7bc3fee31f000003,0.10812210384451144,"[""1"", ""2"", ""3"", ""4"", ""5"", ""6"", ""7"", ""8"", ""18"", ""21"", ""22"", ""27"", ""33"", ""34"", ""35"", ""36"", ""37"", ""38"", ""39"", ""50"", ""53"", ""57"", ""62"", ""65"", ""66"", ""67"", ""73""]",0.3333333333333333,0.6,0.42857142857142855,"[""1"", ""2"", ""3"", ""4"", ""5"", ""6"", ""7"", ""8"", ""18"", ""21"", ""22"", ""27"", ""33"", ""34"", ""35"", ""36"", ""37"", ""38"", ""39"", ""50"", ""53"", ""57"", ""62"", ""65"", ""66"", ""67"", ""73""]","[""1"", ""2"", ""3"", ""4"", ""5"", ""6"", ""7"", ""8"", ""18"", ""21"", ""22"", ""27"", ""33"", ""34"", ""35"", ""36"", ""37"", ""38"", ""39"", ""50"", ""53"", ""57"", ""62"", ""65"", ""66"", ""67"", ""73""]",0.07074439,0.07074439,0.42857142857142855,0.42857142857142855
bioasq_train,bioasq13b_5e499e0a6d0a27794100000b,0,"[""1"", ""3"", ""4"", ""5""]",0.5,1,0.6666666666666666,"[""1"", ""3"", ""4"", ""5""]","[""1"", ""3"", ""4"", ""5""]",0,0,0.6666666666666666,0.6666666666666666
bioasq_train,bioasq13b_5e550758b761aafe09000005,0,"[""1"", ""4"", ""5"", ""11"", ""21"", ""22"", ""25""]",1,0.5384615384615384,0.7000000000000001,"[""1"", ""4"", ""5"", ""11"", ""21"", ""22"", ""25""]","[""1"", ""4"", ""5"", ""11"", ""21"", ""22"", ""25""]",0,0,0.7000000000000001,0.7000000000000001
bioasq_train,bioasq13b_5d35c070b3a6380763000006,0.1406267806267806,"[""9"", ""13"", ""22"", ""27"", ""30"", ""34"", ""35"", ""37"", ""38"", ""42"", ""44"", ""53"", ""54""]",0.38461538461538464,0.5,0.4347826086956522,"[""9"", ""13"", ""22"", ""27"", ""30"", ""34"", ""35"", ""37"", ""38"", ""42"", ""44"", ""53"", ""54""]","[""9"", ""13"", ""22"", ""27"", ""30"", ""34"", ""35"", ""37"", ""38"", ""42"", ""44"", ""53"", ""54""]",0.088205128,0.088205128,0.4347826086956522,0.4347826086956522
bioasq_train,bioasq13b_5e4f2aeb6d0a277941000032,0,"[""46"", ""47"", ""49""]",0.3333333333333333,0.1111111111111111,0.16666666666666666,"[""46"", ""47"", ""49""]","[""46"", ""47"", ""49""]",0,0,0.16666666666666666,0.16666666666666666
bioasq_train,bioasq13b_5d35ca5eb3a6380763000008,0,"[""1"", ""3"", ""7""]",0.6666666666666666,1,0.8,"[""1"", ""3"", ""7""]","[""1"", ""3"", ""7""]",0,0,0.8,0.8
bioasq_train,bioasq13b_5d35d03ab3a6380763000009,0.16005291005291006,"[""16"", ""22"", ""23"", ""36"", ""41"", ""42""]",0.5,0.375,0.42857142857142855,"[""16"", ""22"", ""23"", ""36"", ""41"", ""42""]","[""16"", ""22"", ""23"", ""36"", ""41"", ""42""]",0.097619048,0.097619048,0.42857142857142855,0.42857142857142855
bioasq_train,bioasq13b_5e3df59348dab47f26000006,0,"[""11""]",1,1,1,"[""11""]","[""11""]",0,0,1,1
bioasq_train,bioasq13b_5fdb4364a43ad31278000029,0.039999999999999994,"[""2"", ""13"", ""35"", ""38"", ""39""]",1,0.8333333333333334,0.9090909090909091,"[""2"", ""13"", ""35"", ""38"", ""39""]","[""2"", ""13"", ""35"", ""38"", ""39""]",0.019999999999999997,0.019999999999999997,0.9090909090909091,0.9090909090909091
bioasq_train,bioasq13b_601c13be1cb411341a00000d,0.36830716354605947,"[""4"", ""5"", ""6"", ""32"", ""34"", ""35"", ""44"", ""45"", ""49"", ""50"", ""51"", ""54"", ""55"", ""58"", ""60"", ""63"", ""68"", ""69"", ""70"", ""74"", ""80"", ""93"", ""96"", ""116"", ""117"", ""122"", ""137"", ""144"", ""146"", ""148"", ""153"", ""155"", ""166"", ""168"", ""171"", ""172"", ""174"", ""177"", ""178"", ""181"", ""184"", ""186"", ""188"", ""190"", ""194"", ""196"", ""197"", ""201"", ""202"", ""204"", ""206"", ""212"", ""215"", ""216"", ""218"", ""220"", ""224"", ""226"", ""227"", ""228"", ""229"", ""230"", ""231"", ""232"", ""233"", ""234"", ""236"", ""239"", ""241"", ""243"", ""244"", ""245"", ""246"", ""248"", ""250"", ""252"", ""253"", ""254"", ""255"", ""256"", ""257"", ""258""]",,,,"[""4"", ""5"", ""6"", ""32"", ""34"", ""35"", ""44"", ""45"", ""49"", ""50"", ""51"", ""54"", ""55"", ""58"", ""60"", ""63"", ""68"", ""69"", ""70"", ""74"", ""80"", ""93"", ""96"", ""116"", ""117"", ""122"", ""137"", ""144"", ""146"", ""148"", ""153"", ""155"", ""166"", ""168"", ""171"", ""172"", ""174"", ""177"", ""178"", ""181"", ""184"", ""186"", ""188"", ""190"", ""194"", ""196"", ""197"", ""201"", ""202"", ""204"", ""206"", ""212"", ""215"", ""216"", ""218"", ""220"", ""224"", ""226"", ""227"", ""228"", ""229"", ""230"", ""231"", ""232"", ""233"", ""234"", ""236"", ""239"", ""241"", ""243"", ""244"", ""245"", ""246"", ""248"", ""250"", ""252"", ""253"", ""254"", ""255"", ""256"", ""257"", ""258""]","[""4"", ""5"", ""6"", ""32"", ""34"", ""35"", ""44"", ""45"", ""49"", ""50"", ""51"", ""54"", ""55"", ""58"", ""60"", ""63"", ""68"", ""69"", ""70"", ""74"", ""80"", ""84"", ""92"", ""94"", ""96"", ""97"", ""116"", ""117"", ""122"", ""123"", ""137"", ""138"", ""144"", ""146"", ""148"", ""153"", ""155"", ""158"", ""166"", ""168"", ""171"", ""172"", ""174"", ""175"", ""176"", ""177"", ""178"", ""181"", ""184"", ""186"", ""187"", ""188"", ""190"", ""191"", ""194"", ""196"", ""197"", ""199"", ""200"", ""201"", ""202"", ""204"", ""206"", ""212"", ""213"", ""215"", ""216"", ""218"", ""220"", ""223"", ""224"", ""225"", ""226"", ""227"", ""228"", ""229"", ""230"", ""231"", ""232"", ""233"", ""234"", ""235"", ""236"", ""237"", ""239"", ""240"", ""241"", ""243"", ""244"", ""245"", ""246"", ""247"", ""248"", ""249"", ""250"", ""251"", ""252"", ""253"", ""254"", ""255"", ""256"", ""257"", ""258""]",0.26183707987105886,0.30920918061566494,,
bioasq_train,bioasq13b_5e722812c6a8763d2300000a,0,"[""2"", ""31"", ""32""]",0.6666666666666666,0.1,0.1739130434782609,"[""2"", ""31"", ""32""]","[""2"", ""31"", ""32""]",0,0,0.1739130434782609,0.1739130434782609
bioasq_train,bioasq13b_5e4752933f54159529000018,0.29453498915920273,"[""1"", ""2"", ""3"", ""4"", ""5"", ""6"", ""7"", ""8"", ""9"", ""10"", ""18"", ""20"", ""40"", ""41"", ""64"", ""66"", ""74"", ""75"", ""79"", ""80"", ""83"", ""84"", ""86"", ""87"", ""89"", ""92"", ""94"", ""95"", ""96"", ""97"", ""106"", ""108"", ""110"", ""118"", ""120"", ""130"", ""133"", ""134"", ""141"", ""146"", ""154"", ""155"", ""164"", ""166"", ""168"", ""170"", ""171"", ""181"", ""182"", ""190"", ""198"", ""200"", ""206"", ""207""]",0.25925925925925924,0.7777777777777778,0.3888888888888889,"[""1"", ""2"", ""3"", ""4"", ""5"", ""6"", ""7"", ""8"", ""9"", ""10"", ""18"", ""20"", ""40"", ""41"", ""64"", ""66"", ""74"", ""75"", ""79"", ""80"", ""83"", ""84"", ""86"", ""87"", ""89"", ""92"", ""94"", ""95"", ""96"", ""97"", ""106"", ""108"", ""110"", ""118"", ""120"", ""130"", ""133"", ""134"", ""141"", ""146"", ""154"", ""155"", ""164"", ""166"", ""168"", ""170"", ""171"", ""181"", ""182"", ""190"", ""198"", ""200"", ""206"", ""207""]","[""1"", ""2"", ""3"", ""4"", ""5"", ""6"", ""7"", ""8"", ""9"", ""10"", ""18"", ""20"", ""40"", ""41"", ""64"", ""66"", ""74"", ""75"", ""79"", ""80"", ""83"", ""84"", ""86"", ""87"", ""89"", ""92"", ""94"", ""95"", ""96"", ""97"", ""108"", ""110"", ""118"", ""120"", ""130"", ""133"", ""134"", ""141"", ""146"", ""148"", ""154"", ""155"", ""164"", ""166"", ""168"", ""170"", ""171"", ""181"", ""182"", ""190"", ""198"", ""206"", ""207""]",0.19753386246066018,0.20109755989900596,0.3888888888888889,0.36619718309859156
bioasq_train,bioasq13b_5fdb2e91a43ad3127800000e,0.6416348061615332,"[""12"", ""38"", ""46"", ""52"", ""62"", ""71"", ""81"", ""88"", ""96"", ""98"", ""117"", ""143"", ""160"", ""171"", ""186""]",0.5333333333333333,0.26666666666666666,0.3555555555555555,"[""12"", ""38"", ""46"", ""52"", ""62"", ""71"", ""81"", ""88"", ""96"", ""98"", ""117"", ""143"", ""160"", ""171"", ""186""]","[""12"", ""38"", ""52"", ""71"", ""81"", ""98"", ""117"", ""143"", ""151"", ""160"", ""171"", ""186""]",0.5191026176552492,0.544095745,0.3555555555555555,0.3809523809523809
bioasq_train,bioasq13b_601d72a31cb411341a000037,0,"[""1"", ""2"", ""3"", ""4"", ""5"", ""6"", ""7"", ""8"", ""9"", ""10"", ""11"", ""12"", ""13"", ""14"", ""15"", ""16""]",0.9375,1,0.967741935,"[""1"", ""2"", ""3"", ""4"", ""5"", ""6"", ""7"", ""8"", ""9"", ""10"", ""11"", ""12"", ""13"", ""14"", ""15"", ""16""]","[""1"", ""2"", ""3"", ""4"", ""5"", ""6"", ""7"", ""8"", ""9"", ""10"", ""11"", ""12"", ""13"", ""14"", ""15"", ""16""]",0,0,0.967741935,0.967741935
bioasq_train,bioasq13b_5e3393e1fbd6abf43b000063,0,"[""17"", ""20"", ""25""]",1,0.375,0.5454545454545454,"[""17"", ""20"", ""25""]","[""17"", ""20"", ""25""]",0,0,0.5454545454545454,0.5454545454545454
bioasq_train,bioasq13b_601d35111cb411341a00002f,0.028571428571428577,"[""1"", ""2"", ""3"", ""8"", ""9"", ""10"", ""11""]",0.8571428571428571,0.6,0.7058823529411764,"[""1"", ""2"", ""3"", ""8"", ""9"", ""10"", ""11""]","[""1"", ""2"", ""3"", ""8"", ""9"", ""10"", ""11""]",0.014285714,0.014285714,0.7058823529411764,0.7058823529411764
bioasq_train,bioasq13b_5e48bb12d14c9f295d000016,0.47276832203415947,"[""7"", ""34"", ""35"", ""44"", ""45"", ""78"", ""114"", ""176"", ""177"", ""226"", ""228""]",0.5454545454545454,0.1875,0.27906976744186046,"[""7"", ""34"", ""35"", ""44"", ""45"", ""78"", ""114"", ""176"", ""177"", ""226"", ""228""]","[""7"", ""34"", ""35"", ""44"", ""45"", ""78"", ""114"", ""115"", ""116"", ""173"", ""176"", ""177"", ""226"", ""228""]",0.3225003391670059,0.32551587301587304,0.27906976744186046,0.34782608695652173
bioasq_train,bioasq13b_5e920ddf2d3121100d00000d,0.3703703703703704,"[""3"", ""22"", ""23""]",1,0.6,0.7499999999999999,"[""3"", ""22"", ""23""]","[""3""]",0.33333333333333337,0.33333333333333337,0.7499999999999999,0.33333333333333337
bioasq_train,bioasq13b_5e6e751351b80c9423000005,0.32592592592592595,"[""2"", ""3"", ""147""]",0.6666666666666666,0.1111111111111111,0.1904761904761905,"[""2"", ""3"", ""147""]","[""2"", ""3"", ""147""]",0.23333333333333334,0.23333333333333334,0.1904761904761905,0.1904761904761905
bioasq_train,bioasq13b_5fdb8309a43ad3127800002f,0.22583710814145597,"[""1"", ""2"", ""9"", ""33"", ""34"", ""44"", ""45"", ""53"", ""54"", ""81"", ""82"", ""83"", ""113"", ""114"", ""116"", ""122"", ""133"", ""134"", ""135""]",0.47368421052631576,0.391304348,0.42857142857142855,"[""1"", ""2"", ""9"", ""33"", ""34"", ""44"", ""45"", ""53"", ""54"", ""81"", ""82"", ""83"", ""113"", ""114"", ""116"", ""122"", ""133"", ""134"", ""135""]","[""1"", ""2"", ""9"", ""33"", ""34"", ""44"", ""45"", ""53"", ""54"", ""81"", ""82"", ""83"", ""113"", ""114"", ""116"", ""122"", ""126"", ""133"", ""134""]",0.15598155467720684,0.16083803877282138,0.42857142857142855,0.42857142857142855
bioasq_train,bioasq13b_5e67cce31af46fc13000001d,0.34410818660541515,"[""4"", ""7"", ""15"", ""27"", ""32"", ""37"", ""39"", ""54"", ""58"", ""60"", ""70"", ""77"", ""82"", ""84"", ""95"", ""116"", ""119"", ""147"", ""177"", ""211"", ""220""]",,,,"[""4"", ""7"", ""15"", ""27"", ""32"", ""37"", ""39"", ""54"", ""58"", ""60"", ""70"", ""77"", ""82"", ""84"", ""95"", ""116"", ""119"", ""147"", ""177"", ""211"", ""220""]","[""4"", ""7"", ""15"", ""27"", ""32"", ""37"", ""39"", ""54"", ""58"", ""60"", ""70"", ""77"", ""82"", ""84"", ""95"", ""116"", ""119"", ""147"", ""151"", ""177"", ""211"", ""220""]",0.2350567266871615,0.24385081585081586,,
bioasq_train,bioasq13b_5e339202fbd6abf43b000062,0.5524861916842199,"[""12"", ""35"", ""37"", ""42"", ""50"", ""57"", ""61"", ""74"", ""75"", ""116"", ""142"", ""174"", ""204"", ""230"", ""231""]",0.4,0.21428571428571427,0.27906976744186046,"[""12"", ""35"", ""37"", ""42"", ""50"", ""57"", ""61"", ""74"", ""75"", ""116"", ""142"", ""174"", ""204"", ""230"", ""231""]","[""12"", ""35"", ""37"", ""42"", ""50"", ""57"", ""61"", ""75"", ""116"", ""142"", ""174"", ""230"", ""231"", ""239""]",0.4144634951616039,0.4236438923395445,0.27906976744186046,0.2857142857142857
bioasq_train,bioasq13b_5e67b8bb1af46fc13000001b,0.06630719,"[""2"", ""5"", ""14"", ""16"", ""21"", ""68"", ""69"", ""93"", ""95"", ""96"", ""97"", ""99"", ""104"", ""106"", ""110""]",0.3333333333333333,0.38461538461538464,0.3571428571428571,"[""2"", ""5"", ""14"", ""16"", ""21"", ""68"", ""69"", ""93"", ""95"", ""96"", ""97"", ""99"", ""104"", ""106"", ""110""]","[""2"", ""5"", ""14"", ""16"", ""21"", ""68"", ""69"", ""93"", ""95"", ""96"", ""97"", ""99"", ""104"", ""106"", ""110""]",0.037598039215686274,0.037598039215686274,0.3571428571428571,0.3571428571428571
bioasq_train,bioasq13b_5e6d1c271af46fc130000020,0,"[""9"", ""20""]",1,0.5,0.6666666666666666,"[""9"", ""20""]","[""9"", ""20""]",0,0,0.6666666666666666,0.6666666666666666
bioasq_train,bioasq13b_601d2ec01cb411341a00002d,0,"[""1"", ""5"", ""6"", ""7"", ""9"", ""15""]",1,0.42857142857142855,0.6,"[""1"", ""5"", ""6"", ""7"", ""9"", ""15""]","[""1"", ""5"", ""6"", ""7"", ""9"", ""15""]",0,0,0.6,0.6
bioasq_train,bioasq13b_60259b661cb411341a0000b2,0,"[""4""]",1,1,1,"[""4""]","[""4""]",0,0,1,1
bioasq_train,bioasq13b_5e64eef51af46fc130000016,0.2066666666666667,"[""1"", ""7"", ""8""]",0.6666666666666666,0.6666666666666666,0.6666666666666666,"[""1"", ""7"", ""8""]","[""1"", ""7"", ""8""]",0.14500000000000002,0.14500000000000002,0.6666666666666666,0.6666666666666666
bioasq_train,bioasq13b_5e2b2d4afbd6abf43b000008,0.05,"[""1"", ""2"", ""6"", ""13"", ""14"", ""18""]",0.3333333333333333,0.13333333333333333,0.19047619047619044,"[""1"", ""2"", ""6"", ""13"", ""14"", ""18""]","[""1"", ""2"", ""6"", ""13"", ""14"", ""18""]",0.025,0.025,0.19047619047619044,0.19047619047619044
bioasq_train,bioasq13b_601c13a91cb411341a00000a,0,"[""5"", ""6"", ""14"", ""16""]",0.25,0.5,0.3333333333333333,"[""5"", ""6"", ""14"", ""16""]","[""5"", ""6"", ""14"", ""16""]",0,0,0.3333333333333333,0.3333333333333333
bioasq_train,bioasq13b_5fe31306a43ad3127800003c,0.075151515,"[""2"", ""18"", ""26"", ""36"", ""44"", ""50"", ""65"", ""77""]",1,0.6666666666666666,0.8,"[""2"", ""18"", ""26"", ""36"", ""44"", ""50"", ""65"", ""77""]","[""2"", ""18"", ""26"", ""36"", ""44"", ""50"", ""65"", ""77""]",0.039999999999999994,0.039999999999999994,0.8,0.8
bioasq_train,bioasq13b_5fdb2e3ea43ad3127800000b,0.41545524660333744,"[""10"", ""11"", ""30"", ""35"", ""65"", ""70"", ""71"", ""73"", ""85"", ""86"", ""116"", ""120"", ""122"", ""124"", ""125""]",0.4,0.3157894736842105,0.35294117647058826,"[""10"", ""11"", ""30"", ""35"", ""65"", ""70"", ""71"", ""73"", ""85"", ""86"", ""116"", ""120"", ""122"", ""124"", ""125""]","[""10"", ""11"", ""30"", ""35"", ""65"", ""70"", ""71"", ""73"", ""84"", ""85"", ""86"", ""116"", ""120"", ""122"", ""124"", ""125""]",0.29820261437908496,0.2966073271413829,0.35294117647058826,0.34285714285714286
bioasq_train,bioasq13b_5eb9a7f60d431b5f7300000c,0.2729900632339657,"[""14"", ""38"", ""40"", ""41"", ""74"", ""83"", ""94"", ""97""]",0.375,0.2,0.26086956521739135,"[""14"", ""38"", ""40"", ""41"", ""74"", ""83"", ""94"", ""97""]","[""14"", ""38"", ""40"", ""41"", ""74"", ""83"", ""94"", ""97""]",0.14715447154471545,0.14715447154471545,0.26086956521739135,0.26086956521739135
bioasq_train,bioasq13b_5fdb43c2a43ad3127800002c,0.18411358934122168,"[""5"", ""8"", ""14"", ""18"", ""20"", ""26"", ""27"", ""30"", ""31"", ""33"", ""43"", ""44"", ""45"", ""46"", ""51"", ""53"", ""58"", ""61"", ""62"", ""63"", ""64"", ""66"", ""69"", ""70"", ""72"", ""76"", ""77"", ""81"", ""86"", ""95"", ""96"", ""97"", ""100"", ""101"", ""102"", ""106"", ""113""]",0.5675675675675675,0.7777777777777778,0.65625,"[""5"", ""8"", ""14"", ""18"", ""20"", ""26"", ""27"", ""30"", ""31"", ""33"", ""43"", ""44"", ""45"", ""46"", ""51"", ""53"", ""58"", ""61"", ""62"", ""63"", ""64"", ""66"", ""69"", ""70"", ""72"", ""76"", ""77"", ""81"", ""86"", ""95"", ""96"", ""97"", ""100"", ""101"", ""102"", ""106"", ""113""]","[""5"", ""8"", ""14"", ""18"", ""20"", ""26"", ""27"", ""30"", ""31"", ""33"", ""43"", ""44"", ""45"", ""46"", ""51"", ""53"", ""58"", ""61"", ""62"", ""63"", ""64"", ""66"", ""69"", ""70"", ""72"", ""75"", ""76"", ""77"", ""81"", ""86"", ""95"", ""96"", ""97"", ""100"", ""101"", ""102"", ""106"", ""113""]",0.12124138153185529,0.12468801889018624,0.65625,0.6461538461538462
bioasq_train,bioasq13b_5fdb43d4a43ad3127800002d,0,"[""10"", ""40"", ""42"", ""43"", ""44"", ""45"", ""46"", ""47"", ""51"", ""52"", ""54"", ""55"", ""56""]",0.7692307692307693,0.5555555555555556,0.6451612903225806,"[""10"", ""40"", ""42"", ""43"", ""44"", ""45"", ""46"", ""47"", ""51"", ""52"", ""54"", ""55"", ""56""]","[""10"", ""40"", ""42"", ""43"", ""44"", ""45"", ""46"", ""47"", ""51"", ""52"", ""54"", ""55"", ""56""]",0,0,0.6451612903225806,0.6451612903225806
bioasq_train,bioasq13b_5fdb4231a43ad31278000020,0.069444444,"[""1"", ""8"", ""9"", ""18"", ""26"", ""27"", ""28"", ""34""]",0.875,0.6363636363636364,0.7368421052631579,"[""1"", ""8"", ""9"", ""18"", ""26"", ""27"", ""28"", ""34""]","[""1"", ""8"", ""9"", ""18"", ""26"", ""27"", ""28"", ""34""]",0.0625,0.0625,0.7368421052631579,0.7368421052631579
bioasq_train,bioasq13b_6020ae4c1cb411341a000083,0,"[""2"", ""6"", ""7"", ""8"", ""10""]",1,0.8333333333333334,0.9090909090909091,"[""2"", ""6"", ""7"", ""8"", ""10""]","[""2"", ""6"", ""7"", ""8"", ""10""]",0,0,0.9090909090909091,0.9090909090909091
bioasq_train,bioasq13b_6024a5891cb411341a0000a3,0,"[""22"", ""23"", ""27"", ""28""]",0.5,0.3333333333333333,0.4,"[""22"", ""23"", ""27"", ""28""]","[""22"", ""23"", ""27"", ""28""]",0,0,0.4,0.4
bioasq_train,bioasq13b_602c1fcc1cb411341a000120,0,"[""1"", ""2"", ""3"", ""8""]",0.5,1,0.6666666666666666,"[""1"", ""2"", ""3"", ""8""]","[""1"", ""2"", ""3"", ""8""]",0,0,0.6666666666666666,0.6666666666666666
bioasq_train,bioasq13b_60327f331cb411341a00013f,0.1411672278338945,"[""2"", ""6"", ""7"", ""8"", ""14"", ""22"", ""23"", ""24"", ""25"", ""26""]",0.6,1,0.7499999999999999,"[""2"", ""6"", ""7"", ""8"", ""14"", ""22"", ""23"", ""24"", ""25"", ""26""]","[""2"", ""6"", ""8"", ""14"", ""22"", ""23"", ""24"", ""25"", ""26""]",0.095757576,0.09540404,0.7499999999999999,0.8
bioasq_train,bioasq13b_6053c11094d57fd87900001a,0,"[""7""]",1,1,1,"[""7""]","[""7""]",0,0,1,1
bioasq_train,bioasq13b_60550d2994d57fd87900001b,0,"[""5""]",1,1,1,"[""5""]","[""5""]",0,0,1,1
bioasq_train,bioasq13b_60527fc794d57fd879000013,0,"[""1"", ""2"", ""6"", ""9""]",0.75,0.75,0.75,"[""1"", ""2"", ""6"", ""9""]","[""1"", ""2"", ""6"", ""9""]",0,0,0.75,0.75
bioasq_train,bioasq13b_604cda0994d57fd879000002,0,"[""1"", ""6"", ""10"", ""24"", ""25"", ""30""]",,,,"[""1"", ""6"", ""10"", ""24"", ""25"", ""30""]","[""1"", ""6"", ""10"", ""24"", ""25"", ""30""]",0,0,,
bioasq_train,bioasq13b_604cda2f94d57fd879000004,0.43787229148006207,"[""2"", ""3"", ""18""]",0.6666666666666666,0.051282051,0.095238095,"[""2"", ""3"", ""18""]","[""2"", ""3"", ""18""]",0.2511904761904762,0.2511904761904762,0.095238095,0.095238095
bioasq_train,bioasq13b_6057a3bf94d57fd879000030,0.1873015873015873,"[""1"", ""2"", ""3"", ""4"", ""7""]",1,0.7142857142857143,0.8333333333333333,"[""1"", ""2"", ""3"", ""4"", ""7""]","[""1"", ""2"", ""3"", ""4"", ""7""]",0.13428571428571429,0.13428571428571429,0.8333333333333333,0.8333333333333333
bioasq_train,bioasq13b_5e9ef62f0d431b5f73000006,0,"[""2"", ""3"", ""4""]",1,0.6,0.7499999999999999,"[""2"", ""3"", ""4""]","[""2"", ""3"", ""4""]",0,0,0.7499999999999999,0.7499999999999999
bioasq_train,bioasq13b_602969061cb411341a000114,0,"[""5""]",1,0.14285714285714285,0.25,"[""5""]","[""5""]",0,0,0.25,0.25
bioasq_train,bioasq13b_60321c531cb411341a000135,0,"[""1"", ""3"", ""6"", ""7"", ""8"", ""9"", ""12"", ""13"", ""14"", ""16"", ""17"", ""18"", ""19"", ""20"", ""21"", ""22"", ""23"", ""24"", ""25"", ""26"", ""27"", ""28"", ""33"", ""43""]",0.2916666666666667,1,0.45161290322580644,"[""1"", ""3"", ""6"", ""7"", ""8"", ""9"", ""12"", ""13"", ""14"", ""16"", ""17"", ""18"", ""19"", ""20"", ""21"", ""22"", ""23"", ""24"", ""25"", ""26"", ""27"", ""28"", ""33"", ""43""]","[""1"", ""3"", ""6"", ""7"", ""8"", ""9"", ""12"", ""13"", ""14"", ""16"", ""17"", ""18"", ""19"", ""20"", ""21"", ""22"", ""23"", ""24"", ""25"", ""26"", ""27"", ""28"", ""33"", ""43""]",0,0,0.45161290322580644,0.45161290322580644
bioasq_train,bioasq13b_601ebe451cb411341a00005e,0.24785634118967453,"[""3"", ""45"", ""53"", ""59"", ""68"", ""106"", ""116""]",,,,"[""3"", ""45"", ""53"", ""59"", ""68"", ""106"", ""116""]","[""3"", ""45"", ""53"", ""59"", ""68"", ""106"", ""116""]",0.15333333333333335,0.15333333333333335,,
bioasq_train,bioasq13b_5e4bf7876d0a27794100002c,0.03456486,"[""10"", ""14"", ""17"", ""18"", ""27"", ""28"", ""29"", ""30"", ""33"", ""34"", ""37"", ""41"", ""42"", ""43"", ""52"", ""53"", ""54"", ""55"", ""56"", ""64"", ""65"", ""67"", ""71"", ""72"", ""73"", ""74"", ""83"", ""84"", ""85""]",0.3448275862068966,0.5263157894736842,0.4166666666666667,"[""10"", ""14"", ""17"", ""18"", ""27"", ""28"", ""29"", ""30"", ""33"", ""34"", ""37"", ""41"", ""42"", ""43"", ""52"", ""53"", ""54"", ""55"", ""56"", ""64"", ""65"", ""67"", ""71"", ""72"", ""73"", ""74"", ""83"", ""84"", ""85""]","[""10"", ""14"", ""17"", ""18"", ""27"", ""28"", ""29"", ""30"", ""33"", ""34"", ""37"", ""41"", ""42"", ""43"", ""52"", ""53"", ""54"", ""55"", ""56"", ""64"", ""65"", ""67"", ""71"", ""72"", ""73"", ""74"", ""83"", ""84"", ""85""]",0.024137931034482762,0.024137931034482762,0.4166666666666667,0.4166666666666667
bioasq_train,bioasq13b_602c21501cb411341a000121,0,"[""1"", ""3"", ""4"", ""5""]",1,1,1,"[""1"", ""3"", ""4"", ""5""]","[""1"", ""3"", ""4"", ""5""]",0,0,1,1
bioasq_train,bioasq13b_6025f7dc1cb411341a0000bd,0.3363994314463627,"[""2"", ""4"", ""7"", ""11"", ""37"", ""42"", ""43"", ""44"", ""46"", ""53"", ""72"", ""73"", ""84"", ""88"", ""98"", ""111"", ""112"", ""113"", ""115"", ""131"", ""154"", ""167"", ""175""]",,,,"[""2"", ""4"", ""7"", ""11"", ""37"", ""42"", ""43"", ""44"", ""46"", ""53"", ""72"", ""73"", ""84"", ""88"", ""98"", ""111"", ""112"", ""113"", ""115"", ""131"", ""154"", ""167"", ""175""]","[""2"", ""4"", ""7"", ""11"", ""37"", ""42"", ""43"", ""44"", ""46"", ""53"", ""72"", ""73"", ""84"", ""88"", ""98"", ""111"", ""112"", ""113"", ""115"", ""131"", ""133"", ""137"", ""154"", ""167"", ""173"", ""175"", ""182""]",0.22827072422274824,0.2531278607891511,,
bioasq_train,bioasq13b_5fdb41a2a43ad3127800001c,0.5346897546897547,"[""12"", ""17""]",0.5,0.028571429,0.054054054,"[""12"", ""17""]","[""12"", ""17""]",0.3643578643578643,0.3643578643578643,0.054054054,0.054054054
bioasq_train,bioasq13b_602c1dc41cb411341a00011f,0,"[""2"", ""13"", ""25"", ""33"", ""34""]",0.8,0.8,0.8000000000000002,"[""2"", ""13"", ""25"", ""33"", ""34""]","[""2"", ""13"", ""25"", ""33"", ""34""]",0,0,0.8000000000000002,0.8000000000000002
bioasq_train,bioasq13b_6032866a1cb411341a000142,0,"[""13"", ""43""]",1,0.5,0.6666666666666666,"[""13"", ""43""]","[""13"", ""43""]",0,0,0.6666666666666666,0.6666666666666666
bioasq_train,bioasq13b_60490a0f1cb411341a000165,0.11111111111111109,"[""4"", ""10"", ""11"", ""20"", ""26""]",0.8,0.6666666666666666,0.7272727272727272,"[""4"", ""10"", ""11"", ""20"", ""26""]","[""4"", ""10"", ""11"", ""20"", ""26""]",0.1,0.1,0.7272727272727272,0.7272727272727272
bioasq_train,bioasq13b_602c1c701cb411341a00011d,0,"[""1"", ""2""]",0.5,1,0.6666666666666666,"[""1"", ""2""]","[""1"", ""2""]",0,0,0.6666666666666666,0.6666666666666666
bioasq_train,bioasq13b_60491db71cb411341a00016e,0.17777777777777778,"[""2"", ""24""]",1,0.5,0.6666666666666666,"[""2"", ""24""]","[""2"", ""24""]",0.13333333333333336,0.13333333333333336,0.6666666666666666,0.6666666666666666
bioasq_train,bioasq13b_5fdb4148a43ad31278000018,0.13628004577279937,"[""1"", ""2"", ""6"", ""11"", ""13"", ""17"", ""20"", ""23"", ""24"", ""25"", ""26"", ""35"", ""39"", ""40"", ""41"", ""44"", ""50"", ""52"", ""61"", ""62"", ""65"", ""66"", ""67"", ""68"", ""69""]",0.56,0.7368421052631579,0.6363636363636364,"[""1"", ""2"", ""6"", ""11"", ""13"", ""17"", ""20"", ""23"", ""24"", ""25"", ""26"", ""35"", ""39"", ""40"", ""41"", ""44"", ""50"", ""52"", ""61"", ""62"", ""65"", ""66"", ""67"", ""68"", ""69""]","[""1"", ""2"", ""6"", ""11"", ""13"", ""17"", ""20"", ""23"", ""24"", ""25"", ""26"", ""35"", ""39"", ""40"", ""44"", ""50"", ""52"", ""61"", ""62"", ""65"", ""66"", ""67"", ""68"", ""69""]",0.093754579,0.093031136,0.6363636363636364,0.6046511627906976
bioasq_train,bioasq13b_60266cf31cb411341a0000c4,0.1932963672798554,"[""2"", ""12"", ""13"", ""22"", ""27"", ""52"", ""53"", ""72"", ""84"", ""93"", ""118"", ""126"", ""127""]",,,,"[""2"", ""12"", ""13"", ""22"", ""27"", ""52"", ""53"", ""72"", ""84"", ""93"", ""118"", ""126"", ""127""]","[""2"", ""12"", ""13"", ""22"", ""27"", ""52"", ""53"", ""72"", ""84"", ""93"", ""118"", ""126"", ""127""]",0.1453548085901027,0.1453548085901027,,
bioasq_train,bioasq13b_6033fae11cb411341a00014d,0,"[""2"", ""12"", ""13"", ""23"", ""25"", ""35""]",0.5,0.6,0.5454545454545454,"[""2"", ""12"", ""13"", ""23"", ""25"", ""35""]","[""2"", ""12"", ""13"", ""23"", ""25"", ""35""]",0,0,0.5454545454545454,0.5454545454545454
bioasq_train,bioasq13b_601d73501cb411341a00003b,0.13364151118537085,"[""1"", ""2"", ""11"", ""20"", ""21"", ""26"", ""30"", ""31"", ""40"", ""65"", ""70"", ""74"", ""86"", ""124"", ""125"", ""126"", ""141"", ""142"", ""155"", ""156""]",,,,"[""1"", ""2"", ""11"", ""20"", ""21"", ""26"", ""30"", ""31"", ""40"", ""65"", ""70"", ""74"", ""86"", ""124"", ""125"", ""126"", ""141"", ""142"", ""155"", ""156""]","[""1"", ""2"", ""11"", ""20"", ""21"", ""26"", ""30"", ""31"", ""40"", ""65"", ""70"", ""74"", ""86"", ""124"", ""125"", ""126"", ""141"", ""142"", ""155"", ""156""]",0.089047619,0.089047619,,
bioasq_train,bioasq13b_601d742e1cb411341a000040,0,"[""2"", ""11"", ""15"", ""23"", ""24""]",0.8,0.36363636363636365,0.5000000000000001,"[""2"", ""11"", ""15"", ""23"", ""24""]","[""2"", ""11"", ""15"", ""23"", ""24""]",0,0,0.5000000000000001,0.5000000000000001
bioasq_train,bioasq13b_5fe31310a43ad31278000041,0.49581139307949623,"[""2"", ""32"", ""34"", ""35"", ""62"", ""65"", ""70"", ""76"", ""84"", ""90"", ""92"", ""93"", ""110"", ""115"", ""133"", ""146"", ""151"", ""156"", ""161"", ""166"", ""170"", ""186"", ""194"", ""206"", ""211"", ""214"", ""215"", ""225"", ""226"", ""231"", ""234"", ""237"", ""241"", ""244"", ""251"", ""253"", ""254"", ""256"", ""261"", ""276"", ""278"", ""280"", ""284"", ""290"", ""293"", ""296"", ""301"", ""305"", ""311"", ""316""]",,,,"[""2"", ""32"", ""34"", ""35"", ""62"", ""65"", ""70"", ""76"", ""84"", ""90"", ""92"", ""93"", ""110"", ""115"", ""133"", ""146"", ""151"", ""156"", ""161"", ""166"", ""170"", ""186"", ""194"", ""206"", ""211"", ""214"", ""215"", ""225"", ""226"", ""231"", ""234"", ""237"", ""241"", ""244"", ""251"", ""253"", ""254"", ""256"", ""261"", ""276"", ""278"", ""280"", ""284"", ""290"", ""293"", ""296"", ""301"", ""305"", ""311"", ""316""]","[""2"", ""32"", ""34"", ""35"", ""62"", ""65"", ""70"", ""76"", ""84"", ""90"", ""92"", ""93"", ""110"", ""115"", ""133"", ""134"", ""146"", ""151"", ""153"", ""155"", ""156"", ""161"", ""166"", ""170"", ""184"", ""186"", ""188"", ""201"", ""206"", ""211"", ""215"", ""225"", ""226"", ""231"", ""234"", ""235"", ""237"", ""241"", ""242"", ""244"", ""251"", ""253"", ""254"", ""256"", ""258"", ""261"", ""263"", ""264"", ""276"", ""278"", ""280"", ""284"", ""290"", ""291"", ""293"", ""295"", ""296"", ""301"", ""305"", ""311"", ""313"", ""316""]",0.3635310803351312,0.3932007797344164,,
bioasq_train,bioasq13b_6028196e1cb411341a0000f2,0.4454880285708057,"[""2"", ""22"", ""23"", ""24"", ""26"", ""27"", ""28"", ""29"", ""34"", ""46"", ""52"", ""55"", ""65"", ""89"", ""90"", ""96"", ""104"", ""105"", ""106"", ""112""]",0.75,0.625,0.6818181818181818,"[""2"", ""22"", ""23"", ""24"", ""26"", ""27"", ""28"", ""29"", ""34"", ""46"", ""52"", ""55"", ""65"", ""89"", ""90"", ""96"", ""104"", ""105"", ""106"", ""112""]","[""2"", ""22"", ""23"", ""24"", ""26"", ""27"", ""28"", ""29"", ""90"", ""104"", ""105"", ""106""]",0.367333184,0.3538544558889386,0.6818181818181818,0.611111111
bioasq_train,bioasq13b_602c19f11cb411341a00011b,0,"[""6"", ""10""]",1,1,1,"[""6"", ""10""]","[""6"", ""10""]",0,0,1,1
bioasq_train,bioasq13b_601d725d1cb411341a000036,0.382418492,"[""2"", ""16"", ""17"", ""40"", ""41"", ""69"", ""90"", ""111"", ""142"", ""190"", ""205""]",0.7272727272727273,0.25806451612903225,0.38095238095238093,"[""2"", ""16"", ""17"", ""40"", ""41"", ""69"", ""90"", ""111"", ""142"", ""190"", ""205""]","[""2"", ""16"", ""17"", ""40"", ""41"", ""69"", ""90"", ""111"", ""141"", ""142"", ""190"", ""205"", ""210""]",0.30373931623931627,0.30719887955182074,0.38095238095238093,0.45454545454545453
bioasq_train,bioasq13b_601c48c11cb411341a00001e,0.20105820105820105,"[""1"", ""2"", ""4"", ""6"", ""13"", ""15"", ""17"", ""21"", ""25"", ""27"", ""28"", ""29"", ""34""]",0.46153846153846156,1,0.631578947,"[""1"", ""2"", ""4"", ""6"", ""13"", ""15"", ""17"", ""21"", ""25"", ""27"", ""28"", ""29"", ""34""]","[""1"", ""2"", ""4"", ""6"", ""13"", ""15"", ""17"", ""21"", ""25"", ""27"", ""28"", ""29"", ""34""]",0.14285714285714285,0.14285714285714285,0.631578947,0.631578947
bioasq_train,bioasq13b_604b6bec1cb411341a000170,0.11666666666666667,"[""2"", ""32"", ""58"", ""68"", ""78"", ""82"", ""91""]",0.8571428571428571,0.2857142857142857,0.42857142857142855,"[""2"", ""32"", ""58"", ""68"", ""78"", ""82"", ""91""]","[""2"", ""32"", ""58"", ""68"", ""78"", ""82"", ""91""]",0.075,0.075,0.42857142857142855,0.42857142857142855
bioasq_train,bioasq13b_5fe31318a43ad31278000045,0,"[""1"", ""3"", ""7""]",1,0.6,0.7499999999999999,"[""1"", ""3"", ""7""]","[""1"", ""3"", ""7""]",0,0,0.7499999999999999,0.7499999999999999
bioasq_train,bioasq13b_6027fa581cb411341a0000ee,0.044444444444444446,"[""1"", ""2"", ""3"", ""5"", ""6"", ""7"", ""8"", ""9""]",0.75,0.8571428571428571,0.7999999999999999,"[""1"", ""2"", ""3"", ""5"", ""6"", ""7"", ""8"", ""9""]","[""1"", ""2"", ""3"", ""5"", ""6"", ""7"", ""8"", ""9""]",0.025,0.025,0.7999999999999999,0.7999999999999999
bioasq_train,bioasq13b_606b79da94d57fd87900006e,0,"[""4""]",1,1,1,"[""4""]","[""4""]",0,0,1,1
bioasq_train,bioasq13b_6026b0e01cb411341a0000ca,0.1940740740740741,"[""1"", ""2"", ""6"", ""9"", ""10""]",1,0.5,0.6666666666666666,"[""1"", ""2"", ""6"", ""9"", ""10""]","[""1"", ""2"", ""6"", ""9"", ""10""]",0.11333333333333333,0.11333333333333333,0.6666666666666666,0.6666666666666666
bioasq_train,bioasq13b_602745c51cb411341a0000de,0.2789241622574956,"[""25"", ""27"", ""30"", ""47"", ""50""]",0.4,0.14285714285714285,0.21052631578947364,"[""25"", ""27"", ""30"", ""47"", ""50""]","[""25"", ""27"", ""30"", ""47"", ""50""]",0.18511904761904763,0.18511904761904763,0.21052631578947364,0.21052631578947364
bioasq_train,bioasq13b_5fdb40eba43ad31278000014,0.1398941798941799,"[""4"", ""16"", ""17"", ""27"", ""29"", ""39"", ""40"", ""62"", ""65"", ""66"", ""68"", ""72"", ""78"", ""80""]",0.7142857142857143,0.43478260869565216,0.5405405405405405,"[""4"", ""16"", ""17"", ""27"", ""29"", ""39"", ""40"", ""62"", ""65"", ""66"", ""68"", ""72"", ""78"", ""80""]","[""4"", ""16"", ""17"", ""27"", ""29"", ""39"", ""40"", ""62"", ""65"", ""66"", ""68"", ""72"", ""78"", ""80""]",0.10047619047619047,0.10047619047619047,0.5405405405405405,0.5405405405405405
bioasq_train,bioasq13b_6032536a1cb411341a00013b,0,"[""1"", ""4"", ""5"", ""8"", ""9"", ""10"", ""11""]",1,0.7777777777777778,0.8750000000000001,"[""1"", ""4"", ""5"", ""8"", ""9"", ""10"", ""11""]","[""1"", ""4"", ""5"", ""8"", ""9"", ""10"", ""11""]",0,0,0.8750000000000001,0.8750000000000001
bioasq_train,bioasq13b_6053be3594d57fd879000019,0,"[""4""]",1,1,1,"[""4""]","[""4""]",0,0,1,1
bioasq_train,bioasq13b_60249aa31cb411341a0000a0,0.2796883871393675,"[""2"", ""5"", ""30"", ""55"", ""56"", ""82"", ""115"", ""116"", ""266"", ""275""]",0.5,0.098039216,0.1639344262295082,"[""2"", ""5"", ""30"", ""55"", ""56"", ""82"", ""115"", ""116"", ""266"", ""275""]","[""2"", ""5"", ""30"", ""55"", ""56"", ""82"", ""115"", ""116"", ""266"", ""267"", ""275""]",0.19386363636363635,0.20170454545454547,0.1639344262295082,0.1935483870967742
bioasq_train,bioasq13b_6081b9d64e6a4cf63000000b,0,"[""10"", ""21"", ""22"", ""23"", ""24""]",0.2,0.3333333333333333,0.25,"[""10"", ""21"", ""22"", ""23"", ""24""]","[""10"", ""21"", ""22"", ""23"", ""24""]",0,0,0.25,0.25
bioasq_train,bioasq13b_5eb504560d431b5f7300000b,0.38334042948836317,"[""1"", ""2"", ""6"", ""7"", ""8"", ""9"", ""10"", ""13"", ""15"", ""24"", ""25"", ""28"", ""31"", ""34"", ""36"", ""37"", ""38"", ""42"", ""44"", ""46"", ""47"", ""57"", ""58"", ""60"", ""63"", ""67"", ""70"", ""73"", ""76"", ""78"", ""83"", ""88"", ""91"", ""94"", ""96"", ""97"", ""99"", ""100"", ""103"", ""104"", ""106"", ""113"", ""114"", ""116"", ""118"", ""119"", ""122"", ""123"", ""126"", ""128"", ""133"", ""134"", ""136"", ""137"", ""138"", ""144"", ""145"", ""149"", ""153"", ""157"", ""161"", ""162"", ""164"", ""166"", ""169"", ""171""]",0.3333333333333333,0.7096774193548387,0.45360824742268047,"[""1"", ""2"", ""6"", ""7"", ""8"", ""9"", ""10"", ""13"", ""15"", ""24"", ""25"", ""28"", ""31"", ""34"", ""36"", ""37"", ""38"", ""42"", ""44"", ""46"", ""47"", ""57"", ""58"", ""60"", ""63"", ""67"", ""70"", ""73"", ""76"", ""78"", ""83"", ""88"", ""91"", ""94"", ""96"", ""97"", ""99"", ""100"", ""103"", ""104"", ""106"", ""113"", ""114"", ""116"", ""118"", ""119"", ""122"", ""123"", ""126"", ""128"", ""133"", ""134"", ""136"", ""137"", ""138"", ""144"", ""145"", ""149"", ""153"", ""157"", ""161"", ""162"", ""164"", ""166"", ""169"", ""171""]","[""1"", ""2"", ""6"", ""7"", ""8"", ""9"", ""10"", ""13"", ""15"", ""24"", ""25"", ""28"", ""31"", ""34"", ""36"", ""37"", ""38"", ""42"", ""45"", ""46"", ""47"", ""57"", ""58"", ""60"", ""63"", ""67"", ""70"", ""73"", ""76"", ""78"", ""83"", ""88"", ""91"", ""92"", ""94"", ""96"", ""97"", ""100"", ""103"", ""104"", ""106"", ""107"", ""113"", ""114"", ""116"", ""118"", ""119"", ""122"", ""123"", ""126"", ""128"", ""133"", ""134"", ""136"", ""137"", ""138"", ""144"", ""145"", ""148"", ""151"", ""153"", ""156"", ""159"", ""161"", ""162"", ""164"", ""166"", ""169"", ""171""]",0.2780089707589952,0.3109099993084426,0.45360824742268047,0.44000000000000006
bioasq_train,bioasq13b_606bfca094d57fd879000072,0.18888888888888894,"[""1"", ""2"", ""4"", ""5"", ""10"", ""12"", ""14"", ""24"", ""25"", ""27""]",0.2,1,0.33333333333333337,"[""1"", ""2"", ""4"", ""5"", ""10"", ""12"", ""14"", ""24"", ""25"", ""27""]","[""1"", ""2"", ""4"", ""5"", ""10"", ""12"", ""14"", ""24"", ""25""]",0.15999999999999998,0.16,0.33333333333333337,0.3636363636363636
bioasq_train,bioasq13b_601ffa7a1cb411341a000078,0.3665622490493492,"[""4"", ""23"", ""29"", ""30"", ""32"", ""41"", ""42"", ""47"", ""122"", ""127"", ""134"", ""135"", ""137"", ""140"", ""176"", ""216""]",0.5625,0.3103448275862069,0.4,"[""4"", ""23"", ""29"", ""30"", ""32"", ""41"", ""42"", ""47"", ""122"", ""127"", ""134"", ""135"", ""137"", ""140"", ""176"", ""216""]","[""4"", ""23"", ""29"", ""30"", ""32"", ""41"", ""42"", ""47"", ""122"", ""127"", ""134"", ""135"", ""137"", ""140"", ""146"", ""176"", ""216""]",0.25244394408481097,0.2578415736310473,0.4,0.391304348
bioasq_train,bioasq13b_602c192c1cb411341a000119,0,"[""4"", ""5""]",0.5,0.5,0.5,"[""4"", ""5""]","[""4"", ""5""]",0,0,0.5,0.5
bioasq_train,bioasq13b_604d41ba94d57fd879000005,0.36861978596087963,"[""1"", ""2"", ""3"", ""4"", ""7"", ""10"", ""12"", ""14"", ""16"", ""17"", ""18"", ""24"", ""25"", ""30"", ""35"", ""44"", ""47"", ""71"", ""72"", ""73"", ""78"", ""91"", ""92"", ""137"", ""138"", ""139"", ""140"", ""142"", ""144"", ""171"", ""174""]",0.3870967741935484,0.36363636363636365,0.37500000000000006,"[""1"", ""2"", ""3"", ""4"", ""7"", ""10"", ""12"", ""14"", ""16"", ""17"", ""18"", ""24"", ""25"", ""30"", ""35"", ""44"", ""47"", ""71"", ""72"", ""73"", ""78"", ""91"", ""92"", ""137"", ""138"", ""139"", ""140"", ""142"", ""144"", ""171"", ""174""]","[""1"", ""2"", ""3"", ""4"", ""7"", ""8"", ""10"", ""12"", ""14"", ""16"", ""17"", ""18"", ""24"", ""25"", ""30"", ""35"", ""44"", ""47"", ""71"", ""72"", ""73"", ""78"", ""81"", ""91"", ""92"", ""137"", ""138"", ""139"", ""140"", ""142"", ""144"", ""146"", ""171"", ""174""]",0.2563801621773758,0.26717866217866215,0.37500000000000006,0.38805970149253727
bioasq_train,bioasq13b_601ec6e11cb411341a000064,0.064141414,"[""2"", ""16"", ""27"", ""32"", ""33"", ""64"", ""71"", ""84"", ""115"", ""141""]",,,,"[""2"", ""16"", ""27"", ""32"", ""33"", ""64"", ""71"", ""84"", ""115"", ""141""]","[""2"", ""16"", ""27"", ""32"", ""33"", ""64"", ""71"", ""84"", ""115"", ""141""]",0.043939393939393945,0.043939393939393945,,
bioasq_train,bioasq13b_606b61f794d57fd879000068,0,"[""2"", ""26"", ""27""]",0.6666666666666666,0.6666666666666666,0.6666666666666666,"[""2"", ""26"", ""27""]","[""2"", ""26"", ""27""]",0,0,0.6666666666666666,0.6666666666666666
bioasq_train,bioasq13b_601c0b071cb411341a000009,0.6037178110417167,"[""2"", ""26"", ""27"", ""31"", ""34"", ""35"", ""37"", ""41"", ""46"", ""59"", ""66"", ""72"", ""74"", ""76"", ""82"", ""89"", ""91"", ""92"", ""116"", ""117"", ""123"", ""131"", ""141"", ""156"", ""161"", ""171"", ""173"", ""175"", ""188""]",0.3793103448275862,0.34375,0.36065573770491804,"[""2"", ""26"", ""27"", ""31"", ""34"", ""35"", ""37"", ""41"", ""46"", ""59"", ""66"", ""72"", ""74"", ""76"", ""82"", ""89"", ""91"", ""92"", ""116"", ""117"", ""123"", ""131"", ""141"", ""156"", ""161"", ""171"", ""173"", ""175"", ""188""]","[""2"", ""12"", ""26"", ""27"", ""31"", ""34"", ""35"", ""37"", ""41"", ""46"", ""59"", ""61"", ""62"", ""66"", ""69"", ""72"", ""74"", ""76"", ""82"", ""89"", ""91"", ""92"", ""96"", ""106"", ""116"", ""118"", ""123"", ""126"", ""131"", ""134"", ""140"", ""146"", ""156"", ""158"", ""161"", ""167"", ""171"", ""173"", ""175"", ""188""]",0.5075143405494265,0.4924550193614289,0.36065573770491804,0.38888888888888884
bioasq_train,bioasq13b_5fe3130fa43ad31278000040,0.2172975172975173,"[""2"", ""31"", ""38"", ""83"", ""96"", ""102""]",0.6666666666666666,0.2,0.30769230769230765,"[""2"", ""31"", ""38"", ""83"", ""96"", ""102""]","[""2"", ""31"", ""38"", ""83"", ""96"", ""102""]",0.13241758241758245,0.13241758241758245,0.30769230769230765,0.30769230769230765
bioasq_train,bioasq13b_6032722f1cb411341a00013d,0.13519535553860498,"[""4"", ""7"", ""8"", ""10"", ""15"", ""16"", ""30"", ""36"", ""41"", ""42"", ""43"", ""44"", ""45"", ""46"", ""48"", ""57"", ""62"", ""63"", ""64"", ""65"", ""66"", ""68""]",,,,"[""4"", ""7"", ""8"", ""10"", ""15"", ""16"", ""30"", ""36"", ""41"", ""42"", ""43"", ""44"", ""45"", ""46"", ""48"", ""57"", ""62"", ""63"", ""64"", ""65"", ""66"", ""68""]","[""4"", ""7"", ""8"", ""10"", ""15"", ""16"", ""30"", ""36"", ""41"", ""42"", ""43"", ""44"", ""45"", ""46"", ""48"", ""57"", ""62"", ""63"", ""64"", ""65"", ""66"", ""68""]",0.08115942,0.08115942,,
bioasq_train,bioasq13b_606ae55d94d57fd879000057,0,"[""5""]",1,0.3333333333333333,0.5,"[""5""]","[""5""]",0,0,0.5,0.5
bioasq_train,bioasq13b_60291a0c1cb411341a00010d,0,"[""1"", ""3""]",1,0.6666666666666666,0.8,"[""1"", ""3""]","[""1"", ""3""]",0,0,0.8,0.8
bioasq_train,bioasq13b_604bc5b41cb411341a000173,0.16944283786389047,"[""5"", ""9"", ""15"", ""17"", ""27"", ""30"", ""31"", ""41"", ""42"", ""53"", ""79"", ""110"", ""111""]",,,,"[""5"", ""9"", ""15"", ""17"", ""27"", ""30"", ""31"", ""41"", ""42"", ""53"", ""79"", ""110"", ""111""]","[""5"", ""9"", ""15"", ""17"", ""27"", ""30"", ""31"", ""41"", ""42"", ""53"", ""79"", ""110"", ""111""]",0.10520532099479465,0.10520532099479465,,
bioasq_train,bioasq13b_606b3ce794d57fd879000065,0,"[""2"", ""10"", ""18"", ""28""]",1,1,1,"[""2"", ""10"", ""18"", ""28""]","[""2"", ""10"", ""18"", ""28""]",0,0,1,1
bioasq_train,bioasq13b_601cba001cb411341a000028,0.3695374272581837,"[""3"", ""68"", ""76"", ""110"", ""111"", ""113"", ""115"", ""178"", ""179"", ""222"", ""226"", ""227"", ""228"", ""233""]",0.21428571428571427,0.09375,0.13043478260869562,"[""3"", ""68"", ""76"", ""110"", ""111"", ""113"", ""115"", ""178"", ""179"", ""222"", ""226"", ""227"", ""228"", ""233""]","[""3"", ""68"", ""76"", ""110"", ""111"", ""113"", ""115"", ""178"", ""179"", ""222"", ""226"", ""227"", ""228"", ""233"", ""240""]",0.24301396316102197,0.254244814,0.13043478260869562,0.12765957446808512
bioasq_train,bioasq13b_601c4a0a1cb411341a00001f,0.042857142857142864,"[""2"", ""15"", ""18"", ""23"", ""29"", ""30"", ""31"", ""72"", ""73"", ""100"", ""109"", ""120""]",0.6666666666666666,0.34782608695652173,0.4571428571428571,"[""2"", ""15"", ""18"", ""23"", ""29"", ""30"", ""31"", ""72"", ""73"", ""100"", ""109"", ""120""]","[""2"", ""15"", ""18"", ""23"", ""29"", ""30"", ""31"", ""72"", ""73"", ""100"", ""109"", ""120""]",0.021428571,0.021428571,0.4571428571428571,0.4571428571428571
bioasq_train,bioasq13b_606ad2ab94d57fd879000053,0,"[""2"", ""3""]",1,1,1,"[""2"", ""3""]","[""2"", ""3""]",0,0,1,1
bioasq_train,bioasq13b_5fdb4112a43ad31278000016,0.11771006771006771,"[""2"", ""10"", ""19"", ""32"", ""41"", ""46"", ""53"", ""66"", ""106"", ""140""]",0.9,0.28125,0.4285714285714286,"[""2"", ""10"", ""19"", ""32"", ""41"", ""46"", ""53"", ""66"", ""106"", ""140""]","[""2"", ""10"", ""19"", ""32"", ""41"", ""46"", ""53"", ""66"", ""106"", ""140""]",0.077272727,0.077272727,0.4285714285714286,0.4285714285714286
bioasq_train,bioasq13b_606b3f4d94d57fd879000066,0,"[""2"", ""17"", ""25"", ""27""]",0.75,0.6,0.6666666666666665,"[""2"", ""17"", ""25"", ""27""]","[""2"", ""17"", ""25"", ""27""]",0,0,0.6666666666666665,0.6666666666666665
bioasq_train,bioasq13b_60290f741cb411341a00010b,0,"[""1"", ""4"", ""7""]",1,0.42857142857142855,0.6,"[""1"", ""4"", ""7""]","[""1"", ""4"", ""7""]",0,0,0.6,0.6
bioasq_train,bioasq13b_6060732b94d57fd87900003d,0.050793651,"[""1"", ""3"", ""4"", ""5"", ""7"", ""11""]",1,0.5454545454545454,0.7058823529411764,"[""1"", ""3"", ""4"", ""5"", ""7"", ""11""]","[""1"", ""3"", ""4"", ""5"", ""7"", ""11""]",0.028571429,0.028571429,0.7058823529411764,0.7058823529411764
bioasq_train,bioasq13b_6020b43a1cb411341a000087,0,"[""2"", ""9"", ""10"", ""11"", ""23""]",0.8,0.36363636363636365,0.5000000000000001,"[""2"", ""9"", ""10"", ""11"", ""23""]","[""2"", ""9"", ""10"", ""11"", ""23""]",0,0,0.5000000000000001,0.5000000000000001
bioasq_train,bioasq13b_606b33e394d57fd879000061,0.076190476,"[""1"", ""3"", ""10"", ""20"", ""21"", ""30"", ""32""]",0.42857142857142855,0.75,0.5454545454545454,"[""1"", ""3"", ""10"", ""20"", ""21"", ""30"", ""32""]","[""1"", ""3"", ""10"", ""20"", ""21"", ""30"", ""32""]",0.057142857,0.057142857,0.5454545454545454,0.5454545454545454
bioasq_train,bioasq13b_5e57fb40b761aafe09000009,0,"[""2"", ""13""]",0.5,1,0.6666666666666666,"[""2"", ""13""]","[""2"", ""13""]",0,0,0.6666666666666666,0.6666666666666666
bioasq_train,bioasq13b_604f632494d57fd879000007,0.13751755679219047,"[""1"", ""4"", ""7"", ""8"", ""9"", ""10"", ""16"", ""17"", ""18"", ""21"", ""22"", ""23"", ""25"", ""26"", ""27"", ""28"", ""29"", ""30"", ""31"", ""32"", ""33"", ""35"", ""36"", ""42"", ""43"", ""44"", ""49"", ""50"", ""51"", ""52"", ""53"", ""55"", ""57"", ""58"", ""59"", ""60"", ""61"", ""62"", ""63"", ""65"", ""66"", ""67"", ""68"", ""69"", ""70"", ""71""]",0.1956521739130435,0.75,0.3103448275862069,"[""1"", ""4"", ""7"", ""8"", ""9"", ""10"", ""16"", ""17"", ""18"", ""21"", ""22"", ""23"", ""25"", ""26"", ""27"", ""28"", ""29"", ""30"", ""31"", ""32"", ""33"", ""35"", ""36"", ""42"", ""43"", ""44"", ""49"", ""50"", ""51"", ""52"", ""53"", ""55"", ""57"", ""58"", ""59"", ""60"", ""61"", ""62"", ""63"", ""65"", ""66"", ""67"", ""68"", ""69"", ""70"", ""71""]","[""1"", ""4"", ""7"", ""8"", ""9"", ""10"", ""13"", ""16"", ""17"", ""18"", ""21"", ""22"", ""23"", ""25"", ""26"", ""27"", ""29"", ""30"", ""31"", ""32"", ""33"", ""35"", ""36"", ""42"", ""43"", ""44"", ""49"", ""50"", ""51"", ""52"", ""53"", ""55"", ""57"", ""58"", ""59"", ""60"", ""61"", ""62"", ""63"", ""65"", ""66"", ""67"", ""68"", ""69"", ""70"", ""71""]",0.082538278,0.093914507,0.3103448275862069,0.3448275862068966
bioasq_train,bioasq13b_606080eb94d57fd879000040,0,"[""1"", ""7"", ""8"", ""9"", ""10"", ""11""]",1,1,1,"[""1"", ""7"", ""8"", ""9"", ""10"", ""11""]","[""1"", ""7"", ""8"", ""9"", ""10"", ""11""]",0,0,1,1
bioasq_train,bioasq13b_5fdb2f03a43ad31278000010,0.10158730158730159,"[""2"", ""6"", ""11"", ""12"", ""17"", ""35"", ""37""]",0.8571428571428571,0.6,0.7058823529411764,"[""2"", ""6"", ""11"", ""12"", ""17"", ""35"", ""37""]","[""2"", ""6"", ""11"", ""12"", ""17"", ""35"", ""37""]",0.053571429,0.053571429,0.7058823529411764,0.7058823529411764
bioasq_train,bioasq13b_606ad4bd94d57fd879000054,0,"[""2""]",1,1,1,"[""2""]","[""2""]",0,0,1,1
bioasq_train,bioasq13b_601c33f81cb411341a000017,0.40405260032307194,"[""1"", ""2"", ""18"", ""31"", ""95"", ""96"", ""99"", ""101"", ""109"", ""148"", ""156"", ""205"", ""206"", ""218""]",,,,"[""1"", ""2"", ""18"", ""31"", ""95"", ""96"", ""99"", ""101"", ""109"", ""148"", ""156"", ""205"", ""206"", ""218""]","[""1"", ""2"", ""18"", ""31"", ""95"", ""96"", ""99"", ""101"", ""109"", ""115"", ""148"", ""153"", ""156"", ""162"", ""205"", ""206"", ""218""]",0.31529098481497864,0.3259936353710752,,
bioasq_train,bioasq13b_6025382b1cb411341a0000a5,0,"[""9"", ""11"", ""15"", ""16"", ""18"", ""19"", ""20"", ""21"", ""22"", ""24"", ""26"", ""36"", ""38"", ""43""]",0.7142857142857143,0.9090909090909091,0.8,"[""9"", ""11"", ""15"", ""16"", ""18"", ""19"", ""20"", ""21"", ""22"", ""24"", ""26"", ""36"", ""38"", ""43""]","[""9"", ""11"", ""15"", ""16"", ""18"", ""19"", ""20"", ""21"", ""22"", ""24"", ""26"", ""36"", ""38"", ""43""]",0,0,0.8,0.8
bioasq_train,bioasq13b_603256981cb411341a00013c,0,"[""1"", ""5"", ""6"", ""8""]",0.75,0.75,0.75,"[""1"", ""5"", ""6"", ""8""]","[""1"", ""5"", ""6"", ""8""]",0,0,0.75,0.75
bioasq_train,bioasq13b_601f0d6f1cb411341a00006f,0.28109811565951914,"[""23"", ""24"", ""38"", ""41"", ""42"", ""45"", ""47"", ""51"", ""52"", ""57"", ""61"", ""62"", ""67"", ""70"", ""76"", ""86"", ""88"", ""94"", ""95"", ""102""]",0.4,0.47058823529411764,0.4324324324324324,"[""23"", ""24"", ""38"", ""41"", ""42"", ""45"", ""47"", ""51"", ""52"", ""57"", ""61"", ""62"", ""67"", ""70"", ""76"", ""86"", ""88"", ""94"", ""95"", ""102""]","[""23"", ""24"", ""38"", ""41"", ""42"", ""45"", ""47"", ""51"", ""52"", ""57"", ""61"", ""62"", ""67"", ""70"", ""76"", ""86"", ""88"", ""94"", ""95"", ""102""]",0.19214285714285717,0.19214285714285717,0.4324324324324324,0.4324324324324324
bioasq_train,bioasq13b_606ad1f094d57fd879000052,0,"[""2"", ""11""]",0.5,1,0.6666666666666666,"[""2"", ""11""]","[""2"", ""11""]",0,0,0.6666666666666666,0.6666666666666666
bioasq_train,bioasq13b_6028f6781cb411341a000100,0,"[""4""]",1,0.16666666666666666,0.2857142857142857,"[""4""]","[""4""]",0,0,0.2857142857142857,0.2857142857142857
bioasq_train,bioasq13b_60571d4294d57fd879000028,0.2,"[""4"", ""8"", ""11"", ""12"", ""29"", ""32"", ""33""]",0.5714285714285714,0.5714285714285714,0.5714285714285714,"[""4"", ""8"", ""11"", ""12"", ""29"", ""32"", ""33""]","[""4"", ""8"", ""11"", ""12"", ""29"", ""32"", ""33""]",0.11428571428571428,0.11428571428571428,0.5714285714285714,0.5714285714285714
bioasq_train,bioasq13b_5fdb2f54a43ad31278000012,0,"[""9"", ""14"", ""15"", ""30"", ""31""]",0.6,0.5,0.5454545454545454,"[""9"", ""14"", ""15"", ""30"", ""31""]","[""9"", ""14"", ""15"", ""30"", ""31""]",0,0,0.5454545454545454,0.5454545454545454
bioasq_train,bioasq13b_6056fd8a94d57fd87900001e,0,"[""15"", ""17"", ""18"", ""20"", ""21"", ""22"", ""23"", ""24""]",0.125,1,0.2222222222222222,"[""15"", ""17"", ""18"", ""20"", ""21"", ""22"", ""23"", ""24""]","[""15"", ""17"", ""18"", ""20"", ""21"", ""22"", ""23"", ""24""]",0,0,0.2222222222222222,0.2222222222222222
bioasq_train,bioasq13b_61f86b5b882a024a10000043,0,"[""1"", ""6""]",1,1,1,"[""1"", ""6""]","[""1"", ""6""]",0,0,1,1
bioasq_train,bioasq13b_621fca543a8413c653000064,0,"[""14"", ""28"", ""39"", ""40""]",0.75,0.2,0.31578947368421056,"[""14"", ""28"", ""39"", ""40""]","[""14"", ""28"", ""39"", ""40""]",0,0,0.31578947368421056,0.31578947368421056
bioasq_train,bioasq13b_61f9c990c9dfcb9c09000001,0,"[""1"", ""3"", ""6""]",0.6666666666666666,0.4,0.5,"[""1"", ""3"", ""6""]","[""1"", ""3"", ""6""]",0,0,0.5,0.5
bioasq_train,bioasq13b_601f0c161cb411341a00006e,0.4360324419813009,"[""2"", ""19"", ""29"", ""56"", ""59"", ""73"", ""74"", ""122"", ""124"", ""125"", ""129"", ""147"", ""148"", ""154""]",0.5,0.2692307692307692,0.35000000000000003,"[""2"", ""19"", ""29"", ""56"", ""59"", ""73"", ""74"", ""122"", ""124"", ""125"", ""129"", ""147"", ""148"", ""154""]","[""2"", ""19"", ""29"", ""56"", ""73"", ""74"", ""122"", ""124"", ""125"", ""129"", ""147"", ""148"", ""154""]",0.3052238743543091,0.30484108484108485,0.35000000000000003,0.3589743589743589
bioasq_train,bioasq13b_603e4dc71cb411341a00015f,0.31443019943019945,"[""4"", ""20"", ""26"", ""35"", ""36""]",,,,"[""4"", ""20"", ""26"", ""35"", ""36""]","[""4"", ""20"", ""26"", ""35"", ""36""]",0.1948717948717949,0.1948717948717949,,
bioasq_train,bioasq13b_61f9cc19c9dfcb9c09000003,0,"[""1"", ""2""]",1,0.6666666666666666,0.8,"[""1"", ""2""]","[""1"", ""2""]",0,0,0.8,0.8
bioasq_train,bioasq13b_62260aa13a8413c65300007a,0,"[""6"", ""15""]",1,1,1,"[""6"", ""15""]","[""6"", ""15""]",0,0,1,1
bioasq_train,bioasq13b_61f5f777882a024a10000018,0.2647747314413981,"[""14"", ""15"", ""25"", ""28"", ""31"", ""34"", ""35"", ""55"", ""64"", ""89""]",,,,"[""14"", ""15"", ""25"", ""28"", ""31"", ""34"", ""35"", ""55"", ""64"", ""89""]","[""14"", ""15"", ""25"", ""28"", ""31"", ""34"", ""35"", ""55"", ""64"", ""89""]",0.20194805194805193,0.20194805194805193,,
bioasq_train,bioasq13b_61f86f58882a024a10000046,0,"[""1"", ""2"", ""3"", ""4"", ""5"", ""6"", ""7""]",1,1,1,"[""1"", ""2"", ""3"", ""4"", ""5"", ""6"", ""7""]","[""1"", ""2"", ""3"", ""4"", ""5"", ""6"", ""7""]",0,0,1,1
bioasq_train,bioasq13b_604919411cb411341a00016c,0.088888889,"[""2"", ""11"", ""19""]",1,0.42857142857142855,0.6,"[""2"", ""11"", ""19""]","[""2"", ""11"", ""19""]",0.05,0.05,0.6,0.6
bioasq_train,bioasq13b_61f9718f882a024a10000050,0,"[""1"", ""4"", ""9""]",0.6666666666666666,1,0.8,"[""1"", ""4"", ""9""]","[""1"", ""4"", ""9""]",0,0,0.8,0.8
bioasq_train,bioasq13b_606add0094d57fd879000055,0,"[""2""]",1,1,1,"[""2""]","[""2""]",0,0,1,1
bioasq_train,bioasq13b_62004003c9dfcb9c09000013,0,"[""1"", ""7"", ""8"", ""9"", ""13""]",1,0.625,0.7692307692307693,"[""1"", ""7"", ""8"", ""9"", ""13""]","[""1"", ""7"", ""8"", ""9"", ""13""]",0,0,0.7692307692307693,0.7692307692307693
bioasq_train,bioasq13b_61f86db9882a024a10000045,0,"[""1"", ""3"", ""4"", ""7"", ""8""]",1,0.7142857142857143,0.8333333333333333,"[""1"", ""3"", ""4"", ""7"", ""8""]","[""1"", ""3"", ""4"", ""7"", ""8""]",0,0,0.8333333333333333,0.8333333333333333
bioasq_train,bioasq13b_621b99973a8413c653000045,0,"[""1"", ""5"", ""6"", ""25"", ""44""]",0.4,0.2857142857142857,0.3333333333333333,"[""1"", ""5"", ""6"", ""25"", ""44""]","[""1"", ""5"", ""6"", ""25"", ""44""]",0,0,0.3333333333333333,0.3333333333333333
bioasq_train,bioasq13b_620058b3c9dfcb9c09000016,0.13333333333333333,"[""1"", ""6"", ""7""]",1,0.75,0.8571428571428571,"[""1"", ""6"", ""7""]","[""1"", ""6"", ""7""]",0.1,0.1,0.8571428571428571,0.8571428571428571
bioasq_train,bioasq13b_601cbbf11cb411341a00002a,0.3525284763442162,"[""2"", ""5"", ""13"", ""14"", ""26"", ""28"", ""29"", ""30"", ""32"", ""52"", ""53"", ""55"", ""56"", ""58"", ""59"", ""70"", ""71"", ""72"", ""75"", ""76"", ""82"", ""83"", ""86"", ""95"", ""96"", ""100"", ""101"", ""102"", ""113"", ""116"", ""117"", ""118"", ""119"", ""121"", ""122"", ""126"", ""131"", ""138"", ""144"", ""146"", ""147"", ""151"", ""152"", ""156"", ""168"", ""169"", ""171"", ""176"", ""182"", ""186"", ""195"", ""196"", ""197"", ""198"", ""199"", ""200""]",,,,"[""2"", ""5"", ""13"", ""14"", ""26"", ""28"", ""29"", ""30"", ""32"", ""52"", ""53"", ""55"", ""56"", ""58"", ""59"", ""70"", ""71"", ""72"", ""75"", ""76"", ""82"", ""83"", ""86"", ""95"", ""96"", ""100"", ""101"", ""102"", ""113"", ""116"", ""117"", ""118"", ""119"", ""121"", ""122"", ""126"", ""131"", ""138"", ""144"", ""146"", ""147"", ""151"", ""152"", ""156"", ""168"", ""169"", ""171"", ""176"", ""182"", ""186"", ""195"", ""196"", ""197"", ""198"", ""199"", ""200""]","[""2"", ""5"", ""13"", ""14"", ""26"", ""28"", ""29"", ""30"", ""32"", ""52"", ""53"", ""55"", ""56"", ""58"", ""59"", ""61"", ""70"", ""71"", ""72"", ""75"", ""76"", ""79"", ""82"", ""83"", ""86"", ""95"", ""96"", ""100"", ""101"", ""102"", ""113"", ""116"", ""117"", ""118"", ""119"", ""121"", ""122"", ""126"", ""128"", ""131"", ""138"", ""144"", ""146"", ""147"", ""151"", ""152"", ""156"", ""168"", ""169"", ""171"", ""176"", ""182"", ""186"", ""195"", ""196"", ""197"", ""198"", ""199"", ""200""]",0.23302225911716096,0.23920759904588698,,
bioasq_train,bioasq13b_6060e30a94d57fd87900004a,0.2740740740740741,"[""1"", ""6"", ""7""]",1,0.75,0.8571428571428571,"[""1"", ""6"", ""7""]","[""1"", ""6""]",0.2416666666666667,0.2166666666666667,0.8571428571428571,0.6666666666666666
bioasq_train,bioasq13b_61f50f8b882a024a10000001,0.048484848,"[""1"", ""3"", ""5"", ""6"", ""9"", ""10"", ""11"", ""13"", ""15"", ""16""]",0.2,0.6666666666666666,0.30769230769230765,"[""1"", ""3"", ""5"", ""6"", ""9"", ""10"", ""11"", ""13"", ""15"", ""16""]","[""1"", ""3"", ""5"", ""6"", ""9"", ""10"", ""11"", ""13"", ""15"", ""16""]",0.036363636363636376,0.036363636363636376,0.30769230769230765,0.30769230769230765
bioasq_train,bioasq13b_62211b5a3a8413c65300006b,0.075213675,"[""2"", ""7"", ""23"", ""30"", ""40"", ""55"", ""81"", ""88"", ""89"", ""119"", ""134"", ""141""]",0.9166666666666666,0.5238095238095238,0.6666666666666667,"[""2"", ""7"", ""23"", ""30"", ""40"", ""55"", ""81"", ""88"", ""89"", ""119"", ""134"", ""141""]","[""2"", ""7"", ""23"", ""30"", ""40"", ""55"", ""81"", ""88"", ""89"", ""119"", ""134"", ""141""]",0.044505495,0.044505495,0.6666666666666667,0.6666666666666667
bioasq_train,bioasq13b_62190f633a8413c653000037,0,"[""1"", ""3"", ""4"", ""5"", ""6""]",0.4,0.6666666666666666,0.5,"[""1"", ""3"", ""4"", ""5"", ""6""]","[""1"", ""3"", ""4"", ""5"", ""6""]",0,0,0.5,0.5
bioasq_train,bioasq13b_6023415b1cb411341a00008c,0.1623998223998224,"[""4"", ""61"", ""62"", ""63"", ""64"", ""65"", ""100"", ""133""]",,,,"[""4"", ""61"", ""62"", ""63"", ""64"", ""65"", ""100"", ""133""]","[""4"", ""61"", ""62"", ""63"", ""64"", ""65"", ""100"", ""133""]",0.09012987,0.09012987,,
bioasq_train,bioasq13b_620bedb13a8413c653000004,0,"[""1"", ""3"", ""6"", ""7"", ""8"", ""10""]",0.8333333333333334,1,0.9090909090909091,"[""1"", ""3"", ""6"", ""7"", ""8"", ""10""]","[""1"", ""3"", ""6"", ""7"", ""8"", ""10""]",0,0,0.9090909090909091,0.9090909090909091
bioasq_train,bioasq13b_620be7613a8413c653000003,0.044444444444444446,"[""1"", ""3"", ""4"", ""5"", ""6"", ""7"", ""9"", ""14""]",0.5,0.6666666666666666,0.5714285714285715,"[""1"", ""3"", ""4"", ""5"", ""6"", ""7"", ""9"", ""14""]","[""1"", ""3"", ""4"", ""5"", ""6"", ""7"", ""9"", ""14""]",0.025,0.025,0.5714285714285715,0.5714285714285715
bioasq_train,bioasq13b_60805f0c4e6a4cf630000003,0.088888889,"[""2"", ""20"", ""37"", ""43""]",1,1,1,"[""2"", ""20"", ""37"", ""43""]","[""2"", ""20"", ""37"", ""43""]",0.05,0.05,1,1
bioasq_train,bioasq13b_62128c503a8413c653000018,0,"[""2"", ""3"", ""4"", ""5"", ""6"", ""7"", ""8"", ""9""]",0.375,1,0.5454545454545454,"[""2"", ""3"", ""4"", ""5"", ""6"", ""7"", ""8"", ""9""]","[""2"", ""3"", ""4"", ""5"", ""6"", ""7"", ""8"", ""9""]",0,0,0.5454545454545454,0.5454545454545454
bioasq_train,bioasq13b_6221468d3a8413c653000076,0.6130921603648554,"[""2"", ""8"", ""10"", ""15"", ""16"", ""25"", ""26"", ""45"", ""46"", ""55"", ""57"", ""58"", ""73"", ""74"", ""75"", ""95"", ""116"", ""140"", ""146"", ""150"", ""155"", ""166"", ""169"", ""174"", ""179"", ""189"", ""193"", ""195"", ""200"", ""220"", ""222"", ""228"", ""240"", ""242""]",0.3235294117647059,0.3055555555555556,0.31428571428571433,"[""2"", ""8"", ""10"", ""15"", ""16"", ""25"", ""26"", ""45"", ""46"", ""55"", ""57"", ""58"", ""73"", ""74"", ""75"", ""95"", ""116"", ""140"", ""146"", ""150"", ""155"", ""166"", ""169"", ""174"", ""179"", ""189"", ""193"", ""195"", ""200"", ""220"", ""222"", ""228"", ""240"", ""242""]","[""2"", ""8"", ""15"", ""26"", ""73"", ""74"", ""75"", ""116"", ""140"", ""146"", ""150"", ""155"", ""169"", ""229""]",0.5354512640467128,0.5123345143425347,0.31428571428571433,0.28
bioasq_train,bioasq13b_60281e461cb411341a0000f4,0,"[""2""]",1,1,1,"[""2""]","[""2""]",0,0,1,1
bioasq_train,bioasq13b_60292d311cb411341a00010f,0.544889491,"[""1"", ""2"", ""3"", ""11"", ""22"", ""27"", ""29"", ""37"", ""43"", ""44"", ""49"", ""52"", ""55"", ""60"", ""61"", ""71"", ""77"", ""78"", ""81"", ""82"", ""91"", ""94"", ""114"", ""115"", ""116"", ""121"", ""126"", ""131"", ""135"", ""137"", ""138"", ""143"", ""146"", ""151"", ""164"", ""166"", ""171"", ""178"", ""181"", ""182"", ""186"", ""191"", ""194"", ""201"", ""206"", ""211"", ""214"", ""217"", ""226"", ""231"", ""236"", ""241"", ""246"", ""251"", ""256"", ""261"", ""266"", ""271"", ""274"", ""276"", ""281"", ""286"", ""289""]",,,,"[""1"", ""2"", ""3"", ""11"", ""22"", ""27"", ""29"", ""37"", ""43"", ""44"", ""49"", ""52"", ""55"", ""60"", ""61"", ""71"", ""77"", ""78"", ""81"", ""82"", ""91"", ""94"", ""114"", ""115"", ""116"", ""121"", ""126"", ""131"", ""135"", ""137"", ""138"", ""143"", ""146"", ""151"", ""164"", ""166"", ""171"", ""178"", ""181"", ""182"", ""186"", ""191"", ""194"", ""201"", ""206"", ""211"", ""214"", ""217"", ""226"", ""231"", ""236"", ""241"", ""246"", ""251"", ""256"", ""261"", ""266"", ""271"", ""274"", ""276"", ""281"", ""286"", ""289""]","[""1"", ""2"", ""3"", ""11"", ""22"", ""27"", ""29"", ""37"", ""43"", ""44"", ""49"", ""52"", ""55"", ""60"", ""61"", ""71"", ""77"", ""82"", ""90"", ""94"", ""114"", ""116"", ""121"", ""126"", ""131"", ""135"", ""138"", ""143"", ""146"", ""151"", ""154"", ""157"", ""164"", ""166"", ""171"", ""178"", ""181"", ""182"", ""186"", ""191"", ""194"", ""201"", ""206"", ""211"", ""214"", ""226"", ""231"", ""236"", ""241"", ""246"", ""251"", ""256"", ""261"", ""266"", ""271"", ""274"", ""276"", ""281"", ""286"", ""289"", ""291""]",0.39308875282848305,0.40136140862235214,,
bioasq_train,bioasq13b_6060915b94d57fd879000044,0.5603882479878509,"[""2"", ""3"", ""4"", ""5"", ""6"", ""7"", ""8"", ""9"", ""12"", ""19"", ""20"", ""23"", ""27"", ""35"", ""36"", ""37"", ""44"", ""45"", ""46"", ""53"", ""54"", ""55"", ""57"", ""60"", ""61"", ""63"", ""66"", ""67"", ""68"", ""73"", ""80"", ""86"", ""95"", ""96"", ""113"", ""116"", ""118"", ""121"", ""122"", ""138"", ""142"", ""146"", ""148"", ""153"", ""156"", ""159"", ""166"", ""171"", ""178"", ""183"", ""186"", ""196"", ""198"", ""200"", ""203"", ""208"", ""210"", ""218"", ""219"", ""226"", ""230"", ""232"", ""238"", ""243"", ""246"", ""253"", ""256"", ""258"", ""261"", ""262"", ""264"", ""266"", ""271""]",,,,"[""2"", ""3"", ""4"", ""5"", ""6"", ""7"", ""8"", ""9"", ""12"", ""19"", ""20"", ""23"", ""27"", ""35"", ""36"", ""37"", ""44"", ""45"", ""46"", ""53"", ""54"", ""55"", ""57"", ""60"", ""61"", ""63"", ""66"", ""67"", ""68"", ""73"", ""80"", ""86"", ""95"", ""96"", ""113"", ""116"", ""118"", ""121"", ""122"", ""138"", ""142"", ""146"", ""148"", ""153"", ""156"", ""159"", ""166"", ""171"", ""178"", ""183"", ""186"", ""196"", ""198"", ""200"", ""203"", ""208"", ""210"", ""218"", ""219"", ""226"", ""230"", ""232"", ""238"", ""243"", ""246"", ""253"", ""256"", ""258"", ""261"", ""262"", ""264"", ""266"", ""271""]","[""2"", ""3"", ""4"", ""5"", ""6"", ""7"", ""8"", ""9"", ""12"", ""19"", ""20"", ""23"", ""27"", ""35"", ""36"", ""37"", ""39"", ""44"", ""45"", ""46"", ""48"", ""53"", ""54"", ""55"", ""57"", ""60"", ""61"", ""63"", ""66"", ""67"", ""68"", ""73"", ""80"", ""84"", ""86"", ""88"", ""95"", ""96"", ""107"", ""110"", ""113"", ""116"", ""117"", ""118"", ""121"", ""122"", ""124"", ""130"", ""133"", ""138"", ""142"", ""146"", ""153"", ""155"", ""158"", ""166"", ""171"", ""172"", ""178"", ""183"", ""186"", ""191"", ""194"", ""196"", ""198"", ""200"", ""203"", ""208"", ""209"", ""210"", ""218"", ""219"", ""223"", ""226"", ""230"", ""232"", ""233"", ""235"", ""238"", ""243"", ""246"", ""248"", ""251"", ""253"", ""256"", ""258"", ""261"", ""262"", ""264"", ""266"", ""271""]",0.44592248541931695,0.4646148009643561,,
bioasq_train,bioasq13b_602344ab1cb411341a00008e,0.21835016835016835,"[""4"", ""21"", ""23"", ""33"", ""37"", ""41"", ""45"", ""51"", ""52"", ""56""]",,,,"[""4"", ""21"", ""23"", ""33"", ""37"", ""41"", ""45"", ""51"", ""52"", ""56""]","[""4"", ""21"", ""23"", ""33"", ""37"", ""45"", ""51"", ""56""]",0.17622377622377622,0.16433566433566432,,
bioasq_train,bioasq13b_62114bd93a8413c65300000d,0,"[""1"", ""10"", ""12"", ""13"", ""14"", ""15""]",0.6666666666666666,1,0.8,"[""1"", ""10"", ""12"", ""13"", ""14"", ""15""]","[""1"", ""10"", ""12"", ""13"", ""14"", ""15""]",0,0,0.8,0.8
bioasq_train,bioasq13b_605794c294d57fd87900002d,0.17252747252747253,"[""1"", ""8"", ""10"", ""13"", ""16"", ""20"", ""22""]",0.7142857142857143,0.5555555555555556,0.6250000000000001,"[""1"", ""8"", ""10"", ""13"", ""16"", ""20"", ""22""]","[""1"", ""8"", ""10"", ""13"", ""16"", ""20"", ""22""]",0.096153846,0.096153846,0.6250000000000001,0.6250000000000001
bioasq_train,bioasq13b_601eaaf61cb411341a000052,0,"[""6"", ""7""]",1,0.5,0.6666666666666666,"[""6"", ""7""]","[""6"", ""7""]",0,0,0.6666666666666666,0.6666666666666666
bioasq_train,bioasq13b_601ffd571cb411341a000079,0,"[""1"", ""4"", ""5"", ""6""]",1,0.36363636363636365,0.5333333333333333,"[""1"", ""4"", ""5"", ""6""]","[""1"", ""4"", ""5"", ""6""]",0,0,0.5333333333333333,0.5333333333333333
bioasq_train,bioasq13b_620c2f4f3a8413c653000009,0.076190476,"[""1"", ""7"", ""8"", ""9"", ""10"", ""12""]",0.5,0.75,0.6,"[""1"", ""7"", ""8"", ""9"", ""10"", ""12""]","[""1"", ""7"", ""8"", ""9"", ""10"", ""12""]",0.057142857,0.057142857,0.6,0.6
bioasq_train,bioasq13b_61f5bef2882a024a10000011,0,"[""3"", ""18"", ""36"", ""72"", ""73""]",,,,"[""3"", ""18"", ""36"", ""72"", ""73""]","[""3"", ""18"", ""36"", ""72"", ""73""]",0,0,,
bioasq_train,bioasq13b_621e9e7b3a8413c653000054,0,"[""2"", ""59"", ""60""]",0.6666666666666666,0.066666667,0.1212121212121212,"[""2"", ""59"", ""60""]","[""2"", ""59"", ""60""]",0,0,0.1212121212121212,0.1212121212121212
bioasq_train,bioasq13b_626aec71e764a53204000041,0,"[""4""]",1,0.5,0.6666666666666666,"[""4""]","[""4""]",0,0,0.6666666666666666,0.6666666666666666
bioasq_train,bioasq13b_62007dcec9dfcb9c09000019,0.30181614965767817,"[""1"", ""2"", ""7"", ""12"", ""14"", ""16"", ""20"", ""22"", ""23"", ""24"", ""26"", ""27"", ""33"", ""35"", ""37"", ""43"", ""45"", ""47"", ""48"", ""55"", ""56"", ""58"", ""64"", ""76"", ""84"", ""86"", ""88"", ""93"", ""96"", ""97"", ""99"", ""106"", ""108"", ""110"", ""112""]",,,,"[""1"", ""2"", ""7"", ""12"", ""14"", ""16"", ""20"", ""22"", ""23"", ""24"", ""26"", ""27"", ""33"", ""35"", ""37"", ""43"", ""45"", ""47"", ""48"", ""55"", ""56"", ""58"", ""64"", ""76"", ""84"", ""86"", ""88"", ""93"", ""96"", ""97"", ""99"", ""106"", ""108"", ""110"", ""112""]","[""1"", ""2"", ""7"", ""12"", ""14"", ""16"", ""20"", ""22"", ""23"", ""24"", ""26"", ""27"", ""33"", ""35"", ""37"", ""43"", ""45"", ""47"", ""48"", ""55"", ""56"", ""58"", ""64"", ""76"", ""84"", ""86"", ""88"", ""96"", ""97"", ""99"", ""108"", ""111""]",0.21714154572477704,0.23929582732278956,,
bioasq_train,bioasq13b_626233dbe764a53204000034,0,"[""4"", ""7""]",0.5,0.5,0.5,"[""4"", ""7""]","[""4"", ""7""]",0,0,0.5,0.5
bioasq_train,bioasq13b_61fa97d7c9dfcb9c09000006,0.21333333333333332,"[""1"", ""2"", ""3"", ""7"", ""8"", ""11"", ""20"", ""21""]",0.5,1,0.6666666666666666,"[""1"", ""2"", ""3"", ""7"", ""8"", ""11"", ""20"", ""21""]","[""1"", ""2"", ""3"", ""7"", ""8"", ""11"", ""20"", ""21""]",0.12,0.12,0.6666666666666666,0.6666666666666666
bioasq_train,bioasq13b_626aa68ce764a53204000037,0,"[""2""]",1,1,1,"[""2""]","[""2""]",0,0,1,1
bioasq_train,bioasq13b_6252f0b7e764a5320400001f,0,"[""2"", ""13"", ""14"", ""16"", ""17"", ""19""]",0.3333333333333333,1,0.5,"[""2"", ""13"", ""14"", ""16"", ""17"", ""19""]","[""2"", ""13"", ""14"", ""16"", ""17"", ""19""]",0,0,0.5,0.5
bioasq_train,bioasq13b_62513dc6e764a53204000014,0.3274074074074074,"[""2"", ""21""]",0.5,0.5,0.5,"[""2"", ""21""]","[""2"", ""21""]",0.19333333333333336,0.19333333333333336,0.5,0.5
bioasq_train,bioasq13b_626aa780e764a53204000038,0,"[""5"", ""9"", ""12"", ""13"", ""15""]",0.6,0.42857142857142855,0.5,"[""5"", ""9"", ""12"", ""13"", ""15""]","[""5"", ""9"", ""12"", ""13"", ""15""]",0,0,0.5,0.5
bioasq_train,bioasq13b_626aea6ae764a5320400003d,0,"[""2""]",1,1,1,"[""2""]","[""2""]",0,0,1,1
bioasq_train,bioasq13b_624c97cde764a53204000005,0.047619047619047644,"[""1"", ""4"", ""5"", ""6"", ""7"", ""8"", ""10"", ""11"", ""12"", ""14"", ""24"", ""25"", ""26"", ""27"", ""28"", ""29"", ""30"", ""31"", ""33"", ""42"", ""43""]",0.3333333333333333,0.875,0.48275862068965514,"[""1"", ""4"", ""5"", ""6"", ""7"", ""8"", ""10"", ""11"", ""12"", ""14"", ""24"", ""25"", ""26"", ""27"", ""28"", ""29"", ""30"", ""31"", ""33"", ""42"", ""43""]","[""1"", ""4"", ""5"", ""6"", ""7"", ""8"", ""10"", ""11"", ""12"", ""14"", ""24"", ""25"", ""26"", ""27"", ""28"", ""29"", ""30"", ""31"", ""33"", ""42"", ""43""]",0.033333333,0.033333333,0.48275862068965514,0.48275862068965514
bioasq_train,bioasq13b_625ebe5ce764a53204000032,0.21944444444444444,"[""2"", ""12"", ""18"", ""26"", ""40""]",1,0.12195121951219512,0.21739130434782605,"[""2"", ""12"", ""18"", ""26"", ""40""]","[""2"", ""12"", ""18"", ""26"", ""40""]",0.11875,0.11875,0.21739130434782605,0.21739130434782605
bioasq_train,bioasq13b_62587e14e764a5320400002c,0,"[""4"", ""13"", ""19"", ""21"", ""25""]",0.6,1,0.7499999999999999,"[""4"", ""13"", ""19"", ""21"", ""25""]","[""4"", ""13"", ""19"", ""21"", ""25""]",0,0,0.7499999999999999,0.7499999999999999
bioasq_train,bioasq13b_6273a2fde764a53204000048,0.2900027289250963,"[""1"", ""4"", ""5"", ""6"", ""7"", ""8"", ""15"", ""19"", ""20"", ""21"", ""22"", ""25"", ""28"", ""29"", ""30"", ""31"", ""34"", ""35"", ""36"", ""41"", ""42"", ""48"", ""49"", ""50"", ""51"", ""52"", ""54"", ""55"", ""57"", ""58"", ""60"", ""61"", ""62"", ""63"", ""64"", ""65"", ""68"", ""69"", ""71"", ""72"", ""74"", ""77"", ""78"", ""80"", ""81"", ""82"", ""84"", ""86"", ""91"", ""94"", ""95"", ""96"", ""100"", ""101"", ""102"", ""106"", ""109"", ""110"", ""111"", ""112"", ""114"", ""116"", ""118"", ""120"", ""122"", ""123"", ""124"", ""125"", ""126"", ""128"", ""131"", ""133"", ""134"", ""136"", ""138"", ""140"", ""141"", ""142"", ""144"", ""146"", ""148"", ""150"", ""152"", ""154"", ""156"", ""157"", ""160"", ""162""]",0.11363636363636363,0.5882352941176471,0.19047619047619047,"[""1"", ""4"", ""5"", ""6"", ""7"", ""8"", ""15"", ""19"", ""20"", ""21"", ""22"", ""25"", ""28"", ""29"", ""30"", ""31"", ""34"", ""35"", ""36"", ""41"", ""42"", ""48"", ""49"", ""50"", ""51"", ""52"", ""54"", ""55"", ""57"", ""58"", ""60"", ""61"", ""62"", ""63"", ""64"", ""65"", ""68"", ""69"", ""71"", ""72"", ""74"", ""77"", ""78"", ""80"", ""81"", ""82"", ""84"", ""86"", ""91"", ""94"", ""95"", ""96"", ""100"", ""101"", ""102"", ""106"", ""109"", ""110"", ""111"", ""112"", ""114"", ""116"", ""118"", ""120"", ""122"", ""123"", ""124"", ""125"", ""126"", ""128"", ""131"", ""133"", ""134"", ""136"", ""138"", ""140"", ""141"", ""142"", ""144"", ""146"", ""148"", ""150"", ""152"", ""154"", ""156"", ""157"", ""160"", ""162""]","[""1"", ""4"", ""5"", ""6"", ""7"", ""8"", ""15"", ""19"", ""20"", ""21"", ""22"", ""25"", ""28"", ""29"", ""30"", ""31"", ""34"", ""35"", ""36"", ""41"", ""42"", ""48"", ""49"", ""50"", ""51"", ""52"", ""54"", ""55"", ""57"", ""58"", ""60"", ""61"", ""62"", ""63"", ""64"", ""65"", ""68"", ""69"", ""71"", ""72"", ""74"", ""77"", ""78"", ""80"", ""81"", ""82"", ""84"", ""86"", ""91"", ""94"", ""95"", ""96"", ""97"", ""100"", ""101"", ""102"", ""106"", ""109"", ""110"", ""111"", ""112"", ""114"", ""116"", ""118"", ""122"", ""123"", ""124"", ""125"", ""126"", ""128"", ""131"", ""132"", ""133"", ""134"", ""135"", ""136"", ""137"", ""138"", ""140"", ""141"", ""142"", ""144"", ""146"", ""148"", ""150"", ""152"", ""154"", ""155"", ""156"", ""157"", ""160"", ""162""]",0.18739839064112773,0.19783101337328296,0.19047619047619047,0.1651376146788991
bioasq_train,bioasq13b_6273a317e764a53204000049,0.3611786030728489,"[""1"", ""5"", ""10"", ""11"", ""13"", ""15"", ""16"", ""17"", ""18"", ""20"", ""22"", ""25"", ""26"", ""33"", ""34"", ""36"", ""45"", ""48"", ""50"", ""54"", ""55"", ""56"", ""57"", ""60"", ""61"", ""62"", ""65"", ""70"", ""73"", ""75"", ""77"", ""78"", ""83"", ""85"", ""91"", ""96"", ""98"", ""100"", ""101"", ""104"", ""106"", ""110"", ""113"", ""114"", ""117"", ""118"", ""121"", ""126"", ""132"", ""137"", ""138"", ""140"", ""144"", ""147"", ""153"", ""154"", ""156"", ""166"", ""170"", ""173"", ""174"", ""175"", ""178"", ""184"", ""187"", ""194"", ""197"", ""201"", ""202"", ""204"", ""206"", ""208"", ""209"", ""210"", ""211"", ""214""]",0.19736842105263158,0.5357142857142857,0.2884615384615385,"[""1"", ""5"", ""10"", ""11"", ""13"", ""15"", ""16"", ""17"", ""18"", ""20"", ""22"", ""25"", ""26"", ""33"", ""34"", ""36"", ""45"", ""48"", ""50"", ""54"", ""55"", ""56"", ""57"", ""60"", ""61"", ""62"", ""65"", ""70"", ""73"", ""75"", ""77"", ""78"", ""83"", ""85"", ""91"", ""96"", ""98"", ""100"", ""101"", ""104"", ""106"", ""110"", ""113"", ""114"", ""117"", ""118"", ""121"", ""126"", ""132"", ""137"", ""138"", ""140"", ""144"", ""147"", ""153"", ""154"", ""156"", ""166"", ""170"", ""173"", ""174"", ""175"", ""178"", ""184"", ""187"", ""194"", ""197"", ""201"", ""202"", ""204"", ""206"", ""208"", ""209"", ""210"", ""211"", ""214""]","[""1"", ""5"", ""10"", ""11"", ""13"", ""15"", ""16"", ""17"", ""18"", ""20"", ""22"", ""25"", ""26"", ""33"", ""34"", ""36"", ""45"", ""48"", ""50"", ""54"", ""55"", ""56"", ""57"", ""60"", ""61"", ""62"", ""65"", ""70"", ""73"", ""75"", ""77"", ""78"", ""83"", ""85"", ""91"", ""96"", ""98"", ""101"", ""104"", ""106"", ""108"", ""110"", ""113"", ""114"", ""117"", ""121"", ""126"", ""132"", ""134"", ""137"", ""138"", ""140"", ""144"", ""147"", ""153"", ""154"", ""156"", ""166"", ""171"", ""174"", ""178"", ""184"", ""187"", ""194"", ""197"", ""198"", ""201"", ""202"", ""204"", ""207"", ""209"", ""211"", ""214""]",0.2550297375661357,0.28344598596445547,0.2884615384615385,0.2376237623762376
bioasq_train,bioasq13b_627a989856bf9aee6f000024,0.41922148182944596,"[""1"", ""2"", ""3"", ""15"", ""16"", ""17"", ""18"", ""22"", ""23"", ""27"", ""28"", ""29"", ""32"", ""34"", ""35"", ""39"", ""42"", ""43"", ""46"", ""47"", ""50"", ""51"", ""52"", ""60"", ""61"", ""62"", ""66"", ""71"", ""72"", ""80"", ""83"", ""84"", ""96"", ""100"", ""102"", ""111"", ""113"", ""115"", ""118"", ""119"", ""124"", ""127"", ""133"", ""134"", ""136"", ""146"", ""150"", ""155"", ""156"", ""157"", ""161"", ""168"", ""170"", ""173"", ""177"", ""182"", ""184"", ""186"", ""188"", ""190"", ""192"", ""196"", ""197"", ""198"", ""203"", ""205"", ""206"", ""207"", ""208"", ""210"", ""214"", ""216"", ""218"", ""220"", ""226"", ""228"", ""230"", ""236"", ""237"", ""238"", ""239"", ""240"", ""244"", ""246"", ""250"", ""252"", ""254"", ""256"", ""258"", ""260"", ""264"", ""266"", ""268"", ""270"", ""272"", ""273""]",0.083333333,0.4444444444444444,0.14035087719298245,"[""1"", ""2"", ""3"", ""15"", ""16"", ""17"", ""18"", ""22"", ""23"", ""27"", ""28"", ""29"", ""32"", ""34"", ""35"", ""39"", ""42"", ""43"", ""46"", ""47"", ""50"", ""51"", ""52"", ""60"", ""61"", ""62"", ""66"", ""71"", ""72"", ""80"", ""83"", ""84"", ""96"", ""100"", ""102"", ""111"", ""113"", ""115"", ""118"", ""119"", ""124"", ""127"", ""133"", ""134"", ""136"", ""146"", ""150"", ""155"", ""156"", ""157"", ""161"", ""168"", ""170"", ""173"", ""177"", ""182"", ""184"", ""186"", ""188"", ""190"", ""192"", ""196"", ""197"", ""198"", ""203"", ""205"", ""206"", ""207"", ""208"", ""210"", ""214"", ""216"", ""218"", ""220"", ""226"", ""228"", ""230"", ""236"", ""237"", ""238"", ""239"", ""240"", ""244"", ""246"", ""250"", ""252"", ""254"", ""256"", ""258"", ""260"", ""264"", ""266"", ""268"", ""270"", ""272"", ""273""]","[""1"", ""2"", ""3"", ""15"", ""16"", ""17"", ""18"", ""22"", ""23"", ""27"", ""28"", ""29"", ""32"", ""34"", ""35"", ""39"", ""42"", ""43"", ""44"", ""46"", ""47"", ""50"", ""51"", ""52"", ""60"", ""61"", ""62"", ""66"", ""71"", ""72"", ""80"", ""81"", ""84"", ""96"", ""100"", ""102"", ""106"", ""111"", ""113"", ""118"", ""119"", ""124"", ""127"", ""128"", ""133"", ""134"", ""136"", ""137"", ""141"", ""146"", ""151"", ""155"", ""156"", ""158"", ""161"", ""163"", ""168"", ""170"", ""177"", ""182"", ""184"", ""186"", ""188"", ""190"", ""192"", ""196"", ""198"", ""203"", ""205"", ""207"", ""209"", ""213"", ""216"", ""218"", ""220"", ""226"", ""228"", ""230"", ""236"", ""238"", ""240"", ""244"", ""246"", ""250"", ""252"", ""254"", ""256"", ""258"", ""260"", ""264"", ""266"", ""268"", ""270"", ""272""]",0.3126454624080436,0.3459725704153852,0.14035087719298245,0.14285714285714285
bioasq_train,bioasq13b_6273a2a0e764a53204000045,0.19779991548412604,"[""5"", ""11"", ""13"", ""15"", ""16"", ""22"", ""23"", ""46"", ""47"", ""53"", ""55"", ""59"", ""60"", ""65"", ""84"", ""93"", ""95"", ""98""]",0.3888888888888889,0.5,0.43750000000000006,"[""5"", ""11"", ""13"", ""15"", ""16"", ""22"", ""23"", ""46"", ""47"", ""53"", ""55"", ""59"", ""60"", ""65"", ""84"", ""93"", ""95"", ""98""]","[""5"", ""11"", ""13"", ""15"", ""16"", ""22"", ""23"", ""46"", ""47"", ""53"", ""55"", ""59"", ""60"", ""65"", ""84"", ""93"", ""95"", ""98""]",0.12230086084777161,0.12230086084777161,0.43750000000000006,0.43750000000000006
bioasq_train,bioasq13b_62792bb156bf9aee6f00001c,0.24327775958902065,"[""3"", ""4"", ""5"", ""11"", ""26"", ""38"", ""43"", ""45"", ""48"", ""50"", ""53"", ""58"", ""82"", ""93"", ""103"", ""109"", ""118"", ""120"", ""134"", ""140""]",0.4,0.5333333333333333,0.4571428571428572,"[""3"", ""4"", ""5"", ""11"", ""26"", ""38"", ""43"", ""45"", ""48"", ""50"", ""53"", ""58"", ""82"", ""93"", ""103"", ""109"", ""118"", ""120"", ""134"", ""140""]","[""3"", ""4"", ""5"", ""11"", ""26"", ""38"", ""43"", ""45"", ""48"", ""50"", ""53"", ""58"", ""82"", ""93"", ""103"", ""109"", ""118"", ""120"", ""134"", ""140""]",0.1436904924161296,0.1436904924161296,0.4571428571428572,0.4571428571428572
bioasq_train,bioasq13b_627aa17156bf9aee6f000026,0.038305474,"[""2"", ""3"", ""4"", ""5"", ""6"", ""7"", ""9"", ""15"", ""16"", ""17"", ""20"", ""22"", ""23"", ""25"", ""26"", ""27"", ""28"", ""29"", ""30"", ""31"", ""32"", ""34"", ""35"", ""36"", ""37"", ""38"", ""42"", ""43"", ""45"", ""46"", ""48"", ""49"", ""50"", ""51"", ""52"", ""53"", ""54"", ""55"", ""58"", ""59"", ""60"", ""61"", ""62"", ""63"", ""64"", ""65"", ""66"", ""67"", ""68"", ""69"", ""70"", ""71"", ""73"", ""74"", ""75"", ""76"", ""77"", ""79"", ""80"", ""81"", ""82"", ""84"", ""86"", ""88"", ""89"", ""90"", ""92"", ""93"", ""94"", ""95"", ""96"", ""97"", ""98"", ""100"", ""101"", ""102"", ""103"", ""104"", ""105"", ""106"", ""107"", ""108"", ""110"", ""111"", ""112"", ""113"", ""114"", ""115"", ""116"", ""117"", ""118"", ""119"", ""120"", ""121"", ""122"", ""123"", ""124"", ""125"", ""126"", ""127"", ""128"", ""129"", ""130"", ""131"", ""132"", ""133"", ""134"", ""135"", ""136"", ""137"", ""138"", ""139"", ""140"", ""141"", ""142"", ""143"", ""144"", ""145"", ""146"", ""147"", ""148"", ""149"", ""150"", ""151"", ""152"", ""153"", ""154"", ""155"", ""156"", ""157"", ""158"", ""159"", ""160"", ""161"", ""162"", ""163"", ""164"", ""165"", ""166"", ""167"", ""168"", ""169"", ""170"", ""171"", ""172"", ""173"", ""174"", ""175"", ""176"", ""177"", ""178"", ""179"", ""180"", ""181"", ""182"", ""183"", ""184"", ""185"", ""186"", ""187"", ""188""]",0.10559006211180125,1,0.19101123595505617,"[""2"", ""3"", ""4"", ""5"", ""6"", ""7"", ""9"", ""15"", ""16"", ""17"", ""20"", ""22"", ""23"", ""25"", ""26"", ""27"", ""28"", ""29"", ""30"", ""31"", ""32"", ""34"", ""35"", ""36"", ""37"", ""38"", ""42"", ""43"", ""45"", ""46"", ""48"", ""49"", ""50"", ""51"", ""52"", ""53"", ""54"", ""55"", ""58"", ""59"", ""60"", ""61"", ""62"", ""63"", ""64"", ""65"", ""66"", ""67"", ""68"", ""69"", ""70"", ""71"", ""73"", ""74"", ""75"", ""76"", ""77"", ""79"", ""80"", ""81"", ""82"", ""84"", ""86"", ""88"", ""89"", ""90"", ""92"", ""93"", ""94"", ""95"", ""96"", ""97"", ""98"", ""100"", ""101"", ""102"", ""103"", ""104"", ""105"", ""106"", ""107"", ""108"", ""110"", ""111"", ""112"", ""113"", ""114"", ""115"", ""116"", ""117"", ""118"", ""119"", ""120"", ""121"", ""122"", ""123"", ""124"", ""125"", ""126"", ""127"", ""128"", ""129"", ""130"", ""131"", ""132"", ""133"", ""134"", ""135"", ""136"", ""137"", ""138"", ""139"", ""140"", ""141"", ""142"", ""143"", ""144"", ""145"", ""146"", ""147"", ""148"", ""149"", ""150"", ""151"", ""152"", ""153"", ""154"", ""155"", ""156"", ""157"", ""158"", ""159"", ""160"", ""161"", ""162"", ""163"", ""164"", ""165"", ""166"", ""167"", ""168"", ""169"", ""170"", ""171"", ""172"", ""173"", ""174"", ""175"", ""176"", ""177"", ""178"", ""179"", ""180"", ""181"", ""182"", ""183"", ""184"", ""185"", ""186"", ""187"", ""188""]","[""2"", ""3"", ""4"", ""5"", ""6"", ""7"", ""9"", ""15"", ""16"", ""17"", ""20"", ""22"", ""23"", ""25"", ""26"", ""27"", ""28"", ""29"", ""30"", ""31"", ""32"", ""34"", ""35"", ""36"", ""37"", ""38"", ""42"", ""43"", ""45"", ""46"", ""48"", ""49"", ""50"", ""51"", ""52"", ""53"", ""54"", ""55"", ""58"", ""59"", ""60"", ""61"", ""62"", ""63"", ""64"", ""65"", ""66"", ""67"", ""68"", ""69"", ""70"", ""71"", ""73"", ""74"", ""75"", ""76"", ""77"", ""79"", ""80"", ""81"", ""82"", ""84"", ""86"", ""88"", ""89"", ""90"", ""92"", ""93"", ""94"", ""95"", ""96"", ""97"", ""98"", ""100"", ""101"", ""102"", ""103"", ""104"", ""105"", ""106"", ""107"", ""108"", ""110"", ""111"", ""112"", ""113"", ""114"", ""115"", ""116"", ""117"", ""118"", ""119"", ""120"", ""121"", ""122"", ""123"", ""124"", ""125"", ""126"", ""127"", ""128"", ""129"", ""130"", ""131"", ""132"", ""133"", ""134"", ""135"", ""136"", ""137"", ""138"", ""139"", ""140"", ""141"", ""142"", ""143"", ""144"", ""145"", ""146"", ""147"", ""148"", ""149"", ""150"", ""151"", ""152"", ""153"", ""154"", ""155"", ""156"", ""157"", ""158"", ""159"", ""160"", ""161"", ""162"", ""163"", ""164"", ""165"", ""166"", ""167"", ""168"", ""169"", ""170"", ""171"", ""172"", ""173"", ""174"", ""175"", ""176"", ""177"", ""178"", ""179"", ""180"", ""181"", ""182"", ""183"", ""184"", ""185"", ""186"", ""187"", ""188""]",0.022858818,0.022858818,0.19101123595505617,0.19101123595505617
bioasq_train,bioasq13b_6277d7f356bf9aee6f000004,0.070629844,"[""1"", ""5"", ""11"", ""12"", ""13"", ""15"", ""16"", ""35"", ""36"", ""54"", ""55"", ""56"", ""59"", ""60"", ""65"", ""77"", ""78"", ""79"", ""82"", ""84"", ""86""]",0.5238095238095238,0.5789473684210527,0.5500000000000002,"[""1"", ""5"", ""11"", ""12"", ""13"", ""15"", ""16"", ""35"", ""36"", ""54"", ""55"", ""56"", ""59"", ""60"", ""65"", ""77"", ""78"", ""79"", ""82"", ""84"", ""86""]","[""1"", ""5"", ""11"", ""12"", ""13"", ""15"", ""16"", ""35"", ""36"", ""54"", ""55"", ""56"", ""59"", ""60"", ""65"", ""77"", ""78"", ""79"", ""82"", ""84"", ""86""]",0.042877470355731216,0.042877470355731216,0.5500000000000002,0.5500000000000002
bioasq_train,bioasq13b_627a9ff356bf9aee6f000025,0.067155067,"[""1"", ""2"", ""3"", ""13"", ""21"", ""27"", ""32"", ""42"", ""103"", ""117"", ""173"", ""200""]",0.16666666666666666,0.15384615384615385,0.16,"[""1"", ""2"", ""3"", ""13"", ""21"", ""27"", ""32"", ""42"", ""103"", ""117"", ""173"", ""200""]","[""1"", ""2"", ""3"", ""13"", ""21"", ""27"", ""32"", ""42"", ""103"", ""117"", ""173"", ""200""]",0.036813186813186814,0.036813186813186814,0.16,0.16
bioasq_train,bioasq13b_5fe31323a43ad3127800004d,0,"[""1"", ""4"", ""11"", ""16"", ""17"", ""24"", ""27"", ""33"", ""34"", ""38"", ""48""]",0.7272727272727273,0.6666666666666666,0.6956521739130435,"[""1"", ""4"", ""11"", ""16"", ""17"", ""24"", ""27"", ""33"", ""34"", ""38"", ""48""]","[""1"", ""4"", ""11"", ""16"", ""17"", ""24"", ""27"", ""33"", ""34"", ""38"", ""48""]",0,0,0.6956521739130435,0.6956521739130435
bioasq_train,bioasq13b_5fdb4176a43ad3127800001a,0.088888889,"[""1"", ""5"", ""9"", ""18"", ""27"", ""28""]",0.8333333333333334,0.8333333333333334,0.8333333333333334,"[""1"", ""5"", ""9"", ""18"", ""27"", ""28""]","[""1"", ""5"", ""9"", ""18"", ""27"", ""28""]",0.053571429,0.053571429,0.8333333333333334,0.8333333333333334
bioasq_train,bioasq13b_62058382c9dfcb9c09000031,0,"[""1"", ""4"", ""8"", ""11""]",0.5,0.3333333333333333,0.4,"[""1"", ""4"", ""8"", ""11""]","[""1"", ""4"", ""8"", ""11""]",0,0,0.4,0.4
bioasq_train,bioasq13b_61f59012882a024a1000000c,0.48977429753308066,"[""1"", ""3"", ""12"", ""20"", ""22"", ""30"", ""75"", ""98"", ""117"", ""173"", ""207"", ""209"", ""213"", ""233""]",,,,"[""1"", ""3"", ""12"", ""20"", ""22"", ""30"", ""75"", ""98"", ""117"", ""173"", ""207"", ""209"", ""213"", ""233""]","[""1"", ""3"", ""12"", ""20"", ""21"", ""22"", ""30"", ""75"", ""79"", ""91"", ""98"", ""113"", ""117"", ""171"", ""173"", ""209"", ""213"", ""233""]",0.36678571428571427,0.3947501036974721,,
bioasq_train,bioasq13b_6217e7a63a8413c653000033,0.015384615384615375,"[""2"", ""4"", ""5"", ""6"", ""7"", ""8"", ""9"", ""11"", ""14"", ""15"", ""16"", ""17"", ""18""]",0.6153846153846154,0.8888888888888888,0.7272727272727274,"[""2"", ""4"", ""5"", ""6"", ""7"", ""8"", ""9"", ""11"", ""14"", ""15"", ""16"", ""17"", ""18""]","[""2"", ""4"", ""5"", ""6"", ""7"", ""8"", ""9"", ""11"", ""14"", ""15"", ""16"", ""17"", ""18""]",0.007692308,0.007692308,0.7272727272727274,0.7272727272727274
bioasq_train,bioasq13b_6206c428c9dfcb9c0900003f,0,"[""1"", ""2"", ""8""]",0.3333333333333333,1,0.5,"[""1"", ""2"", ""8""]","[""1"", ""2"", ""8""]",0,0,0.5,0.5
bioasq_train,bioasq13b_6220cf383a8413c653000069,0.048484848,"[""5"", ""6"", ""11"", ""31"", ""32"", ""35"", ""37"", ""38"", ""44"", ""46"", ""51"", ""54"", ""57"", ""71"", ""72"", ""73"", ""78"", ""84"", ""86""]",0.47368421052631576,0.6428571428571429,0.5454545454545454,"[""5"", ""6"", ""11"", ""31"", ""32"", ""35"", ""37"", ""38"", ""44"", ""46"", ""51"", ""54"", ""57"", ""71"", ""72"", ""73"", ""78"", ""84"", ""86""]","[""5"", ""6"", ""11"", ""31"", ""32"", ""35"", ""37"", ""38"", ""44"", ""46"", ""51"", ""54"", ""57"", ""71"", ""72"", ""73"", ""78"", ""84"", ""86""]",0.028571429,0.028571429,0.5454545454545454,0.5454545454545454
bioasq_train,bioasq13b_5fd3c4f4a43ad31278000003,0.36464935596768056,"[""1"", ""8"", ""9"", ""27"", ""36"", ""37"", ""42"", ""45"", ""51"", ""52"", ""77"", ""84"", ""92"", ""104"", ""113"", ""114""]",0.375,0.24,0.2926829268292683,"[""1"", ""8"", ""9"", ""27"", ""36"", ""37"", ""42"", ""45"", ""51"", ""52"", ""77"", ""84"", ""92"", ""104"", ""113"", ""114""]","[""1"", ""8"", ""9"", ""27"", ""36"", ""37"", ""42"", ""45"", ""51"", ""52"", ""77"", ""84"", ""92"", ""104"", ""113"", ""114""]",0.23921797157091276,0.23921797157091276,0.2926829268292683,0.2926829268292683
bioasq_train,bioasq13b_6217dba43a8413c653000029,0,"[""9"", ""26"", ""36"", ""37"", ""49""]",1,0.5,0.6666666666666666,"[""9"", ""26"", ""36"", ""37"", ""49""]","[""9"", ""26"", ""36"", ""37"", ""49""]",0,0,0.6666666666666666,0.6666666666666666
bioasq_train,bioasq13b_62211fdf3a8413c653000073,0,"[""2"", ""14""]",0.5,1,0.6666666666666666,"[""2"", ""14""]","[""2"", ""14""]",0,0,0.6666666666666666,0.6666666666666666
bioasq_train,bioasq13b_6211575f3a8413c653000011,0,"[""2"", ""11""]",0.5,1,0.6666666666666666,"[""2"", ""11""]","[""2"", ""11""]",0,0,0.6666666666666666,0.6666666666666666
bioasq_train,bioasq13b_621150333a8413c65300000e,0,"[""21""]",1,0.5,0.6666666666666666,"[""21""]","[""21""]",0,0,0.6666666666666666,0.6666666666666666
bioasq_train,bioasq13b_61f81785882a024a1000003f,0,"[""1"", ""4"", ""11""]",0.6666666666666666,1,0.8,"[""1"", ""4"", ""11""]","[""1"", ""4"", ""11""]",0,0,0.8,0.8
bioasq_train,bioasq13b_620c2d743a8413c653000008,0,"[""1"", ""4"", ""5"", ""6"", ""7"", ""9"", ""10""]",0.5714285714285714,1,0.7272727272727273,"[""1"", ""4"", ""5"", ""6"", ""7"", ""9"", ""10""]","[""1"", ""4"", ""5"", ""6"", ""7"", ""9"", ""10""]",0,0,0.7272727272727273,0.7272727272727273
bioasq_train,bioasq13b_621b45943a8413c653000039,0,"[""12"", ""20""]",1,0.6666666666666666,0.8,"[""12"", ""20""]","[""12"", ""20""]",0,0,0.8,0.8
bioasq_train,bioasq13b_62211ce03a8413c65300006e,0.4090468184426699,"[""2"", ""4"", ""5"", ""9"", ""12"", ""43"", ""59"", ""90"", ""95"", ""102"", ""118"", ""123"", ""124"", ""146"", ""148"", ""188"", ""250"", ""252"", ""266"", ""276"", ""279""]",,,,"[""2"", ""4"", ""5"", ""9"", ""12"", ""43"", ""59"", ""90"", ""95"", ""102"", ""118"", ""123"", ""124"", ""146"", ""148"", ""188"", ""250"", ""252"", ""266"", ""276"", ""279""]","[""2"", ""4"", ""5"", ""9"", ""12"", ""43"", ""59"", ""90"", ""95"", ""102"", ""118"", ""123"", ""124"", ""137"", ""146"", ""148"", ""188"", ""250""]",0.3195549422114887,0.31999464386773385,,
bioasq_train,bioasq13b_6211557b3a8413c65300000f,0,"[""2"", ""3""]",0.5,1,0.6666666666666666,"[""2"", ""3""]","[""2"", ""3""]",0,0,0.6666666666666666,0.6666666666666666
bioasq_train,bioasq13b_60490e321cb411341a000168,0.17571753339016769,"[""2"", ""9"", ""11"", ""18"", ""19"", ""21"", ""22"", ""23"", ""24"", ""25"", ""26"", ""27"", ""30"", ""32"", ""33"", ""34"", ""35"", ""36"", ""37"", ""38"", ""39"", ""40"", ""42""]",0.2608695652173913,1,0.41379310344827586,"[""2"", ""9"", ""11"", ""18"", ""19"", ""21"", ""22"", ""23"", ""24"", ""25"", ""26"", ""27"", ""30"", ""32"", ""33"", ""34"", ""35"", ""36"", ""37"", ""38"", ""39"", ""40"", ""42""]","[""2"", ""9"", ""11"", ""18"", ""19"", ""21"", ""22"", ""23"", ""24"", ""25"", ""26"", ""27"", ""30"", ""32"", ""33"", ""34"", ""35"", ""36"", ""37"", ""38"", ""39"", ""40"", ""42""]",0.10434782608695654,0.10434782608695654,0.41379310344827586,0.41379310344827586
bioasq_train,bioasq13b_6237aa3c3a8413c6530000b5,0,"[""1"", ""3"", ""7"", ""8""]",0.75,0.6,0.6666666666666665,"[""1"", ""3"", ""7"", ""8""]","[""1"", ""3"", ""7"", ""8""]",0,0,0.6666666666666665,0.6666666666666665
bioasq_train,bioasq13b_622d04da3a8413c65300009f,0.030769230769230767,"[""5"", ""8"", ""10"", ""12"", ""20"", ""21"", ""22"", ""23"", ""24"", ""25"", ""26"", ""32"", ""33""]",0.38461538461538464,0.8333333333333334,0.5263157894736842,"[""5"", ""8"", ""10"", ""12"", ""20"", ""21"", ""22"", ""23"", ""24"", ""25"", ""26"", ""32"", ""33""]","[""5"", ""8"", ""10"", ""12"", ""20"", ""21"", ""22"", ""23"", ""24"", ""25"", ""26"", ""32"", ""33""]",0.015384615384615385,0.015384615384615385,0.5263157894736842,0.5263157894736842
bioasq_train,bioasq13b_623648513a8413c6530000ae,0.2992648709315376,"[""7"", ""35"", ""40""]",,,,"[""7"", ""35"", ""40""]","[""7"", ""35"", ""40""]",0.17250000000000001,0.17250000000000001,,
bioasq_train,bioasq13b_6202fa3cc9dfcb9c0900002c,0,"[""5""]",1,0.125,0.2222222222222222,"[""5""]","[""5""]",0,0,0.2222222222222222,0.2222222222222222
bioasq_train,bioasq13b_6200879ac9dfcb9c09000021,0.2255556784117156,"[""6"", ""22"", ""35"", ""37"", ""40"", ""41"", ""75"", ""81"", ""82"", ""98"", ""110"", ""111"", ""139"", ""140""]",0.5,0.4666666666666667,0.4827586206896552,"[""6"", ""22"", ""35"", ""37"", ""40"", ""41"", ""75"", ""81"", ""82"", ""98"", ""110"", ""111"", ""139"", ""140""]","[""6"", ""22"", ""35"", ""37"", ""40"", ""41"", ""75"", ""81"", ""82"", ""98"", ""110"", ""111"", ""139"", ""140""]",0.1569078947368421,0.1569078947368421,0.4827586206896552,0.4827586206896552
bioasq_train,bioasq13b_621e5dcf3a8413c65300004f,0,"[""3"", ""4"", ""5"", ""6""]",0.75,1,0.8571428571428571,"[""3"", ""4"", ""5"", ""6""]","[""3"", ""4"", ""5"", ""6""]",0,0,0.8571428571428571,0.8571428571428571
bioasq_train,bioasq13b_622df6663a8413c6530000a7,0.15555555555555559,"[""10"", ""11"", ""28""]",1,0.6,0.7499999999999999,"[""10"", ""11"", ""28""]","[""10"", ""11"", ""28""]",0.1,0.1,0.7499999999999999,0.7499999999999999
bioasq_train,bioasq13b_623648723a8413c6530000af,0,"[""3"", ""12"", ""25""]",,,,"[""3"", ""12"", ""25""]","[""3"", ""12"", ""25""]",0,0,,
bioasq_train,bioasq13b_6201a06fc9dfcb9c09000026,0,"[""1"", ""2""]",0.5,0.3333333333333333,0.4,"[""1"", ""2""]","[""1"", ""2""]",0,0,0.4,0.4
bioasq_train,bioasq13b_6237a94f3a8413c6530000b4,0,"[""8""]",1,1,1,"[""8""]","[""8""]",0,0,1,1
bioasq_train,bioasq13b_62008456c9dfcb9c0900001e,0.2504113967344449,"[""5"", ""16"", ""22"", ""23"", ""24"", ""25"", ""27"", ""28"", ""32"", ""33"", ""46"", ""65"", ""66"", ""69"", ""72"", ""76"", ""80"", ""96"", ""99"", ""104"", ""106""]",0.3333333333333333,0.3181818181818182,0.3255813953488372,"[""5"", ""16"", ""22"", ""23"", ""24"", ""25"", ""27"", ""28"", ""32"", ""33"", ""46"", ""65"", ""66"", ""69"", ""72"", ""76"", ""80"", ""96"", ""99"", ""104"", ""106""]","[""5"", ""16"", ""22"", ""23"", ""24"", ""27"", ""28"", ""32"", ""33"", ""46"", ""65"", ""66"", ""69"", ""72"", ""76"", ""80"", ""96"", ""99"", ""104"", ""106""]",0.1656525760873587,0.16360465460465462,0.3255813953488372,0.28571428571428564
bioasq_train,bioasq13b_62262b353a8413c65300007f,0,"[""1"", ""8""]",1,0.6666666666666666,0.8,"[""1"", ""8""]","[""1"", ""8""]",0,0,0.8,0.8
bioasq_train,bioasq13b_622cbb4e3a8413c65300009a,0.40017167574090234,"[""1"", ""2"", ""5"", ""6"", ""7"", ""8"", ""21"", ""22"", ""23"", ""24"", ""25"", ""26"", ""28"", ""32"", ""36"", ""38"", ""40"", ""41"", ""42"", ""46"", ""47"", ""48"", ""52"", ""55"", ""56"", ""66"", ""70"", ""72"", ""74"", ""85"", ""96"", ""98"", ""101"", ""102"", ""103"", ""110"", ""111"", ""114"", ""116"", ""117"", ""118"", ""121"", ""126"", ""127"", ""129"", ""131"", ""136"", ""137"", ""138"", ""141"", ""143"", ""146"", ""148"", ""151"", ""153"", ""156"", ""157"", ""158"", ""164"", ""166"", ""168"", ""171"", ""173"", ""174"", ""175"", ""177"", ""178"", ""179"", ""181"", ""182"", ""183"", ""184"", ""185"", ""186"", ""188"", ""191"", ""192"", ""193"", ""194"", ""195"", ""196"", ""197"", ""198"", ""201"", ""202"", ""203"", ""204"", ""206"", ""207"", ""208"", ""210"", ""211"", ""213"", ""214"", ""215"", ""216"", ""217"", ""218"", ""219"", ""220"", ""221"", ""222"", ""223"", ""224"", ""225"", ""226"", ""227"", ""228"", ""229"", ""230"", ""231"", ""232"", ""233"", ""234"", ""235"", ""236"", ""237"", ""238"", ""239"", ""240"", ""241"", ""242"", ""243"", ""244"", ""245"", ""246"", ""247"", ""248"", ""249"", ""250"", ""251"", ""252"", ""253"", ""254"", ""255"", ""256"", ""257"", ""258"", ""259"", ""260"", ""261"", ""262"", ""263"", ""264"", ""265"", ""266"", ""267"", ""268"", ""269"", ""270"", ""271"", ""272"", ""273"", ""274"", ""275"", ""276"", ""277"", ""278"", ""279"", ""280"", ""281"", ""282"", ""283"", ""284"", ""285"", ""286"", ""287"", ""288"", ""289"", ""290"", ""291"", ""292"", ""293""]",0.17341040462427745,0.6818181818181818,0.2764976958525346,"[""1"", ""2"", ""5"", ""6"", ""7"", ""8"", ""21"", ""22"", ""23"", ""24"", ""25"", ""26"", ""28"", ""32"", ""36"", ""38"", ""40"", ""41"", ""42"", ""46"", ""47"", ""48"", ""52"", ""55"", ""56"", ""66"", ""70"", ""72"", ""74"", ""85"", ""96"", ""98"", ""101"", ""102"", ""103"", ""110"", ""111"", ""114"", ""116"", ""117"", ""118"", ""121"", ""126"", ""127"", ""129"", ""131"", ""136"", ""137"", ""138"", ""141"", ""143"", ""146"", ""148"", ""151"", ""153"", ""156"", ""157"", ""158"", ""164"", ""166"", ""168"", ""171"", ""173"", ""174"", ""175"", ""177"", ""178"", ""179"", ""181"", ""182"", ""183"", ""184"", ""185"", ""186"", ""188"", ""191"", ""192"", ""193"", ""194"", ""195"", ""196"", ""197"", ""198"", ""201"", ""202"", ""203"", ""204"", ""206"", ""207"", ""208"", ""210"", ""211"", ""213"", ""214"", ""215"", ""216"", ""217"", ""218"", ""219"", ""220"", ""221"", ""222"", ""223"", ""224"", ""225"", ""226"", ""227"", ""228"", ""229"", ""230"", ""231"", ""232"", ""233"", ""234"", ""235"", ""236"", ""237"", ""238"", ""239"", ""240"", ""241"", ""242"", ""243"", ""244"", ""245"", ""246"", ""247"", ""248"", ""249"", ""250"", ""251"", ""252"", ""253"", ""254"", ""255"", ""256"", ""257"", ""258"", ""259"", ""260"", ""261"", ""262"", ""263"", ""264"", ""265"", ""266"", ""267"", ""268"", ""269"", ""270"", ""271"", ""272"", ""273"", ""274"", ""275"", ""276"", ""277"", ""278"", ""279"", ""280"", ""281"", ""282"", ""283"", ""284"", ""285"", ""286"", ""287"", ""288"", ""289"", ""290"", ""291"", ""292"", ""293""]","[""1"", ""2"", ""5"", ""6"", ""7"", ""8"", ""21"", ""22"", ""23"", ""24"", ""25"", ""28"", ""32"", ""36"", ""38"", ""40"", ""41"", ""42"", ""46"", ""48"", ""52"", ""55"", ""56"", ""66"", ""70"", ""72"", ""74"", ""80"", ""85"", ""96"", ""101"", ""103"", ""110"", ""111"", ""114"", ""116"", ""117"", ""121"", ""126"", ""127"", ""129"", ""131"", ""136"", ""137"", ""138"", ""139"", ""141"", ""143"", ""146"", ""151"", ""153"", ""156"", ""164"", ""166"", ""171"", ""173"", ""174"", ""175"", ""177"", ""179"", ""181"", ""182"", ""183"", ""184"", ""185"", ""191"", ""192"", ""193"", ""194"", ""196"", ""197"", ""198"", ""199"", ""201"", ""202"", ""203"", ""204"", ""206"", ""207"", ""208"", ""211"", ""213"", ""214"", ""215"", ""217"", ""218"", ""219"", ""220"", ""221"", ""222"", ""223"", ""224"", ""225"", ""226"", ""227"", ""228"", ""231"", ""232"", ""233"", ""235"", ""236"", ""237"", ""239"", ""240"", ""241"", ""242"", ""243"", ""244"", ""245"", ""246"", ""247"", ""248"", ""249"", ""250"", ""251"", ""252"", ""253"", ""254"", ""255"", ""256"", ""257"", ""258"", ""259"", ""260"", ""261"", ""262"", ""263"", ""264"", ""265"", ""266"", ""267"", ""268"", ""269"", ""270"", ""271"", ""272"", ""273"", ""274"", ""275"", ""276"", ""277"", ""278"", ""279"", ""280"", ""281"", ""282"", ""283"", ""284"", ""285"", ""286"", ""287"", ""288"", ""289"", ""290"", ""291"", ""292"", ""293""]",0.27034685259704205,0.29724822632536796,0.2764976958525346,0.2885572139303483
bioasq_train,bioasq13b_622669363a8413c653000089,0,"[""3"", ""10"", ""12"", ""13"", ""15"", ""16""]",0.8333333333333334,0.8333333333333334,0.8333333333333334,"[""3"", ""10"", ""12"", ""13"", ""15"", ""16""]","[""3"", ""10"", ""12"", ""13"", ""15"", ""16""]",0,0,0.8333333333333334,0.8333333333333334
bioasq_train,bioasq13b_6200839bc9dfcb9c0900001d,0.38353479346633423,"[""1"", ""3"", ""7"", ""15"", ""21"", ""23"", ""29"", ""37"", ""42"", ""45"", ""54"", ""67"", ""73"", ""75"", ""82"", ""90"", ""94"", ""101"", ""114"", ""115"", ""128""]",,,,"[""1"", ""3"", ""7"", ""15"", ""21"", ""23"", ""29"", ""37"", ""42"", ""45"", ""54"", ""67"", ""73"", ""75"", ""82"", ""90"", ""94"", ""101"", ""114"", ""115"", ""128""]","[""1"", ""3"", ""7"", ""15"", ""21"", ""23"", ""29"", ""37"", ""42"", ""45"", ""54"", ""67"", ""73"", ""75"", ""82"", ""90"", ""94"", ""101"", ""114"", ""128""]",0.23601243912456732,0.24077569798622428,,
bioasq_train,bioasq13b_6201a20cc9dfcb9c09000027,0,"[""1"", ""4""]",1,0.6666666666666666,0.8,"[""1"", ""4""]","[""1"", ""4""]",0,0,0.8,0.8
bioasq_train,bioasq13b_62059190c9dfcb9c09000034,0.12116402116402115,"[""3"", ""4"", ""8"", ""9"", ""11""]",0.2,0.5,0.28571428571428575,"[""3"", ""4"", ""8"", ""9"", ""11""]","[""3"", ""4"", ""8"", ""9"", ""11""]",0.073809524,0.073809524,0.28571428571428575,0.28571428571428575
bioasq_train,bioasq13b_64403c4257b1c7a31500004f,0,"[""10""]",1,1,1,"[""10""]","[""10""]",0,0,1,1
bioasq_train,bioasq13b_63f042e2f36125a426000022,0.3134920634920635,"[""5"", ""11"", ""12"", ""13"", ""15"", ""18"", ""20""]",0.42857142857142855,0.6,0.5,"[""5"", ""11"", ""12"", ""13"", ""15"", ""18"", ""20""]","[""5"", ""11"", ""15"", ""18"", ""20""]",0.26785714285714285,0.23214285714285712,0.5,0.6
bioasq_train,bioasq13b_64184483690f196b51000038,0.24112080551104118,"[""2"", ""3"", ""6"", ""20"", ""50"", ""56"", ""60"", ""62"", ""63"", ""75"", ""76"", ""104"", ""114"", ""117"", ""142"", ""146"", ""154"", ""171"", ""174"", ""177"", ""189"", ""190"", ""196"", ""197"", ""202""]",0.36,0.32142857142857145,0.33962264150943394,"[""2"", ""3"", ""6"", ""20"", ""50"", ""56"", ""60"", ""62"", ""63"", ""75"", ""76"", ""104"", ""114"", ""117"", ""142"", ""146"", ""154"", ""171"", ""174"", ""177"", ""189"", ""190"", ""196"", ""197"", ""202""]","[""2"", ""3"", ""6"", ""20"", ""50"", ""56"", ""60"", ""62"", ""63"", ""75"", ""76"", ""95"", ""104"", ""114"", ""117"", ""142"", ""146"", ""154"", ""171"", ""174"", ""177"", ""189"", ""190"", ""196"", ""197"", ""202""]",0.15743721157514262,0.1788531781517452,0.33962264150943394,0.3333333333333333
bioasq_train,bioasq13b_643de76757b1c7a315000039,0.1443123543123543,"[""2"", ""11"", ""19"", ""29"", ""35"", ""44"", ""50"", ""74"", ""115"", ""127"", ""175""]",0.8181818181818182,0.225,0.35294117647058826,"[""2"", ""11"", ""19"", ""29"", ""35"", ""44"", ""50"", ""74"", ""115"", ""127"", ""175""]","[""2"", ""11"", ""19"", ""29"", ""35"", ""44"", ""50"", ""74"", ""115"", ""127"", ""175""]",0.091608392,0.091608392,0.35294117647058826,0.35294117647058826
bioasq_train,bioasq13b_63f02ec1f36125a426000017,0,"[""18""]",1,0.14285714285714285,0.25,"[""18""]","[""18""]",0,0,0.25,0.25
bioasq_train,bioasq13b_64371c5957b1c7a31500002a,0.3273540999169331,"[""2"", ""13"", ""42"", ""56"", ""63"", ""72"", ""108"", ""115"", ""122"", ""126"", ""134"", ""146"", ""165"", ""226""]",0.35714285714285715,0.21739130434782608,0.27027027027027023,"[""2"", ""13"", ""42"", ""56"", ""63"", ""72"", ""108"", ""115"", ""122"", ""126"", ""134"", ""146"", ""165"", ""226""]","[""2"", ""13"", ""42"", ""56"", ""63"", ""72"", ""108"", ""115"", ""122"", ""126"", ""134"", ""146"", ""165"", ""226""]",0.22093704906204908,0.22093704906204908,0.27027027027027023,0.27027027027027023
bioasq_train,bioasq13b_63eef7eff36125a42600000e,0,"[""1"", ""2"", ""3"", ""4"", ""13""]",0.6,1,0.7499999999999999,"[""1"", ""2"", ""3"", ""4"", ""13""]","[""1"", ""2"", ""3"", ""4"", ""13""]",0,0,0.7499999999999999,0.7499999999999999
bioasq_train,bioasq13b_641790a3690f196b5100002c,0.2920314253647587,"[""1"", ""6"", ""11"", ""12"", ""33"", ""37"", ""38"", ""48""]",0.5,0.6666666666666666,0.5714285714285715,"[""1"", ""6"", ""11"", ""12"", ""33"", ""37"", ""38"", ""48""]","[""1"", ""6"", ""11"", ""12"", ""33"", ""37"", ""38"", ""48""]",0.21148989898989895,0.21148989898989895,0.5714285714285715,0.5714285714285715
bioasq_train,bioasq13b_63f56dc533942b094c000001,0,"[""2"", ""5"", ""10"", ""16"", ""22""]",0.8,0.6666666666666666,0.7272727272727272,"[""2"", ""5"", ""10"", ""16"", ""22""]","[""2"", ""5"", ""10"", ""16"", ""22""]",0,0,0.7272727272727272,0.7272727272727272
bioasq_train,bioasq13b_643def7057b1c7a31500003a,0.21037037037037037,"[""3"", ""52"", ""53"", ""103"", ""117"", ""122"", ""126""]",,,,"[""3"", ""52"", ""53"", ""103"", ""117"", ""122"", ""126""]","[""3"", ""52"", ""53"", ""103"", ""117"", ""122"", ""126""]",0.11000000000000001,0.11000000000000001,,
bioasq_train,bioasq13b_643c9b4057b1c7a315000032,0.3027155660022818,"[""1"", ""4"", ""5"", ""6"", ""18"", ""27"", ""33"", ""35"", ""77"", ""88"", ""98"", ""107"", ""108"", ""116"", ""117"", ""138"", ""145"", ""152"", ""160""]",0.3157894736842105,0.4,0.35294117647058826,"[""1"", ""4"", ""5"", ""6"", ""18"", ""27"", ""33"", ""35"", ""77"", ""88"", ""98"", ""107"", ""108"", ""116"", ""117"", ""138"", ""145"", ""152"", ""160""]","[""1"", ""4"", ""5"", ""6"", ""18"", ""27"", ""33"", ""35"", ""77"", ""88"", ""98"", ""107"", ""108"", ""116"", ""138"", ""145"", ""152"", ""160""]",0.20230350411838618,0.20089647194910354,0.35294117647058826,0.3636363636363636
bioasq_train,bioasq13b_6402c71f201352f04a00000a,0,"[""2"", ""13"", ""34""]",1,0.6,0.7499999999999999,"[""2"", ""13"", ""34""]","[""2"", ""13"", ""34""]",0,0,0.7499999999999999,0.7499999999999999
bioasq_train,bioasq13b_6429e1b857b1c7a315000008,0.26787245627895667,"[""1"", ""2"", ""3"", ""4"", ""5"", ""13"", ""18"", ""20"", ""29"", ""35"", ""37"", ""43"", ""48"", ""49"", ""53"", ""60"", ""70"", ""71"", ""74"", ""76"", ""86"", ""96"", ""99"", ""100"", ""104"", ""111"", ""112"", ""115"", ""118"", ""122"", ""123"", ""125"", ""133"", ""134""]",0.23529411764705882,0.36363636363636365,0.2857142857142857,"[""1"", ""2"", ""3"", ""4"", ""5"", ""13"", ""18"", ""20"", ""29"", ""35"", ""37"", ""43"", ""48"", ""49"", ""53"", ""60"", ""70"", ""71"", ""74"", ""76"", ""86"", ""96"", ""99"", ""100"", ""104"", ""111"", ""112"", ""115"", ""118"", ""122"", ""123"", ""125"", ""133"", ""134""]","[""1"", ""2"", ""3"", ""4"", ""5"", ""13"", ""18"", ""20"", ""29"", ""35"", ""37"", ""43"", ""48"", ""49"", ""53"", ""60"", ""70"", ""71"", ""74"", ""76"", ""86"", ""96"", ""99"", ""100"", ""111"", ""112"", ""115"", ""118"", ""122"", ""123"", ""125"", ""133"", ""134""]",0.17581793182941982,0.17405274592590966,0.2857142857142857,0.2909090909090909
bioasq_train,bioasq13b_644029f857b1c7a315000042,0,"[""2"", ""4""]",1,0.6666666666666666,0.8,"[""2"", ""4""]","[""2"", ""4""]",0,0,0.8,0.8
bioasq_train,bioasq13b_6440360557b1c7a315000047,0,"[""2"", ""5"", ""7"", ""9""]",0.25,1,0.4,"[""2"", ""5"", ""7"", ""9""]","[""2"", ""5"", ""7"", ""9""]",0,0,0.4,0.4
bioasq_train,bioasq13b_6419fa3d690f196b5100003c,0.13333333333333333,"[""4"", ""17"", ""24""]",0.6666666666666666,0.6666666666666666,0.6666666666666666,"[""4"", ""17"", ""24""]","[""4"", ""17"", ""24""]",0.1,0.1,0.6666666666666666,0.6666666666666666
bioasq_train,bioasq13b_644036cf57b1c7a315000048,0,"[""1"", ""5""]",1,1,1,"[""1"", ""5""]","[""1"", ""5""]",0,0,1,1
bioasq_train,bioasq13b_6431f6a857b1c7a315000018,0.18822751322751327,"[""4"", ""17"", ""33"", ""72""]",1,0.5714285714285714,0.7272727272727273,"[""4"", ""17"", ""33"", ""72""]","[""4"", ""17"", ""33"", ""72""]",0.10952380952380954,0.10952380952380954,0.7272727272727273,0.7272727272727273
bioasq_train,bioasq13b_644281e557b1c7a31500005b,0.033333333333333326,"[""6"", ""7"", ""14"", ""15"", ""29""]",1,1,1,"[""6"", ""7"", ""14"", ""15"", ""29""]","[""6"", ""7"", ""14"", ""15"", ""29""]",0.016666666666666663,0.016666666666666663,1,1
bioasq_train,bioasq13b_6414c1ae690f196b51000003,0,"[""2""]",1,1,1,"[""2""]","[""2""]",0,0,1,1
bioasq_train,bioasq13b_64040c6b201352f04a00000f,0,"[""10"", ""11""]",1,0.4,0.5714285714285715,"[""10"", ""11""]","[""10"", ""11""]",0,0,0.5714285714285715,0.5714285714285715
bioasq_train,bioasq13b_64178f94690f196b51000027,0.025,"[""3"", ""9"", ""19"", ""27"", ""34"", ""60"", ""61"", ""72""]",,,,"[""3"", ""9"", ""19"", ""27"", ""34"", ""60"", ""61"", ""72""]","[""3"", ""9"", ""19"", ""27"", ""34"", ""60"", ""61"", ""72""]",0.0125,0.0125,,
bioasq_train,bioasq13b_63f03006f36125a426000018,0,"[""7"", ""8"", ""9"", ""10"", ""11"", ""14"", ""17""]",0.2857142857142857,0.3333333333333333,0.30769230769230765,"[""7"", ""8"", ""9"", ""10"", ""11"", ""14"", ""17""]","[""7"", ""8"", ""9"", ""10"", ""11"", ""14"", ""17""]",0,0,0.30769230769230765,0.30769230769230765
bioasq_train,bioasq13b_642a029d57b1c7a315000011,0.22545489645850844,"[""2"", ""7"", ""18"", ""37"", ""44"", ""55"", ""74"", ""101"", ""110"", ""118"", ""148"", ""203"", ""206"", ""226""]",0.5714285714285714,0.21052631578947367,0.3076923076923077,"[""2"", ""7"", ""18"", ""37"", ""44"", ""55"", ""74"", ""101"", ""110"", ""118"", ""148"", ""203"", ""206"", ""226""]","[""2"", ""7"", ""18"", ""37"", ""44"", ""55"", ""74"", ""101"", ""110"", ""118"", ""148"", ""203"", ""206"", ""226""]",0.1357936507936508,0.1357936507936508,0.3076923076923077,0.3076923076923077
bioasq_train,bioasq13b_6402bf2b201352f04a000007,0,"[""2"", ""24"", ""31"", ""32""]",0.5,0.6666666666666666,0.5714285714285715,"[""2"", ""24"", ""31"", ""32""]","[""2"", ""24"", ""31"", ""32""]",0,0,0.5714285714285715,0.5714285714285715
bioasq_train,bioasq13b_6433012b57b1c7a315000022,0,"[""1"", ""2""]",1,0.5,0.6666666666666666,"[""1"", ""2""]","[""1"", ""2""]",0,0,0.6666666666666666,0.6666666666666666
bioasq_train,bioasq13b_6424154d690f196b5100004a,0,"[""2"", ""6"", ""17"", ""29"", ""30"", ""31""]",0.3333333333333333,0.4,0.3636363636363636,"[""2"", ""6"", ""17"", ""29"", ""30"", ""31""]","[""2"", ""6"", ""17"", ""29"", ""30"", ""31""]",0,0,0.3636363636363636,0.3636363636363636
bioasq_train,bioasq13b_6432ffdf57b1c7a315000021,0,"[""2""]",1,0.5,0.6666666666666666,"[""2""]","[""2""]",0,0,0.6666666666666666,0.6666666666666666
bioasq_train,bioasq13b_64178ec2690f196b51000024,0.071111111,"[""4"", ""5"", ""12"", ""31"", ""32"", ""37"", ""40"", ""46"", ""48"", ""50""]",0.6,0.8571428571428571,0.7058823529411764,"[""4"", ""5"", ""12"", ""31"", ""32"", ""37"", ""40"", ""46"", ""48"", ""50""]","[""4"", ""5"", ""12"", ""31"", ""32"", ""37"", ""40"", ""46"", ""48"", ""50""]",0.039999999999999994,0.039999999999999994,0.7058823529411764,0.7058823529411764
bioasq_train,bioasq13b_6415b422690f196b5100000a,0,"[""3"", ""4"", ""14"", ""15""]",0.75,0.75,0.75,"[""3"", ""4"", ""14"", ""15""]","[""3"", ""4"", ""14"", ""15""]",0,0,0.75,0.75
bioasq_train,bioasq13b_641b7bba690f196b5100003e,0.34465563968936347,"[""1"", ""3"", ""7"", ""11"", ""13"", ""14"", ""17"", ""18"", ""22"", ""25"", ""27"", ""33"", ""37"", ""38"", ""48"", ""50"", ""53"", ""58"", ""75"", ""76"", ""77"", ""83"", ""85"", ""93"", ""94"", ""95"", ""105"", ""110"", ""113"", ""114"", ""118"", ""123"", ""124"", ""126"", ""128"", ""133"", ""134"", ""136"", ""140"", ""143"", ""146"", ""150"", ""153"", ""155"", ""159"", ""160"", ""163"", ""173"", ""177"", ""182"", ""184"", ""186"", ""190"", ""192"", ""195"", ""197"", ""200"", ""202"", ""205"", ""206"", ""209"", ""211"", ""213"", ""215"", ""218"", ""221"", ""223"", ""224"", ""225"", ""226"", ""228"", ""230"", ""233"", ""238"", ""240"", ""246"", ""248"", ""250"", ""252"", ""255"", ""256"", ""258"", ""261"", ""264"", ""266"", ""270"", ""272"", ""274"", ""276"", ""278"", ""280""]",,,,"[""1"", ""3"", ""7"", ""11"", ""13"", ""14"", ""17"", ""18"", ""22"", ""25"", ""27"", ""33"", ""37"", ""38"", ""48"", ""50"", ""53"", ""58"", ""75"", ""76"", ""77"", ""83"", ""85"", ""93"", ""94"", ""95"", ""105"", ""110"", ""113"", ""114"", ""118"", ""123"", ""124"", ""126"", ""128"", ""133"", ""134"", ""136"", ""140"", ""143"", ""146"", ""150"", ""153"", ""155"", ""159"", ""160"", ""163"", ""173"", ""177"", ""182"", ""184"", ""186"", ""190"", ""192"", ""195"", ""197"", ""200"", ""202"", ""205"", ""206"", ""209"", ""211"", ""213"", ""215"", ""218"", ""221"", ""223"", ""224"", ""225"", ""226"", ""228"", ""230"", ""233"", ""238"", ""240"", ""246"", ""248"", ""250"", ""252"", ""255"", ""256"", ""258"", ""261"", ""264"", ""266"", ""270"", ""272"", ""274"", ""276"", ""278"", ""280""]","[""1"", ""3"", ""7"", ""11"", ""13"", ""14"", ""17"", ""18"", ""22"", ""25"", ""27"", ""28"", ""31"", ""33"", ""37"", ""38"", ""48"", ""53"", ""58"", ""75"", ""76"", ""77"", ""83"", ""85"", ""88"", ""93"", ""94"", ""95"", ""105"", ""110"", ""113"", ""118"", ""123"", ""124"", ""126"", ""128"", ""133"", ""134"", ""136"", ""140"", ""143"", ""146"", ""151"", ""153"", ""155"", ""159"", ""160"", ""163"", ""173"", ""177"", ""182"", ""186"", ""190"", ""192"", ""195"", ""197"", ""200"", ""202"", ""205"", ""206"", ""209"", ""211"", ""213"", ""215"", ""218"", ""221"", ""224"", ""226"", ""228"", ""230"", ""233"", ""235"", ""238"", ""240"", ""246"", ""250"", ""252"", ""255"", ""258"", ""261"", ""264"", ""266"", ""270"", ""272"", ""274"", ""276"", ""278""]",0.23191801619017624,0.26604867579350133,,
bioasq_train,bioasq13b_6429f86657b1c7a31500000d,0.5225039142708323,"[""2"", ""9"", ""18"", ""28"", ""58"", ""60"", ""62"", ""65"", ""71"", ""72"", ""77"", ""102"", ""103"", ""106"", ""118"", ""133"", ""143"", ""144"", ""146"", ""151"", ""152"", ""172"", ""174"", ""180"", ""182"", ""190"", ""193"", ""194"", ""196"", ""200"", ""201"", ""206"", ""215"", ""219""]",0.14705882352941177,0.35714285714285715,0.20833333333333334,"[""2"", ""9"", ""18"", ""28"", ""58"", ""60"", ""62"", ""65"", ""71"", ""72"", ""77"", ""102"", ""103"", ""106"", ""118"", ""133"", ""143"", ""144"", ""146"", ""151"", ""152"", ""172"", ""174"", ""180"", ""182"", ""190"", ""193"", ""194"", ""196"", ""200"", ""201"", ""206"", ""215"", ""219""]","[""2"", ""9"", ""18"", ""28"", ""58"", ""60"", ""62"", ""65"", ""71"", ""72"", ""73"", ""96"", ""102"", ""103"", ""107"", ""118"", ""133"", ""137"", ""143"", ""144"", ""146"", ""151"", ""157"", ""160"", ""168"", ""172"", ""174"", ""177"", ""180"", ""182"", ""185"", ""188"", ""190"", ""193"", ""194"", ""196"", ""201"", ""206"", ""210"", ""215"", ""219"", ""220"", ""221"", ""222""]",0.40024669055890144,0.4386556964265968,0.20833333333333334,0.17241379310344826
bioasq_train,bioasq13b_63f5713733942b094c000003,0,"[""2"", ""3"", ""4"", ""6""]",0.5,0.6666666666666666,0.5714285714285715,"[""2"", ""3"", ""4"", ""6""]","[""2"", ""3"", ""4"", ""6""]",0,0,0.5714285714285715,0.5714285714285715
bioasq_train,bioasq13b_6429fe4e57b1c7a31500000f,0.019999999999999997,"[""3"", ""13"", ""37"", ""41"", ""48"", ""57"", ""61"", ""80"", ""87""]",0.4444444444444444,0.4444444444444444,0.4444444444444444,"[""3"", ""13"", ""37"", ""41"", ""48"", ""57"", ""61"", ""80"", ""87""]","[""3"", ""13"", ""37"", ""41"", ""48"", ""57"", ""61"", ""80"", ""87""]",0.01,0.01,0.4444444444444444,0.4444444444444444
bioasq_train,bioasq13b_642321a5690f196b51000047,0.32775187775187775,"[""2"", ""10"", ""21"", ""22"", ""23"", ""25"", ""28"", ""34"", ""35"", ""36""]",0.7,1,0.8235294117647058,"[""2"", ""10"", ""21"", ""22"", ""23"", ""25"", ""28"", ""34"", ""35"", ""36""]","[""2"", ""10"", ""21"", ""28"", ""34""]",0.30303030303030304,0.2765151515151515,0.8235294117647058,0.8333333333333333
bioasq_train,bioasq13b_64299fa957b1c7a315000002,0.16687805592153418,"[""2"", ""3"", ""4"", ""5"", ""11"", ""20"", ""21"", ""33"", ""34"", ""35"", ""43"", ""44"", ""57"", ""61"", ""62"", ""75"", ""88"", ""92"", ""93"", ""95"", ""96""]",0.2857142857142857,0.46153846153846156,0.35294117647058826,"[""2"", ""3"", ""4"", ""5"", ""11"", ""20"", ""21"", ""33"", ""34"", ""35"", ""43"", ""44"", ""57"", ""61"", ""62"", ""75"", ""88"", ""92"", ""93"", ""95"", ""96""]","[""2"", ""3"", ""4"", ""5"", ""11"", ""20"", ""21"", ""33"", ""34"", ""35"", ""43"", ""44"", ""57"", ""61"", ""62"", ""75"", ""88"", ""92"", ""93"", ""95"", ""96""]",0.12228260869565218,0.12228260869565218,0.35294117647058826,0.35294117647058826
bioasq_train,bioasq13b_63f92fd033942b094c00000b,0,"[""4""]",1,1,1,"[""4""]","[""4""]",0,0,1,1
bioasq_train,bioasq13b_6426bb49690f196b5100004d,0.2801950536822487,"[""2"", ""3"", ""7"", ""24"", ""25"", ""26"", ""27"", ""35"", ""36"", ""41"", ""44"", ""45"", ""76"", ""77"", ""78"", ""116"", ""117"", ""133"", ""134""]",0.42105263157894735,0.5,0.45714285714285713,"[""2"", ""3"", ""7"", ""24"", ""25"", ""26"", ""27"", ""35"", ""36"", ""41"", ""44"", ""45"", ""76"", ""77"", ""78"", ""116"", ""117"", ""133"", ""134""]","[""2"", ""3"", ""7"", ""24"", ""25"", ""26"", ""27"", ""35"", ""36"", ""41"", ""45"", ""76"", ""77"", ""78"", ""116"", ""117"", ""133"", ""134""]",0.17844223701546355,0.17958977648336916,0.45714285714285713,0.47058823529411764
bioasq_train,bioasq13b_642f4aac57b1c7a315000015,0.5843177897225513,"[""2"", ""10"", ""70"", ""78"", ""85"", ""89"", ""113"", ""122"", ""127"", ""139"", ""142""]",0.5454545454545454,0.25,0.34285714285714286,"[""2"", ""10"", ""70"", ""78"", ""85"", ""89"", ""113"", ""122"", ""127"", ""139"", ""142""]","[""2"", ""10"", ""70"", ""85"", ""89"", ""113"", ""139"", ""142""]",0.48471311321463445,0.5022246638118849,0.34285714285714286,0.25
bioasq_train,bioasq13b_644294b757b1c7a315000061,0.43720255801984514,"[""4"", ""14"", ""18"", ""22"", ""23"", ""26"", ""31"", ""41"", ""44"", ""52"", ""58"", ""59"", ""63"", ""64"", ""70"", ""72"", ""80"", ""96"", ""97"", ""101"", ""106"", ""107"", ""110"", ""113"", ""114"", ""116"", ""124"", ""131"", ""136""]",0.3448275862068966,0.5555555555555556,0.4255319148936171,"[""4"", ""14"", ""18"", ""22"", ""23"", ""26"", ""31"", ""41"", ""44"", ""52"", ""58"", ""59"", ""63"", ""64"", ""70"", ""72"", ""80"", ""96"", ""97"", ""101"", ""106"", ""107"", ""110"", ""113"", ""114"", ""116"", ""124"", ""131"", ""136""]","[""4"", ""14"", ""18"", ""22"", ""23"", ""26"", ""31"", ""41"", ""44"", ""52"", ""58"", ""59"", ""63"", ""64"", ""68"", ""70"", ""72"", ""80"", ""82"", ""96"", ""97"", ""101"", ""106"", ""107"", ""109"", ""110"", ""113"", ""114"", ""116"", ""121"", ""124"", ""130"", ""131"", ""133"", ""136"", ""138""]",0.33418737285672767,0.3309500492395229,0.4255319148936171,0.4444444444444444
bioasq_train,bioasq13b_6419cd02690f196b5100003a,0.24046840958605664,"[""2"", ""9"", ""16"", ""22"", ""34"", ""39"", ""50"", ""59"", ""60"", ""70"", ""84""]",0.9090909090909091,0.9090909090909091,0.9090909090909091,"[""2"", ""9"", ""16"", ""22"", ""34"", ""39"", ""50"", ""59"", ""60"", ""70"", ""84""]","[""2"", ""9"", ""16"", ""22"", ""34"", ""39"", ""50"", ""59"", ""60"", ""70"", ""84""]",0.14541666666666667,0.14541666666666667,0.9090909090909091,0.9090909090909091
bioasq_train,bioasq13b_645037e557b1c7a31500008c,0.036363636,"[""2"", ""3"", ""12"", ""13"", ""36"", ""37"", ""45"", ""61"", ""62"", ""80""]",0.4,0.4444444444444444,0.4210526315789474,"[""2"", ""3"", ""12"", ""13"", ""36"", ""37"", ""45"", ""61"", ""62"", ""80""]","[""2"", ""3"", ""12"", ""13"", ""36"", ""37"", ""45"", ""61"", ""62"", ""80""]",0.018181818181818177,0.018181818181818177,0.4210526315789474,0.4210526315789474
bioasq_train,bioasq13b_644ea46d57b1c7a31500007c,0.3833314163024308,"[""1"", ""5"", ""20"", ""25"", ""29"", ""37""]",0.6666666666666666,0.1111111111111111,0.1904761904761905,"[""1"", ""5"", ""20"", ""25"", ""29"", ""37""]","[""1"", ""5"", ""20"", ""25"", ""29"", ""37""]",0.21805555555555553,0.21805555555555553,0.1904761904761905,0.1904761904761905
bioasq_train,bioasq13b_6431f74057b1c7a31500001a,0.15555555555555559,"[""49"", ""57""]",0.5,0.071428571,0.125,"[""49"", ""57""]","[""49"", ""57""]",0.1,0.1,0.125,0.125
bioasq_train,bioasq13b_64184949690f196b51000039,0,"[""2"", ""16"", ""30"", ""42"", ""43"", ""44"", ""45"", ""46""]",0.5,0.8,0.6153846153846154,"[""2"", ""16"", ""30"", ""42"", ""43"", ""44"", ""45"", ""46""]","[""2"", ""16"", ""30"", ""42"", ""43"", ""44"", ""45"", ""46""]",0,0,0.6153846153846154,0.6153846153846154
bioasq_train,bioasq13b_6414c1d0690f196b51000004,0,"[""5"", ""7"", ""8"", ""9"", ""10"", ""14""]",0.8333333333333334,1,0.9090909090909091,"[""5"", ""7"", ""8"", ""9"", ""10"", ""14""]","[""5"", ""7"", ""8"", ""9"", ""10"", ""14""]",0,0,0.9090909090909091,0.9090909090909091
bioasq_train,bioasq13b_641373fc201352f04a000040,0.24917193917193917,"[""1"", ""9"", ""20"", ""29"", ""38"", ""52"", ""72"", ""85"", ""86"", ""87""]",,,,"[""1"", ""9"", ""20"", ""29"", ""38"", ""52"", ""72"", ""85"", ""86"", ""87""]","[""1"", ""9"", ""20"", ""29"", ""38"", ""72"", ""85"", ""86"", ""87""]",0.16939393939393937,0.1727272727272727,,
bioasq_train,bioasq13b_6433020c57b1c7a315000023,0,"[""2""]",1,0.25,0.4,"[""2""]","[""2""]",0,0,0.4,0.4
bioasq_train,bioasq13b_644f0a9757b1c7a315000088,0.066666667,"[""2"", ""14"", ""23"", ""32"", ""39"", ""48"", ""52"", ""72""]",0.75,0.6666666666666666,0.7058823529411765,"[""2"", ""14"", ""23"", ""32"", ""39"", ""48"", ""52"", ""72""]","[""2"", ""14"", ""23"", ""32"", ""39"", ""48"", ""52"", ""72""]",0.05,0.05,0.7058823529411765,0.7058823529411765
bioasq_train,bioasq13b_644eae9c57b1c7a315000080,0.44272792799832356,"[""1"", ""2"", ""3"", ""5"", ""6"", ""7"", ""8"", ""18"", ""26"", ""27"", ""36"", ""37"", ""38"", ""42"", ""46"", ""50"", ""52"", ""61"", ""62"", ""63"", ""65"", ""74"", ""77"", ""80"", ""82"", ""84"", ""86"", ""93"", ""94"", ""100"", ""101"", ""106"", ""111"", ""116"", ""121"", ""122"", ""126"", ""129"", ""131"", ""136"", ""140"", ""146"", ""148"", ""150"", ""152"", ""156"", ""161"", ""162"", ""164"", ""166"", ""168"", ""173"", ""176"", ""180"", ""182"", ""186"", ""190"", ""194"", ""196"", ""204"", ""206"", ""210"", ""211"", ""214"", ""216"", ""218"", ""220"", ""222"", ""224"", ""226"", ""228"", ""230"", ""231"", ""232"", ""234"", ""236"", ""238"", ""240"", ""242"", ""244"", ""246"", ""248"", ""250"", ""251"", ""252"", ""254"", ""256"", ""258"", ""260"", ""261"", ""262"", ""264"", ""266"", ""268"", ""270"", ""274"", ""276"", ""278"", ""280"", ""282"", ""284"", ""286"", ""288"", ""290"", ""292"", ""294"", ""296"", ""298"", ""300"", ""302"", ""304"", ""306"", ""308"", ""310"", ""312"", ""314"", ""316"", ""318"", ""320"", ""322"", ""324"", ""326"", ""328"", ""330"", ""332"", ""334"", ""336"", ""338"", ""340"", ""342"", ""344"", ""346"", ""348"", ""350""]",0.097014925,0.5416666666666666,0.16455696202531644,"[""1"", ""2"", ""3"", ""5"", ""6"", ""7"", ""8"", ""18"", ""26"", ""27"", ""36"", ""37"", ""38"", ""42"", ""46"", ""50"", ""52"", ""61"", ""62"", ""63"", ""65"", ""74"", ""77"", ""80"", ""82"", ""84"", ""86"", ""93"", ""94"", ""100"", ""101"", ""106"", ""111"", ""116"", ""121"", ""122"", ""126"", ""129"", ""131"", ""136"", ""140"", ""146"", ""148"", ""150"", ""152"", ""156"", ""161"", ""162"", ""164"", ""166"", ""168"", ""173"", ""176"", ""180"", ""182"", ""186"", ""190"", ""194"", ""196"", ""204"", ""206"", ""210"", ""211"", ""214"", ""216"", ""218"", ""220"", ""222"", ""224"", ""226"", ""228"", ""230"", ""231"", ""232"", ""234"", ""236"", ""238"", ""240"", ""242"", ""244"", ""246"", ""248"", ""250"", ""251"", ""252"", ""254"", ""256"", ""258"", ""260"", ""261"", ""262"", ""264"", ""266"", ""268"", ""270"", ""274"", ""276"", ""278"", ""280"", ""282"", ""284"", ""286"", ""288"", ""290"", ""292"", ""294"", ""296"", ""298"", ""300"", ""302"", ""304"", ""306"", ""308"", ""310"", ""312"", ""314"", ""316"", ""318"", ""320"", ""322"", ""324"", ""326"", ""328"", ""330"", ""332"", ""334"", ""336"", ""338"", ""340"", ""342"", ""344"", ""346"", ""348"", ""350""]","[""1"", ""2"", ""3"", ""5"", ""6"", ""7"", ""8"", ""11"", ""16"", ""18"", ""26"", ""27"", ""36"", ""37"", ""38"", ""42"", ""46"", ""50"", ""52"", ""61"", ""62"", ""65"", ""74"", ""77"", ""80"", ""82"", ""84"", ""93"", ""100"", ""101"", ""102"", ""106"", ""111"", ""116"", ""122"", ""126"", ""129"", ""131"", ""136"", ""140"", ""146"", ""148"", ""150"", ""153"", ""156"", ""162"", ""164"", ""166"", ""168"", ""173"", ""176"", ""180"", ""182"", ""186"", ""190"", ""194"", ""196"", ""204"", ""206"", ""210"", ""214"", ""216"", ""218"", ""220"", ""222"", ""224"", ""226"", ""228"", ""230"", ""232"", ""234"", ""236"", ""238"", ""240"", ""242"", ""244"", ""246"", ""248"", ""250"", ""254"", ""256"", ""258"", ""260"", ""262"", ""264"", ""266"", ""268"", ""270"", ""274"", ""276"", ""278"", ""280"", ""282"", ""284"", ""286"", ""288"", ""290"", ""292"", ""294"", ""296"", ""298"", ""300"", ""302"", ""304"", ""306"", ""308"", ""310"", ""312"", ""314"", ""316"", ""318"", ""320"", ""322"", ""324"", ""326"", ""328"", ""330"", ""332"", ""334"", ""336"", ""338"", ""340"", ""342"", ""344"", ""346"", ""348"", ""350""]",0.30684037397445424,0.32550248571710083,0.16455696202531644,0.10596026490066225
bioasq_train,bioasq13b_6450e67457b1c7a31500008e,0.2028132361465695,"[""2"", ""10"", ""23"", ""30"", ""38"", ""52"", ""77"", ""122"", ""175"", ""206""]",0.9,0.391304348,0.5454545454545454,"[""2"", ""10"", ""23"", ""30"", ""38"", ""52"", ""77"", ""122"", ""175"", ""206""]","[""2"", ""10"", ""23"", ""30"", ""38"", ""52"", ""77"", ""122"", ""175"", ""206""]",0.11293706293706293,0.11293706293706293,0.5454545454545454,0.5454545454545454
bioasq_train,bioasq13b_644e7e4757b1c7a315000077,0,"[""13"", ""63"", ""87""]",0.6666666666666666,0.2222222222222222,0.3333333333333333,"[""13"", ""63"", ""87""]","[""13"", ""63"", ""87""]",0,0,0.3333333333333333,0.3333333333333333
bioasq_train,bioasq13b_64463cee57b1c7a315000065,0.5234715079423876,"[""2"", ""14"", ""25"", ""27"", ""28"", ""36"", ""38"", ""39"", ""46"", ""52"", ""77"", ""80"", ""82"", ""99"", ""113"", ""135"", ""136"", ""140"", ""153"", ""176"", ""180"", ""215"", ""232"", ""233"", ""253"", ""258""]",0.5,0.48148148148148145,0.49056603773584906,"[""2"", ""14"", ""25"", ""27"", ""28"", ""36"", ""38"", ""39"", ""46"", ""52"", ""77"", ""80"", ""82"", ""99"", ""113"", ""135"", ""136"", ""140"", ""153"", ""176"", ""180"", ""215"", ""232"", ""233"", ""253"", ""258""]","[""2"", ""14"", ""25"", ""27"", ""28"", ""36"", ""38"", ""39"", ""46"", ""52"", ""77"", ""80"", ""82"", ""99"", ""113"", ""135"", ""136"", ""140"", ""153"", ""156"", ""166"", ""176"", ""180"", ""184"", ""186"", ""215"", ""226"", ""232"", ""233"", ""235"", ""253"", ""258""]",0.3778607562443769,0.37972467934542237,0.49056603773584906,0.47457627118644063
bioasq_train,bioasq13b_644e7e5257b1c7a315000078,0.10916136366021534,"[""1"", ""3"", ""4"", ""5"", ""6"", ""7"", ""8"", ""11"", ""12"", ""15"", ""17"", ""22"", ""23"", ""24"", ""27"", ""30"", ""31"", ""34"", ""35"", ""40"", ""41"", ""42"", ""44"", ""45"", ""46"", ""49"", ""50"", ""51"", ""56"", ""57"", ""58"", ""60"", ""61"", ""63"", ""64"", ""66"", ""69"", ""70"", ""71"", ""74"", ""75"", ""76"", ""77"", ""78"", ""82"", ""84"", ""85"", ""86"", ""90"", ""91"", ""93"", ""95"", ""96"", ""98"", ""102"", ""103"", ""104"", ""105"", ""106"", ""107"", ""108"", ""110"", ""111"", ""113"", ""114"", ""116"", ""117"", ""118"", ""119"", ""120"", ""122"", ""124"", ""125"", ""126"", ""127"", ""128"", ""129"", ""131"", ""132"", ""133"", ""134"", ""135"", ""137"", ""138"", ""140"", ""141"", ""142"", ""143"", ""144"", ""145"", ""146"", ""147"", ""148"", ""150"", ""152"", ""153"", ""154"", ""155"", ""156"", ""157"", ""158"", ""159"", ""160"", ""161"", ""162"", ""163"", ""164"", ""165"", ""166"", ""167"", ""168"", ""169"", ""170"", ""171"", ""172"", ""173"", ""174"", ""175"", ""176"", ""177"", ""178"", ""179"", ""180"", ""182"", ""183"", ""184"", ""185"", ""186"", ""187"", ""188"", ""189"", ""190"", ""191"", ""192"", ""193"", ""194"", ""195"", ""196"", ""197"", ""198"", ""199"", ""200"", ""201"", ""202"", ""203"", ""204"", ""205"", ""206"", ""207"", ""208"", ""209"", ""210"", ""211"", ""212"", ""213"", ""214"", ""215"", ""216"", ""217"", ""218"", ""219"", ""220"", ""221"", ""222"", ""223"", ""224""]",0.18674698795180722,0.8857142857142857,0.308457711,"[""1"", ""3"", ""4"", ""5"", ""6"", ""7"", ""8"", ""11"", ""12"", ""15"", ""17"", ""22"", ""23"", ""24"", ""27"", ""30"", ""31"", ""34"", ""35"", ""40"", ""41"", ""42"", ""44"", ""45"", ""46"", ""49"", ""50"", ""51"", ""56"", ""57"", ""58"", ""60"", ""61"", ""63"", ""64"", ""66"", ""69"", ""70"", ""71"", ""74"", ""75"", ""76"", ""77"", ""78"", ""82"", ""84"", ""85"", ""86"", ""90"", ""91"", ""93"", ""95"", ""96"", ""98"", ""102"", ""103"", ""104"", ""105"", ""106"", ""107"", ""108"", ""110"", ""111"", ""113"", ""114"", ""116"", ""117"", ""118"", ""119"", ""120"", ""122"", ""124"", ""125"", ""126"", ""127"", ""128"", ""129"", ""131"", ""132"", ""133"", ""134"", ""135"", ""137"", ""138"", ""140"", ""141"", ""142"", ""143"", ""144"", ""145"", ""146"", ""147"", ""148"", ""150"", ""152"", ""153"", ""154"", ""155"", ""156"", ""157"", ""158"", ""159"", ""160"", ""161"", ""162"", ""163"", ""164"", ""165"", ""166"", ""167"", ""168"", ""169"", ""170"", ""171"", ""172"", ""173"", ""174"", ""175"", ""176"", ""177"", ""178"", ""179"", ""180"", ""182"", ""183"", ""184"", ""185"", ""186"", ""187"", ""188"", ""189"", ""190"", ""191"", ""192"", ""193"", ""194"", ""195"", ""196"", ""197"", ""198"", ""199"", ""200"", ""201"", ""202"", ""203"", ""204"", ""205"", ""206"", ""207"", ""208"", ""209"", ""210"", ""211"", ""212"", ""213"", ""214"", ""215"", ""216"", ""217"", ""218"", ""219"", ""220"", ""221"", ""222"", ""223"", ""224""]","[""1"", ""3"", ""4"", ""5"", ""6"", ""7"", ""8"", ""11"", ""12"", ""15"", ""17"", ""22"", ""23"", ""24"", ""27"", ""30"", ""31"", ""34"", ""35"", ""40"", ""41"", ""42"", ""44"", ""45"", ""46"", ""49"", ""50"", ""51"", ""56"", ""57"", ""58"", ""60"", ""61"", ""63"", ""64"", ""66"", ""69"", ""70"", ""71"", ""74"", ""75"", ""76"", ""77"", ""78"", ""82"", ""84"", ""85"", ""86"", ""90"", ""91"", ""93"", ""95"", ""96"", ""98"", ""102"", ""103"", ""104"", ""105"", ""106"", ""107"", ""108"", ""110"", ""111"", ""113"", ""114"", ""116"", ""117"", ""118"", ""119"", ""120"", ""122"", ""124"", ""125"", ""126"", ""127"", ""128"", ""129"", ""131"", ""132"", ""133"", ""134"", ""135"", ""137"", ""138"", ""140"", ""141"", ""142"", ""143"", ""144"", ""145"", ""146"", ""147"", ""148"", ""150"", ""152"", ""153"", ""154"", ""155"", ""156"", ""157"", ""158"", ""159"", ""160"", ""161"", ""162"", ""163"", ""164"", ""165"", ""166"", ""167"", ""168"", ""169"", ""170"", ""171"", ""172"", ""173"", ""174"", ""175"", ""176"", ""177"", ""178"", ""179"", ""180"", ""182"", ""183"", ""184"", ""185"", ""186"", ""187"", ""188"", ""189"", ""190"", ""191"", ""192"", ""193"", ""194"", ""195"", ""196"", ""197"", ""198"", ""199"", ""200"", ""201"", ""202"", ""203"", ""204"", ""205"", ""206"", ""207"", ""208"", ""209"", ""210"", ""211"", ""212"", ""213"", ""214"", ""215"", ""216"", ""217"", ""218"", ""219"", ""220"", ""221"", ""222"", ""223"", ""224""]",0.069668194,0.069668194,0.308457711,0.308457711
bioasq_train,bioasq13b_6446c89e57b1c7a315000073,0.23525067096081592,"[""2"", ""7"", ""20"", ""26"", ""34"", ""35"", ""108"", ""114"", ""226""]",0.7777777777777778,0.20588235294117646,0.3255813953488372,"[""2"", ""7"", ""20"", ""26"", ""34"", ""35"", ""108"", ""114"", ""226""]","[""2"", ""7"", ""20"", ""26"", ""34"", ""35"", ""108"", ""114"", ""226""]",0.12632850241545895,0.12632850241545895,0.3255813953488372,0.3255813953488372
bioasq_train,bioasq13b_6450f1b457b1c7a315000092,0.37431390106065926,"[""2"", ""10"", ""33"", ""35"", ""39"", ""70"", ""71"", ""84"", ""95"", ""102"", ""111"", ""112"", ""115""]",0.6153846153846154,0.24242424242424243,0.34782608695652173,"[""2"", ""10"", ""33"", ""35"", ""39"", ""70"", ""71"", ""84"", ""95"", ""102"", ""111"", ""112"", ""115""]","[""2"", ""10"", ""33"", ""35"", ""39"", ""70"", ""71"", ""84"", ""95"", ""102"", ""111"", ""112"", ""115"", ""266""]",0.2593194550547492,0.25492703431833863,0.34782608695652173,0.3404255319148936
bioasq_train,bioasq13b_64178f76690f196b51000026,0.088888889,"[""14"", ""22"", ""23""]",1,0.375,0.5454545454545454,"[""14"", ""22"", ""23""]","[""14"", ""22"", ""23""]",0.05,0.05,0.5454545454545454,0.5454545454545454
bioasq_train,bioasq13b_63f02ceaf36125a426000015,0.071111111,"[""3"", ""15"", ""17"", ""23""]",1,0.8,0.888888889,"[""3"", ""15"", ""17"", ""23""]","[""3"", ""15"", ""17"", ""23""]",0.039999999999999994,0.039999999999999994,0.888888889,0.888888889
bioasq_train,bioasq13b_6410fa66201352f04a000034,0,"[""1"", ""3"", ""7"", ""8"", ""10""]",0.6,0.6,0.6,"[""1"", ""3"", ""7"", ""8"", ""10""]","[""1"", ""3"", ""7"", ""8"", ""10""]",0,0,0.6,0.6
bioasq_train,bioasq13b_63f03939f36125a42600001b,0.025396825396825386,"[""10"", ""11"", ""13"", ""16"", ""23"", ""24"", ""30"", ""31"", ""32"", ""33"", ""34"", ""36"", ""37"", ""38""]",0.2857142857142857,0.8,0.4210526315789473,"[""10"", ""11"", ""13"", ""16"", ""23"", ""24"", ""30"", ""31"", ""32"", ""33"", ""34"", ""36"", ""37"", ""38""]","[""10"", ""11"", ""13"", ""16"", ""23"", ""24"", ""30"", ""31"", ""32"", ""33"", ""34"", ""36"", ""37"", ""38""]",0.014285714,0.014285714,0.4210526315789473,0.4210526315789473
bioasq_train,bioasq13b_64089b21201352f04a000021,0.40794366036229107,"[""22"", ""25"", ""26"", ""27"", ""28"", ""36"", ""37"", ""45"", ""88"", ""89"", ""91"", ""92""]",0.5,0.35294117647058826,0.41379310344827586,"[""22"", ""25"", ""26"", ""27"", ""28"", ""36"", ""37"", ""45"", ""88"", ""89"", ""91"", ""92""]","[""25"", ""26"", ""27"", ""28"", ""36"", ""37"", ""45"", ""88"", ""89"", ""91"", ""92""]",0.2841600529100529,0.28854617604617605,0.41379310344827586,0.35714285714285715
bioasq_train,bioasq13b_6410eead201352f04a000030,0,"[""1"", ""6"", ""7"", ""8"", ""10""]",0.4,1,0.5714285714285715,"[""1"", ""6"", ""7"", ""8"", ""10""]","[""1"", ""6"", ""7"", ""8"", ""10""]",0,0,0.5714285714285715,0.5714285714285715
bioasq_train,bioasq13b_63f032caf36125a42600001a,0.039999999999999994,"[""2"", ""25"", ""26"", ""27""]",0.5,0.5,0.5,"[""2"", ""25"", ""26"", ""27""]","[""2"", ""25"", ""26"", ""27""]",0.019999999999999997,0.019999999999999997,0.5,0.5
bioasq_train,bioasq13b_640410d1201352f04a000012,0,"[""2"", ""11"", ""20"", ""27"", ""41"", ""58""]",0.6666666666666666,0.6666666666666666,0.6666666666666666,"[""2"", ""11"", ""20"", ""27"", ""41"", ""58""]","[""2"", ""11"", ""20"", ""27"", ""41"", ""58""]",0,0,0.6666666666666666,0.6666666666666666
bioasq_train,bioasq13b_641461bb201352f04a000046,0.4587178132708486,"[""3"", ""16"", ""17"", ""26"", ""38"", ""39"", ""51"", ""52"", ""76"", ""79"", ""114"", ""115"", ""147"", ""175"", ""200"", ""207"", ""226""]",,,,"[""3"", ""16"", ""17"", ""26"", ""38"", ""39"", ""51"", ""52"", ""76"", ""79"", ""114"", ""115"", ""147"", ""175"", ""200"", ""207"", ""226""]","[""3"", ""16"", ""17"", ""26"", ""51"", ""52"", ""76"", ""115"", ""117"", ""175""]",0.3643161169606183,0.39175716038084857,,
bioasq_train,bioasq13b_640dde93201352f04a000029,0.39701203360928283,"[""1"", ""3"", ""5"", ""42"", ""83"", ""84"", ""93"", ""113"", ""131"", ""141"", ""142""]",,,,"[""1"", ""3"", ""5"", ""42"", ""83"", ""84"", ""93"", ""113"", ""131"", ""141"", ""142""]","[""1"", ""3"", ""5"", ""42"", ""83"", ""84"", ""93"", ""113"", ""131"", ""141"", ""142""]",0.269187675,0.269187675,,
bioasq_train,bioasq13b_6410f8b2201352f04a000033,0,"[""4"", ""5"", ""6""]",0.6666666666666666,1,0.8,"[""4"", ""5"", ""6""]","[""4"", ""5"", ""6""]",0,0,0.8,0.8
bioasq_train,bioasq13b_63fa197c201352f04a000003,0,"[""1"", ""10"", ""14"", ""15""]",0.75,1,0.8571428571428571,"[""1"", ""10"", ""14"", ""15""]","[""1"", ""10"", ""14"", ""15""]",0,0,0.8571428571428571,0.8571428571428571
bioasq_train,bioasq13b_6413730e201352f04a00003f,0.6425979801313652,"[""3"", ""7"", ""12"", ""20"", ""27"", ""34"", ""35"", ""39"", ""61"", ""67"", ""78"", ""84"", ""86"", ""98"", ""114"", ""131"", ""144""]",,,,"[""3"", ""7"", ""12"", ""20"", ""27"", ""34"", ""35"", ""39"", ""61"", ""67"", ""78"", ""84"", ""86"", ""98"", ""114"", ""131"", ""144""]","[""3"", ""7"", ""12"", ""20"", ""27"", ""30"", ""34"", ""35"", ""39"", ""60"", ""61"", ""62"", ""71"", ""72"", ""74"", ""78"", ""84"", ""86"", ""98"", ""110"", ""114"", ""131"", ""132"", ""134"", ""144""]",0.5688722171075111,0.544787389,,
bioasq_train,bioasq13b_6410ed73201352f04a00002f,0.15555555555555559,"[""1"", ""10"", ""11"", ""12"", ""14"", ""15""]",0.5,1,0.6666666666666666,"[""1"", ""10"", ""11"", ""12"", ""14"", ""15""]","[""1"", ""10"", ""11"", ""12"", ""14"", ""15""]",0.1,0.1,0.6666666666666666,0.6666666666666666
bioasq_train,bioasq13b_63f57f7f33942b094c000006,0,"[""13"", ""28"", ""37"", ""83"", ""84""]",1,0.5,0.6666666666666666,"[""13"", ""28"", ""37"", ""83"", ""84""]","[""13"", ""28"", ""37"", ""83"", ""84""]",0,0,0.6666666666666666,0.6666666666666666
bioasq_train,bioasq13b_64144419201352f04a000045,0,"[""2"", ""3"", ""14"", ""24""]",1,1,1,"[""2"", ""3"", ""14"", ""24""]","[""2"", ""3"", ""14"", ""24""]",0,0,1,1
bioasq_train,bioasq13b_64089be7201352f04a000022,0.019999999999999997,"[""2"", ""3"", ""5"", ""6"", ""10"", ""11"", ""12"", ""13"", ""14""]",0.3333333333333333,0.75,0.46153846153846156,"[""2"", ""3"", ""5"", ""6"", ""10"", ""11"", ""12"", ""13"", ""14""]","[""2"", ""3"", ""5"", ""6"", ""10"", ""11"", ""12"", ""13"", ""14""]",0.01,0.01,0.46153846153846156,0.46153846153846156
bioasq_train,bioasq13b_6415babe690f196b5100000d,0,"[""2""]",1,0.5,0.6666666666666666,"[""2""]","[""2""]",0,0,0.6666666666666666,0.6666666666666666
bioasq_train,bioasq13b_63f04546f36125a426000024,0,"[""3""]",1,0.2,0.33333333333333337,"[""3""]","[""3""]",0,0,0.33333333333333337,0.33333333333333337
bioasq_train,bioasq13b_6414c3f3690f196b51000005,0,"[""2"", ""15"", ""21""]",0.6666666666666666,1,0.8,"[""2"", ""15"", ""21""]","[""2"", ""15"", ""21""]",0,0,0.8,0.8
bioasq_train,bioasq13b_6446884b57b1c7a31500006f,0.7625013449046457,"[""2"", ""3"", ""11"", ""27"", ""45"", ""46"", ""55"", ""66"", ""73"", ""80"", ""116"", ""224"", ""266"", ""351"", ""393"", ""535"", ""611""]",,,,"[""2"", ""3"", ""11"", ""27"", ""45"", ""46"", ""55"", ""66"", ""73"", ""80"", ""116"", ""224"", ""266"", ""351"", ""393"", ""535"", ""611""]","[""2"", ""3"", ""11"", ""27"", ""45"", ""46"", ""55"", ""66"", ""73"", ""80"", ""116"", ""118"", ""144"", ""155"", ""224"", ""231"", ""266"", ""276"", ""313"", ""335"", ""351"", ""357"", ""393"", ""411"", ""425"", ""433"", ""482"", ""503"", ""532"", ""535"", ""550"", ""581"", ""611"", ""651"", ""671"", ""701"", ""729"", ""751"", ""781""]",0.6485138663792064,0.659096061,,
bioasq_train,bioasq13b_65f843cbc4010b4d78000042,0.3932685291400489,"[""2"", ""5"", ""7"", ""13"", ""26"", ""27"", ""33"", ""67"", ""75"", ""96"", ""103"", ""113"", ""124"", ""136"", ""144"", ""153"", ""163"", ""177"", ""188"", ""201""]",0.35,0.21875,0.2692307692307692,"[""2"", ""5"", ""7"", ""13"", ""26"", ""27"", ""33"", ""67"", ""75"", ""96"", ""103"", ""113"", ""124"", ""136"", ""144"", ""153"", ""163"", ""177"", ""188"", ""201""]","[""2"", ""6"", ""7"", ""13"", ""26"", ""27"", ""33"", ""67"", ""75"", ""96"", ""103"", ""113"", ""124"", ""136"", ""144"", ""153"", ""163"", ""177"", ""188"", ""201""]",0.29913472706155636,0.30280218930247293,0.2692307692307692,0.2692307692307692
bioasq_train,bioasq13b_65f1eb84c4010b4d78000008,0.20535612535612532,"[""2"", ""8"", ""17"", ""29"", ""53"", ""54"", ""114"", ""118"", ""148"", ""280""]",,,,"[""2"", ""8"", ""17"", ""29"", ""53"", ""54"", ""114"", ""118"", ""148"", ""280""]","[""2"", ""8"", ""17"", ""29"", ""53"", ""54"", ""114"", ""118"", ""148"", ""280""]",0.12454545454545451,0.12454545454545451,,
bioasq_train,bioasq13b_65f77328c4010b4d78000023,0.19812233550652505,"[""21"", ""22"", ""23"", ""24"", ""25"", ""26"", ""27"", ""28"", ""29"", ""30"", ""57"", ""58"", ""59"", ""67"", ""70"", ""71"", ""72"", ""73"", ""96"", ""106"", ""110"", ""112"", ""113"", ""114"", ""115"", ""116"", ""124"", ""125"", ""126"", ""138"", ""141"", ""142"", ""144"", ""146"", ""150"", ""153"", ""154"", ""156"", ""158"", ""161"", ""164"", ""168"", ""169"", ""170"", ""171"", ""172"", ""173"", ""174"", ""176"", ""178"", ""181"", ""182"", ""184"", ""194"", ""195"", ""196"", ""201"", ""202"", ""203"", ""204"", ""208"", ""210"", ""211"", ""212"", ""213"", ""214"", ""215"", ""216"", ""217"", ""218"", ""220"", ""221"", ""222"", ""223"", ""224"", ""225"", ""226"", ""227"", ""228"", ""229"", ""230"", ""231"", ""232"", ""233"", ""234"", ""235"", ""236"", ""237"", ""238"", ""239"", ""241"", ""242"", ""243"", ""244"", ""245"", ""246"", ""247"", ""248"", ""249"", ""250"", ""251"", ""252"", ""253"", ""254"", ""255"", ""256"", ""257"", ""258"", ""259"", ""260"", ""261"", ""262"", ""263"", ""264"", ""265"", ""266"", ""267"", ""270"", ""271"", ""272"", ""273"", ""274"", ""275"", ""276"", ""277"", ""278"", ""279"", ""280"", ""281"", ""282"", ""283"", ""284"", ""285"", ""286"", ""287"", ""288"", ""289"", ""290"", ""291"", ""292"", ""293"", ""294"", ""295"", ""296"", ""297"", ""298"", ""299"", ""300"", ""301"", ""302"", ""303"", ""304"", ""305"", ""306"", ""307"", ""308"", ""309"", ""310"", ""311"", ""312"", ""313"", ""314"", ""315"", ""316"", ""317"", ""318"", ""319"", ""320"", ""321"", ""322"", ""323"", ""324"", ""325"", ""326"", ""327""]",,,,"[""21"", ""22"", ""23"", ""24"", ""25"", ""26"", ""27"", ""28"", ""29"", ""30"", ""57"", ""58"", ""59"", ""67"", ""70"", ""71"", ""72"", ""73"", ""96"", ""106"", ""110"", ""112"", ""113"", ""114"", ""115"", ""116"", ""124"", ""125"", ""126"", ""138"", ""141"", ""142"", ""144"", ""146"", ""150"", ""153"", ""154"", ""156"", ""158"", ""161"", ""164"", ""168"", ""169"", ""170"", ""171"", ""172"", ""173"", ""174"", ""176"", ""178"", ""181"", ""182"", ""184"", ""194"", ""195"", ""196"", ""201"", ""202"", ""203"", ""204"", ""208"", ""210"", ""211"", ""212"", ""213"", ""214"", ""215"", ""216"", ""217"", ""218"", ""220"", ""221"", ""222"", ""223"", ""224"", ""225"", ""226"", ""227"", ""228"", ""229"", ""230"", ""231"", ""232"", ""233"", ""234"", ""235"", ""236"", ""237"", ""238"", ""239"", ""241"", ""242"", ""243"", ""244"", ""245"", ""246"", ""247"", ""248"", ""249"", ""250"", ""251"", ""252"", ""253"", ""254"", ""255"", ""256"", ""257"", ""258"", ""259"", ""260"", ""261"", ""262"", ""263"", ""264"", ""265"", ""266"", ""267"", ""270"", ""271"", ""272"", ""273"", ""274"", ""275"", ""276"", ""277"", ""278"", ""279"", ""280"", ""281"", ""282"", ""283"", ""284"", ""285"", ""286"", ""287"", ""288"", ""289"", ""290"", ""291"", ""292"", ""293"", ""294"", ""295"", ""296"", ""297"", ""298"", ""299"", ""300"", ""301"", ""302"", ""303"", ""304"", ""305"", ""306"", ""307"", ""308"", ""309"", ""310"", ""311"", ""312"", ""313"", ""314"", ""315"", ""316"", ""317"", ""318"", ""319"", ""320"", ""321"", ""322"", ""323"", ""324"", ""325"", ""326"", ""327""]","[""21"", ""22"", ""23"", ""24"", ""25"", ""26"", ""27"", ""28"", ""29"", ""30"", ""57"", ""58"", ""59"", ""67"", ""70"", ""71"", ""72"", ""73"", ""96"", ""106"", ""110"", ""112"", ""113"", ""114"", ""115"", ""116"", ""124"", ""125"", ""126"", ""130"", ""134"", ""136"", ""138"", ""141"", ""142"", ""144"", ""148"", ""150"", ""156"", ""158"", ""161"", ""164"", ""168"", ""169"", ""170"", ""171"", ""172"", ""173"", ""174"", ""176"", ""177"", ""178"", ""180"", ""181"", ""182"", ""184"", ""194"", ""195"", ""196"", ""201"", ""202"", ""203"", ""204"", ""206"", ""207"", ""208"", ""210"", ""211"", ""212"", ""213"", ""214"", ""215"", ""216"", ""217"", ""218"", ""220"", ""221"", ""222"", ""223"", ""224"", ""225"", ""226"", ""227"", ""228"", ""229"", ""230"", ""231"", ""232"", ""233"", ""234"", ""235"", ""236"", ""237"", ""238"", ""239"", ""240"", ""241"", ""242"", ""243"", ""244"", ""245"", ""246"", ""247"", ""248"", ""249"", ""250"", ""251"", ""252"", ""253"", ""254"", ""255"", ""256"", ""257"", ""258"", ""259"", ""260"", ""261"", ""262"", ""263"", ""264"", ""265"", ""266"", ""267"", ""268"", ""269"", ""270"", ""271"", ""272"", ""273"", ""274"", ""275"", ""276"", ""277"", ""278"", ""279"", ""280"", ""281"", ""282"", ""283"", ""284"", ""285"", ""286"", ""287"", ""288"", ""289"", ""290"", ""291"", ""292"", ""293"", ""294"", ""295"", ""296"", ""297"", ""298"", ""299"", ""300"", ""301"", ""302"", ""303"", ""304"", ""305"", ""306"", ""307"", ""308"", ""309"", ""310"", ""311"", ""312"", ""313"", ""314"", ""315"", ""316"", ""317"", ""318"", ""319"", ""320"", ""321"", ""322"", ""323"", ""324"", ""325"", ""326"", ""327""]",0.13446249774336083,0.15252692355691688,,
bioasq_train,bioasq13b_65d129621930410b1300002e,0.1792258886126163,"[""2"", ""15"", ""16"", ""20"", ""22"", ""32"", ""48"", ""49"", ""50"", ""55"", ""62"", ""78"", ""80"", ""86"", ""97"", ""108"", ""118"", ""124"", ""133""]",,,,"[""2"", ""15"", ""16"", ""20"", ""22"", ""32"", ""48"", ""49"", ""50"", ""55"", ""62"", ""78"", ""80"", ""86"", ""97"", ""108"", ""118"", ""124"", ""133""]","[""2"", ""15"", ""16"", ""20"", ""22"", ""32"", ""48"", ""49"", ""50"", ""55"", ""62"", ""78"", ""80"", ""86"", ""97"", ""108"", ""118"", ""124"", ""133""]",0.12388869902027796,0.12388869902027796,,
bioasq_train,bioasq13b_65cfab681930410b13000012,0.3964842935224772,"[""2"", ""6"", ""8"", ""11"", ""13"", ""16"", ""35"", ""38"", ""44"", ""60"", ""62"", ""74"", ""81"", ""88"", ""90""]",,,,"[""2"", ""6"", ""8"", ""11"", ""13"", ""16"", ""35"", ""38"", ""44"", ""60"", ""62"", ""74"", ""81"", ""88"", ""90""]","[""2"", ""6"", ""8"", ""11"", ""13"", ""16"", ""35"", ""38"", ""44"", ""53"", ""60"", ""62"", ""63"", ""74"", ""81"", ""88"", ""90""]",0.2889353285173718,0.2863656690746474,,
bioasq_train,bioasq13b_65f492bbc4010b4d78000011,0.2762982448771717,"[""6"", ""8"", ""17"", ""34"", ""35"", ""40"", ""42"", ""43"", ""45"", ""46"", ""56"", ""64"", ""75"", ""76"", ""85"", ""93"", ""94"", ""95"", ""100"", ""101"", ""102"", ""111"", ""112"", ""113"", ""120"", ""121"", ""122"", ""126"", ""133"", ""134"", ""142"", ""143"", ""146"", ""152""]",0.5588235294117647,0.3877551020408163,0.4578313253012048,"[""6"", ""8"", ""17"", ""34"", ""35"", ""40"", ""42"", ""43"", ""45"", ""46"", ""56"", ""64"", ""75"", ""76"", ""85"", ""93"", ""94"", ""95"", ""100"", ""101"", ""102"", ""111"", ""112"", ""113"", ""120"", ""121"", ""122"", ""126"", ""133"", ""134"", ""142"", ""143"", ""146"", ""152""]","[""6"", ""8"", ""17"", ""34"", ""35"", ""40"", ""42"", ""43"", ""45"", ""46"", ""47"", ""56"", ""64"", ""75"", ""76"", ""85"", ""93"", ""94"", ""95"", ""100"", ""101"", ""102"", ""104"", ""111"", ""112"", ""113"", ""120"", ""121"", ""126"", ""133"", ""134"", ""142"", ""146"", ""152""]",0.19444723631994135,0.20693296591884525,0.4578313253012048,0.4337349397590361
bioasq_train,bioasq13b_65f8611dc4010b4d78000055,0.5585810482625356,"[""4"", ""13"", ""14"", ""26"", ""27"", ""28"", ""37"", ""38"", ""40"", ""41"", ""42"", ""45"", ""46"", ""49"", ""50"", ""53"", ""54"", ""55"", ""56"", ""60"", ""61"", ""62"", ""68"", ""72"", ""73"", ""74"", ""96"", ""100"", ""103"", ""104"", ""106"", ""107"", ""108"", ""113"", ""114"", ""118"", ""120"", ""125"", ""128"", ""133"", ""134"", ""136"", ""138"", ""146"", ""147"", ""151"", ""153"", ""154"", ""156"", ""157"", ""161"", ""162"", ""164"", ""166"", ""171"", ""174"", ""176"", ""178"", ""184"", ""186"", ""188"", ""190"", ""193"", ""194"", ""195"", ""196"", ""198"", ""201"", ""204"", ""205"", ""206"", ""208"", ""211"", ""213"", ""214"", ""216"", ""217"", ""218"", ""223"", ""224"", ""226"", ""228"", ""234"", ""235"", ""236"", ""237"", ""238"", ""239"", ""240"", ""241"", ""243"", ""244"", ""245"", ""246"", ""247"", ""251"", ""252"", ""253"", ""254"", ""256"", ""258"", ""259"", ""261"", ""263"", ""264"", ""265"", ""266"", ""268"", ""269"", ""271"", ""272"", ""274"", ""275"", ""276"", ""278"", ""279"", ""281"", ""282"", ""284"", ""285"", ""286"", ""288"", ""289"", ""290"", ""291"", ""293"", ""294"", ""296"", ""298"", ""299"", ""300"", ""301"", ""302"", ""303"", ""304"", ""305"", ""306"", ""307"", ""309"", ""310"", ""311"", ""312"", ""313"", ""314"", ""316"", ""317"", ""318"", ""319"", ""320"", ""321"", ""322"", ""323"", ""324"", ""325"", ""326"", ""327"", ""328"", ""329"", ""330""]",,,,"[""4"", ""13"", ""14"", ""26"", ""27"", ""28"", ""37"", ""38"", ""40"", ""41"", ""42"", ""45"", ""46"", ""49"", ""50"", ""53"", ""54"", ""55"", ""56"", ""60"", ""61"", ""62"", ""68"", ""72"", ""73"", ""74"", ""96"", ""100"", ""103"", ""104"", ""106"", ""107"", ""108"", ""113"", ""114"", ""118"", ""120"", ""125"", ""128"", ""133"", ""134"", ""136"", ""138"", ""146"", ""147"", ""151"", ""153"", ""154"", ""156"", ""157"", ""161"", ""162"", ""164"", ""166"", ""171"", ""174"", ""176"", ""178"", ""184"", ""186"", ""188"", ""190"", ""193"", ""194"", ""195"", ""196"", ""198"", ""201"", ""204"", ""205"", ""206"", ""208"", ""211"", ""213"", ""214"", ""216"", ""217"", ""218"", ""223"", ""224"", ""226"", ""228"", ""234"", ""235"", ""236"", ""237"", ""238"", ""239"", ""240"", ""241"", ""243"", ""244"", ""245"", ""246"", ""247"", ""251"", ""252"", ""253"", ""254"", ""256"", ""258"", ""259"", ""261"", ""263"", ""264"", ""265"", ""266"", ""268"", ""269"", ""271"", ""272"", ""274"", ""275"", ""276"", ""278"", ""279"", ""281"", ""282"", ""284"", ""285"", ""286"", ""288"", ""289"", ""290"", ""291"", ""293"", ""294"", ""296"", ""298"", ""299"", ""300"", ""301"", ""302"", ""303"", ""304"", ""305"", ""306"", ""307"", ""309"", ""310"", ""311"", ""312"", ""313"", ""314"", ""316"", ""317"", ""318"", ""319"", ""320"", ""321"", ""322"", ""323"", ""324"", ""325"", ""326"", ""327"", ""328"", ""329"", ""330""]","[""4"", ""13"", ""14"", ""26"", ""27"", ""28"", ""36"", ""37"", ""38"", ""40"", ""41"", ""42"", ""45"", ""46"", ""49"", ""50"", ""53"", ""54"", ""55"", ""56"", ""58"", ""60"", ""61"", ""62"", ""68"", ""72"", ""73"", ""74"", ""82"", ""83"", ""86"", ""93"", ""96"", ""100"", ""103"", ""104"", ""106"", ""107"", ""108"", ""110"", ""112"", ""113"", ""114"", ""115"", ""118"", ""120"", ""125"", ""128"", ""133"", ""134"", ""136"", ""138"", ""146"", ""147"", ""151"", ""153"", ""154"", ""155"", ""156"", ""157"", ""161"", ""162"", ""164"", ""165"", ""166"", ""168"", ""171"", ""172"", ""174"", ""176"", ""178"", ""184"", ""186"", ""188"", ""190"", ""193"", ""194"", ""195"", ""196"", ""197"", ""198"", ""201"", ""202"", ""204"", ""205"", ""206"", ""208"", ""210"", ""212"", ""213"", ""214"", ""215"", ""216"", ""217"", ""218"", ""221"", ""223"", ""224"", ""225"", ""226"", ""228"", ""231"", ""232"", ""234"", ""235"", ""236"", ""237"", ""238"", ""239"", ""240"", ""241"", ""242"", ""243"", ""244"", ""245"", ""246"", ""247"", ""248"", ""250"", ""251"", ""252"", ""253"", ""254"", ""255"", ""256"", ""257"", ""258"", ""259"", ""260"", ""261"", ""262"", ""263"", ""264"", ""265"", ""266"", ""267"", ""268"", ""269"", ""270"", ""271"", ""272"", ""273"", ""274"", ""275"", ""276"", ""277"", ""278"", ""279"", ""280"", ""281"", ""282"", ""283"", ""284"", ""285"", ""286"", ""287"", ""288"", ""289"", ""290"", ""291"", ""292"", ""293"", ""294"", ""295"", ""296"", ""297"", ""298"", ""299"", ""300"", ""301"", ""302"", ""303"", ""304"", ""305"", ""306"", ""307"", ""308"", ""309"", ""310"", ""311"", ""312"", ""313"", ""314"", ""315"", ""316"", ""317"", ""318"", ""319"", ""320"", ""321"", ""322"", ""323"", ""324"", ""325"", ""326"", ""327"", ""328"", ""329"", ""330""]",0.44567684817878145,0.43548753771424337,,
bioasq_train,bioasq13b_65d128f81930410b1300002d,0,"[""2""]",1,0.25,0.4,"[""2""]","[""2""]",0,0,0.4,0.4
bioasq_train,bioasq13b_65f5a319c4010b4d78000016,0.6083047169183639,"[""2"", ""11"", ""22"", ""43"", ""55"", ""82"", ""93"", ""101"", ""114"", ""127"", ""142"", ""146"", ""166"", ""186"", ""224"", ""250"", ""253"", ""266""]",0.6111111111111112,0.24444444444444444,0.3492063492063492,"[""2"", ""11"", ""22"", ""43"", ""55"", ""82"", ""93"", ""101"", ""114"", ""127"", ""142"", ""146"", ""166"", ""186"", ""224"", ""250"", ""253"", ""266""]","[""2"", ""11"", ""22"", ""43"", ""55"", ""79"", ""82"", ""93"", ""101"", ""114"", ""127"", ""142"", ""146"", ""154"", ""166"", ""176"", ""186"", ""224"", ""250"", ""253"", ""266"", ""276""]",0.4512328224296557,0.4493528521238196,0.3492063492063492,0.3283582089552239
bioasq_train,bioasq13b_65ce88be1930410b13000002,0.5737996459958816,"[""3"", ""16"", ""25"", ""29"", ""33"", ""34"", ""38"", ""41"", ""46"", ""51"", ""58"", ""59"", ""61"", ""65"", ""67"", ""71"", ""73"", ""78"", ""86"", ""93"", ""96"", ""99"", ""106"", ""110"", ""111"", ""116"", ""123"", ""126"", ""128"", ""129"", ""131"", ""134"", ""136"", ""138"", ""146"", ""150"", ""152"", ""154"", ""155"", ""158"", ""164"", ""166"", ""174"", ""178"", ""180"", ""186"", ""190"", ""196"", ""201"", ""206"", ""210"", ""216"", ""221"", ""226"", ""228"", ""230"", ""233"", ""234"", ""236"", ""241"", ""246"", ""255"", ""256"", ""258"", ""261"", ""264"", ""266"", ""270"", ""278"", ""286"", ""290"", ""293"", ""296"", ""300"", ""301"", ""304"", ""310"", ""311"", ""316"", ""323"", ""324"", ""326"", ""328"", ""331"", ""334"", ""344"", ""346"", ""351"", ""356"", ""358"", ""361"", ""364"", ""371"", ""373"", ""388"", ""390"", ""398"", ""405"", ""411"", ""418"", ""423"", ""424"", ""434"", ""446"", ""456"", ""461"", ""464"", ""466"", ""471"", ""474"", ""481"", ""484"", ""490"", ""496"", ""501"", ""504"", ""506"", ""511"", ""514"", ""516"", ""524"", ""526"", ""534"", ""536"", ""541"", ""546"", ""548"", ""554"", ""556"", ""564"", ""568"", ""571"", ""574"", ""576"", ""581"", ""584"", ""586"", ""596"", ""601"", ""606"", ""611"", ""614"", ""616"", ""623"", ""624"", ""626"", ""628"", ""631"", ""634"", ""636"", ""641"", ""644"", ""646"", ""651"", ""654"", ""656"", ""658"", ""661"", ""664"", ""674"", ""676"", ""681"", ""684"", ""686"", ""694"", ""696"", ""701"", ""704"", ""711"", ""714"", ""716"", ""724"", ""726"", ""731"", ""734"", ""736"", ""741"", ""744"", ""746"", ""751"", ""754"", ""756"", ""761"", ""764"", ""766"", ""771"", ""774"", ""776"", ""781""]",,,,"[""3"", ""16"", ""25"", ""29"", ""33"", ""34"", ""38"", ""41"", ""46"", ""51"", ""58"", ""59"", ""61"", ""65"", ""67"", ""71"", ""73"", ""78"", ""86"", ""93"", ""96"", ""99"", ""106"", ""110"", ""111"", ""116"", ""123"", ""126"", ""128"", ""129"", ""131"", ""134"", ""136"", ""138"", ""146"", ""150"", ""152"", ""154"", ""155"", ""158"", ""164"", ""166"", ""174"", ""178"", ""180"", ""186"", ""190"", ""196"", ""201"", ""206"", ""210"", ""216"", ""221"", ""226"", ""228"", ""230"", ""233"", ""234"", ""236"", ""241"", ""246"", ""255"", ""256"", ""258"", ""261"", ""264"", ""266"", ""270"", ""278"", ""286"", ""290"", ""293"", ""296"", ""300"", ""301"", ""304"", ""310"", ""311"", ""316"", ""323"", ""324"", ""326"", ""328"", ""331"", ""334"", ""344"", ""346"", ""351"", ""356"", ""358"", ""361"", ""364"", ""371"", ""373"", ""388"", ""390"", ""398"", ""405"", ""411"", ""418"", ""423"", ""424"", ""434"", ""446"", ""456"", ""461"", ""464"", ""466"", ""471"", ""474"", ""481"", ""484"", ""490"", ""496"", ""501"", ""504"", ""506"", ""511"", ""514"", ""516"", ""524"", ""526"", ""534"", ""536"", ""541"", ""546"", ""548"", ""554"", ""556"", ""564"", ""568"", ""571"", ""574"", ""576"", ""581"", ""584"", ""586"", ""596"", ""601"", ""606"", ""611"", ""614"", ""616"", ""623"", ""624"", ""626"", ""628"", ""631"", ""634"", ""636"", ""641"", ""644"", ""646"", ""651"", ""654"", ""656"", ""658"", ""661"", ""664"", ""674"", ""676"", ""681"", ""684"", ""686"", ""694"", ""696"", ""701"", ""704"", ""711"", ""714"", ""716"", ""724"", ""726"", ""731"", ""734"", ""736"", ""741"", ""744"", ""746"", ""751"", ""754"", ""756"", ""761"", ""764"", ""766"", ""771"", ""774"", ""776"", ""781""]","[""3"", ""16"", ""25"", ""29"", ""33"", ""34"", ""38"", ""41"", ""46"", ""51"", ""58"", ""59"", ""61"", ""65"", ""67"", ""68"", ""71"", ""73"", ""78"", ""86"", ""93"", ""96"", ""99"", ""106"", ""111"", ""116"", ""123"", ""126"", ""129"", ""131"", ""136"", ""138"", ""146"", ""150"", ""152"", ""155"", ""158"", ""164"", ""166"", ""174"", ""178"", ""180"", ""186"", ""190"", ""196"", ""201"", ""206"", ""210"", ""216"", ""221"", ""226"", ""229"", ""233"", ""236"", ""241"", ""243"", ""246"", ""253"", ""256"", ""261"", ""266"", ""271"", ""273"", ""275"", ""278"", ""283"", ""286"", ""289"", ""293"", ""301"", ""304"", ""310"", ""311"", ""316"", ""323"", ""324"", ""329"", ""333"", ""334"", ""337"", ""344"", ""346"", ""351"", ""356"", ""358"", ""361"", ""364"", ""367"", ""371"", ""373"", ""379"", ""381"", ""388"", ""393"", ""405"", ""411"", ""418"", ""423"", ""424"", ""434"", ""441"", ""446"", ""451"", ""456"", ""461"", ""464"", ""471"", ""474"", ""481"", ""484"", ""490"", ""493"", ""496"", ""501"", ""504"", ""511"", ""514"", ""523"", ""524"", ""527"", ""534"", ""536"", ""541"", ""543"", ""546"", ""549"", ""551"", ""556"", ""561"", ""564"", ""568"", ""571"", ""574"", ""576"", ""581"", ""584"", ""586"", ""591"", ""596"", ""598"", ""601"", ""606"", ""611"", ""614"", ""616"", ""623"", ""624"", ""626"", ""628"", ""631"", ""634"", ""636"", ""641"", ""644"", ""646"", ""649"", ""651"", ""654"", ""656"", ""658"", ""661"", ""664"", ""671"", ""674"", ""676"", ""681"", ""684"", ""689"", ""694"", ""696"", ""701"", ""704"", ""711"", ""714"", ""721"", ""724"", ""726"", ""731"", ""734"", ""736"", ""741"", ""744"", ""746"", ""751"", ""754"", ""756"", ""761"", ""764"", ""766"", ""771"", ""774"", ""776"", ""781""]",0.4360590763767009,0.45799500252801184,,
bioasq_train,bioasq13b_65f8418fc4010b4d78000041,0.24752743708514277,"[""5"", ""15"", ""16"", ""17"", ""34"", ""35"", ""36"", ""37"", ""38"", ""39"", ""42"", ""43"", ""55"", ""57"", ""58"", ""61"", ""63"", ""73"", ""75"", ""76"", ""77"", ""78"", ""79"", ""80"", ""81"", ""82"", ""84"", ""112"", ""119"", ""120""]",0.4666666666666667,0.6666666666666666,0.5490196078431373,"[""5"", ""15"", ""16"", ""17"", ""34"", ""35"", ""36"", ""37"", ""38"", ""39"", ""42"", ""43"", ""55"", ""57"", ""58"", ""61"", ""63"", ""73"", ""75"", ""76"", ""77"", ""78"", ""79"", ""80"", ""81"", ""82"", ""84"", ""112"", ""119"", ""120""]","[""5"", ""15"", ""16"", ""17"", ""35"", ""36"", ""37"", ""38"", ""39"", ""42"", ""43"", ""55"", ""57"", ""58"", ""61"", ""73"", ""75"", ""76"", ""77"", ""78"", ""79"", ""80"", ""81"", ""82"", ""84"", ""112"", ""119"", ""120""]",0.16092383580998382,0.17509024577572962,0.5490196078431373,0.5306122448979592
bioasq_train,bioasq13b_65f37871c4010b4d7800000a,0,"[""1"", ""8"", ""10"", ""12"", ""13"", ""14""]",0.5,0.75,0.6,"[""1"", ""8"", ""10"", ""12"", ""13"", ""14""]","[""1"", ""8"", ""10"", ""12"", ""13"", ""14""]",0,0,0.6,0.6
bioasq_train,bioasq13b_65f59db8c4010b4d78000014,0.40304596764199874,"[""2"", ""12"", ""32"", ""33"", ""34"", ""37"", ""42"", ""93"", ""111"", ""116"", ""131"", ""133"", ""137"", ""166"", ""200"", ""202"", ""226"", ""227"", ""235""]",,,,"[""2"", ""12"", ""32"", ""33"", ""34"", ""37"", ""42"", ""93"", ""111"", ""116"", ""131"", ""133"", ""137"", ""166"", ""200"", ""202"", ""226"", ""227"", ""235""]","[""2"", ""12"", ""32"", ""33"", ""34"", ""37"", ""42"", ""93"", ""111"", ""116"", ""133"", ""137"", ""166"", ""200"", ""202"", ""226"", ""227""]",0.27897775565395705,0.3008248616372186,,
bioasq_train,bioasq13b_662cf81b187cba990d000001,0.4139100981558829,"[""2"", ""4"", ""7"", ""12"", ""20"", ""21"", ""34"", ""48"", ""50"", ""53"", ""57"", ""60"", ""71"", ""75"", ""81"", ""82"", ""83"", ""84"", ""102"", ""103"", ""106"", ""110"", ""113"", ""136"", ""138"", ""150"", ""152"", ""155"", ""168"", ""170"", ""172"", ""173"", ""178"", ""180"", ""201"", ""202"", ""203"", ""220"", ""223"", ""226""]",,,,"[""2"", ""4"", ""7"", ""12"", ""20"", ""21"", ""34"", ""48"", ""50"", ""53"", ""57"", ""60"", ""71"", ""75"", ""81"", ""82"", ""83"", ""84"", ""102"", ""103"", ""106"", ""110"", ""113"", ""136"", ""138"", ""150"", ""152"", ""155"", ""168"", ""170"", ""172"", ""173"", ""178"", ""180"", ""201"", ""202"", ""203"", ""220"", ""223"", ""226""]","[""2"", ""4"", ""7"", ""12"", ""20"", ""21"", ""34"", ""48"", ""50"", ""53"", ""57"", ""60"", ""71"", ""75"", ""81"", ""82"", ""83"", ""84"", ""102"", ""103"", ""106"", ""110"", ""113"", ""136"", ""138"", ""141"", ""150"", ""152"", ""155"", ""168"", ""172"", ""173"", ""178"", ""180"", ""201"", ""203"", ""220""]",0.29008481307039724,0.30219494320319795,,
bioasq_train,bioasq13b_662fdb1e187cba990d000019,0.27668111580122834,"[""1"", ""2"", ""3"", ""4"", ""10"", ""12"", ""13"", ""15"", ""16"", ""17"", ""19"", ""20"", ""33"", ""34"", ""38"", ""39"", ""43"", ""47"", ""50"", ""51"", ""52"", ""53"", ""55"", ""56"", ""75"", ""78"", ""84"", ""85"", ""93"", ""94"", ""101"", ""103"", ""106"", ""107"", ""109"", ""111"", ""112"", ""113"", ""114"", ""117"", ""122"", ""123"", ""126"", ""127"", ""133"", ""134"", ""136"", ""137"", ""138"", ""141"", ""142"", ""143"", ""144"", ""146"", ""151"", ""155"", ""156"", ""164"", ""166"", ""167"", ""168"", ""169"", ""170"", ""172""]",0.109375,0.5,0.1794871794871795,"[""1"", ""2"", ""3"", ""4"", ""10"", ""12"", ""13"", ""15"", ""16"", ""17"", ""19"", ""20"", ""33"", ""34"", ""38"", ""39"", ""43"", ""47"", ""50"", ""51"", ""52"", ""53"", ""55"", ""56"", ""75"", ""78"", ""84"", ""85"", ""93"", ""94"", ""101"", ""103"", ""106"", ""107"", ""109"", ""111"", ""112"", ""113"", ""114"", ""117"", ""122"", ""123"", ""126"", ""127"", ""133"", ""134"", ""136"", ""137"", ""138"", ""141"", ""142"", ""143"", ""144"", ""146"", ""151"", ""155"", ""156"", ""164"", ""166"", ""167"", ""168"", ""169"", ""170"", ""172""]","[""1"", ""2"", ""3"", ""4"", ""10"", ""12"", ""13"", ""15"", ""16"", ""17"", ""19"", ""20"", ""33"", ""34"", ""38"", ""39"", ""43"", ""47"", ""50"", ""51"", ""52"", ""53"", ""55"", ""56"", ""75"", ""78"", ""84"", ""85"", ""93"", ""94"", ""100"", ""103"", ""106"", ""107"", ""109"", ""112"", ""113"", ""114"", ""117"", ""118"", ""122"", ""123"", ""126"", ""133"", ""134"", ""136"", ""137"", ""138"", ""141"", ""142"", ""143"", ""146"", ""151"", ""155"", ""156"", ""164"", ""166"", ""167"", ""168"", ""169"", ""170"", ""172""]",0.19095879868003854,0.21253315417897026,0.1794871794871795,0.18421052631578946
bioasq_train,bioasq13b_66168a89fdcbea915f000054,0.071111111,"[""4"", ""15"", ""17"", ""18""]",0.5,0.4,0.4444444444444445,"[""4"", ""15"", ""17"", ""18""]","[""4"", ""15"", ""17"", ""18""]",0.039999999999999994,0.039999999999999994,0.4444444444444445,0.4444444444444445
bioasq_train,bioasq13b_663023f3187cba990d000030,0,"[""7""]",1,0.5,0.6666666666666666,"[""7""]","[""7""]",0,0,0.6666666666666666,0.6666666666666666
bioasq_train,bioasq13b_662cfadc187cba990d000006,0.43690693025933297,"[""4"", ""24"", ""25"", ""36"", ""46"", ""92"", ""118"", ""213"", ""216"", ""222"", ""233"", ""236"", ""270"", ""272"", ""273""]",0.5333333333333333,0.070175439,0.12403100775193798,"[""4"", ""24"", ""25"", ""36"", ""46"", ""92"", ""118"", ""213"", ""216"", ""222"", ""233"", ""236"", ""270"", ""272"", ""273""]","[""4"", ""24"", ""25"", ""36"", ""46"", ""92"", ""118"", ""213"", ""216"", ""222"", ""233"", ""236"", ""270"", ""272"", ""273"", ""275"", ""281"", ""311""]",0.30873472116119177,0.3332734008935382,0.12403100775193798,0.1515151515151515
bioasq_train,bioasq13b_66169f9bfdcbea915f000057,0,"[""1"", ""2"", ""3"", ""10"", ""11"", ""12"", ""14"", ""16"", ""24"", ""25"", ""26"", ""30""]",0.3333333333333333,1,0.5,"[""1"", ""2"", ""3"", ""10"", ""11"", ""12"", ""14"", ""16"", ""24"", ""25"", ""26"", ""30""]","[""1"", ""2"", ""3"", ""10"", ""11"", ""12"", ""14"", ""16"", ""24"", ""25"", ""26"", ""30""]",0,0,0.5,0.5
bioasq_train,bioasq13b_662cfa24187cba990d000005,0.5262345679012346,"[""2""]",1,0.007092199,0.014084507042253521,"[""2""]","[""2""]",0.35892857142857143,0.35892857142857143,0.014084507042253521,0.014084507042253521
bioasq_train,bioasq13b_6630562c187cba990d000036,0.4331630526690691,"[""1"", ""2"", ""3"", ""6"", ""12"", ""13"", ""14"", ""16"", ""19"", ""20"", ""21"", ""22"", ""35"", ""36"", ""39"", ""44"", ""45"", ""46"", ""52"", ""53"", ""55"", ""56"", ""61"", ""66"", ""67"", ""77"", ""83"", ""86"", ""87"", ""92"", ""96"", ""100"", ""102"", ""103"", ""106"", ""113"", ""114"", ""118"", ""121"", ""126"", ""128"", ""130"", ""132"", ""136"", ""138"", ""140"", ""143"", ""146"", ""148"", ""153"", ""154"", ""156"", ""157"", ""158"", ""161"", ""164"", ""166"", ""168"", ""171"", ""173"", ""174"", ""176"", ""178"", ""182"", ""184"", ""186"", ""188"", ""189"", ""190"", ""192"", ""193"", ""194"", ""196"", ""198"", ""201"", ""204"", ""206"", ""208"", ""210"", ""214"", ""216"", ""218"", ""221"", ""222"", ""223"", ""224"", ""226"", ""228"", ""230"", ""231"", ""232"", ""234"", ""236"", ""238"", ""240"", ""242"", ""244"", ""246"", ""248"", ""250"", ""251"", ""252"", ""253"", ""254"", ""256"", ""258"", ""260"", ""261"", ""262"", ""264"", ""266"", ""268"", ""270"", ""272"", ""273"", ""274"", ""276"", ""278"", ""280"", ""281"", ""282"", ""284"", ""286"", ""288"", ""289"", ""290"", ""291"", ""292"", ""293"", ""294"", ""295"", ""296"", ""298"", ""300"", ""302"", ""304"", ""305"", ""306"", ""308"", ""310"", ""312"", ""313"", ""314"", ""316"", ""318"", ""319"", ""320"", ""321"", ""322"", ""323"", ""324""]",0.11920529801324503,0.6,0.19889502762430938,"[""1"", ""2"", ""3"", ""6"", ""12"", ""13"", ""14"", ""16"", ""19"", ""20"", ""21"", ""22"", ""35"", ""36"", ""39"", ""44"", ""45"", ""46"", ""52"", ""53"", ""55"", ""56"", ""61"", ""66"", ""67"", ""77"", ""83"", ""86"", ""87"", ""92"", ""96"", ""100"", ""102"", ""103"", ""106"", ""113"", ""114"", ""118"", ""121"", ""126"", ""128"", ""130"", ""132"", ""136"", ""138"", ""140"", ""143"", ""146"", ""148"", ""153"", ""154"", ""156"", ""157"", ""158"", ""161"", ""164"", ""166"", ""168"", ""171"", ""173"", ""174"", ""176"", ""178"", ""182"", ""184"", ""186"", ""188"", ""189"", ""190"", ""192"", ""193"", ""194"", ""196"", ""198"", ""201"", ""204"", ""206"", ""208"", ""210"", ""214"", ""216"", ""218"", ""221"", ""222"", ""223"", ""224"", ""226"", ""228"", ""230"", ""231"", ""232"", ""234"", ""236"", ""238"", ""240"", ""242"", ""244"", ""246"", ""248"", ""250"", ""251"", ""252"", ""253"", ""254"", ""256"", ""258"", ""260"", ""261"", ""262"", ""264"", ""266"", ""268"", ""270"", ""272"", ""273"", ""274"", ""276"", ""278"", ""280"", ""281"", ""282"", ""284"", ""286"", ""288"", ""289"", ""290"", ""291"", ""292"", ""293"", ""294"", ""295"", ""296"", ""298"", ""300"", ""302"", ""304"", ""305"", ""306"", ""308"", ""310"", ""312"", ""313"", ""314"", ""316"", ""318"", ""319"", ""320"", ""321"", ""322"", ""323"", ""324""]","[""1"", ""2"", ""3"", ""6"", ""12"", ""13"", ""14"", ""16"", ""19"", ""20"", ""21"", ""22"", ""35"", ""36"", ""39"", ""44"", ""45"", ""46"", ""52"", ""53"", ""55"", ""56"", ""61"", ""67"", ""74"", ""77"", ""83"", ""86"", ""87"", ""92"", ""96"", ""100"", ""102"", ""106"", ""113"", ""114"", ""118"", ""121"", ""126"", ""128"", ""130"", ""132"", ""136"", ""138"", ""140"", ""143"", ""146"", ""148"", ""153"", ""156"", ""157"", ""158"", ""161"", ""164"", ""166"", ""168"", ""171"", ""173"", ""174"", ""176"", ""178"", ""182"", ""184"", ""186"", ""188"", ""189"", ""190"", ""192"", ""194"", ""196"", ""198"", ""200"", ""204"", ""206"", ""208"", ""210"", ""213"", ""214"", ""216"", ""218"", ""221"", ""223"", ""224"", ""226"", ""228"", ""230"", ""232"", ""234"", ""236"", ""238"", ""240"", ""242"", ""244"", ""246"", ""248"", ""250"", ""252"", ""254"", ""256"", ""258"", ""260"", ""262"", ""264"", ""266"", ""268"", ""270"", ""272"", ""274"", ""276"", ""278"", ""280"", ""282"", ""284"", ""286"", ""288"", ""290"", ""292"", ""294"", ""296"", ""298"", ""300"", ""302"", ""304"", ""306"", ""308"", ""310"", ""312"", ""314"", ""316"", ""318"", ""320"", ""322"", ""324"", ""326""]",0.3071794168253339,0.3144218254919068,0.19889502762430938,0.21951219512195122
bioasq_train,bioasq13b_662ee24a187cba990d00000d,0.5048943044284331,"[""1"", ""4"", ""5"", ""6"", ""7"", ""13"", ""14"", ""23"", ""25"", ""29"", ""35"", ""40"", ""41"", ""42"", ""44"", ""46"", ""52"", ""56"", ""58"", ""63"", ""64"", ""65"", ""70"", ""73"", ""74"", ""75"", ""80"", ""81"", ""82"", ""84"", ""88"", ""89"", ""91"", ""94"", ""95"", ""115"", ""116"", ""133"", ""139"", ""141"", ""148"", ""158"", ""166"", ""181"", ""182"", ""185"", ""188"", ""196"", ""202"", ""211"", ""218"", ""221"", ""233"", ""241"", ""243"", ""246"", ""251"", ""259"", ""261"", ""266"", ""271"", ""276"", ""281"", ""289"", ""291"", ""293"", ""295"", ""296"", ""299"", ""301"", ""304"", ""311"", ""315"", ""317"", ""319"", ""321"", ""323"", ""329"", ""331"", ""335"", ""341"", ""343"", ""346"", ""351"", ""353"", ""356"", ""359"", ""361"", ""365"", ""366"", ""371"", ""373"", ""376"", ""381"", ""383"", ""385"", ""389"", ""391"", ""393"", ""396"", ""398"", ""401"", ""403"", ""406"", ""411"", ""413"", ""416"", ""418"", ""421"", ""423"", ""424"", ""426"", ""429"", ""431"", ""433"", ""436"", ""441"", ""443"", ""446"", ""451"", ""454"", ""456"", ""458"", ""461"", ""463"", ""465"", ""466"", ""467"", ""471"", ""473"", ""474"", ""476"", ""481"", ""483"", ""486"", ""488"", ""491"", ""493"", ""496"", ""498"", ""501"", ""503"", ""511"", ""513"", ""516"", ""518"", ""521"", ""523"", ""526"", ""528"", ""531"", ""533"", ""536"", ""541"", ""543"", ""546""]",0.15384615384615385,0.35294117647058826,0.21428571428571433,"[""1"", ""4"", ""5"", ""6"", ""7"", ""13"", ""14"", ""23"", ""25"", ""29"", ""35"", ""40"", ""41"", ""42"", ""44"", ""46"", ""52"", ""56"", ""58"", ""63"", ""64"", ""65"", ""70"", ""73"", ""74"", ""75"", ""80"", ""81"", ""82"", ""84"", ""88"", ""89"", ""91"", ""94"", ""95"", ""115"", ""116"", ""133"", ""139"", ""141"", ""148"", ""158"", ""166"", ""181"", ""182"", ""185"", ""188"", ""196"", ""202"", ""211"", ""218"", ""221"", ""233"", ""241"", ""243"", ""246"", ""251"", ""259"", ""261"", ""266"", ""271"", ""276"", ""281"", ""289"", ""291"", ""293"", ""295"", ""296"", ""299"", ""301"", ""304"", ""311"", ""315"", ""317"", ""319"", ""321"", ""323"", ""329"", ""331"", ""335"", ""341"", ""343"", ""346"", ""351"", ""353"", ""356"", ""359"", ""361"", ""365"", ""366"", ""371"", ""373"", ""376"", ""381"", ""383"", ""385"", ""389"", ""391"", ""393"", ""396"", ""398"", ""401"", ""403"", ""406"", ""411"", ""413"", ""416"", ""418"", ""421"", ""423"", ""424"", ""426"", ""429"", ""431"", ""433"", ""436"", ""441"", ""443"", ""446"", ""451"", ""454"", ""456"", ""458"", ""461"", ""463"", ""465"", ""466"", ""467"", ""471"", ""473"", ""474"", ""476"", ""481"", ""483"", ""486"", ""488"", ""491"", ""493"", ""496"", ""498"", ""501"", ""503"", ""511"", ""513"", ""516"", ""518"", ""521"", ""523"", ""526"", ""528"", ""531"", ""533"", ""536"", ""541"", ""543"", ""546""]","[""1"", ""4"", ""5"", ""6"", ""7"", ""13"", ""14"", ""23"", ""25"", ""29"", ""35"", ""40"", ""41"", ""42"", ""44"", ""46"", ""52"", ""56"", ""57"", ""58"", ""63"", ""64"", ""65"", ""74"", ""75"", ""80"", ""81"", ""82"", ""84"", ""88"", ""89"", ""91"", ""94"", ""95"", ""115"", ""116"", ""121"", ""139"", ""141"", ""148"", ""158"", ""159"", ""166"", ""181"", ""182"", ""183"", ""185"", ""186"", ""188"", ""211"", ""218"", ""221"", ""226"", ""233"", ""237"", ""241"", ""243"", ""246"", ""251"", ""259"", ""261"", ""262"", ""263"", ""266"", ""271"", ""273"", ""276"", ""278"", ""281"", ""285"", ""289"", ""291"", ""293"", ""296"", ""298"", ""301"", ""304"", ""311"", ""315"", ""317"", ""319"", ""321"", ""323"", ""326"", ""329"", ""331"", ""335"", ""339"", ""341"", ""343"", ""346"", ""348"", ""351"", ""353"", ""356"", ""359"", ""361"", ""364"", ""366"", ""371"", ""373"", ""376"", ""381"", ""385"", ""389"", ""391"", ""393"", ""396"", ""398"", ""401"", ""404"", ""411"", ""413"", ""416"", ""418"", ""421"", ""423"", ""424"", ""426"", ""429"", ""431"", ""433"", ""436"", ""438"", ""441"", ""446"", ""451"", ""454"", ""456"", ""458"", ""461"", ""464"", ""466"", ""469"", ""471"", ""474"", ""476"", ""481"", ""483"", ""486"", ""488"", ""491"", ""494"", ""496"", ""498"", ""501"", ""503"", ""504"", ""506"", ""511"", ""513"", ""516"", ""518"", ""521"", ""523"", ""526"", ""528"", ""531"", ""533"", ""536"", ""538"", ""541"", ""543"", ""546"", ""548""]",0.36372889315512336,0.40173614373142985,0.21428571428571433,0.19742489270386268
bioasq_train,bioasq13b_6616b259fdcbea915f00005a,0.5886142878789713,"[""4"", ""139"", ""141"", ""313"", ""334"", ""341"", ""346""]",,,,"[""4"", ""139"", ""141"", ""313"", ""334"", ""341"", ""346""]","[""4"", ""139"", ""141"", ""225"", ""313"", ""334"", ""341""]",0.47698412698412695,0.4638888888888889,,
bioasq_train,bioasq13b_663027bb187cba990d000033,0,"[""4"", ""14""]",0.5,0.5,0.5,"[""4"", ""14""]","[""4"", ""14""]",0,0,0.5,0.5
bioasq_train,bioasq13b_663014c8187cba990d000020,0,"[""9""]",1,0.5,0.6666666666666666,"[""9""]","[""9""]",0,0,0.6666666666666666,0.6666666666666666
bioasq_train,bioasq13b_660d27e3fdcbea915f000039,0,"[""1"", ""2"", ""5"", ""7"", ""8"", ""10"", ""11"", ""12"", ""14"", ""15"", ""16"", ""17""]",0.6666666666666666,0.8888888888888888,0.761904762,"[""1"", ""2"", ""5"", ""7"", ""8"", ""10"", ""11"", ""12"", ""14"", ""15"", ""16"", ""17""]","[""1"", ""2"", ""5"", ""7"", ""8"", ""10"", ""11"", ""12"", ""14"", ""15"", ""16"", ""17""]",0,0,0.761904762,0.761904762
bioasq_train,bioasq13b_65f77ac9c4010b4d7800003c,0.5245038141905107,"[""1"", ""2"", ""3"", ""5"", ""6"", ""10"", ""11"", ""14"", ""15"", ""27"", ""33"", ""35"", ""36"", ""37"", ""38"", ""39"", ""41"", ""43"", ""44"", ""45"", ""46"", ""53"", ""59"", ""60"", ""61"", ""66"", ""67"", ""68"", ""71"", ""75"", ""76"", ""79"", ""80"", ""82"", ""92"", ""93"", ""96"", ""99"", ""101"", ""106"", ""111"", ""112"", ""114"", ""118"", ""121"", ""122"", ""124"", ""125"", ""136"", ""146"", ""148"", ""153"", ""158"", ""164"", ""165"", ""166"", ""167"", ""168"", ""171"", ""174"", ""182"", ""184"", ""186"", ""188"", ""191"", ""196"", ""201"", ""206"", ""211"", ""216"", ""217"", ""218"", ""219"", ""221"", ""222"", ""223"", ""225"", ""226"", ""228"", ""231"", ""233"", ""236"", ""238"", ""241"", ""244"", ""246"", ""248"", ""251"", ""253"", ""256"", ""258"", ""261"", ""265"", ""266"", ""268"", ""271"", ""274"", ""278"", ""281"", ""283"", ""286"", ""288"", ""291"", ""293"", ""295"", ""298"", ""301"", ""304"", ""306"", ""311"", ""316"", ""318"", ""321"", ""323"", ""326"", ""328"", ""331"", ""333"", ""336"", ""338"", ""341"", ""344"", ""345"", ""346"", ""348"", ""351"", ""353"", ""354"", ""356"", ""358"", ""361"", ""363"", ""364"", ""366"", ""367"", ""368"", ""371"", ""373"", ""374"", ""376"", ""378"", ""381"", ""383"", ""384"", ""385"", ""386"", ""388"", ""391"", ""393"", ""395"", ""396"", ""398"", ""401"", ""402"", ""403"", ""404"", ""405"", ""406"", ""408"", ""411"", ""413"", ""414"", ""416"", ""418"", ""421"", ""423"", ""424"", ""425"", ""426"", ""428"", ""431"", ""433"", ""434"", ""435"", ""436"", ""438"", ""441"", ""443"", ""444"", ""445"", ""446"", ""448"", ""451"", ""453"", ""454"", ""456"", ""458"", ""461"", ""463"", ""464"", ""465"", ""466"", ""467"", ""468"", ""469"", ""471"", ""473"", ""474"", ""476"", ""478"", ""481"", ""483"", ""484"", ""485"", ""486"", ""487"", ""488"", ""489"", ""491"", ""492"", ""493"", ""494"", ""495"", ""496"", ""497"", ""498"", ""499"", ""501"", ""502"", ""503"", ""504"", ""506"", ""508"", ""511"", ""512"", ""513"", ""514"", ""515"", ""516"", ""517"", ""518"", ""519"", ""521"", ""523"", ""524"", ""525"", ""526"", ""527"", ""528"", ""529"", ""531"", ""533"", ""534"", ""535"", ""536"", ""537"", ""538"", ""539"", ""541"", ""543"", ""544"", ""545"", ""546"", ""547"", ""548"", ""549"", ""550"", ""551"", ""552"", ""553"", ""554"", ""555"", ""556"", ""557"", ""558"", ""559"", ""561"", ""563"", ""564"", ""565"", ""566"", ""567"", ""568"", ""569"", ""571"", ""573"", ""574"", ""575"", ""576"", ""577"", ""578"", ""579"", ""581"", ""583"", ""584"", ""585"", ""586"", ""587"", ""588"", ""589"", ""590"", ""591"", ""593"", ""594"", ""595"", ""596"", ""597"", ""598"", ""601"", ""602"", ""603"", ""604"", ""605"", ""606"", ""607"", ""608"", ""609"", ""611"", ""613"", ""614"", ""615"", ""616"", ""617"", ""618"", ""619"", ""621"", ""623"", ""624"", ""625"", ""626"", ""627"", ""628"", ""629"", ""631"", ""633"", ""634"", ""635"", ""636"", ""637"", ""638"", ""639"", ""641"", ""643"", ""644"", ""645"", ""646"", ""647"", ""648"", ""649"", ""651"", ""653"", ""654"", ""655"", ""656"", ""657"", ""658"", ""659"", ""661"", ""663"", ""664"", ""665"", ""666"", ""667"", ""668"", ""669"", ""671"", ""673"", ""674"", ""675"", ""676"", ""677"", ""678"", ""679"", ""681"", ""683"", ""684"", ""685"", ""686"", ""687"", ""688"", ""689"", ""690"", ""691"", ""693"", ""694"", ""695"", ""696"", ""697"", ""698"", ""699"", ""701"", ""703"", ""704"", ""705"", ""706"", ""707"", ""711"", ""713"", ""714"", ""716"", ""721"", ""723"", ""724"", ""725""]",,,,"[""1"", ""2"", ""3"", ""5"", ""6"", ""10"", ""11"", ""14"", ""15"", ""27"", ""33"", ""35"", ""36"", ""37"", ""38"", ""39"", ""41"", ""43"", ""44"", ""45"", ""46"", ""53"", ""59"", ""60"", ""61"", ""66"", ""67"", ""68"", ""71"", ""75"", ""76"", ""79"", ""80"", ""82"", ""92"", ""93"", ""96"", ""99"", ""101"", ""106"", ""111"", ""112"", ""114"", ""118"", ""121"", ""122"", ""124"", ""125"", ""136"", ""146"", ""148"", ""153"", ""158"", ""164"", ""165"", ""166"", ""167"", ""168"", ""171"", ""174"", ""182"", ""184"", ""186"", ""188"", ""191"", ""196"", ""201"", ""206"", ""211"", ""216"", ""217"", ""218"", ""219"", ""221"", ""222"", ""223"", ""225"", ""226"", ""228"", ""231"", ""233"", ""236"", ""238"", ""241"", ""244"", ""246"", ""248"", ""251"", ""253"", ""256"", ""258"", ""261"", ""265"", ""266"", ""268"", ""271"", ""274"", ""278"", ""281"", ""283"", ""286"", ""288"", ""291"", ""293"", ""295"", ""298"", ""301"", ""304"", ""306"", ""311"", ""316"", ""318"", ""321"", ""323"", ""326"", ""328"", ""331"", ""333"", ""336"", ""338"", ""341"", ""344"", ""345"", ""346"", ""348"", ""351"", ""353"", ""354"", ""356"", ""358"", ""361"", ""363"", ""364"", ""366"", ""367"", ""368"", ""371"", ""373"", ""374"", ""376"", ""378"", ""381"", ""383"", ""384"", ""385"", ""386"", ""388"", ""391"", ""393"", ""395"", ""396"", ""398"", ""401"", ""402"", ""403"", ""404"", ""405"", ""406"", ""408"", ""411"", ""413"", ""414"", ""416"", ""418"", ""421"", ""423"", ""424"", ""425"", ""426"", ""428"", ""431"", ""433"", ""434"", ""435"", ""436"", ""438"", ""441"", ""443"", ""444"", ""445"", ""446"", ""448"", ""451"", ""453"", ""454"", ""456"", ""458"", ""461"", ""463"", ""464"", ""465"", ""466"", ""467"", ""468"", ""469"", ""471"", ""473"", ""474"", ""476"", ""478"", ""481"", ""483"", ""484"", ""485"", ""486"", ""487"", ""488"", ""489"", ""491"", ""492"", ""493"", ""494"", ""495"", ""496"", ""497"", ""498"", ""499"", ""501"", ""502"", ""503"", ""504"", ""506"", ""508"", ""511"", ""512"", ""513"", ""514"", ""515"", ""516"", ""517"", ""518"", ""519"", ""521"", ""523"", ""524"", ""525"", ""526"", ""527"", ""528"", ""529"", ""531"", ""533"", ""534"", ""535"", ""536"", ""537"", ""538"", ""539"", ""541"", ""543"", ""544"", ""545"", ""546"", ""547"", ""548"", ""549"", ""550"", ""551"", ""552"", ""553"", ""554"", ""555"", ""556"", ""557"", ""558"", ""559"", ""561"", ""563"", ""564"", ""565"", ""566"", ""567"", ""568"", ""569"", ""571"", ""573"", ""574"", ""575"", ""576"", ""577"", ""578"", ""579"", ""581"", ""583"", ""584"", ""585"", ""586"", ""587"", ""588"", ""589"", ""590"", ""591"", ""593"", ""594"", ""595"", ""596"", ""597"", ""598"", ""601"", ""602"", ""603"", ""604"", ""605"", ""606"", ""607"", ""608"", ""609"", ""611"", ""613"", ""614"", ""615"", ""616"", ""617"", ""618"", ""619"", ""621"", ""623"", ""624"", ""625"", ""626"", ""627"", ""628"", ""629"", ""631"", ""633"", ""634"", ""635"", ""636"", ""637"", ""638"", ""639"", ""641"", ""643"", ""644"", ""645"", ""646"", ""647"", ""648"", ""649"", ""651"", ""653"", ""654"", ""655"", ""656"", ""657"", ""658"", ""659"", ""661"", ""663"", ""664"", ""665"", ""666"", ""667"", ""668"", ""669"", ""671"", ""673"", ""674"", ""675"", ""676"", ""677"", ""678"", ""679"", ""681"", ""683"", ""684"", ""685"", ""686"", ""687"", ""688"", ""689"", ""690"", ""691"", ""693"", ""694"", ""695"", ""696"", ""697"", ""698"", ""699"", ""701"", ""703"", ""704"", ""705"", ""706"", ""707"", ""711"", ""713"", ""714"", ""716"", ""721"", ""723"", ""724"", ""725""]","[""1"", ""2"", ""3"", ""5"", ""6"", ""10"", ""11"", ""14"", ""15"", ""18"", ""26"", ""27"", ""33"", ""36"", ""37"", ""38"", ""39"", ""41"", ""43"", ""44"", ""45"", ""46"", ""53"", ""55"", ""59"", ""60"", ""61"", ""66"", ""67"", ""68"", ""71"", ""75"", ""76"", ""79"", ""80"", ""82"", ""92"", ""93"", ""96"", ""99"", ""101"", ""106"", ""111"", ""112"", ""114"", ""118"", ""121"", ""122"", ""125"", ""136"", ""146"", ""151"", ""153"", ""154"", ""161"", ""165"", ""166"", ""167"", ""168"", ""171"", ""174"", ""175"", ""182"", ""184"", ""185"", ""196"", ""201"", ""203"", ""210"", ""211"", ""213"", ""216"", ""217"", ""218"", ""219"", ""221"", ""222"", ""223"", ""224"", ""225"", ""226"", ""228"", ""231"", ""233"", ""234"", ""236"", ""237"", ""238"", ""241"", ""244"", ""246"", ""248"", ""251"", ""253"", ""254"", ""256"", ""258"", ""261"", ""265"", ""268"", ""271"", ""273"", ""276"", ""278"", ""281"", ""283"", ""286"", ""288"", ""289"", ""291"", ""293"", ""295"", ""296"", ""301"", ""304"", ""306"", ""311"", ""313"", ""316"", ""317"", ""319"", ""321"", ""323"", ""326"", ""328"", ""330"", ""333"", ""335"", ""337"", ""338"", ""341"", ""343"", ""344"", ""345"", ""347"", ""349"", ""351"", ""353"", ""354"", ""355"", ""356"", ""357"", ""358"", ""361"", ""363"", ""364"", ""367"", ""368"", ""371"", ""373"", ""374"", ""376"", ""377"", ""381"", ""383"", ""384"", ""386"", ""387"", ""388"", ""391"", ""393"", ""394"", ""395"", ""398"", ""401"", ""402"", ""403"", ""404"", ""405"", ""406"", ""411"", ""413"", ""414"", ""415"", ""416"", ""417"", ""418"", ""420"", ""421"", ""422"", ""423"", ""424"", ""425"", ""426"", ""427"", ""428"", ""429"", ""430"", ""431"", ""432"", ""433"", ""434"", ""435"", ""436"", ""437"", ""438"", ""439"", ""440"", ""441"", ""442"", ""443"", ""444"", ""445"", ""446"", ""447"", ""448"", ""449"", ""450"", ""451"", ""452"", ""453"", ""454"", ""455"", ""456"", ""457"", ""458"", ""459"", ""460"", ""461"", ""462"", ""463"", ""464"", ""465"", ""466"", ""467"", ""468"", ""469"", ""470"", ""471"", ""472"", ""473"", ""474"", ""475"", ""476"", ""477"", ""478"", ""479"", ""480"", ""481"", ""482"", ""483"", ""484"", ""485"", ""486"", ""487"", ""488"", ""489"", ""490"", ""491"", ""492"", ""493"", ""494"", ""495"", ""496"", ""497"", ""498"", ""499"", ""500"", ""501"", ""502"", ""503"", ""504"", ""505"", ""506"", ""507"", ""508"", ""509"", ""510"", ""511"", ""512"", ""513"", ""514"", ""515"", ""516"", ""517"", ""518"", ""519"", ""520"", ""521"", ""522"", ""523"", ""524"", ""525"", ""526"", ""527"", ""528"", ""529"", ""530"", ""531"", ""532"", ""533"", ""534"", ""535"", ""536"", ""537"", ""538"", ""539"", ""540"", ""541"", ""542"", ""543"", ""544"", ""545"", ""546"", ""547"", ""548"", ""549"", ""550"", ""551"", ""552"", ""553"", ""554"", ""555"", ""556"", ""557"", ""558"", ""559"", ""560"", ""561"", ""562"", ""563"", ""564"", ""565"", ""566"", ""567"", ""568"", ""569"", ""570"", ""571"", ""572"", ""573"", ""574"", ""575"", ""576"", ""577"", ""578"", ""579"", ""580"", ""581"", ""582"", ""583"", ""584"", ""585"", ""586"", ""587"", ""588"", ""589"", ""590"", ""591"", ""592"", ""593"", ""594"", ""595"", ""596"", ""597"", ""598"", ""599"", ""600"", ""601"", ""602"", ""603"", ""604"", ""605"", ""606"", ""607"", ""608"", ""609"", ""610"", ""611"", ""612"", ""613"", ""614"", ""615"", ""616"", ""617"", ""618"", ""619"", ""620"", ""621"", ""622"", ""623"", ""624"", ""625"", ""626"", ""627"", ""628"", ""629"", ""630"", ""631"", ""632"", ""633"", ""634"", ""635"", ""636"", ""637"", ""638"", ""639"", ""640"", ""641"", ""642"", ""643"", ""644"", ""645"", ""646"", ""647"", ""648"", ""649"", ""650"", ""651"", ""652"", ""653"", ""654"", ""655"", ""656"", ""657"", ""658"", ""659"", ""660"", ""661"", ""662"", ""663"", ""664"", ""665"", ""666"", ""667"", ""668"", ""669"", ""670"", ""671"", ""672"", ""673"", ""674"", ""675"", ""676"", ""677"", ""678"", ""679"", ""680"", ""681"", ""682"", ""683"", ""684"", ""685"", ""686"", ""687"", ""688"", ""689"", ""690"", ""691"", ""692"", ""693"", ""694"", ""695"", ""696"", ""697"", ""698"", ""699"", ""700"", ""701"", ""702"", ""703"", ""704"", ""705"", ""706"", ""707"", ""708"", ""709"", ""710"", ""711"", ""712"", ""713"", ""714"", ""715"", ""716"", ""717"", ""718"", ""719"", ""720"", ""721"", ""722"", ""723"", ""724"", ""725""]",0.3804333088196033,0.4073638237749881,,
bioasq_train,bioasq13b_65f773cdc4010b4d78000026,0.21902665159631102,"[""3"", ""6"", ""7"", ""9"", ""11"", ""68"", ""69"", ""106"", ""107"", ""117"", ""123"", ""124""]",0.083333333,0.055555556,0.066666667,"[""3"", ""6"", ""7"", ""9"", ""11"", ""68"", ""69"", ""106"", ""107"", ""117"", ""123"", ""124""]","[""3"", ""6"", ""7"", ""9"", ""11"", ""68"", ""69"", ""106"", ""107"", ""117"", ""123"", ""124""]",0.13051860420281472,0.13051860420281472,0.066666667,0.066666667
bioasq_train,bioasq13b_66088cccfdcbea915f00000b,0.319537796,"[""2"", ""47"", ""48"", ""55"", ""56"", ""65"", ""73"", ""80"", ""89"", ""92"", ""98"", ""119"", ""120"", ""126"", ""131"", ""136"", ""141"", ""146"", ""152"", ""162"", ""166"", ""171"", ""184"", ""185"", ""205"", ""211"", ""213"", ""225"", ""231"", ""238"", ""240"", ""243""]",,,,"[""2"", ""47"", ""48"", ""55"", ""56"", ""65"", ""73"", ""80"", ""89"", ""92"", ""98"", ""119"", ""120"", ""126"", ""131"", ""136"", ""141"", ""146"", ""152"", ""162"", ""166"", ""171"", ""184"", ""185"", ""205"", ""211"", ""213"", ""225"", ""231"", ""238"", ""240"", ""243""]","[""2"", ""47"", ""48"", ""55"", ""56"", ""65"", ""73"", ""80"", ""89"", ""92"", ""98"", ""119"", ""120"", ""126"", ""131"", ""136"", ""141"", ""146"", ""152"", ""162"", ""166"", ""171"", ""176"", ""184"", ""185"", ""205"", ""211"", ""213"", ""221"", ""225"", ""231"", ""233"", ""238"", ""240"", ""243""]",0.20597078152999204,0.21037320951615296,,
bioasq_train,bioasq13b_65f77919c4010b4d78000036,0.3236790452563676,"[""1"", ""2"", ""3"", ""5"", ""12"", ""19"", ""20"", ""22"", ""35"", ""38"", ""44"", ""50"", ""70"", ""71"", ""72"", ""82"", ""85"", ""96"", ""98"", ""116"", ""135"", ""142"", ""156"", ""170"", ""171"", ""172"", ""185"", ""192"", ""194"", ""201"", ""206"", ""212""]",,,,"[""1"", ""2"", ""3"", ""5"", ""12"", ""19"", ""20"", ""22"", ""35"", ""38"", ""44"", ""50"", ""70"", ""71"", ""72"", ""82"", ""85"", ""96"", ""98"", ""116"", ""135"", ""142"", ""156"", ""170"", ""171"", ""172"", ""185"", ""192"", ""194"", ""201"", ""206"", ""212""]","[""1"", ""2"", ""3"", ""5"", ""12"", ""19"", ""20"", ""22"", ""35"", ""38"", ""44"", ""50"", ""70"", ""71"", ""82"", ""85"", ""96"", ""98"", ""116"", ""127"", ""135"", ""142"", ""156"", ""170"", ""172"", ""185"", ""192"", ""194"", ""201"", ""206"", ""212""]",0.22459818003773652,0.23543364098641656,,
bioasq_train,bioasq13b_660a8fc4fdcbea915f000027,0.23125702287430785,"[""1"", ""3"", ""13"", ""14"", ""24"", ""58"", ""71"", ""72"", ""73"", ""107"", ""108"", ""110"", ""113"", ""115"", ""116"", ""121"", ""122"", ""137"", ""139"", ""160"", ""161"", ""173""]",,,,"[""1"", ""3"", ""13"", ""14"", ""24"", ""58"", ""71"", ""72"", ""73"", ""107"", ""108"", ""110"", ""113"", ""115"", ""116"", ""121"", ""122"", ""137"", ""139"", ""160"", ""161"", ""173""]","[""1"", ""3"", ""13"", ""14"", ""24"", ""58"", ""71"", ""72"", ""73"", ""107"", ""108"", ""110"", ""113"", ""115"", ""116"", ""121"", ""122"", ""137"", ""139"", ""160"", ""161"", ""173""]",0.15577595569460928,0.15577595569460928,,
bioasq_train,bioasq13b_660d6f0cfdcbea915f00003e,0,"[""2"", ""13"", ""30""]",0.6666666666666666,0.2857142857142857,0.4,"[""2"", ""13"", ""30""]","[""2"", ""13"", ""30""]",0,0,0.4,0.4
bioasq_train,bioasq13b_660c0895fdcbea915f00002f,0,"[""1"", ""4"", ""8"", ""10"", ""11"", ""12"", ""14"", ""19"", ""20"", ""21"", ""22""]",0.6363636363636364,1,0.7777777777777778,"[""1"", ""4"", ""8"", ""10"", ""11"", ""12"", ""14"", ""19"", ""20"", ""21"", ""22""]","[""1"", ""4"", ""8"", ""10"", ""11"", ""12"", ""14"", ""19"", ""20"", ""21"", ""22""]",0,0,0.7777777777777778,0.7777777777777778
bioasq_train,bioasq13b_66088bbafdcbea915f00000a,0.17419354838709677,"[""2"", ""11"", ""48"", ""75"", ""80""]",0.8,0.11428571428571428,0.19999999999999998,"[""2"", ""11"", ""48"", ""75"", ""80""]","[""2"", ""11"", ""48"", ""75"", ""80""]",0.087096774,0.087096774,0.19999999999999998,0.19999999999999998
bioasq_train,bioasq13b_66088f67fdcbea915f00000e,0.4998571972580627,"[""1"", ""2"", ""3"", ""15"", ""25"", ""34"", ""53"", ""61"", ""64"", ""71"", ""90"", ""110"", ""161"", ""201"", ""202"", ""211"", ""222"", ""230"", ""238"", ""244""]",,,,"[""1"", ""2"", ""3"", ""15"", ""25"", ""34"", ""53"", ""61"", ""64"", ""71"", ""90"", ""110"", ""161"", ""201"", ""202"", ""211"", ""222"", ""230"", ""238"", ""244""]","[""1"", ""2"", ""3"", ""15"", ""25"", ""34"", ""53"", ""61"", ""64"", ""71"", ""90"", ""110"", ""161"", ""201"", ""202"", ""224"", ""230"", ""231"", ""238"", ""244""]",0.36331188680417287,0.37182973604254366,,
bioasq_train,bioasq13b_65f7794dc4010b4d78000037,0.4911890303763205,"[""2"", ""3"", ""5"", ""10"", ""12"", ""13"", ""20"", ""27"", ""29"", ""36"", ""37"", ""42"", ""44"", ""47"", ""50"", ""52"", ""57"", ""58"", ""70"", ""74"", ""76"", ""83"", ""84"", ""91"", ""93"", ""98"", ""101"", ""104"", ""107"", ""111"", ""113"", ""114"", ""116"", ""123"", ""131"", ""135"", ""138"", ""141"", ""145"", ""148"", ""153"", ""156"", ""158"", ""165"", ""169"", ""170"", ""171"", ""174"", ""178"", ""181"", ""184"", ""186"", ""187"", ""188"", ""191"", ""194"", ""196"", ""198"", ""201"", ""204"", ""206"", ""208"", ""210"", ""213"", ""214"", ""216"", ""218"", ""219"", ""221"", ""224"", ""226"", ""228"", ""231"", ""233"", ""234"", ""236"", ""238"", ""241"", ""244"", ""246"", ""247"", ""248"", ""249"", ""250"", ""251"", ""252"", ""254"", ""256"", ""258"", ""260"", ""261"", ""262"", ""264"", ""266"", ""268"", ""271"", ""273"", ""274"", ""275"", ""276"", ""278"", ""280"", ""281"", ""282"", ""283"", ""284"", ""286"", ""288"", ""291"", ""293"", ""294"", ""296"", ""298"", ""300"", ""301"", ""302"", ""304"", ""306"", ""308"", ""310"", ""312"", ""313"", ""314"", ""315"", ""316"", ""318"", ""319"", ""320"", ""321"", ""322"", ""323"", ""324"", ""325"", ""326"", ""328"", ""330"", ""331"", ""332"", ""334"", ""336"", ""338"", ""340"", ""341"", ""342"", ""343"", ""344"", ""346"", ""348"", ""350"", ""351"", ""352"", ""353"", ""354"", ""356"", ""358"", ""360"", ""361"", ""362"", ""363"", ""364"", ""365"", ""366"", ""367"", ""368"", ""370"", ""371"", ""372"", ""373"", ""374"", ""376"", ""378"", ""380"", ""381"", ""382"", ""383"", ""384"", ""386"", ""388"", ""390"", ""391"", ""392"", ""393"", ""394"", ""396"", ""398"", ""400"", ""401"", ""402""]",0.005319149,0.5,0.010526315789473684,"[""2"", ""3"", ""5"", ""10"", ""12"", ""13"", ""20"", ""27"", ""29"", ""36"", ""37"", ""42"", ""44"", ""47"", ""50"", ""52"", ""57"", ""58"", ""70"", ""74"", ""76"", ""83"", ""84"", ""91"", ""93"", ""98"", ""101"", ""104"", ""107"", ""111"", ""113"", ""114"", ""116"", ""123"", ""131"", ""135"", ""138"", ""141"", ""145"", ""148"", ""153"", ""156"", ""158"", ""165"", ""169"", ""170"", ""171"", ""174"", ""178"", ""181"", ""184"", ""186"", ""187"", ""188"", ""191"", ""194"", ""196"", ""198"", ""201"", ""204"", ""206"", ""208"", ""210"", ""213"", ""214"", ""216"", ""218"", ""219"", ""221"", ""224"", ""226"", ""228"", ""231"", ""233"", ""234"", ""236"", ""238"", ""241"", ""244"", ""246"", ""247"", ""248"", ""249"", ""250"", ""251"", ""252"", ""254"", ""256"", ""258"", ""260"", ""261"", ""262"", ""264"", ""266"", ""268"", ""271"", ""273"", ""274"", ""275"", ""276"", ""278"", ""280"", ""281"", ""282"", ""283"", ""284"", ""286"", ""288"", ""291"", ""293"", ""294"", ""296"", ""298"", ""300"", ""301"", ""302"", ""304"", ""306"", ""308"", ""310"", ""312"", ""313"", ""314"", ""315"", ""316"", ""318"", ""319"", ""320"", ""321"", ""322"", ""323"", ""324"", ""325"", ""326"", ""328"", ""330"", ""331"", ""332"", ""334"", ""336"", ""338"", ""340"", ""341"", ""342"", ""343"", ""344"", ""346"", ""348"", ""350"", ""351"", ""352"", ""353"", ""354"", ""356"", ""358"", ""360"", ""361"", ""362"", ""363"", ""364"", ""365"", ""366"", ""367"", ""368"", ""370"", ""371"", ""372"", ""373"", ""374"", ""376"", ""378"", ""380"", ""381"", ""382"", ""383"", ""384"", ""386"", ""388"", ""390"", ""391"", ""392"", ""393"", ""394"", ""396"", ""398"", ""400"", ""401"", ""402""]","[""2"", ""3"", ""5"", ""10"", ""12"", ""13"", ""20"", ""27"", ""29"", ""36"", ""37"", ""42"", ""44"", ""47"", ""50"", ""52"", ""57"", ""58"", ""64"", ""70"", ""74"", ""76"", ""83"", ""84"", ""91"", ""93"", ""98"", ""101"", ""104"", ""111"", ""113"", ""116"", ""123"", ""131"", ""135"", ""138"", ""141"", ""145"", ""148"", ""153"", ""156"", ""158"", ""161"", ""165"", ""170"", ""173"", ""176"", ""179"", ""181"", ""184"", ""186"", ""188"", ""191"", ""194"", ""196"", ""198"", ""201"", ""204"", ""208"", ""211"", ""214"", ""216"", ""218"", ""221"", ""224"", ""226"", ""228"", ""231"", ""233"", ""235"", ""238"", ""241"", ""244"", ""247"", ""249"", ""251"", ""254"", ""256"", ""258"", ""261"", ""264"", ""266"", ""271"", ""273"", ""275"", ""278"", ""281"", ""283"", ""286"", ""288"", ""291"", ""293"", ""296"", ""298"", ""301"", ""304"", ""306"", ""308"", ""310"", ""312"", ""314"", ""316"", ""318"", ""320"", ""322"", ""324"", ""326"", ""328"", ""330"", ""332"", ""334"", ""336"", ""338"", ""340"", ""342"", ""344"", ""346"", ""348"", ""350"", ""352"", ""354"", ""356"", ""358"", ""360"", ""362"", ""364"", ""366"", ""368"", ""370"", ""372"", ""374"", ""376"", ""378"", ""380"", ""382"", ""384"", ""386"", ""388"", ""390"", ""392"", ""394"", ""396"", ""398"", ""400"", ""402""]",0.3552128985847761,0.39566418710323714,0.010526315789473684,0.013605442176870748
bioasq_train,bioasq13b_660c06b8fdcbea915f00002e,0,"[""2"", ""11"", ""17"", ""22"", ""27""]",0.8,0.8,0.8000000000000002,"[""2"", ""11"", ""17"", ""22"", ""27""]","[""2"", ""11"", ""17"", ""22"", ""27""]",0,0,0.8000000000000002,0.8000000000000002
bioasq_train,bioasq13b_660710b7fdcbea915f000002,0.38185884484088917,"[""2"", ""13"", ""21"", ""32"", ""53"", ""60"", ""66"", ""78"", ""80"", ""96"", ""102"", ""118"", ""137"", ""146"", ""153"", ""166"", ""173"", ""182"", ""190"", ""193"", ""200"", ""213"", ""231""]",,,,"[""2"", ""13"", ""21"", ""32"", ""53"", ""60"", ""66"", ""78"", ""80"", ""96"", ""102"", ""118"", ""137"", ""146"", ""153"", ""166"", ""173"", ""182"", ""190"", ""193"", ""200"", ""213"", ""231""]","[""2"", ""13"", ""21"", ""32"", ""53"", ""60"", ""66"", ""78"", ""80"", ""93"", ""102"", ""118"", ""137"", ""146"", ""153"", ""166"", ""173"", ""182"", ""190"", ""193"", ""200"", ""213"", ""218"", ""221"", ""231""]",0.2656228296895705,0.29904451641185265,,
bioasq_train,bioasq13b_660d2a50fdcbea915f00003a,0,"[""1"", ""2"", ""3"", ""4"", ""7"", ""8"", ""13"", ""14"", ""15"", ""17""]",0.3,1,0.4615384615384615,"[""1"", ""2"", ""3"", ""4"", ""7"", ""8"", ""13"", ""14"", ""15"", ""17""]","[""1"", ""2"", ""3"", ""4"", ""7"", ""8"", ""13"", ""14"", ""15"", ""17""]",0,0,0.4615384615384615,0.4615384615384615
bioasq_train,bioasq13b_65cf6c301930410b13000008,0,"[""3"", ""48""]",,,,"[""3"", ""48""]","[""3"", ""48""]",0,0,,
bioasq_train,bioasq13b_661be07748a2c27714000002,0.5607311227143749,"[""14"", ""19"", ""23"", ""50"", ""51"", ""53"", ""54"", ""55"", ""101"", ""106"", ""114"", ""160"", ""164"", ""278"", ""281"", ""316"", ""358""]",0.4117647058823529,0.082352941,0.13725490196078433,"[""14"", ""19"", ""23"", ""50"", ""51"", ""53"", ""54"", ""55"", ""101"", ""106"", ""114"", ""160"", ""164"", ""278"", ""281"", ""316"", ""358""]","[""14"", ""19"", ""23"", ""50"", ""51"", ""53"", ""54"", ""55"", ""160"", ""164"", ""278"", ""281"", ""316""]",0.4149059248365174,0.4014211572740985,0.13725490196078433,0.12244897959183675
bioasq_train,bioasq13b_66150366fdcbea915f000046,0,"[""4""]",1,0.3333333333333333,0.5,"[""4""]","[""4""]",0,0,0.5,0.5
bioasq_train,bioasq13b_661d9cc3eac11fad33000029,0.5354678181967486,"[""2"", ""7"", ""11"", ""12"", ""17"", ""24"", ""26"", ""30"", ""34"", ""35"", ""38"", ""44"", ""46"", ""51"", ""55"", ""62"", ""74"", ""77"", ""83"", ""86"", ""93"", ""117"", ""136"", ""146"", ""162"", ""170"", ""173"", ""174"", ""187"", ""202"", ""206"", ""211"", ""217"", ""221"", ""227"", ""229"", ""231"", ""233"", ""239"", ""241"", ""246"", ""259"", ""261"", ""263"", ""271"", ""274"", ""284"", ""291"", ""293"", ""301"", ""306"", ""313"", ""319""]",,,,"[""2"", ""7"", ""11"", ""12"", ""17"", ""24"", ""26"", ""30"", ""34"", ""35"", ""38"", ""44"", ""46"", ""51"", ""55"", ""62"", ""74"", ""77"", ""83"", ""86"", ""93"", ""117"", ""136"", ""146"", ""162"", ""170"", ""173"", ""174"", ""187"", ""202"", ""206"", ""211"", ""217"", ""221"", ""227"", ""229"", ""231"", ""233"", ""239"", ""241"", ""246"", ""259"", ""261"", ""263"", ""271"", ""274"", ""284"", ""291"", ""293"", ""301"", ""306"", ""313"", ""319""]","[""2"", ""7"", ""11"", ""12"", ""17"", ""24"", ""26"", ""30"", ""34"", ""35"", ""37"", ""38"", ""44"", ""46"", ""51"", ""55"", ""62"", ""74"", ""83"", ""93"", ""117"", ""127"", ""136"", ""146"", ""170"", ""173"", ""175"", ""187"", ""202"", ""206"", ""211"", ""217"", ""221"", ""227"", ""229"", ""233"", ""239"", ""241"", ""259"", ""261"", ""263"", ""275"", ""277"", ""281"", ""283"", ""293"", ""297"", ""301"", ""303"", ""313""]",0.42499227412443163,0.44687982205343896,,
bioasq_train,bioasq13b_661d62dceac11fad33000026,0,"[""2""]",1,1,1,"[""2""]","[""2""]",0,0,1,1
bioasq_train,bioasq13b_661d575eeac11fad33000020,0.21053472843413737,"[""1"", ""3"", ""8"", ""10"", ""11"", ""12"", ""13"", ""17"", ""18"", ""20"", ""21"", ""22"", ""26"", ""27"", ""28"", ""30"", ""31"", ""32"", ""34"", ""35"", ""40"", ""41"", ""42"", ""43"", ""50"", ""51"", ""52"", ""55"", ""57""]",0.068965517,0.4,0.1176470588235294,"[""1"", ""3"", ""8"", ""10"", ""11"", ""12"", ""13"", ""17"", ""18"", ""20"", ""21"", ""22"", ""26"", ""27"", ""28"", ""30"", ""31"", ""32"", ""34"", ""35"", ""40"", ""41"", ""42"", ""43"", ""50"", ""51"", ""52"", ""55"", ""57""]","[""1"", ""3"", ""8"", ""10"", ""11"", ""12"", ""13"", ""17"", ""18"", ""20"", ""21"", ""22"", ""26"", ""27"", ""28"", ""30"", ""32"", ""34"", ""35"", ""40"", ""42"", ""43"", ""50"", ""51"", ""52"", ""55"", ""57""]",0.13780933062880324,0.14056360475224575,0.1176470588235294,0.125
bioasq_train,bioasq13b_661c416048a2c27714000008,0.43867028513934453,"[""1"", ""2"", ""4"", ""5"", ""9"", ""18"", ""26"", ""27"", ""28"", ""34"", ""35"", ""52"", ""55"", ""56"", ""58"", ""64"", ""65"", ""71"", ""74"", ""75"", ""84"", ""89"", ""90"", ""91"", ""110"", ""112"", ""113"", ""118"", ""122"", ""125"", ""134"", ""135"", ""146"", ""148"", ""156"", ""164"", ""166"", ""170"", ""173"", ""174"", ""175"", ""176"", ""182"", ""184"", ""187"", ""188"", ""189"", ""193"", ""194"", ""196"", ""201"", ""202"", ""214"", ""215"", ""216"", ""217"", ""223"", ""224"", ""226"", ""231"", ""234"", ""235"", ""236"", ""237"", ""238"", ""240"", ""241"", ""243"", ""244"", ""245"", ""246"", ""247"", ""248"", ""250"", ""251"", ""252"", ""253"", ""254"", ""255"", ""256"", ""257"", ""258"", ""259"", ""260"", ""262"", ""263"", ""264"", ""265"", ""270"", ""271"", ""273"", ""274"", ""275"", ""276"", ""277"", ""278"", ""280"", ""282"", ""283"", ""284"", ""285"", ""286"", ""288"", ""289"", ""290"", ""292"", ""293"", ""294"", ""295"", ""296"", ""297"", ""298"", ""299"", ""300"", ""301"", ""302"", ""304"", ""305"", ""306"", ""307"", ""308"", ""310"", ""311"", ""312"", ""313"", ""314"", ""315"", ""316"", ""317"", ""318"", ""319"", ""320"", ""322"", ""323"", ""324"", ""325"", ""326"", ""327"", ""328"", ""329"", ""330"", ""331"", ""332"", ""333"", ""334"", ""335"", ""336"", ""337"", ""338"", ""339"", ""340"", ""341"", ""342"", ""343"", ""344"", ""345"", ""346"", ""347"", ""348"", ""349"", ""350"", ""351"", ""352"", ""353"", ""354"", ""355"", ""356"", ""357"", ""358"", ""359"", ""360"", ""361"", ""362"", ""363"", ""364"", ""365"", ""366"", ""367"", ""368"", ""369"", ""370"", ""371"", ""372"", ""373"", ""374"", ""375"", ""376"", ""377"", ""378"", ""379"", ""380"", ""381"", ""382"", ""383"", ""384"", ""385"", ""386"", ""387"", ""388"", ""389"", ""390"", ""391"", ""392"", ""393"", ""394"", ""395"", ""396"", ""397"", ""398"", ""399"", ""400"", ""401"", ""402"", ""403"", ""404"", ""405"", ""406"", ""407"", ""408"", ""409"", ""410"", ""411"", ""412"", ""413"", ""414"", ""415"", ""416"", ""417"", ""418"", ""419"", ""420"", ""421"", ""422""]",0.1888412017167382,0.6875,0.29629629629629634,"[""1"", ""2"", ""4"", ""5"", ""9"", ""18"", ""26"", ""27"", ""28"", ""34"", ""35"", ""52"", ""55"", ""56"", ""58"", ""64"", ""65"", ""71"", ""74"", ""75"", ""84"", ""89"", ""90"", ""91"", ""110"", ""112"", ""113"", ""118"", ""122"", ""125"", ""134"", ""135"", ""146"", ""148"", ""156"", ""164"", ""166"", ""170"", ""173"", ""174"", ""175"", ""176"", ""182"", ""184"", ""187"", ""188"", ""189"", ""193"", ""194"", ""196"", ""201"", ""202"", ""214"", ""215"", ""216"", ""217"", ""223"", ""224"", ""226"", ""231"", ""234"", ""235"", ""236"", ""237"", ""238"", ""240"", ""241"", ""243"", ""244"", ""245"", ""246"", ""247"", ""248"", ""250"", ""251"", ""252"", ""253"", ""254"", ""255"", ""256"", ""257"", ""258"", ""259"", ""260"", ""262"", ""263"", ""264"", ""265"", ""270"", ""271"", ""273"", ""274"", ""275"", ""276"", ""277"", ""278"", ""280"", ""282"", ""283"", ""284"", ""285"", ""286"", ""288"", ""289"", ""290"", ""292"", ""293"", ""294"", ""295"", ""296"", ""297"", ""298"", ""299"", ""300"", ""301"", ""302"", ""304"", ""305"", ""306"", ""307"", ""308"", ""310"", ""311"", ""312"", ""313"", ""314"", ""315"", ""316"", ""317"", ""318"", ""319"", ""320"", ""322"", ""323"", ""324"", ""325"", ""326"", ""327"", ""328"", ""329"", ""330"", ""331"", ""332"", ""333"", ""334"", ""335"", ""336"", ""337"", ""338"", ""339"", ""340"", ""341"", ""342"", ""343"", ""344"", ""345"", ""346"", ""347"", ""348"", ""349"", ""350"", ""351"", ""352"", ""353"", ""354"", ""355"", ""356"", ""357"", ""358"", ""359"", ""360"", ""361"", ""362"", ""363"", ""364"", ""365"", ""366"", ""367"", ""368"", ""369"", ""370"", ""371"", ""372"", ""373"", ""374"", ""375"", ""376"", ""377"", ""378"", ""379"", ""380"", ""381"", ""382"", ""383"", ""384"", ""385"", ""386"", ""387"", ""388"", ""389"", ""390"", ""391"", ""392"", ""393"", ""394"", ""395"", ""396"", ""397"", ""398"", ""399"", ""400"", ""401"", ""402"", ""403"", ""404"", ""405"", ""406"", ""407"", ""408"", ""409"", ""410"", ""411"", ""412"", ""413"", ""414"", ""415"", ""416"", ""417"", ""418"", ""419"", ""420"", ""421"", ""422""]","[""1"", ""2"", ""4"", ""5"", ""9"", ""18"", ""26"", ""27"", ""28"", ""34"", ""35"", ""52"", ""55"", ""56"", ""57"", ""58"", ""64"", ""65"", ""71"", ""74"", ""75"", ""84"", ""89"", ""90"", ""110"", ""112"", ""113"", ""118"", ""122"", ""125"", ""134"", ""135"", ""138"", ""146"", ""148"", ""156"", ""157"", ""166"", ""173"", ""174"", ""175"", ""180"", ""184"", ""187"", ""188"", ""189"", ""193"", ""194"", ""195"", ""196"", ""201"", ""202"", ""214"", ""215"", ""216"", ""223"", ""224"", ""225"", ""226"", ""234"", ""235"", ""236"", ""237"", ""240"", ""241"", ""242"", ""243"", ""244"", ""245"", ""246"", ""247"", ""248"", ""249"", ""250"", ""251"", ""252"", ""253"", ""254"", ""255"", ""256"", ""257"", ""258"", ""259"", ""260"", ""261"", ""262"", ""263"", ""264"", ""265"", ""273"", ""274"", ""275"", ""276"", ""277"", ""278"", ""279"", ""280"", ""281"", ""282"", ""283"", ""284"", ""285"", ""286"", ""287"", ""288"", ""289"", ""290"", ""291"", ""292"", ""293"", ""294"", ""295"", ""296"", ""297"", ""298"", ""299"", ""300"", ""301"", ""302"", ""303"", ""304"", ""305"", ""306"", ""307"", ""308"", ""309"", ""310"", ""311"", ""312"", ""313"", ""314"", ""315"", ""316"", ""317"", ""318"", ""319"", ""320"", ""321"", ""322"", ""323"", ""324"", ""325"", ""326"", ""327"", ""328"", ""329"", ""330"", ""331"", ""332"", ""333"", ""334"", ""335"", ""336"", ""337"", ""338"", ""339"", ""340"", ""341"", ""342"", ""343"", ""344"", ""345"", ""346"", ""347"", ""348"", ""349"", ""350"", ""351"", ""352"", ""353"", ""354"", ""355"", ""356"", ""357"", ""358"", ""359"", ""360"", ""361"", ""362"", ""363"", ""364"", ""365"", ""366"", ""367"", ""368"", ""369"", ""370"", ""371"", ""372"", ""373"", ""374"", ""375"", ""376"", ""377"", ""378"", ""379"", ""380"", ""381"", ""382"", ""383"", ""384"", ""385"", ""386"", ""387"", ""388"", ""389"", ""390"", ""391"", ""392"", ""393"", ""394"", ""395"", ""396"", ""397"", ""398"", ""399"", ""400"", ""401"", ""402"", ""403"", ""404"", ""405"", ""406"", ""407"", ""408"", ""409"", ""410"", ""411"", ""412"", ""413"", ""414"", ""415"", ""416"", ""417"", ""418"", ""419"", ""420"", ""421"", ""422""]",0.30801840875426834,0.320201247,0.29629629629629634,0.29042904290429045
bioasq_train,bioasq13b_661c03c848a2c27714000004,0.540697588,"[""2"", ""4"", ""20"", ""23"", ""24"", ""25"", ""26"", ""27"", ""28"", ""30"", ""34"", ""35"", ""36"", ""40"", ""50"", ""51"", ""52"", ""72"", ""73"", ""74"", ""95"", ""96"", ""97"", ""99"", ""102"", ""103"", ""106"", ""116"", ""178"", ""182"", ""183"", ""184"", ""208"", ""209"", ""210"", ""211"", ""212"", ""213"", ""222"", ""223"", ""224"", ""230"", ""231"", ""233"", ""253"", ""270"", ""271"", ""272"", ""273"", ""278"", ""279"", ""282"", ""283"", ""284"", ""285"", ""286"", ""287"", ""293"", ""294"", ""295"", ""296"", ""297"", ""300"", ""301"", ""303"", ""304"", ""305"", ""306"", ""307"", ""308"", ""309"", ""312"", ""313"", ""314"", ""315"", ""316"", ""317"", ""318"", ""319"", ""320"", ""321"", ""322"", ""323"", ""324"", ""325"", ""326"", ""327"", ""328"", ""329"", ""330"", ""331"", ""332"", ""333"", ""334"", ""335"", ""336"", ""337"", ""338"", ""339"", ""340"", ""341"", ""342"", ""343"", ""344"", ""345"", ""346"", ""347"", ""348"", ""349"", ""350"", ""351"", ""352"", ""353"", ""354"", ""355"", ""356"", ""357"", ""358"", ""359"", ""360"", ""361"", ""362"", ""363"", ""364"", ""365""]",0.384,0.3902439024390244,0.38709677419354843,"[""2"", ""4"", ""20"", ""23"", ""24"", ""25"", ""26"", ""27"", ""28"", ""30"", ""34"", ""35"", ""36"", ""40"", ""50"", ""51"", ""52"", ""72"", ""73"", ""74"", ""95"", ""96"", ""97"", ""99"", ""102"", ""103"", ""106"", ""116"", ""178"", ""182"", ""183"", ""184"", ""208"", ""209"", ""210"", ""211"", ""212"", ""213"", ""222"", ""223"", ""224"", ""230"", ""231"", ""233"", ""253"", ""270"", ""271"", ""272"", ""273"", ""278"", ""279"", ""282"", ""283"", ""284"", ""285"", ""286"", ""287"", ""293"", ""294"", ""295"", ""296"", ""297"", ""300"", ""301"", ""303"", ""304"", ""305"", ""306"", ""307"", ""308"", ""309"", ""312"", ""313"", ""314"", ""315"", ""316"", ""317"", ""318"", ""319"", ""320"", ""321"", ""322"", ""323"", ""324"", ""325"", ""326"", ""327"", ""328"", ""329"", ""330"", ""331"", ""332"", ""333"", ""334"", ""335"", ""336"", ""337"", ""338"", ""339"", ""340"", ""341"", ""342"", ""343"", ""344"", ""345"", ""346"", ""347"", ""348"", ""349"", ""350"", ""351"", ""352"", ""353"", ""354"", ""355"", ""356"", ""357"", ""358"", ""359"", ""360"", ""361"", ""362"", ""363"", ""364"", ""365""]","[""2"", ""4"", ""20"", ""23"", ""24"", ""25"", ""26"", ""27"", ""28"", ""30"", ""31"", ""34"", ""35"", ""36"", ""40"", ""50"", ""51"", ""52"", ""53"", ""72"", ""73"", ""74"", ""95"", ""96"", ""97"", ""99"", ""102"", ""103"", ""104"", ""106"", ""112"", ""116"", ""175"", ""178"", ""182"", ""183"", ""184"", ""208"", ""209"", ""210"", ""211"", ""213"", ""214"", ""220"", ""222"", ""223"", ""224"", ""233"", ""234"", ""270"", ""271"", ""272"", ""273"", ""276"", ""279"", ""282"", ""283"", ""284"", ""285"", ""286"", ""287"", ""293"", ""294"", ""295"", ""296"", ""297"", ""298"", ""300"", ""301"", ""303"", ""304"", ""305"", ""306"", ""307"", ""308"", ""309"", ""310"", ""311"", ""312"", ""313"", ""314"", ""315"", ""316"", ""317"", ""318"", ""319"", ""320"", ""321"", ""322"", ""323"", ""324"", ""325"", ""326"", ""327"", ""328"", ""329"", ""330"", ""331"", ""332"", ""333"", ""334"", ""335"", ""336"", ""337"", ""338"", ""339"", ""340"", ""341"", ""342"", ""343"", ""344"", ""345"", ""346"", ""347"", ""348"", ""349"", ""350"", ""351"", ""352"", ""353"", ""354"", ""355"", ""356"", ""357"", ""358"", ""359"", ""360"", ""361"", ""362"", ""363"", ""364"", ""365""]",0.3823278122411709,0.4040665385816268,0.38709677419354843,0.39999999999999997
bioasq_train,bioasq13b_6614fb7bfdcbea915f000044,0,"[""2"", ""16"", ""18"", ""19"", ""20"", ""21"", ""25"", ""28"", ""30""]",0.5555555555555556,1,0.7142857142857143,"[""2"", ""16"", ""18"", ""19"", ""20"", ""21"", ""25"", ""28"", ""30""]","[""2"", ""16"", ""18"", ""19"", ""20"", ""21"", ""25"", ""28"", ""30""]",0,0,0.7142857142857143,0.7142857142857143
bioasq_train,bioasq13b_66168d7bfdcbea915f000056,0.05,"[""1"", ""2"", ""3"", ""4"", ""5"", ""6"", ""7"", ""9"", ""10"", ""11"", ""16"", ""20""]",0.4166666666666667,1,0.5882352941176471,"[""1"", ""2"", ""3"", ""4"", ""5"", ""6"", ""7"", ""9"", ""10"", ""11"", ""16"", ""20""]","[""1"", ""2"", ""3"", ""4"", ""5"", ""6"", ""7"", ""9"", ""10"", ""11"", ""16"", ""20""]",0.025,0.025,0.5882352941176471,0.5882352941176471
bioasq_train,bioasq13b_65f868eac4010b4d78000056,0.29670090050688824,"[""2"", ""3"", ""13"", ""14"", ""15"", ""16"", ""17"", ""22"", ""23"", ""25"", ""57"", ""58"", ""70"", ""71"", ""77"", ""82"", ""84"", ""87"", ""88"", ""97"", ""100"", ""101"", ""106"", ""110"", ""111"", ""112"", ""114"", ""116"", ""131"", ""138"", ""139"", ""146"", ""162"", ""163""]",0.6764705882352942,0.4339622641509434,0.5287356321839081,"[""2"", ""3"", ""13"", ""14"", ""15"", ""16"", ""17"", ""22"", ""23"", ""25"", ""57"", ""58"", ""70"", ""71"", ""77"", ""82"", ""84"", ""87"", ""88"", ""97"", ""100"", ""101"", ""106"", ""110"", ""111"", ""112"", ""114"", ""116"", ""131"", ""138"", ""139"", ""146"", ""162"", ""163""]","[""2"", ""3"", ""13"", ""14"", ""15"", ""16"", ""17"", ""22"", ""23"", ""25"", ""57"", ""58"", ""60"", ""70"", ""71"", ""77"", ""82"", ""86"", ""87"", ""88"", ""97"", ""100"", ""101"", ""106"", ""110"", ""111"", ""114"", ""116"", ""131"", ""138"", ""139"", ""146"", ""162""]",0.2174113037270932,0.22422240879491223,0.5287356321839081,0.48837209302325585
bioasq_train,bioasq13b_65f846bfc4010b4d78000045,0,"[""6"", ""16""]",0.5,1,0.6666666666666666,"[""6"", ""16""]","[""6"", ""16""]",0,0,0.6666666666666666,0.6666666666666666
bioasq_train,bioasq13b_6616576afdcbea915f000050,0.097792109,"[""3"", ""13"", ""32"", ""39"", ""51"", ""59"", ""60"", ""62"", ""91"", ""97"", ""105"", ""106"", ""110"", ""113"", ""120"", ""122"", ""127"", ""132"", ""133""]",,,,"[""3"", ""13"", ""32"", ""39"", ""51"", ""59"", ""60"", ""62"", ""91"", ""97"", ""105"", ""106"", ""110"", ""113"", ""120"", ""122"", ""127"", ""132"", ""133""]","[""3"", ""13"", ""32"", ""39"", ""51"", ""59"", ""60"", ""62"", ""91"", ""97"", ""105"", ""106"", ""110"", ""113"", ""122"", ""127"", ""132"", ""133""]",0.069862155,0.068596491,,
archehr_train,archehr_1,0,"[""2"", ""7"", ""8""]",1,0.75,0.8571428571428571,"[""2"", ""7"", ""8""]","[""2"", ""7"", ""8""]",0,0,0.8571428571428571,0.8571428571428571
archehr_train,archehr_2,0.2777777777777778,"[""2"", ""5"", ""6"", ""8""]",0.75,0.75,0.75,"[""2"", ""5"", ""6"", ""8""]","[""2"", ""5"", ""6"", ""8""]",0.25,0.25,0.75,0.75
archehr_train,archehr_3,0,"[""5"", ""6""]",1,0.6666666666666666,0.8,"[""5"", ""6""]","[""5"", ""6""]",0,0,0.8,0.8
archehr_train,archehr_4,0.2661375661375661,"[""7"", ""9"", ""11"", ""18"", ""19""]",0.6,0.42857142857142855,0.5,"[""7"", ""9"", ""11"", ""18"", ""19""]","[""7"", ""9"", ""11"", ""18"", ""19""]",0.1833333333333333,0.1833333333333333,0.5,0.5
archehr_train,archehr_5,0,"[""9"", ""11"", ""12"", ""17"", ""18"", ""19""]",0.8333333333333334,0.7142857142857143,0.7692307692307692,"[""9"", ""11"", ""12"", ""17"", ""18"", ""19""]","[""9"", ""11"", ""12"", ""17"", ""18"", ""19""]",0,0,0.7692307692307692,0.7692307692307692
archehr_train,archehr_6,0,"[""5"", ""14"", ""15"", ""18"", ""20""]",1,0.45454545454545453,0.625,"[""5"", ""14"", ""15"", ""18"", ""20""]","[""5"", ""14"", ""15"", ""18"", ""20""]",0,0,0.625,0.625
archehr_train,archehr_7,0,"[""15"", ""19"", ""20""]",0.6666666666666666,0.3333333333333333,0.4444444444444444,"[""15"", ""19"", ""20""]","[""15"", ""19"", ""20""]",0,0,0.4444444444444444,0.4444444444444444
archehr_train,archehr_8,0.13333333333333336,"[""43"", ""44"", ""45""]",0.6666666666666666,0.25,0.36363636363636365,"[""43"", ""44"", ""45""]","[""43"", ""44"", ""45""]",0.066666667,0.066666667,0.36363636363636365,0.36363636363636365
archehr_train,archehr_9,0.026666667,"[""2"", ""3"", ""4"", ""5"", ""8"", ""9"", ""10"", ""11"", ""15"", ""16"", ""18"", ""20"", ""21""]",0.6923076923076923,0.75,0.7199999999999999,"[""2"", ""3"", ""4"", ""5"", ""8"", ""9"", ""10"", ""11"", ""15"", ""16"", ""18"", ""20"", ""21""]","[""2"", ""3"", ""4"", ""5"", ""8"", ""9"", ""10"", ""11"", ""15"", ""16"", ""18"", ""20"", ""21""]",0.013333333,0.013333333,0.7199999999999999,0.7199999999999999
archehr_train,archehr_10,0.093406593,"[""2"", ""6"", ""7"", ""11"", ""12"", ""18"", ""21"", ""22"", ""23"", ""25""]",0.6,0.6666666666666666,0.631578947,"[""2"", ""6"", ""7"", ""11"", ""12"", ""18"", ""21"", ""22"", ""23"", ""25""]","[""2"", ""6"", ""7"", ""11"", ""12"", ""18"", ""21"", ""22"", ""23"", ""25""]",0.051648351648351645,0.051648351648351645,0.631578947,0.631578947
archehr_train,archehr_11,0,"[""2"", ""7"", ""20"", ""22""]",0.25,0.14285714285714285,0.18181818181818182,"[""2"", ""7"", ""20"", ""22""]","[""2"", ""7"", ""20"", ""22""]",0,0,0.18181818181818182,0.18181818181818182
archehr_train,archehr_12,0.066666667,"[""5"", ""6"", ""7"", ""11""]",0.75,0.75,0.75,"[""5"", ""6"", ""7"", ""11""]","[""5"", ""6"", ""7"", ""11""]",0.033333333,0.033333333,0.75,0.75
archehr_train,archehr_13,0,"[""5"", ""8"", ""10"", ""11""]",0.75,0.6,0.6666666666666665,"[""5"", ""8"", ""10"", ""11""]","[""5"", ""8"", ""10"", ""11""]",0,0,0.6666666666666665,0.6666666666666665
archehr_train,archehr_14,0,"[""8""]",1,0.2,0.33333333333333337,"[""8""]","[""8""]",0,0,0.33333333333333337,0.33333333333333337
archehr_train,archehr_15,0,"[""3"", ""4"", ""5"", ""9"", ""10"", ""11""]",0.3333333333333333,1,0.5,"[""3"", ""4"", ""5"", ""9"", ""10"", ""11""]","[""3"", ""4"", ""5"", ""9"", ""10"", ""11""]",0,0,0.5,0.5
archehr_train,archehr_16,0,[],0,0,0,[],[],0,0,0,0
archehr_train,archehr_17,0.039999999999999994,"[""19"", ""21"", ""23"", ""24"", ""26""]",0,0,0,"[""19"", ""21"", ""23"", ""24"", ""26""]","[""19"", ""21"", ""23"", ""24"", ""26""]",0.019999999999999997,0.019999999999999997,0,0
archehr_train,archehr_18,0.4051851851851852,"[""13"", ""17"", ""18""]",0,0,0,"[""13"", ""17"", ""18""]","[""13"", ""17"", ""18""]",0.2547619047619048,0.2547619047619048,0,0
archehr_train,archehr_19,0,"[""6"", ""7"", ""8"", ""9"", ""10"", ""11"", ""15""]",0.7142857142857143,1,0.8333333333333333,"[""6"", ""7"", ""8"", ""9"", ""10"", ""11"", ""15""]","[""6"", ""7"", ""8"", ""9"", ""10"", ""11"", ""15""]",0,0,0.8333333333333333,0.8333333333333333
archehr_train,archehr_20,0,"[""2"", ""3"", ""4""]",1,0.5,0.6666666666666666,"[""2"", ""3"", ""4""]","[""2"", ""3"", ""4""]",0,0,0.6666666666666666,0.6666666666666666