analysis_set,signal,coverage,n_retained,retained_error_rate,retained_correctness
bioasq_train,evidence_uncertainty,0.0010277492291880781,1,0.0921409214092141,0.9078590785907859
bioasq_train,evidence_uncertainty,0.0020554984583761563,2,0.0921409214092141,0.9078590785907859
bioasq_train,evidence_uncertainty,0.003083247687564234,3,0.0921409214092141,0.9078590785907859
bioasq_train,evidence_uncertainty,0.0041109969167523125,4,0.0921409214092141,0.9078590785907859
bioasq_train,evidence_uncertainty,0.0051387461459403904,5,0.0921409214092141,0.9078590785907859
bioasq_train,evidence_uncertainty,0.006166495375128468,6,0.0921409214092141,0.9078590785907859
bioasq_train,evidence_uncertainty,0.007194244604316547,7,0.09214092140921408,0.907859078590786
bioasq_train,evidence_uncertainty,0.008221993833504625,8,0.0921409214092141,0.9078590785907859
bioasq_train,evidence_uncertainty,0.009249743062692703,9,0.0921409214092141,0.9078590785907859
bioasq_train,evidence_uncertainty,0.010277492291880781,10,0.0921409214092141,0.9078590785907859
bioasq_train,evidence_uncertainty,0.011305241521068859,11,0.0921409214092141,0.9078590785907859
bioasq_train,evidence_uncertainty,0.012332990750256937,12,0.0921409214092141,0.9078590785907859
bioasq_train,evidence_uncertainty,0.013360739979445015,13,0.0921409214092141,0.9078590785907859
bioasq_train,evidence_uncertainty,0.014388489208633094,14,0.09214092140921408,0.907859078590786
bioasq_train,evidence_uncertainty,0.015416238437821172,15,0.0921409214092141,0.9078590785907859
bioasq_train,evidence_uncertainty,0.01644398766700925,16,0.0921409214092141,0.9078590785907859
bioasq_train,evidence_uncertainty,0.017471736896197326,17,0.0921409214092141,0.9078590785907859
bioasq_train,evidence_uncertainty,0.018499486125385406,18,0.0921409214092141,0.9078590785907859
bioasq_train,evidence_uncertainty,0.019527235354573486,19,0.0921409214092141,0.9078590785907859
bioasq_train,evidence_uncertainty,0.020554984583761562,20,0.0921409214092141,0.9078590785907859
bioasq_train,evidence_uncertainty,0.02158273381294964,21,0.0921409214092141,0.9078590785907859
bioasq_train,evidence_uncertainty,0.022610483042137718,22,0.0921409214092141,0.9078590785907859
bioasq_train,evidence_uncertainty,0.023638232271325797,23,0.09214092140921411,0.9078590785907859
bioasq_train,evidence_uncertainty,0.024665981500513873,24,0.0921409214092141,0.9078590785907859
bioasq_train,evidence_uncertainty,0.025693730729701953,25,0.0921409214092141,0.9078590785907859
bioasq_train,evidence_uncertainty,0.02672147995889003,26,0.0921409214092141,0.9078590785907859
bioasq_train,evidence_uncertainty,0.02774922918807811,27,0.0921409214092141,0.9078590785907859
bioasq_train,evidence_uncertainty,0.02877697841726619,28,0.09214092140921408,0.907859078590786
bioasq_train,evidence_uncertainty,0.029804727646454265,29,0.0921409214092141,0.9078590785907859
bioasq_train,evidence_uncertainty,0.030832476875642344,30,0.0921409214092141,0.9078590785907859
bioasq_train,evidence_uncertainty,0.03186022610483042,31,0.0921409214092141,0.9078590785907859
bioasq_train,evidence_uncertainty,0.0328879753340185,32,0.0921409214092141,0.9078590785907859
bioasq_train,evidence_uncertainty,0.03391572456320658,33,0.0921409214092141,0.9078590785907859
bioasq_train,evidence_uncertainty,0.03494347379239465,34,0.0921409214092141,0.9078590785907859
bioasq_train,evidence_uncertainty,0.03597122302158273,35,0.0921409214092141,0.9078590785907859
bioasq_train,evidence_uncertainty,0.03699897225077081,36,0.0921409214092141,0.9078590785907859
bioasq_train,evidence_uncertainty,0.03802672147995889,37,0.0921409214092141,0.9078590785907859
bioasq_train,evidence_uncertainty,0.03905447070914697,38,0.0921409214092141,0.9078590785907859
bioasq_train,evidence_uncertainty,0.040082219938335044,39,0.0921409214092141,0.9078590785907859
bioasq_train,evidence_uncertainty,0.041109969167523124,40,0.0921409214092141,0.9078590785907859
bioasq_train,evidence_uncertainty,0.0421377183967112,41,0.0921409214092141,0.9078590785907859
bioasq_train,evidence_uncertainty,0.04316546762589928,42,0.0921409214092141,0.9078590785907859
bioasq_train,evidence_uncertainty,0.044193216855087356,43,0.0921409214092141,0.9078590785907859
bioasq_train,evidence_uncertainty,0.045220966084275435,44,0.0921409214092141,0.9078590785907859
bioasq_train,evidence_uncertainty,0.046248715313463515,45,0.0921409214092141,0.9078590785907859
bioasq_train,evidence_uncertainty,0.047276464542651594,46,0.09214092140921411,0.9078590785907859
bioasq_train,evidence_uncertainty,0.048304213771839674,47,0.0921409214092141,0.9078590785907859
bioasq_train,evidence_uncertainty,0.04933196300102775,48,0.0921409214092141,0.9078590785907859
bioasq_train,evidence_uncertainty,0.050359712230215826,49,0.0921409214092141,0.9078590785907859
bioasq_train,evidence_uncertainty,0.051387461459403906,50,0.0921409214092141,0.9078590785907859
bioasq_train,evidence_uncertainty,0.052415210688591986,51,0.0921409214092141,0.9078590785907859
bioasq_train,evidence_uncertainty,0.05344295991778006,52,0.0921409214092141,0.9078590785907859
bioasq_train,evidence_uncertainty,0.05447070914696814,53,0.09214092140921408,0.907859078590786
bioasq_train,evidence_uncertainty,0.05549845837615622,54,0.0921409214092141,0.9078590785907859
bioasq_train,evidence_uncertainty,0.0565262076053443,55,0.0921409214092141,0.9078590785907859
bioasq_train,evidence_uncertainty,0.05755395683453238,56,0.09214092140921408,0.907859078590786
bioasq_train,evidence_uncertainty,0.05858170606372045,57,0.0921409214092141,0.9078590785907859
bioasq_train,evidence_uncertainty,0.05960945529290853,58,0.0921409214092141,0.9078590785907859
bioasq_train,evidence_uncertainty,0.06063720452209661,59,0.0921409214092141,0.9078590785907859
bioasq_train,evidence_uncertainty,0.06166495375128469,60,0.0921409214092141,0.9078590785907859
bioasq_train,evidence_uncertainty,0.06269270298047276,61,0.0921409214092141,0.9078590785907859
bioasq_train,evidence_uncertainty,0.06372045220966084,62,0.0921409214092141,0.9078590785907859
bioasq_train,evidence_uncertainty,0.06474820143884892,63,0.0921409214092141,0.9078590785907859
bioasq_train,evidence_uncertainty,0.065775950668037,64,0.0921409214092141,0.9078590785907859
bioasq_train,evidence_uncertainty,0.06680369989722508,65,0.0921409214092141,0.9078590785907859
bioasq_train,evidence_uncertainty,0.06783144912641316,66,0.0921409214092141,0.9078590785907859
bioasq_train,evidence_uncertainty,0.06885919835560124,67,0.0921409214092141,0.9078590785907859
bioasq_train,evidence_uncertainty,0.0698869475847893,68,0.0921409214092141,0.9078590785907859
bioasq_train,evidence_uncertainty,0.07091469681397738,69,0.0921409214092141,0.9078590785907859
bioasq_train,evidence_uncertainty,0.07194244604316546,70,0.0921409214092141,0.9078590785907859
bioasq_train,evidence_uncertainty,0.07297019527235354,71,0.0921409214092141,0.9078590785907859
bioasq_train,evidence_uncertainty,0.07399794450154162,72,0.0921409214092141,0.9078590785907859
bioasq_train,evidence_uncertainty,0.0750256937307297,73,0.0921409214092141,0.9078590785907859
bioasq_train,evidence_uncertainty,0.07605344295991778,74,0.0921409214092141,0.9078590785907859
bioasq_train,evidence_uncertainty,0.07708119218910586,75,0.0921409214092141,0.9078590785907859
bioasq_train,evidence_uncertainty,0.07810894141829394,76,0.0921409214092141,0.9078590785907859
bioasq_train,evidence_uncertainty,0.07913669064748201,77,0.0921409214092141,0.9078590785907859
bioasq_train,evidence_uncertainty,0.08016443987667009,78,0.0921409214092141,0.9078590785907859
bioasq_train,evidence_uncertainty,0.08119218910585817,79,0.0921409214092141,0.9078590785907859
bioasq_train,evidence_uncertainty,0.08221993833504625,80,0.0921409214092141,0.9078590785907859
bioasq_train,evidence_uncertainty,0.08324768756423433,81,0.0921409214092141,0.9078590785907859
bioasq_train,evidence_uncertainty,0.0842754367934224,82,0.0921409214092141,0.9078590785907859
bioasq_train,evidence_uncertainty,0.08530318602261049,83,0.0921409214092141,0.9078590785907859
bioasq_train,evidence_uncertainty,0.08633093525179857,84,0.0921409214092141,0.9078590785907859
bioasq_train,evidence_uncertainty,0.08735868448098665,85,0.0921409214092141,0.9078590785907859
bioasq_train,evidence_uncertainty,0.08838643371017471,86,0.0921409214092141,0.9078590785907859
bioasq_train,evidence_uncertainty,0.08941418293936279,87,0.09214092140921408,0.907859078590786
bioasq_train,evidence_uncertainty,0.09044193216855087,88,0.0921409214092141,0.9078590785907859
bioasq_train,evidence_uncertainty,0.09146968139773895,89,0.0921409214092141,0.9078590785907859
bioasq_train,evidence_uncertainty,0.09249743062692703,90,0.0921409214092141,0.9078590785907859
bioasq_train,evidence_uncertainty,0.09352517985611511,91,0.0921409214092141,0.9078590785907859
bioasq_train,evidence_uncertainty,0.09455292908530319,92,0.09214092140921411,0.9078590785907859
bioasq_train,evidence_uncertainty,0.09558067831449127,93,0.09214092140921408,0.907859078590786
bioasq_train,evidence_uncertainty,0.09660842754367935,94,0.0921409214092141,0.9078590785907859
bioasq_train,evidence_uncertainty,0.09763617677286741,95,0.0921409214092141,0.9078590785907859
bioasq_train,evidence_uncertainty,0.0986639260020555,96,0.0921409214092141,0.9078590785907859
bioasq_train,evidence_uncertainty,0.09969167523124357,97,0.0921409214092141,0.9078590785907859
bioasq_train,evidence_uncertainty,0.10071942446043165,98,0.0921409214092141,0.9078590785907859
bioasq_train,evidence_uncertainty,0.10174717368961973,99,0.09214092140921411,0.9078590785907859
bioasq_train,evidence_uncertainty,0.10277492291880781,100,0.0921409214092141,0.9078590785907859
bioasq_train,evidence_uncertainty,0.10380267214799589,101,0.0921409214092141,0.9078590785907859
bioasq_train,evidence_uncertainty,0.10483042137718397,102,0.0921409214092141,0.9078590785907859
bioasq_train,evidence_uncertainty,0.10585817060637205,103,0.0921409214092141,0.9078590785907859
bioasq_train,evidence_uncertainty,0.10688591983556012,104,0.0921409214092141,0.9078590785907859
bioasq_train,evidence_uncertainty,0.1079136690647482,105,0.0921409214092141,0.9078590785907859
bioasq_train,evidence_uncertainty,0.10894141829393628,106,0.09214092140921408,0.907859078590786
bioasq_train,evidence_uncertainty,0.10996916752312436,107,0.0921409214092141,0.9078590785907859
bioasq_train,evidence_uncertainty,0.11099691675231244,108,0.0921409214092141,0.9078590785907859
bioasq_train,evidence_uncertainty,0.11202466598150052,109,0.0921409214092141,0.9078590785907859
bioasq_train,evidence_uncertainty,0.1130524152106886,110,0.0921409214092141,0.9078590785907859
bioasq_train,evidence_uncertainty,0.11408016443987667,111,0.0921409214092141,0.9078590785907859
bioasq_train,evidence_uncertainty,0.11510791366906475,112,0.09214092140921408,0.907859078590786
bioasq_train,evidence_uncertainty,0.11613566289825282,113,0.0921409214092141,0.9078590785907859
bioasq_train,evidence_uncertainty,0.1171634121274409,114,0.0921409214092141,0.9078590785907859
bioasq_train,evidence_uncertainty,0.11819116135662898,115,0.0921409214092141,0.9078590785907859
bioasq_train,evidence_uncertainty,0.11921891058581706,116,0.0921409214092141,0.9078590785907859
bioasq_train,evidence_uncertainty,0.12024665981500514,117,0.0921409214092141,0.9078590785907859
bioasq_train,evidence_uncertainty,0.12127440904419322,118,0.0921409214092141,0.9078590785907859
bioasq_train,evidence_uncertainty,0.1223021582733813,119,0.0921409214092141,0.9078590785907859
bioasq_train,evidence_uncertainty,0.12332990750256938,120,0.0921409214092141,0.9078590785907859
bioasq_train,evidence_uncertainty,0.12435765673175746,121,0.0921409214092141,0.9078590785907859
bioasq_train,evidence_uncertainty,0.12538540596094552,122,0.0921409214092141,0.9078590785907859
bioasq_train,evidence_uncertainty,0.1264131551901336,123,0.0921409214092141,0.9078590785907859
bioasq_train,evidence_uncertainty,0.12744090441932168,124,0.0921409214092141,0.9078590785907859
bioasq_train,evidence_uncertainty,0.12846865364850976,125,0.0921409214092141,0.9078590785907859
bioasq_train,evidence_uncertainty,0.12949640287769784,126,0.0921409214092141,0.9078590785907859
bioasq_train,evidence_uncertainty,0.13052415210688592,127,0.0921409214092141,0.9078590785907859
bioasq_train,evidence_uncertainty,0.131551901336074,128,0.0921409214092141,0.9078590785907859
bioasq_train,evidence_uncertainty,0.13257965056526208,129,0.0921409214092141,0.9078590785907859
bioasq_train,evidence_uncertainty,0.13360739979445016,130,0.0921409214092141,0.9078590785907859
bioasq_train,evidence_uncertainty,0.13463514902363824,131,0.0921409214092141,0.9078590785907859
bioasq_train,evidence_uncertainty,0.13566289825282632,132,0.0921409214092141,0.9078590785907859
bioasq_train,evidence_uncertainty,0.1366906474820144,133,0.0921409214092141,0.9078590785907859
bioasq_train,evidence_uncertainty,0.13771839671120248,134,0.0921409214092141,0.9078590785907859
bioasq_train,evidence_uncertainty,0.13874614594039056,135,0.0921409214092141,0.9078590785907859
bioasq_train,evidence_uncertainty,0.1397738951695786,136,0.0921409214092141,0.9078590785907859
bioasq_train,evidence_uncertainty,0.1408016443987667,137,0.0921409214092141,0.9078590785907859
bioasq_train,evidence_uncertainty,0.14182939362795477,138,0.0921409214092141,0.9078590785907859
bioasq_train,evidence_uncertainty,0.14285714285714285,139,0.0921409214092141,0.9078590785907859
bioasq_train,evidence_uncertainty,0.14388489208633093,140,0.0921409214092141,0.9078590785907859
bioasq_train,evidence_uncertainty,0.144912641315519,141,0.0921409214092141,0.9078590785907859
bioasq_train,evidence_uncertainty,0.1459403905447071,142,0.0921409214092141,0.9078590785907859
bioasq_train,evidence_uncertainty,0.14696813977389517,143,0.0921409214092141,0.9078590785907859
bioasq_train,evidence_uncertainty,0.14799588900308325,144,0.0921409214092141,0.9078590785907859
bioasq_train,evidence_uncertainty,0.14902363823227133,145,0.0921409214092141,0.9078590785907859
bioasq_train,evidence_uncertainty,0.1500513874614594,146,0.0921409214092141,0.9078590785907859
bioasq_train,evidence_uncertainty,0.1510791366906475,147,0.0921409214092141,0.9078590785907859
bioasq_train,evidence_uncertainty,0.15210688591983557,148,0.0921409214092141,0.9078590785907859
bioasq_train,evidence_uncertainty,0.15313463514902365,149,0.0921409214092141,0.9078590785907859
bioasq_train,evidence_uncertainty,0.15416238437821173,150,0.0921409214092141,0.9078590785907859
bioasq_train,evidence_uncertainty,0.1551901336073998,151,0.0921409214092141,0.9078590785907859
bioasq_train,evidence_uncertainty,0.15621788283658788,152,0.0921409214092141,0.9078590785907859
bioasq_train,evidence_uncertainty,0.15724563206577596,153,0.0921409214092141,0.9078590785907859
bioasq_train,evidence_uncertainty,0.15827338129496402,154,0.0921409214092141,0.9078590785907859
bioasq_train,evidence_uncertainty,0.1593011305241521,155,0.0921409214092141,0.9078590785907859
bioasq_train,evidence_uncertainty,0.16032887975334018,156,0.0921409214092141,0.9078590785907859
bioasq_train,evidence_uncertainty,0.16135662898252826,157,0.0921409214092141,0.9078590785907859
bioasq_train,evidence_uncertainty,0.16238437821171633,158,0.0921409214092141,0.9078590785907859
bioasq_train,evidence_uncertainty,0.16341212744090441,159,0.0921409214092141,0.9078590785907859
bioasq_train,evidence_uncertainty,0.1644398766700925,160,0.0921409214092141,0.9078590785907859
bioasq_train,evidence_uncertainty,0.16546762589928057,161,0.0921409214092141,0.9078590785907859
bioasq_train,evidence_uncertainty,0.16649537512846865,162,0.0921409214092141,0.9078590785907859
bioasq_train,evidence_uncertainty,0.16752312435765673,163,0.0921409214092141,0.9078590785907859
bioasq_train,evidence_uncertainty,0.1685508735868448,164,0.0921409214092141,0.9078590785907859
bioasq_train,evidence_uncertainty,0.1695786228160329,165,0.0921409214092141,0.9078590785907859
bioasq_train,evidence_uncertainty,0.17060637204522097,166,0.0921409214092141,0.9078590785907859
bioasq_train,evidence_uncertainty,0.17163412127440905,167,0.0921409214092141,0.9078590785907859
bioasq_train,evidence_uncertainty,0.17266187050359713,168,0.0921409214092141,0.9078590785907859
bioasq_train,evidence_uncertainty,0.1736896197327852,169,0.0921409214092141,0.9078590785907859
bioasq_train,evidence_uncertainty,0.1747173689619733,170,0.0921409214092141,0.9078590785907859
bioasq_train,evidence_uncertainty,0.17574511819116137,171,0.0921409214092141,0.9078590785907859
bioasq_train,evidence_uncertainty,0.17677286742034942,172,0.0921409214092141,0.9078590785907859
bioasq_train,evidence_uncertainty,0.1778006166495375,173,0.0921409214092141,0.9078590785907859
bioasq_train,evidence_uncertainty,0.17882836587872558,174,0.09214092140921408,0.907859078590786
bioasq_train,evidence_uncertainty,0.17985611510791366,175,0.0921409214092141,0.9078590785907859
bioasq_train,evidence_uncertainty,0.18088386433710174,176,0.0921409214092141,0.9078590785907859
bioasq_train,evidence_uncertainty,0.18191161356628982,177,0.0921409214092141,0.9078590785907859
bioasq_train,evidence_uncertainty,0.1829393627954779,178,0.0921409214092141,0.9078590785907859
bioasq_train,evidence_uncertainty,0.18396711202466598,179,0.0921409214092141,0.9078590785907859
bioasq_train,evidence_uncertainty,0.18499486125385406,180,0.0921409214092141,0.9078590785907859
bioasq_train,evidence_uncertainty,0.18602261048304214,181,0.0921409214092141,0.9078590785907859
bioasq_train,evidence_uncertainty,0.18705035971223022,182,0.0921409214092141,0.9078590785907859
bioasq_train,evidence_uncertainty,0.1880781089414183,183,0.0921409214092141,0.9078590785907859
bioasq_train,evidence_uncertainty,0.18910585817060638,184,0.09214092140921411,0.9078590785907859
bioasq_train,evidence_uncertainty,0.19013360739979446,185,0.09214092140921411,0.9078590785907859
bioasq_train,evidence_uncertainty,0.19116135662898254,186,0.09214092140921408,0.907859078590786
bioasq_train,evidence_uncertainty,0.19218910585817062,187,0.09214092140921408,0.907859078590786
bioasq_train,evidence_uncertainty,0.1932168550873587,188,0.0921409214092141,0.9078590785907859
bioasq_train,evidence_uncertainty,0.19424460431654678,189,0.0921409214092141,0.9078590785907859
bioasq_train,evidence_uncertainty,0.19527235354573483,190,0.0921409214092141,0.9078590785907859
bioasq_train,evidence_uncertainty,0.1963001027749229,191,0.0921409214092141,0.9078590785907859
bioasq_train,evidence_uncertainty,0.197327852004111,192,0.0921409214092141,0.9078590785907859
bioasq_train,evidence_uncertainty,0.19835560123329907,193,0.0921409214092141,0.9078590785907859
bioasq_train,evidence_uncertainty,0.19938335046248715,194,0.0921409214092141,0.9078590785907859
bioasq_train,evidence_uncertainty,0.20041109969167523,195,0.0921409214092141,0.9078590785907859
bioasq_train,evidence_uncertainty,0.2014388489208633,196,0.0921409214092141,0.9078590785907859
bioasq_train,evidence_uncertainty,0.20246659815005139,197,0.09214092140921411,0.9078590785907859
bioasq_train,evidence_uncertainty,0.20349434737923947,198,0.09214092140921411,0.9078590785907859
bioasq_train,evidence_uncertainty,0.20452209660842754,199,0.09214092140921408,0.907859078590786
bioasq_train,evidence_uncertainty,0.20554984583761562,200,0.0921409214092141,0.9078590785907859
bioasq_train,evidence_uncertainty,0.2065775950668037,201,0.0921409214092141,0.9078590785907859
bioasq_train,evidence_uncertainty,0.20760534429599178,202,0.0921409214092141,0.9078590785907859
bioasq_train,evidence_uncertainty,0.20863309352517986,203,0.0921409214092141,0.9078590785907859
bioasq_train,evidence_uncertainty,0.20966084275436794,204,0.0921409214092141,0.9078590785907859
bioasq_train,evidence_uncertainty,0.21068859198355602,205,0.0921409214092141,0.9078590785907859
bioasq_train,evidence_uncertainty,0.2117163412127441,206,0.0921409214092141,0.9078590785907859
bioasq_train,evidence_uncertainty,0.21274409044193218,207,0.0921409214092141,0.9078590785907859
bioasq_train,evidence_uncertainty,0.21377183967112023,208,0.0921409214092141,0.9078590785907859
bioasq_train,evidence_uncertainty,0.2147995889003083,209,0.0921409214092141,0.9078590785907859
bioasq_train,evidence_uncertainty,0.2158273381294964,210,0.0921409214092141,0.9078590785907859
bioasq_train,evidence_uncertainty,0.21685508735868447,211,0.09214092140921411,0.9078590785907859
bioasq_train,evidence_uncertainty,0.21788283658787255,212,0.09214092140921408,0.907859078590786
bioasq_train,evidence_uncertainty,0.21891058581706063,213,0.0921409214092141,0.9078590785907859
bioasq_train,evidence_uncertainty,0.2199383350462487,214,0.0921409214092141,0.9078590785907859
bioasq_train,evidence_uncertainty,0.2209660842754368,215,0.0921409214092141,0.9078590785907859
bioasq_train,evidence_uncertainty,0.22199383350462487,216,0.0921409214092141,0.9078590785907859
bioasq_train,evidence_uncertainty,0.22302158273381295,217,0.0921409214092141,0.9078590785907859
bioasq_train,evidence_uncertainty,0.22404933196300103,218,0.0921409214092141,0.9078590785907859
bioasq_train,evidence_uncertainty,0.2250770811921891,219,0.0921409214092141,0.9078590785907859
bioasq_train,evidence_uncertainty,0.2261048304213772,220,0.0921409214092141,0.9078590785907859
bioasq_train,evidence_uncertainty,0.22713257965056527,221,0.0921409214092141,0.9078590785907859
bioasq_train,evidence_uncertainty,0.22816032887975335,222,0.0921409214092141,0.9078590785907859
bioasq_train,evidence_uncertainty,0.22918807810894143,223,0.0921409214092141,0.9078590785907859
bioasq_train,evidence_uncertainty,0.2302158273381295,224,0.09214092140921408,0.907859078590786
bioasq_train,evidence_uncertainty,0.2312435765673176,225,0.0921409214092141,0.9078590785907859
bioasq_train,evidence_uncertainty,0.23227132579650564,226,0.0921409214092141,0.9078590785907859
bioasq_train,evidence_uncertainty,0.23329907502569372,227,0.0921409214092141,0.9078590785907859
bioasq_train,evidence_uncertainty,0.2343268242548818,228,0.0921409214092141,0.9078590785907859
bioasq_train,evidence_uncertainty,0.23535457348406988,229,0.0921409214092141,0.9078590785907859
bioasq_train,evidence_uncertainty,0.23638232271325796,230,0.0921409214092141,0.9078590785907859
bioasq_train,evidence_uncertainty,0.23741007194244604,231,0.0921409214092141,0.9078590785907859
bioasq_train,evidence_uncertainty,0.23843782117163412,232,0.0921409214092141,0.9078590785907859
bioasq_train,evidence_uncertainty,0.2394655704008222,233,0.0921409214092141,0.9078590785907859
bioasq_train,evidence_uncertainty,0.24049331963001028,234,0.0921409214092141,0.9078590785907859
bioasq_train,evidence_uncertainty,0.24152106885919836,235,0.0921409214092141,0.9078590785907859
bioasq_train,evidence_uncertainty,0.24254881808838644,236,0.0921409214092141,0.9078590785907859
bioasq_train,evidence_uncertainty,0.24357656731757452,237,0.09214092140921408,0.907859078590786
bioasq_train,evidence_uncertainty,0.2446043165467626,238,0.0921409214092141,0.9078590785907859
bioasq_train,evidence_uncertainty,0.24563206577595068,239,0.0921409214092141,0.9078590785907859
bioasq_train,evidence_uncertainty,0.24665981500513876,240,0.0921409214092141,0.9078590785907859
bioasq_train,evidence_uncertainty,0.24768756423432683,241,0.0921409214092141,0.9078590785907859
bioasq_train,evidence_uncertainty,0.24871531346351491,242,0.0921409214092141,0.9078590785907859
bioasq_train,evidence_uncertainty,0.249743062692703,243,0.0921409214092141,0.9078590785907859
bioasq_train,evidence_uncertainty,0.25077081192189105,244,0.0921409214092141,0.9078590785907859
bioasq_train,evidence_uncertainty,0.2517985611510791,245,0.0921409214092141,0.9078590785907859
bioasq_train,evidence_uncertainty,0.2528263103802672,246,0.0921409214092141,0.9078590785907859
bioasq_train,evidence_uncertainty,0.2538540596094553,247,0.0921409214092141,0.9078590785907859
bioasq_train,evidence_uncertainty,0.25488180883864336,248,0.0921409214092141,0.9078590785907859
bioasq_train,evidence_uncertainty,0.25590955806783144,249,0.0921409214092141,0.9078590785907859
bioasq_train,evidence_uncertainty,0.2569373072970195,250,0.0921409214092141,0.9078590785907859
bioasq_train,evidence_uncertainty,0.2579650565262076,251,0.0921409214092141,0.9078590785907859
bioasq_train,evidence_uncertainty,0.2589928057553957,252,0.0921409214092141,0.9078590785907859
bioasq_train,evidence_uncertainty,0.26002055498458376,253,0.0921409214092141,0.9078590785907859
bioasq_train,evidence_uncertainty,0.26104830421377184,254,0.0921409214092141,0.9078590785907859
bioasq_train,evidence_uncertainty,0.2620760534429599,255,0.0921409214092141,0.9078590785907859
bioasq_train,evidence_uncertainty,0.263103802672148,256,0.0921409214092141,0.9078590785907859
bioasq_train,evidence_uncertainty,0.2641315519013361,257,0.0921409214092141,0.9078590785907859
bioasq_train,evidence_uncertainty,0.26515930113052416,258,0.0921409214092141,0.9078590785907859
bioasq_train,evidence_uncertainty,0.26618705035971224,259,0.0921409214092141,0.9078590785907859
bioasq_train,evidence_uncertainty,0.2672147995889003,260,0.0921409214092141,0.9078590785907859
bioasq_train,evidence_uncertainty,0.2682425488180884,261,0.0921409214092141,0.9078590785907859
bioasq_train,evidence_uncertainty,0.2692702980472765,262,0.0921409214092141,0.9078590785907859
bioasq_train,evidence_uncertainty,0.27029804727646456,263,0.0921409214092141,0.9078590785907859
bioasq_train,evidence_uncertainty,0.27132579650565264,264,0.0921409214092141,0.9078590785907859
bioasq_train,evidence_uncertainty,0.2723535457348407,265,0.0921409214092141,0.9078590785907859
bioasq_train,evidence_uncertainty,0.2733812949640288,266,0.0921409214092141,0.9078590785907859
bioasq_train,evidence_uncertainty,0.2744090441932169,267,0.0921409214092141,0.9078590785907859
bioasq_train,evidence_uncertainty,0.27543679342240496,268,0.0921409214092141,0.9078590785907859
bioasq_train,evidence_uncertainty,0.27646454265159304,269,0.0921409214092141,0.9078590785907859
bioasq_train,evidence_uncertainty,0.2774922918807811,270,0.0921409214092141,0.9078590785907859
bioasq_train,evidence_uncertainty,0.27852004110996914,271,0.0921409214092141,0.9078590785907859
bioasq_train,evidence_uncertainty,0.2795477903391572,272,0.0921409214092141,0.9078590785907859
bioasq_train,evidence_uncertainty,0.2805755395683453,273,0.0921409214092141,0.9078590785907859
bioasq_train,evidence_uncertainty,0.2816032887975334,274,0.0921409214092141,0.9078590785907859
bioasq_train,evidence_uncertainty,0.28263103802672146,275,0.0921409214092141,0.9078590785907859
bioasq_train,evidence_uncertainty,0.28365878725590954,276,0.0921409214092141,0.9078590785907859
bioasq_train,evidence_uncertainty,0.2846865364850976,277,0.0921409214092141,0.9078590785907859
bioasq_train,evidence_uncertainty,0.2857142857142857,278,0.0921409214092141,0.9078590785907859
bioasq_train,evidence_uncertainty,0.2867420349434738,279,0.0921409214092141,0.9078590785907859
bioasq_train,evidence_uncertainty,0.28776978417266186,280,0.0921409214092141,0.9078590785907859
bioasq_train,evidence_uncertainty,0.28879753340184994,281,0.0921409214092141,0.9078590785907859
bioasq_train,evidence_uncertainty,0.289825282631038,282,0.0921409214092141,0.9078590785907859
bioasq_train,evidence_uncertainty,0.2908530318602261,283,0.0921409214092141,0.9078590785907859
bioasq_train,evidence_uncertainty,0.2918807810894142,284,0.0921409214092141,0.9078590785907859
bioasq_train,evidence_uncertainty,0.29290853031860226,285,0.0921409214092141,0.9078590785907859
bioasq_train,evidence_uncertainty,0.29393627954779034,286,0.0921409214092141,0.9078590785907859
bioasq_train,evidence_uncertainty,0.2949640287769784,287,0.0921409214092141,0.9078590785907859
bioasq_train,evidence_uncertainty,0.2959917780061665,288,0.0921409214092141,0.9078590785907859
bioasq_train,evidence_uncertainty,0.2970195272353546,289,0.0921409214092141,0.9078590785907859
bioasq_train,evidence_uncertainty,0.29804727646454265,290,0.0921409214092141,0.9078590785907859
bioasq_train,evidence_uncertainty,0.29907502569373073,291,0.0921409214092141,0.9078590785907859
bioasq_train,evidence_uncertainty,0.3001027749229188,292,0.0921409214092141,0.9078590785907859
bioasq_train,evidence_uncertainty,0.3011305241521069,293,0.0921409214092141,0.9078590785907859
bioasq_train,evidence_uncertainty,0.302158273381295,294,0.0921409214092141,0.9078590785907859
bioasq_train,evidence_uncertainty,0.30318602261048305,295,0.0921409214092141,0.9078590785907859
bioasq_train,evidence_uncertainty,0.30421377183967113,296,0.0921409214092141,0.9078590785907859
bioasq_train,evidence_uncertainty,0.3052415210688592,297,0.0921409214092141,0.9078590785907859
bioasq_train,evidence_uncertainty,0.3062692702980473,298,0.0921409214092141,0.9078590785907859
bioasq_train,evidence_uncertainty,0.30729701952723537,299,0.0921409214092141,0.9078590785907859
bioasq_train,evidence_uncertainty,0.30832476875642345,300,0.0921409214092141,0.9078590785907859
bioasq_train,evidence_uncertainty,0.30935251798561153,301,0.0921409214092141,0.9078590785907859
bioasq_train,evidence_uncertainty,0.3103802672147996,302,0.0921409214092141,0.9078590785907859
bioasq_train,evidence_uncertainty,0.3114080164439877,303,0.0921409214092141,0.9078590785907859
bioasq_train,evidence_uncertainty,0.31243576567317577,304,0.0921409214092141,0.9078590785907859
bioasq_train,evidence_uncertainty,0.31346351490236385,305,0.0921409214092141,0.9078590785907859
bioasq_train,evidence_uncertainty,0.31449126413155193,306,0.0921409214092141,0.9078590785907859
bioasq_train,evidence_uncertainty,0.31551901336073995,307,0.0921409214092141,0.9078590785907859
bioasq_train,evidence_uncertainty,0.31654676258992803,308,0.0921409214092141,0.9078590785907859
bioasq_train,evidence_uncertainty,0.3175745118191161,309,0.0921409214092141,0.9078590785907859
bioasq_train,evidence_uncertainty,0.3186022610483042,310,0.0921409214092141,0.9078590785907859
bioasq_train,evidence_uncertainty,0.31963001027749227,311,0.0921409214092141,0.9078590785907859
bioasq_train,evidence_uncertainty,0.32065775950668035,312,0.0921409214092141,0.9078590785907859
bioasq_train,evidence_uncertainty,0.32168550873586843,313,0.0921409214092141,0.9078590785907859
bioasq_train,evidence_uncertainty,0.3227132579650565,314,0.0921409214092141,0.9078590785907859
bioasq_train,evidence_uncertainty,0.3237410071942446,315,0.0921409214092141,0.9078590785907859
bioasq_train,evidence_uncertainty,0.32476875642343267,316,0.0921409214092141,0.9078590785907859
bioasq_train,evidence_uncertainty,0.32579650565262075,317,0.0921409214092141,0.9078590785907859
bioasq_train,evidence_uncertainty,0.32682425488180883,318,0.0921409214092141,0.9078590785907859
bioasq_train,evidence_uncertainty,0.3278520041109969,319,0.0921409214092141,0.9078590785907859
bioasq_train,evidence_uncertainty,0.328879753340185,320,0.0921409214092141,0.9078590785907859
bioasq_train,evidence_uncertainty,0.32990750256937307,321,0.0921409214092141,0.9078590785907859
bioasq_train,evidence_uncertainty,0.33093525179856115,322,0.0921409214092141,0.9078590785907859
bioasq_train,evidence_uncertainty,0.3319630010277492,323,0.0921409214092141,0.9078590785907859
bioasq_train,evidence_uncertainty,0.3329907502569373,324,0.0921409214092141,0.9078590785907859
bioasq_train,evidence_uncertainty,0.3340184994861254,325,0.0921409214092141,0.9078590785907859
bioasq_train,evidence_uncertainty,0.33504624871531347,326,0.0921409214092141,0.9078590785907859
bioasq_train,evidence_uncertainty,0.33607399794450155,327,0.0921409214092141,0.9078590785907859
bioasq_train,evidence_uncertainty,0.3371017471736896,328,0.0921409214092141,0.9078590785907859
bioasq_train,evidence_uncertainty,0.3381294964028777,329,0.0921409214092141,0.9078590785907859
bioasq_train,evidence_uncertainty,0.3391572456320658,330,0.0921409214092141,0.9078590785907859
bioasq_train,evidence_uncertainty,0.34018499486125386,331,0.0921409214092141,0.9078590785907859
bioasq_train,evidence_uncertainty,0.34121274409044194,332,0.0921409214092141,0.9078590785907859
bioasq_train,evidence_uncertainty,0.34224049331963,333,0.0921409214092141,0.9078590785907859
bioasq_train,evidence_uncertainty,0.3432682425488181,334,0.0921409214092141,0.9078590785907859
bioasq_train,evidence_uncertainty,0.3442959917780062,335,0.0921409214092141,0.9078590785907859
bioasq_train,evidence_uncertainty,0.34532374100719426,336,0.0921409214092141,0.9078590785907859
bioasq_train,evidence_uncertainty,0.34635149023638234,337,0.0921409214092141,0.9078590785907859
bioasq_train,evidence_uncertainty,0.3473792394655704,338,0.0921409214092141,0.9078590785907859
bioasq_train,evidence_uncertainty,0.3484069886947585,339,0.0921409214092141,0.9078590785907859
bioasq_train,evidence_uncertainty,0.3494347379239466,340,0.0921409214092141,0.9078590785907859
bioasq_train,evidence_uncertainty,0.35046248715313466,341,0.0921409214092141,0.9078590785907859
bioasq_train,evidence_uncertainty,0.35149023638232274,342,0.0921409214092141,0.9078590785907859
bioasq_train,evidence_uncertainty,0.35251798561151076,343,0.0921409214092141,0.9078590785907859
bioasq_train,evidence_uncertainty,0.35354573484069884,344,0.0921409214092141,0.9078590785907859
bioasq_train,evidence_uncertainty,0.3545734840698869,345,0.0921409214092141,0.9078590785907859
bioasq_train,evidence_uncertainty,0.355601233299075,346,0.0921409214092141,0.9078590785907859
bioasq_train,evidence_uncertainty,0.3566289825282631,347,0.0921409214092141,0.9078590785907859
bioasq_train,evidence_uncertainty,0.35765673175745116,348,0.09214092140921408,0.907859078590786
bioasq_train,evidence_uncertainty,0.35868448098663924,349,0.0921409214092141,0.9078590785907859
bioasq_train,evidence_uncertainty,0.3597122302158273,350,0.0921409214092141,0.9078590785907859
bioasq_train,evidence_uncertainty,0.3607399794450154,351,0.0921409214092141,0.9078590785907859
bioasq_train,evidence_uncertainty,0.3617677286742035,352,0.0921409214092141,0.9078590785907859
bioasq_train,evidence_uncertainty,0.36279547790339156,353,0.0921409214092141,0.9078590785907859
bioasq_train,evidence_uncertainty,0.36382322713257964,354,0.0921409214092141,0.9078590785907859
bioasq_train,evidence_uncertainty,0.3648509763617677,355,0.09214092140921411,0.9078590785907859
bioasq_train,evidence_uncertainty,0.3658787255909558,356,0.0921409214092141,0.9078590785907859
bioasq_train,evidence_uncertainty,0.3669064748201439,357,0.09214092140921411,0.9078590785907859
bioasq_train,evidence_uncertainty,0.36793422404933196,358,0.0921409214092141,0.9078590785907859
bioasq_train,evidence_uncertainty,0.36896197327852004,359,0.09214092140921408,0.907859078590786
bioasq_train,evidence_uncertainty,0.3699897225077081,360,0.0921409214092141,0.9078590785907859
bioasq_train,evidence_uncertainty,0.3710174717368962,361,0.09214092140921408,0.907859078590786
bioasq_train,evidence_uncertainty,0.3720452209660843,362,0.0921409214092141,0.9078590785907859
bioasq_train,evidence_uncertainty,0.37307297019527236,363,0.0921409214092141,0.9078590785907859
bioasq_train,evidence_uncertainty,0.37410071942446044,364,0.0921409214092141,0.9078590785907859
bioasq_train,evidence_uncertainty,0.3751284686536485,365,0.0921409214092141,0.9078590785907859
bioasq_train,evidence_uncertainty,0.3761562178828366,366,0.0921409214092141,0.9078590785907859
bioasq_train,evidence_uncertainty,0.3771839671120247,367,0.0921409214092141,0.9078590785907859
bioasq_train,evidence_uncertainty,0.37821171634121276,368,0.09214092140921411,0.9078590785907859
bioasq_train,evidence_uncertainty,0.37923946557040084,369,0.0921409214092141,0.9078590785907859
bioasq_train,evidence_uncertainty,0.3802672147995889,370,0.0945945945945946,0.9054054054054054
bioasq_train,evidence_uncertainty,0.381294964028777,371,0.09433962264150944,0.9056603773584906
bioasq_train,evidence_uncertainty,0.3823227132579651,372,0.09408602150537634,0.9059139784946236
bioasq_train,evidence_uncertainty,0.38335046248715315,373,0.0938337801608579,0.9061662198391421
bioasq_train,evidence_uncertainty,0.38437821171634123,374,0.09358288770053476,0.9064171122994652
bioasq_train,evidence_uncertainty,0.3854059609455293,375,0.09333333333333334,0.9066666666666666
bioasq_train,evidence_uncertainty,0.3864337101747174,376,0.09308510638297872,0.9069148936170213
bioasq_train,evidence_uncertainty,0.3874614594039055,377,0.09283819628647215,0.9071618037135278
bioasq_train,evidence_uncertainty,0.38848920863309355,378,0.09259259259259259,0.9074074074074074
bioasq_train,evidence_uncertainty,0.3895169578622816,379,0.09322779243623572,0.9067722075637643
bioasq_train,evidence_uncertainty,0.39054470709146966,380,0.09385964912280702,0.906140350877193
bioasq_train,evidence_uncertainty,0.39157245632065774,381,0.09448818897637795,0.905511811023622
bioasq_train,evidence_uncertainty,0.3926002055498458,382,0.09424083769633508,0.9057591623036649
bioasq_train,evidence_uncertainty,0.3936279547790339,383,0.09399477806788512,0.9060052219321149
bioasq_train,evidence_uncertainty,0.394655704008222,384,0.09375,0.90625
bioasq_train,evidence_uncertainty,0.39568345323741005,385,0.09350649350649351,0.9064935064935065
bioasq_train,evidence_uncertainty,0.39671120246659813,386,0.09326424870466321,0.9067357512953368
bioasq_train,evidence_uncertainty,0.3977389516957862,387,0.09302325581395349,0.9069767441860466
bioasq_train,evidence_uncertainty,0.3987667009249743,388,0.09278350515463918,0.9072164948453608
bioasq_train,evidence_uncertainty,0.3997944501541624,389,0.09254498714652956,0.9074550128534704
bioasq_train,evidence_uncertainty,0.40082219938335045,390,0.09230769230769231,0.9076923076923077
bioasq_train,evidence_uncertainty,0.40184994861253853,391,0.09207161125319693,0.907928388746803
bioasq_train,evidence_uncertainty,0.4028776978417266,392,0.09183673469387756,0.9081632653061225
bioasq_train,evidence_uncertainty,0.4039054470709147,393,0.0916030534351145,0.9083969465648855
bioasq_train,evidence_uncertainty,0.40493319630010277,394,0.09137055837563451,0.9086294416243654
bioasq_train,evidence_uncertainty,0.40596094552929085,395,0.09113924050632911,0.9088607594936708
bioasq_train,evidence_uncertainty,0.40698869475847893,396,0.09090909090909091,0.9090909090909091
bioasq_train,evidence_uncertainty,0.408016443987667,397,0.0906801007556675,0.9093198992443325
bioasq_train,evidence_uncertainty,0.4090441932168551,398,0.09045226130653267,0.9095477386934674
bioasq_train,evidence_uncertainty,0.41007194244604317,399,0.09022556390977443,0.9097744360902256
bioasq_train,evidence_uncertainty,0.41109969167523125,400,0.09,0.91
bioasq_train,evidence_uncertainty,0.41212744090441933,401,0.09226932668329177,0.9077306733167082
bioasq_train,evidence_uncertainty,0.4131551901336074,402,0.09203980099502487,0.9079601990049752
bioasq_train,evidence_uncertainty,0.4141829393627955,403,0.09181141439205956,0.9081885856079405
bioasq_train,evidence_uncertainty,0.41521068859198357,404,0.09199669966996699,0.908003300330033
bioasq_train,evidence_uncertainty,0.41623843782117165,405,0.09218106995884774,0.9078189300411522
bioasq_train,evidence_uncertainty,0.4172661870503597,406,0.09236453201970443,0.9076354679802956
bioasq_train,evidence_uncertainty,0.4182939362795478,407,0.09254709254709254,0.9074529074529074
bioasq_train,evidence_uncertainty,0.4193216855087359,408,0.09272875816993464,0.9072712418300654
bioasq_train,evidence_uncertainty,0.42034943473792397,409,0.09290953545232274,0.9070904645476773
bioasq_train,evidence_uncertainty,0.42137718396711205,410,0.09268292682926829,0.9073170731707317
bioasq_train,evidence_uncertainty,0.4224049331963001,411,0.09245742092457421,0.9075425790754258
bioasq_train,evidence_uncertainty,0.4234326824254882,412,0.09223300970873786,0.9077669902912622
bioasq_train,evidence_uncertainty,0.4244604316546763,413,0.09200968523002422,0.9079903147699758
bioasq_train,evidence_uncertainty,0.42548818088386436,414,0.09178743961352658,0.9082125603864735
bioasq_train,evidence_uncertainty,0.4265159301130524,415,0.09225473321858864,0.9077452667814113
bioasq_train,evidence_uncertainty,0.42754367934224047,416,0.09271978021978021,0.9072802197802198
bioasq_train,evidence_uncertainty,0.42857142857142855,417,0.09318259677971907,0.9068174032202809
bioasq_train,evidence_uncertainty,0.4295991778006166,418,0.0936431989063568,0.9063568010936431
bioasq_train,evidence_uncertainty,0.4306269270298047,419,0.09410160245482442,0.9058983975451755
bioasq_train,evidence_uncertainty,0.4316546762589928,420,0.0945578231292517,0.9054421768707483
bioasq_train,evidence_uncertainty,0.43268242548818087,421,0.09501187648456057,0.9049881235154394
bioasq_train,evidence_uncertainty,0.43371017471736895,422,0.0971563981042654,0.9028436018957346
bioasq_train,evidence_uncertainty,0.434737923946557,423,0.09692671394799054,0.9030732860520094
bioasq_train,evidence_uncertainty,0.4357656731757451,424,0.09669811320754718,0.9033018867924528
bioasq_train,evidence_uncertainty,0.4367934224049332,425,0.09647058823529411,0.9035294117647059
bioasq_train,evidence_uncertainty,0.43782117163412126,426,0.09624413145539906,0.903755868544601
bioasq_train,evidence_uncertainty,0.43884892086330934,427,0.09601873536299765,0.9039812646370023
bioasq_train,evidence_uncertainty,0.4398766700924974,428,0.09579439252336448,0.9042056074766355
bioasq_train,evidence_uncertainty,0.4409044193216855,429,0.09557109557109557,0.9044289044289044
bioasq_train,evidence_uncertainty,0.4419321685508736,430,0.09534883720930233,0.9046511627906977
bioasq_train,evidence_uncertainty,0.44295991778006166,431,0.0951276102088167,0.9048723897911833
bioasq_train,evidence_uncertainty,0.44398766700924974,432,0.09490740740740741,0.9050925925925926
bioasq_train,evidence_uncertainty,0.4450154162384378,433,0.09468822170900693,0.9053117782909931
bioasq_train,evidence_uncertainty,0.4460431654676259,434,0.0944700460829493,0.9055299539170507
bioasq_train,evidence_uncertainty,0.447070914696814,435,0.09425287356321839,0.9057471264367816
bioasq_train,evidence_uncertainty,0.44809866392600206,436,0.09403669724770643,0.9059633027522935
bioasq_train,evidence_uncertainty,0.44912641315519014,437,0.09382151029748284,0.9061784897025171
bioasq_train,evidence_uncertainty,0.4501541623843782,438,0.09360730593607305,0.906392694063927
bioasq_train,evidence_uncertainty,0.4511819116135663,439,0.09339407744874716,0.9066059225512528
bioasq_train,evidence_uncertainty,0.4522096608427544,440,0.09318181818181819,0.9068181818181819
bioasq_train,evidence_uncertainty,0.45323741007194246,441,0.09297052154195011,0.9070294784580499
bioasq_train,evidence_uncertainty,0.45426515930113054,442,0.09276018099547512,0.9072398190045249
bioasq_train,evidence_uncertainty,0.4552929085303186,443,0.09255079006772009,0.90744920993228
bioasq_train,evidence_uncertainty,0.4563206577595067,444,0.09234234234234234,0.9076576576576576
bioasq_train,evidence_uncertainty,0.4573484069886948,445,0.09213483146067415,0.9078651685393259
bioasq_train,evidence_uncertainty,0.45837615621788286,446,0.09192825112107623,0.9080717488789237
bioasq_train,evidence_uncertainty,0.45940390544707094,447,0.09395973154362416,0.9060402684563759
bioasq_train,evidence_uncertainty,0.460431654676259,448,0.09375,0.90625
bioasq_train,evidence_uncertainty,0.4614594039054471,449,0.0935412026726058,0.9064587973273942
bioasq_train,evidence_uncertainty,0.4624871531346352,450,0.09333333333333334,0.9066666666666666
bioasq_train,evidence_uncertainty,0.4635149023638232,451,0.093569844789357,0.906430155210643
bioasq_train,evidence_uncertainty,0.4645426515930113,452,0.09380530973451327,0.9061946902654867
bioasq_train,evidence_uncertainty,0.46557040082219936,453,0.09403973509933775,0.9059602649006623
bioasq_train,evidence_uncertainty,0.46659815005138744,454,0.09427312775330396,0.905726872246696
bioasq_train,evidence_uncertainty,0.4676258992805755,455,0.0945054945054945,0.9054945054945055
bioasq_train,evidence_uncertainty,0.4686536485097636,456,0.09429824561403509,0.9057017543859649
bioasq_train,evidence_uncertainty,0.4696813977389517,457,0.09409190371991247,0.9059080962800875
bioasq_train,evidence_uncertainty,0.47070914696813976,458,0.09388646288209607,0.9061135371179039
bioasq_train,evidence_uncertainty,0.47173689619732784,459,0.09368191721132897,0.906318082788671
bioasq_train,evidence_uncertainty,0.4727646454265159,460,0.09347826086956522,0.9065217391304348
bioasq_train,evidence_uncertainty,0.473792394655704,461,0.09327548806941431,0.9067245119305857
bioasq_train,evidence_uncertainty,0.4748201438848921,462,0.09307359307359307,0.9069264069264069
bioasq_train,evidence_uncertainty,0.47584789311408016,463,0.0939524838012959,0.906047516198704
bioasq_train,evidence_uncertainty,0.47687564234326824,464,0.09482758620689655,0.9051724137931034
bioasq_train,evidence_uncertainty,0.4779033915724563,465,0.09462365591397849,0.9053763440860215
bioasq_train,evidence_uncertainty,0.4789311408016444,466,0.0944206008583691,0.9055793991416309
bioasq_train,evidence_uncertainty,0.4799588900308325,467,0.09421841541755889,0.9057815845824411
bioasq_train,evidence_uncertainty,0.48098663926002055,468,0.09401709401709402,0.905982905982906
bioasq_train,evidence_uncertainty,0.48201438848920863,469,0.09381663113006397,0.906183368869936
bioasq_train,evidence_uncertainty,0.4830421377183967,470,0.09361702127659574,0.9063829787234042
bioasq_train,evidence_uncertainty,0.4840698869475848,471,0.09341825902335456,0.9065817409766455
bioasq_train,evidence_uncertainty,0.4850976361767729,472,0.09322033898305085,0.9067796610169492
bioasq_train,evidence_uncertainty,0.48612538540596095,473,0.09513742071881606,0.904862579281184
bioasq_train,evidence_uncertainty,0.48715313463514903,474,0.0949367088607595,0.9050632911392404
bioasq_train,evidence_uncertainty,0.4881808838643371,475,0.09473684210526316,0.9052631578947369
bioasq_train,evidence_uncertainty,0.4892086330935252,476,0.09453781512605042,0.9054621848739496
bioasq_train,evidence_uncertainty,0.49023638232271327,477,0.09433962264150944,0.9056603773584906
bioasq_train,evidence_uncertainty,0.49126413155190135,478,0.09414225941422594,0.9058577405857741
bioasq_train,evidence_uncertainty,0.49229188078108943,479,0.09394572025052192,0.906054279749478
bioasq_train,evidence_uncertainty,0.4933196300102775,480,0.09375,0.90625
bioasq_train,evidence_uncertainty,0.4943473792394656,481,0.09355509355509356,0.9064449064449065
bioasq_train,evidence_uncertainty,0.49537512846865367,482,0.09336099585062241,0.9066390041493776
bioasq_train,evidence_uncertainty,0.49640287769784175,483,0.09316770186335403,0.906832298136646
bioasq_train,evidence_uncertainty,0.49743062692702983,484,0.09297520661157024,0.9070247933884298
bioasq_train,evidence_uncertainty,0.4984583761562179,485,0.09278350515463918,0.9072164948453608
bioasq_train,evidence_uncertainty,0.499486125385406,486,0.09259259259259259,0.9074074074074074
bioasq_train,evidence_uncertainty,0.5005138746145941,487,0.09240246406570841,0.9075975359342916
bioasq_train,evidence_uncertainty,0.5015416238437821,488,0.0942622950819672,0.9057377049180328
bioasq_train,evidence_uncertainty,0.5025693730729702,489,0.09406952965235174,0.9059304703476483
bioasq_train,evidence_uncertainty,0.5035971223021583,490,0.09387755102040816,0.9061224489795918
bioasq_train,evidence_uncertainty,0.5046248715313464,491,0.09368635437881874,0.9063136456211812
bioasq_train,evidence_uncertainty,0.5056526207605344,492,0.09349593495934959,0.9065040650406504
bioasq_train,evidence_uncertainty,0.5066803699897225,493,0.09330628803245436,0.9066937119675457
bioasq_train,evidence_uncertainty,0.5077081192189106,494,0.0931174089068826,0.9068825910931174
bioasq_train,evidence_uncertainty,0.5087358684480987,495,0.09292929292929293,0.907070707070707
bioasq_train,evidence_uncertainty,0.5097636176772867,496,0.09274193548387097,0.907258064516129
bioasq_train,evidence_uncertainty,0.5107913669064749,497,0.0925553319919517,0.9074446680080483
bioasq_train,evidence_uncertainty,0.5118191161356629,498,0.09236947791164658,0.9076305220883534
bioasq_train,evidence_uncertainty,0.512846865364851,499,0.09218436873747494,0.9078156312625251
bioasq_train,evidence_uncertainty,0.513874614594039,500,0.092,0.908
bioasq_train,evidence_uncertainty,0.5149023638232272,501,0.09181636726546906,0.908183632734531
bioasq_train,evidence_uncertainty,0.5159301130524152,502,0.09163346613545817,0.9083665338645418
bioasq_train,evidence_uncertainty,0.5169578622816033,503,0.09145129224652088,0.9085487077534791
bioasq_train,evidence_uncertainty,0.5179856115107914,504,0.09126984126984126,0.9087301587301587
bioasq_train,evidence_uncertainty,0.5190133607399794,505,0.09306930693069307,0.906930693069307
bioasq_train,evidence_uncertainty,0.5200411099691675,506,0.09288537549407115,0.9071146245059288
bioasq_train,evidence_uncertainty,0.5210688591983555,507,0.09270216962524655,0.9072978303747534
bioasq_train,evidence_uncertainty,0.5220966084275437,508,0.09251968503937008,0.9074803149606299
bioasq_train,evidence_uncertainty,0.5231243576567317,509,0.09430255402750491,0.9056974459724951
bioasq_train,evidence_uncertainty,0.5241521068859198,510,0.09411764705882353,0.9058823529411765
bioasq_train,evidence_uncertainty,0.5251798561151079,511,0.09393346379647749,0.9060665362035225
bioasq_train,evidence_uncertainty,0.526207605344296,512,0.095703125,0.904296875
bioasq_train,evidence_uncertainty,0.527235354573484,513,0.09551656920077972,0.9044834307992202
bioasq_train,evidence_uncertainty,0.5282631038026722,514,0.09533073929961089,0.9046692607003891
bioasq_train,evidence_uncertainty,0.5292908530318602,515,0.09514563106796116,0.9048543689320389
bioasq_train,evidence_uncertainty,0.5303186022610483,516,0.09496124031007752,0.9050387596899225
bioasq_train,evidence_uncertainty,0.5313463514902363,517,0.09477756286266925,0.9052224371373307
bioasq_train,evidence_uncertainty,0.5323741007194245,518,0.09652509652509653,0.9034749034749034
bioasq_train,evidence_uncertainty,0.5334018499486125,519,0.09826589595375723,0.9017341040462428
bioasq_train,evidence_uncertainty,0.5344295991778006,520,0.09807692307692308,0.9019230769230769
bioasq_train,evidence_uncertainty,0.5354573484069887,521,0.09788867562380038,0.9021113243761996
bioasq_train,evidence_uncertainty,0.5364850976361768,522,0.09770114942528736,0.9022988505747126
bioasq_train,evidence_uncertainty,0.5375128468653648,523,0.09751434034416825,0.9024856596558317
bioasq_train,evidence_uncertainty,0.538540596094553,524,0.09732824427480916,0.9026717557251909
bioasq_train,evidence_uncertainty,0.539568345323741,525,0.09714285714285714,0.9028571428571428
bioasq_train,evidence_uncertainty,0.5405960945529291,526,0.09695817490494296,0.903041825095057
bioasq_train,evidence_uncertainty,0.5416238437821171,527,0.0967741935483871,0.9032258064516129
bioasq_train,evidence_uncertainty,0.5426515930113053,528,0.09659090909090909,0.9034090909090909
bioasq_train,evidence_uncertainty,0.5436793422404933,529,0.09640831758034027,0.9035916824196597
bioasq_train,evidence_uncertainty,0.5447070914696814,530,0.09622641509433963,0.9037735849056604
bioasq_train,evidence_uncertainty,0.5457348406988695,531,0.09792843691148775,0.9020715630885122
bioasq_train,evidence_uncertainty,0.5467625899280576,532,0.09774436090225563,0.9022556390977443
bioasq_train,evidence_uncertainty,0.5477903391572456,533,0.0975609756097561,0.9024390243902439
bioasq_train,evidence_uncertainty,0.5488180883864338,534,0.09737827715355805,0.9026217228464419
bioasq_train,evidence_uncertainty,0.5498458376156218,535,0.09719626168224299,0.902803738317757
bioasq_train,evidence_uncertainty,0.5508735868448099,536,0.09701492537313433,0.9029850746268657
bioasq_train,evidence_uncertainty,0.5519013360739979,537,0.09869646182495345,0.9013035381750465
bioasq_train,evidence_uncertainty,0.5529290853031861,538,0.09851301115241635,0.9014869888475836
bioasq_train,evidence_uncertainty,0.5539568345323741,539,0.09833024118738404,0.9016697588126159
bioasq_train,evidence_uncertainty,0.5549845837615622,540,0.09814814814814815,0.9018518518518519
bioasq_train,evidence_uncertainty,0.5560123329907503,541,0.09796672828096119,0.9020332717190388
bioasq_train,evidence_uncertainty,0.5570400822199383,542,0.09778597785977859,0.9022140221402214
bioasq_train,evidence_uncertainty,0.5580678314491264,543,0.09760589318600368,0.9023941068139963
bioasq_train,evidence_uncertainty,0.5590955806783144,544,0.0974264705882353,0.9025735294117647
bioasq_train,evidence_uncertainty,0.5601233299075026,545,0.09724770642201835,0.9027522935779817
bioasq_train,evidence_uncertainty,0.5611510791366906,546,0.09706959706959707,0.9029304029304029
bioasq_train,evidence_uncertainty,0.5621788283658787,547,0.09689213893967093,0.903107861060329
bioasq_train,evidence_uncertainty,0.5632065775950668,548,0.09671532846715329,0.9032846715328468
bioasq_train,evidence_uncertainty,0.5642343268242549,549,0.0965391621129326,0.9034608378870674
bioasq_train,evidence_uncertainty,0.5652620760534429,550,0.09676767676767677,0.9032323232323233
bioasq_train,evidence_uncertainty,0.566289825282631,551,0.09699536196813874,0.9030046380318613
bioasq_train,evidence_uncertainty,0.5673175745118191,552,0.09722222222222222,0.9027777777777778
bioasq_train,evidence_uncertainty,0.5683453237410072,553,0.09744826200522402,0.902551737994776
bioasq_train,evidence_uncertainty,0.5693730729701952,554,0.09767348576012837,0.9023265142398716
bioasq_train,evidence_uncertainty,0.5704008221993834,555,0.0978978978978979,0.9021021021021021
bioasq_train,evidence_uncertainty,0.5714285714285714,556,0.09812150279776179,0.9018784972022382
bioasq_train,evidence_uncertainty,0.5724563206577595,557,0.0983443048075005,0.9016556951924994
bioasq_train,evidence_uncertainty,0.5734840698869476,558,0.0985663082437276,0.9014336917562724
bioasq_train,evidence_uncertainty,0.5745118191161357,559,0.09838998211091235,0.9016100178890877
bioasq_train,evidence_uncertainty,0.5755395683453237,560,0.1,0.9
bioasq_train,evidence_uncertainty,0.5765673175745119,561,0.09982174688057041,0.9001782531194296
bioasq_train,evidence_uncertainty,0.5775950668036999,562,0.099644128113879,0.900355871886121
bioasq_train,evidence_uncertainty,0.578622816032888,563,0.0994671403197158,0.9005328596802842
bioasq_train,evidence_uncertainty,0.579650565262076,564,0.09929078014184398,0.900709219858156
bioasq_train,evidence_uncertainty,0.5806783144912642,565,0.09911504424778761,0.9008849557522124
bioasq_train,evidence_uncertainty,0.5817060637204522,566,0.10070671378091872,0.8992932862190812
bioasq_train,evidence_uncertainty,0.5827338129496403,567,0.10052910052910052,0.8994708994708995
bioasq_train,evidence_uncertainty,0.5837615621788284,568,0.10035211267605634,0.8996478873239436
bioasq_train,evidence_uncertainty,0.5847893114080165,569,0.10017574692442882,0.8998242530755711
bioasq_train,evidence_uncertainty,0.5858170606372045,570,0.1,0.9
bioasq_train,evidence_uncertainty,0.5868448098663926,571,0.09982486865148861,0.9001751313485113
bioasq_train,evidence_uncertainty,0.5878725590955807,572,0.09965034965034965,0.9003496503496503
bioasq_train,evidence_uncertainty,0.5889003083247688,573,0.09947643979057591,0.9005235602094241
bioasq_train,evidence_uncertainty,0.5899280575539568,574,0.09930313588850175,0.9006968641114983
bioasq_train,evidence_uncertainty,0.590955806783145,575,0.09913043478260869,0.9008695652173913
bioasq_train,evidence_uncertainty,0.591983556012333,576,0.09895833333333333,0.9010416666666666
bioasq_train,evidence_uncertainty,0.593011305241521,577,0.09878682842287695,0.901213171577123
bioasq_train,evidence_uncertainty,0.5940390544707091,578,0.0986159169550173,0.9013840830449827
bioasq_train,evidence_uncertainty,0.5950668036998972,579,0.09844559585492228,0.9015544041450777
bioasq_train,evidence_uncertainty,0.5960945529290853,580,0.09827586206896552,0.9017241379310345
bioasq_train,evidence_uncertainty,0.5971223021582733,581,0.0981067125645439,0.9018932874354562
bioasq_train,evidence_uncertainty,0.5981500513874615,582,0.0979381443298969,0.9020618556701031
bioasq_train,evidence_uncertainty,0.5991778006166495,583,0.09777015437392796,0.902229845626072
bioasq_train,evidence_uncertainty,0.6002055498458376,584,0.09931506849315068,0.9006849315068494
bioasq_train,evidence_uncertainty,0.6012332990750257,585,0.09914529914529914,0.9008547008547009
bioasq_train,evidence_uncertainty,0.6022610483042138,586,0.09897610921501707,0.9010238907849829
bioasq_train,evidence_uncertainty,0.6032887975334018,587,0.09880749574105621,0.9011925042589438
bioasq_train,evidence_uncertainty,0.60431654676259,588,0.09863945578231292,0.9013605442176871
bioasq_train,evidence_uncertainty,0.605344295991778,589,0.09847198641765705,0.9015280135823429
bioasq_train,evidence_uncertainty,0.6063720452209661,590,0.09830508474576272,0.9016949152542373
bioasq_train,evidence_uncertainty,0.6073997944501541,591,0.09813874788494077,0.9018612521150592
bioasq_train,evidence_uncertainty,0.6084275436793423,592,0.09797297297297297,0.902027027027027
bioasq_train,evidence_uncertainty,0.6094552929085303,593,0.09780775716694773,0.9021922428330522
bioasq_train,evidence_uncertainty,0.6104830421377184,594,0.09764309764309764,0.9023569023569024
bioasq_train,evidence_uncertainty,0.6115107913669064,595,0.09789915966386555,0.9021008403361345
bioasq_train,evidence_uncertainty,0.6125385405960946,596,0.09815436241610738,0.9018456375838926
bioasq_train,evidence_uncertainty,0.6135662898252826,597,0.09840871021775545,0.9015912897822446
bioasq_train,evidence_uncertainty,0.6145940390544707,598,0.09866220735785954,0.9013377926421404
bioasq_train,evidence_uncertainty,0.6156217882836588,599,0.09849749582637729,0.9015025041736227
bioasq_train,evidence_uncertainty,0.6166495375128469,600,0.09833333333333333,0.9016666666666666
bioasq_train,evidence_uncertainty,0.6176772867420349,601,0.09816971713810316,0.9018302828618968
bioasq_train,evidence_uncertainty,0.6187050359712231,602,0.09966777408637874,0.9003322259136213
bioasq_train,evidence_uncertainty,0.6197327852004111,603,0.1011608623548922,0.8988391376451078
bioasq_train,evidence_uncertainty,0.6207605344295992,604,0.10099337748344371,0.8990066225165563
bioasq_train,evidence_uncertainty,0.6217882836587872,605,0.10082644628099173,0.8991735537190083
bioasq_train,evidence_uncertainty,0.6228160328879754,606,0.10066006600660066,0.8993399339933994
bioasq_train,evidence_uncertainty,0.6238437821171634,607,0.10049423393739704,0.8995057660626029
bioasq_train,evidence_uncertainty,0.6248715313463515,608,0.10032894736842106,0.899671052631579
bioasq_train,evidence_uncertainty,0.6258992805755396,609,0.10016420361247948,0.8998357963875205
bioasq_train,evidence_uncertainty,0.6269270298047277,610,0.1,0.9
bioasq_train,evidence_uncertainty,0.6279547790339157,611,0.10147299509001637,0.8985270049099836
bioasq_train,evidence_uncertainty,0.6289825282631039,612,0.10130718954248366,0.8986928104575164
bioasq_train,evidence_uncertainty,0.6300102774922919,613,0.10277324632952692,0.8972267536704731
bioasq_train,evidence_uncertainty,0.6310380267214799,614,0.10260586319218241,0.8973941368078175
bioasq_train,evidence_uncertainty,0.632065775950668,615,0.1024390243902439,0.8975609756097561
bioasq_train,evidence_uncertainty,0.6330935251798561,616,0.10227272727272728,0.8977272727272727
bioasq_train,evidence_uncertainty,0.6341212744090442,617,0.10210696920583469,0.8978930307941653
bioasq_train,evidence_uncertainty,0.6351490236382322,618,0.10194174757281553,0.8980582524271845
bioasq_train,evidence_uncertainty,0.6361767728674204,619,0.10339256865912763,0.8966074313408724
bioasq_train,evidence_uncertainty,0.6372045220966084,620,0.1032258064516129,0.896774193548387
bioasq_train,evidence_uncertainty,0.6382322713257965,621,0.10305958132045089,0.8969404186795491
bioasq_train,evidence_uncertainty,0.6392600205549845,622,0.10342979635584136,0.8965702036441586
bioasq_train,evidence_uncertainty,0.6402877697841727,623,0.1037988228999465,0.8962011771000535
bioasq_train,evidence_uncertainty,0.6413155190133607,624,0.10416666666666667,0.8958333333333334
bioasq_train,evidence_uncertainty,0.6423432682425488,625,0.104,0.896
bioasq_train,evidence_uncertainty,0.6433710174717369,626,0.10383386581469649,0.8961661341853036
bioasq_train,evidence_uncertainty,0.644398766700925,627,0.10366826156299841,0.8963317384370015
bioasq_train,evidence_uncertainty,0.645426515930113,628,0.1035031847133758,0.8964968152866242
bioasq_train,evidence_uncertainty,0.6464542651593012,629,0.10333863275039745,0.8966613672496025
bioasq_train,evidence_uncertainty,0.6474820143884892,630,0.10317460317460317,0.8968253968253969
bioasq_train,evidence_uncertainty,0.6485097636176773,631,0.10301109350237718,0.8969889064976229
bioasq_train,evidence_uncertainty,0.6495375128468653,632,0.10284810126582279,0.8971518987341772
bioasq_train,evidence_uncertainty,0.6505652620760535,633,0.10426540284360189,0.8957345971563981
bioasq_train,evidence_uncertainty,0.6515930113052415,634,0.10410094637223975,0.8958990536277602
bioasq_train,evidence_uncertainty,0.6526207605344296,635,0.10393700787401575,0.8960629921259843
bioasq_train,evidence_uncertainty,0.6536485097636177,636,0.10377358490566038,0.8962264150943396
bioasq_train,evidence_uncertainty,0.6546762589928058,637,0.10361067503924647,0.8963893249607535
bioasq_train,evidence_uncertainty,0.6557040082219938,638,0.10344827586206896,0.896551724137931
bioasq_train,evidence_uncertainty,0.656731757451182,639,0.10328638497652583,0.8967136150234741
bioasq_train,evidence_uncertainty,0.65775950668037,640,0.103125,0.896875
bioasq_train,evidence_uncertainty,0.6587872559095581,641,0.1029641185647426,0.8970358814352574
bioasq_train,evidence_uncertainty,0.6598150051387461,642,0.102803738317757,0.897196261682243
bioasq_train,evidence_uncertainty,0.6608427543679343,643,0.1026438569206843,0.8973561430793157
bioasq_train,evidence_uncertainty,0.6618705035971223,644,0.10248447204968944,0.8975155279503105
bioasq_train,evidence_uncertainty,0.6628982528263104,645,0.10232558139534884,0.8976744186046511
bioasq_train,evidence_uncertainty,0.6639260020554985,646,0.1021671826625387,0.8978328173374613
bioasq_train,evidence_uncertainty,0.6649537512846866,647,0.10200927357032458,0.8979907264296754
bioasq_train,evidence_uncertainty,0.6659815005138746,648,0.10339506172839506,0.8966049382716049
bioasq_train,evidence_uncertainty,0.6670092497430626,649,0.10323574730354391,0.8967642526964561
bioasq_train,evidence_uncertainty,0.6680369989722508,650,0.10307692307692308,0.8969230769230769
bioasq_train,evidence_uncertainty,0.6690647482014388,651,0.10291858678955453,0.8970814132104454
bioasq_train,evidence_uncertainty,0.6700924974306269,652,0.10276073619631902,0.897239263803681
bioasq_train,evidence_uncertainty,0.671120246659815,653,0.10260336906584992,0.8973966309341501
bioasq_train,evidence_uncertainty,0.6721479958890031,654,0.10244648318042814,0.8975535168195719
bioasq_train,evidence_uncertainty,0.6731757451181911,655,0.10229007633587786,0.8977099236641222
bioasq_train,evidence_uncertainty,0.6742034943473793,656,0.10365853658536585,0.8963414634146342
bioasq_train,evidence_uncertainty,0.6752312435765673,657,0.1035007610350076,0.8964992389649924
bioasq_train,evidence_uncertainty,0.6762589928057554,658,0.1033434650455927,0.8966565349544073
bioasq_train,evidence_uncertainty,0.6772867420349434,659,0.10318664643399089,0.8968133535660091
bioasq_train,evidence_uncertainty,0.6783144912641316,660,0.10303030303030303,0.896969696969697
bioasq_train,evidence_uncertainty,0.6793422404933196,661,0.10287443267776097,0.897125567322239
bioasq_train,evidence_uncertainty,0.6803699897225077,662,0.1042296072507553,0.8957703927492447
bioasq_train,evidence_uncertainty,0.6813977389516958,663,0.10558069381598793,0.8944193061840121
bioasq_train,evidence_uncertainty,0.6824254881808839,664,0.10542168674698796,0.8945783132530121
bioasq_train,evidence_uncertainty,0.6834532374100719,665,0.10526315789473684,0.8947368421052632
bioasq_train,evidence_uncertainty,0.68448098663926,666,0.10510510510510511,0.8948948948948949
bioasq_train,evidence_uncertainty,0.6855087358684481,667,0.10494752623688156,0.8950524737631185
bioasq_train,evidence_uncertainty,0.6865364850976362,668,0.10479041916167664,0.8952095808383234
bioasq_train,evidence_uncertainty,0.6875642343268242,669,0.10463378176382661,0.8953662182361734
bioasq_train,evidence_uncertainty,0.6885919835560124,670,0.1044776119402985,0.8955223880597015
bioasq_train,evidence_uncertainty,0.6896197327852004,671,0.10432190760059612,0.8956780923994039
bioasq_train,evidence_uncertainty,0.6906474820143885,672,0.10416666666666667,0.8958333333333334
bioasq_train,evidence_uncertainty,0.6916752312435765,673,0.10401188707280833,0.8959881129271917
bioasq_train,evidence_uncertainty,0.6927029804727647,674,0.10385756676557864,0.8961424332344213
bioasq_train,evidence_uncertainty,0.6937307297019527,675,0.1037037037037037,0.8962962962962963
bioasq_train,evidence_uncertainty,0.6947584789311408,676,0.10355029585798817,0.8964497041420119
bioasq_train,evidence_uncertainty,0.6957862281603289,677,0.103397341211226,0.896602658788774
bioasq_train,evidence_uncertainty,0.696813977389517,678,0.10324483775811209,0.8967551622418879
bioasq_train,evidence_uncertainty,0.697841726618705,679,0.10309278350515463,0.8969072164948454
bioasq_train,evidence_uncertainty,0.6988694758478932,680,0.10294117647058823,0.8970588235294118
bioasq_train,evidence_uncertainty,0.6998972250770812,681,0.1027900146842878,0.8972099853157122
bioasq_train,evidence_uncertainty,0.7009249743062693,682,0.10263929618768329,0.8973607038123167
bioasq_train,evidence_uncertainty,0.7019527235354573,683,0.10248901903367497,0.8975109809663251
bioasq_train,evidence_uncertainty,0.7029804727646455,684,0.1023391812865497,0.8976608187134503
bioasq_train,evidence_uncertainty,0.7040082219938335,685,0.10218978102189781,0.8978102189781022
bioasq_train,evidence_uncertainty,0.7050359712230215,686,0.10204081632653061,0.8979591836734694
bioasq_train,evidence_uncertainty,0.7060637204522097,687,0.10189228529839883,0.8981077147016012
bioasq_train,evidence_uncertainty,0.7070914696813977,688,0.10319767441860465,0.8968023255813954
bioasq_train,evidence_uncertainty,0.7081192189105858,689,0.10304789550072568,0.8969521044992743
bioasq_train,evidence_uncertainty,0.7091469681397738,690,0.10289855072463767,0.8971014492753623
bioasq_train,evidence_uncertainty,0.710174717368962,691,0.10274963820549927,0.8972503617945007
bioasq_train,evidence_uncertainty,0.71120246659815,692,0.10404624277456648,0.8959537572254335
bioasq_train,evidence_uncertainty,0.7122302158273381,693,0.1038961038961039,0.8961038961038961
bioasq_train,evidence_uncertainty,0.7132579650565262,694,0.1037463976945245,0.8962536023054755
bioasq_train,evidence_uncertainty,0.7142857142857143,695,0.10359712230215827,0.8964028776978418
bioasq_train,evidence_uncertainty,0.7153134635149023,696,0.10344827586206896,0.896551724137931
bioasq_train,evidence_uncertainty,0.7163412127440905,697,0.10329985652797705,0.896700143472023
bioasq_train,evidence_uncertainty,0.7173689619732785,698,0.10315186246418338,0.8968481375358166
bioasq_train,evidence_uncertainty,0.7183967112024666,699,0.10300429184549356,0.8969957081545065
bioasq_train,evidence_uncertainty,0.7194244604316546,700,0.10285714285714286,0.8971428571428571
bioasq_train,evidence_uncertainty,0.7204522096608428,701,0.10271041369472182,0.8972895863052782
bioasq_train,evidence_uncertainty,0.7214799588900308,702,0.10256410256410256,0.8974358974358975
bioasq_train,evidence_uncertainty,0.7225077081192189,703,0.10241820768136557,0.8975817923186344
bioasq_train,evidence_uncertainty,0.723535457348407,704,0.10227272727272728,0.8977272727272727
bioasq_train,evidence_uncertainty,0.7245632065775951,705,0.10212765957446808,0.8978723404255319
bioasq_train,evidence_uncertainty,0.7255909558067831,706,0.10198300283286119,0.8980169971671388
bioasq_train,evidence_uncertainty,0.7266187050359713,707,0.10183875530410184,0.8981612446958982
bioasq_train,evidence_uncertainty,0.7276464542651593,708,0.1016949152542373,0.8983050847457628
bioasq_train,evidence_uncertainty,0.7286742034943474,709,0.10155148095909731,0.8984485190409027
bioasq_train,evidence_uncertainty,0.7297019527235354,710,0.10140845070422536,0.8985915492957747
bioasq_train,evidence_uncertainty,0.7307297019527236,711,0.10126582278481013,0.8987341772151899
bioasq_train,evidence_uncertainty,0.7317574511819116,712,0.10112359550561797,0.898876404494382
bioasq_train,evidence_uncertainty,0.7327852004110997,713,0.10098176718092566,0.8990182328190743
bioasq_train,evidence_uncertainty,0.7338129496402878,714,0.1015406162464986,0.8984593837535014
bioasq_train,evidence_uncertainty,0.7348406988694759,715,0.1020979020979021,0.897902097902098
bioasq_train,evidence_uncertainty,0.7358684480986639,716,0.10195530726256984,0.8980446927374302
bioasq_train,evidence_uncertainty,0.736896197327852,717,0.10181311018131102,0.898186889818689
bioasq_train,evidence_uncertainty,0.7379239465570401,718,0.10167130919220056,0.8983286908077994
bioasq_train,evidence_uncertainty,0.7389516957862282,719,0.10292072322670376,0.8970792767732962
bioasq_train,evidence_uncertainty,0.7399794450154162,720,0.10277777777777777,0.8972222222222223
bioasq_train,evidence_uncertainty,0.7410071942446043,721,0.10263522884882108,0.897364771151179
bioasq_train,evidence_uncertainty,0.7420349434737924,722,0.10249307479224377,0.8975069252077562
bioasq_train,evidence_uncertainty,0.7430626927029804,723,0.1037344398340249,0.8962655601659751
bioasq_train,evidence_uncertainty,0.7440904419321686,724,0.10359116022099447,0.8964088397790055
bioasq_train,evidence_uncertainty,0.7451181911613566,725,0.10344827586206896,0.896551724137931
bioasq_train,evidence_uncertainty,0.7461459403905447,726,0.10330578512396695,0.8966942148760331
bioasq_train,evidence_uncertainty,0.7471736896197327,727,0.1031636863823934,0.8968363136176066
bioasq_train,evidence_uncertainty,0.7482014388489209,728,0.10302197802197802,0.896978021978022
bioasq_train,evidence_uncertainty,0.7492291880781089,729,0.102880658436214,0.897119341563786
bioasq_train,evidence_uncertainty,0.750256937307297,730,0.10410958904109589,0.8958904109589041
bioasq_train,evidence_uncertainty,0.7512846865364851,731,0.1039671682626539,0.896032831737346
bioasq_train,evidence_uncertainty,0.7523124357656732,732,0.10382513661202186,0.8961748633879781
bioasq_train,evidence_uncertainty,0.7533401849948612,733,0.10504774897680765,0.8949522510231923
bioasq_train,evidence_uncertainty,0.7543679342240494,734,0.10490463215258855,0.8950953678474114
bioasq_train,evidence_uncertainty,0.7553956834532374,735,0.10476190476190476,0.8952380952380953
bioasq_train,evidence_uncertainty,0.7564234326824255,736,0.10461956521739131,0.8953804347826086
bioasq_train,evidence_uncertainty,0.7574511819116135,737,0.1044776119402985,0.8955223880597015
bioasq_train,evidence_uncertainty,0.7584789311408017,738,0.1043360433604336,0.8956639566395664
bioasq_train,evidence_uncertainty,0.7595066803699897,739,0.10554803788903924,0.8944519621109608
bioasq_train,evidence_uncertainty,0.7605344295991778,740,0.10675675675675676,0.8932432432432432
bioasq_train,evidence_uncertainty,0.7615621788283659,741,0.10661268556005399,0.893387314439946
bioasq_train,evidence_uncertainty,0.762589928057554,742,0.10646900269541779,0.8935309973045822
bioasq_train,evidence_uncertainty,0.763617677286742,743,0.10767160161507403,0.892328398384926
bioasq_train,evidence_uncertainty,0.7646454265159301,744,0.10752688172043011,0.8924731182795699
bioasq_train,evidence_uncertainty,0.7656731757451182,745,0.1087248322147651,0.8912751677852349
bioasq_train,evidence_uncertainty,0.7667009249743063,746,0.10991957104557641,0.8900804289544236
bioasq_train,evidence_uncertainty,0.7677286742034943,747,0.10977242302543508,0.8902275769745649
bioasq_train,evidence_uncertainty,0.7687564234326825,748,0.10962566844919786,0.8903743315508021
bioasq_train,evidence_uncertainty,0.7697841726618705,749,0.10947930574098798,0.890520694259012
bioasq_train,evidence_uncertainty,0.7708119218910586,750,0.10933333333333334,0.8906666666666667
bioasq_train,evidence_uncertainty,0.7718396711202467,751,0.11051930758988016,0.8894806924101198
bioasq_train,evidence_uncertainty,0.7728674203494348,752,0.11037234042553191,0.8896276595744681
bioasq_train,evidence_uncertainty,0.7738951695786228,753,0.1102257636122178,0.8897742363877822
bioasq_train,evidence_uncertainty,0.774922918807811,754,0.11140583554376658,0.8885941644562334
bioasq_train,evidence_uncertainty,0.775950668036999,755,0.11125827814569536,0.8887417218543047
bioasq_train,evidence_uncertainty,0.7769784172661871,756,0.1111111111111111,0.8888888888888888
bioasq_train,evidence_uncertainty,0.7780061664953751,757,0.11096433289299867,0.8890356671070013
bioasq_train,evidence_uncertainty,0.7790339157245632,758,0.11213720316622691,0.8878627968337731
bioasq_train,evidence_uncertainty,0.7800616649537513,759,0.11198945981554677,0.8880105401844532
bioasq_train,evidence_uncertainty,0.7810894141829393,760,0.1118421052631579,0.8881578947368421
bioasq_train,evidence_uncertainty,0.7821171634121274,761,0.1116951379763469,0.8883048620236531
bioasq_train,evidence_uncertainty,0.7831449126413155,762,0.1115485564304462,0.8884514435695539
bioasq_train,evidence_uncertainty,0.7841726618705036,763,0.11140235910878113,0.8885976408912188
bioasq_train,evidence_uncertainty,0.7852004110996916,764,0.11125654450261781,0.8887434554973822
bioasq_train,evidence_uncertainty,0.7862281603288798,765,0.1111111111111111,0.8888888888888888
bioasq_train,evidence_uncertainty,0.7872559095580678,766,0.11096605744125326,0.8890339425587468
bioasq_train,evidence_uncertainty,0.7882836587872559,767,0.11082138200782268,0.8891786179921773
bioasq_train,evidence_uncertainty,0.789311408016444,768,0.11197916666666667,0.8880208333333334
bioasq_train,evidence_uncertainty,0.7903391572456321,769,0.11183355006501951,0.8881664499349805
bioasq_train,evidence_uncertainty,0.7913669064748201,770,0.11168831168831168,0.8883116883116883
bioasq_train,evidence_uncertainty,0.7923946557040082,771,0.11284046692607004,0.8871595330739299
bioasq_train,evidence_uncertainty,0.7934224049331963,772,0.11269430051813471,0.8873056994818653
bioasq_train,evidence_uncertainty,0.7944501541623844,773,0.11254851228978008,0.88745148771022
bioasq_train,evidence_uncertainty,0.7954779033915724,774,0.1124031007751938,0.8875968992248062
bioasq_train,evidence_uncertainty,0.7965056526207606,775,0.11225806451612903,0.8877419354838709
bioasq_train,evidence_uncertainty,0.7975334018499486,776,0.11211340206185567,0.8878865979381443
bioasq_train,evidence_uncertainty,0.7985611510791367,777,0.11325611325611326,0.8867438867438867
bioasq_train,evidence_uncertainty,0.7995889003083247,778,0.11311053984575835,0.8868894601542416
bioasq_train,evidence_uncertainty,0.8006166495375129,779,0.11424903722721438,0.8857509627727856
bioasq_train,evidence_uncertainty,0.8016443987667009,780,0.1141025641025641,0.8858974358974359
bioasq_train,evidence_uncertainty,0.802672147995889,781,0.11395646606914213,0.8860435339308579
bioasq_train,evidence_uncertainty,0.8036998972250771,782,0.11508951406649616,0.8849104859335039
bioasq_train,evidence_uncertainty,0.8047276464542652,783,0.11494252873563218,0.8850574712643678
bioasq_train,evidence_uncertainty,0.8057553956834532,784,0.11479591836734694,0.8852040816326531
bioasq_train,evidence_uncertainty,0.8067831449126414,785,0.11464968152866242,0.8853503184713376
bioasq_train,evidence_uncertainty,0.8078108941418294,786,0.11450381679389313,0.8854961832061069
bioasq_train,evidence_uncertainty,0.8088386433710175,787,0.1156289707750953,0.8843710292249047
bioasq_train,evidence_uncertainty,0.8098663926002055,788,0.11548223350253807,0.8845177664974619
bioasq_train,evidence_uncertainty,0.8108941418293937,789,0.11660329531051965,0.8833967046894804
bioasq_train,evidence_uncertainty,0.8119218910585817,790,0.11772151898734177,0.8822784810126583
bioasq_train,evidence_uncertainty,0.8129496402877698,791,0.11757269279393173,0.8824273072060682
bioasq_train,evidence_uncertainty,0.8139773895169579,792,0.11742424242424243,0.8825757575757576
bioasq_train,evidence_uncertainty,0.8150051387461459,793,0.11727616645649433,0.8827238335435057
bioasq_train,evidence_uncertainty,0.816032887975334,794,0.11712846347607053,0.8828715365239295
bioasq_train,evidence_uncertainty,0.817060637204522,795,0.1169811320754717,0.8830188679245283
bioasq_train,evidence_uncertainty,0.8180883864337102,796,0.11683417085427136,0.8831658291457286
bioasq_train,evidence_uncertainty,0.8191161356628982,797,0.11668757841907151,0.8833124215809285
bioasq_train,evidence_uncertainty,0.8201438848920863,798,0.11654135338345864,0.8834586466165414
bioasq_train,evidence_uncertainty,0.8211716341212744,799,0.11639549436795996,0.8836045056320401
bioasq_train,evidence_uncertainty,0.8221993833504625,800,0.1175,0.8825000000000001
bioasq_train,evidence_uncertainty,0.8232271325796505,801,0.11860174781523096,0.8813982521847691
bioasq_train,evidence_uncertainty,0.8242548818088387,802,0.11845386533665836,0.8815461346633416
bioasq_train,evidence_uncertainty,0.8252826310380267,803,0.11830635118306351,0.8816936488169365
bioasq_train,evidence_uncertainty,0.8263103802672148,804,0.11940298507462686,0.8805970149253731
bioasq_train,evidence_uncertainty,0.8273381294964028,805,0.11925465838509317,0.8807453416149068
bioasq_train,evidence_uncertainty,0.828365878725591,806,0.12034739454094293,0.8796526054590571
bioasq_train,evidence_uncertainty,0.829393627954779,807,0.12019826517967781,0.8798017348203222
bioasq_train,evidence_uncertainty,0.8304213771839671,808,0.12004950495049505,0.879950495049505
bioasq_train,evidence_uncertainty,0.8314491264131552,809,0.11990111248454882,0.8800988875154512
bioasq_train,evidence_uncertainty,0.8324768756423433,810,0.11975308641975309,0.8802469135802469
bioasq_train,evidence_uncertainty,0.8335046248715313,811,0.11960542540073983,0.8803945745992602
bioasq_train,evidence_uncertainty,0.8345323741007195,812,0.11945812807881774,0.8805418719211823
bioasq_train,evidence_uncertainty,0.8355601233299075,813,0.11931119311193111,0.8806888068880689
bioasq_train,evidence_uncertainty,0.8365878725590956,814,0.11916461916461916,0.8808353808353808
bioasq_train,evidence_uncertainty,0.8376156217882836,815,0.11901840490797547,0.8809815950920246
bioasq_train,evidence_uncertainty,0.8386433710174718,816,0.12009803921568628,0.8799019607843137
bioasq_train,evidence_uncertainty,0.8396711202466598,817,0.1211750305997552,0.8788249694002448
bioasq_train,evidence_uncertainty,0.8406988694758479,818,0.12102689486552567,0.8789731051344744
bioasq_train,evidence_uncertainty,0.841726618705036,819,0.12087912087912088,0.8791208791208791
bioasq_train,evidence_uncertainty,0.8427543679342241,820,0.12195121951219512,0.8780487804878049
bioasq_train,evidence_uncertainty,0.8437821171634121,821,0.1218026796589525,0.8781973203410475
bioasq_train,evidence_uncertainty,0.8448098663926003,822,0.12165450121654502,0.878345498783455
bioasq_train,evidence_uncertainty,0.8458376156217883,823,0.12150668286755771,0.8784933171324423
bioasq_train,evidence_uncertainty,0.8468653648509764,824,0.12257281553398058,0.8774271844660194
bioasq_train,evidence_uncertainty,0.8478931140801644,825,0.12242424242424242,0.8775757575757576
bioasq_train,evidence_uncertainty,0.8489208633093526,826,0.12227602905569007,0.8777239709443099
bioasq_train,evidence_uncertainty,0.8499486125385406,827,0.12212817412333736,0.8778718258766627
bioasq_train,evidence_uncertainty,0.8509763617677287,828,0.12198067632850242,0.8780193236714976
bioasq_train,evidence_uncertainty,0.8520041109969168,829,0.1218335343787696,0.8781664656212304
bioasq_train,evidence_uncertainty,0.8530318602261048,830,0.1216867469879518,0.8783132530120482
bioasq_train,evidence_uncertainty,0.8540596094552929,831,0.12274368231046931,0.8772563176895307
bioasq_train,evidence_uncertainty,0.8550873586844809,832,0.12259615384615384,0.8774038461538461
bioasq_train,evidence_uncertainty,0.8561151079136691,833,0.12244897959183673,0.8775510204081632
bioasq_train,evidence_uncertainty,0.8571428571428571,834,0.12350119904076738,0.8764988009592326
bioasq_train,evidence_uncertainty,0.8581706063720452,835,0.12335329341317365,0.8766467065868263
bioasq_train,evidence_uncertainty,0.8591983556012333,836,0.12440191387559808,0.8755980861244019
bioasq_train,evidence_uncertainty,0.8602261048304214,837,0.12425328554360812,0.8757467144563919
bioasq_train,evidence_uncertainty,0.8612538540596094,838,0.12410501193317422,0.8758949880668258
bioasq_train,evidence_uncertainty,0.8622816032887975,839,0.12395709177592372,0.8760429082240763
bioasq_train,evidence_uncertainty,0.8633093525179856,840,0.12380952380952381,0.8761904761904762
bioasq_train,evidence_uncertainty,0.8643371017471737,841,0.12366230677764566,0.8763376932223543
bioasq_train,evidence_uncertainty,0.8653648509763617,842,0.12351543942992874,0.8764845605700713
bioasq_train,evidence_uncertainty,0.8663926002055499,843,0.12336892052194544,0.8766310794780545
bioasq_train,evidence_uncertainty,0.8674203494347379,844,0.12440758293838862,0.8755924170616114
bioasq_train,evidence_uncertainty,0.868448098663926,845,0.1242603550295858,0.8757396449704142
bioasq_train,evidence_uncertainty,0.869475847893114,846,0.12529550827423167,0.8747044917257684
bioasq_train,evidence_uncertainty,0.8705035971223022,847,0.12632821723730814,0.8736717827626919
bioasq_train,evidence_uncertainty,0.8715313463514902,848,0.12617924528301888,0.8738207547169812
bioasq_train,evidence_uncertainty,0.8725590955806783,849,0.12603062426383982,0.8739693757361602
bioasq_train,evidence_uncertainty,0.8735868448098664,850,0.12588235294117647,0.8741176470588236
bioasq_train,evidence_uncertainty,0.8746145940390545,851,0.12573443008225618,0.8742655699177438
bioasq_train,evidence_uncertainty,0.8756423432682425,852,0.1255868544600939,0.8744131455399061
bioasq_train,evidence_uncertainty,0.8766700924974307,853,0.1254396248534584,0.8745603751465416
bioasq_train,evidence_uncertainty,0.8776978417266187,854,0.1252927400468384,0.8747072599531616
bioasq_train,evidence_uncertainty,0.8787255909558068,855,0.12514619883040937,0.8748538011695907
bioasq_train,evidence_uncertainty,0.8797533401849948,856,0.125,0.875
bioasq_train,evidence_uncertainty,0.880781089414183,857,0.12485414235705951,0.8751458576429405
bioasq_train,evidence_uncertainty,0.881808838643371,858,0.1247086247086247,0.8752913752913754
bioasq_train,evidence_uncertainty,0.8828365878725591,859,0.12572759022118743,0.8742724097788126
bioasq_train,evidence_uncertainty,0.8838643371017472,860,0.12558139534883722,0.8744186046511628
bioasq_train,evidence_uncertainty,0.8848920863309353,861,0.1254355400696864,0.8745644599303136
bioasq_train,evidence_uncertainty,0.8859198355601233,862,0.12529002320185614,0.8747099767981439
bioasq_train,evidence_uncertainty,0.8869475847893115,863,0.12514484356894554,0.8748551564310545
bioasq_train,evidence_uncertainty,0.8879753340184995,864,0.125,0.875
bioasq_train,evidence_uncertainty,0.8890030832476875,865,0.12485549132947976,0.8751445086705203
bioasq_train,evidence_uncertainty,0.8900308324768756,866,0.12471131639722864,0.8752886836027713
bioasq_train,evidence_uncertainty,0.8910585817060637,867,0.12572087658592848,0.8742791234140715
bioasq_train,evidence_uncertainty,0.8920863309352518,868,0.12557603686635946,0.8744239631336406
bioasq_train,evidence_uncertainty,0.8931140801644398,869,0.12543153049482164,0.8745684695051783
bioasq_train,evidence_uncertainty,0.894141829393628,870,0.12528735632183907,0.8747126436781609
bioasq_train,evidence_uncertainty,0.895169578622816,871,0.1251435132032147,0.8748564867967853
bioasq_train,evidence_uncertainty,0.8961973278520041,872,0.125,0.875
bioasq_train,evidence_uncertainty,0.8972250770811921,873,0.12485681557846506,0.8751431844215349
bioasq_train,evidence_uncertainty,0.8982528263103803,874,0.12471395881006865,0.8752860411899314
bioasq_train,evidence_uncertainty,0.8992805755395683,875,0.12571428571428572,0.8742857142857143
bioasq_train,evidence_uncertainty,0.9003083247687564,876,0.12557077625570776,0.8744292237442922
bioasq_train,evidence_uncertainty,0.9013360739979445,877,0.12542759407069556,0.8745724059293044
bioasq_train,evidence_uncertainty,0.9023638232271326,878,0.1252847380410023,0.8747152619589977
bioasq_train,evidence_uncertainty,0.9033915724563206,879,0.12627986348122866,0.8737201365187713
bioasq_train,evidence_uncertainty,0.9044193216855088,880,0.12613636363636363,0.8738636363636364
bioasq_train,evidence_uncertainty,0.9054470709146968,881,0.12599318955732122,0.8740068104426788
bioasq_train,evidence_uncertainty,0.9064748201438849,882,0.12585034013605442,0.8741496598639455
bioasq_train,evidence_uncertainty,0.9075025693730729,883,0.12570781426953567,0.8742921857304643
bioasq_train,evidence_uncertainty,0.9085303186022611,884,0.1255656108597285,0.8744343891402715
bioasq_train,evidence_uncertainty,0.9095580678314491,885,0.12542372881355932,0.8745762711864407
bioasq_train,evidence_uncertainty,0.9105858170606372,886,0.1252821670428894,0.8747178329571106
bioasq_train,evidence_uncertainty,0.9116135662898253,887,0.12514092446448705,0.874859075535513
bioasq_train,evidence_uncertainty,0.9126413155190134,888,0.125,0.875
bioasq_train,evidence_uncertainty,0.9136690647482014,889,0.12485939257592801,0.875140607424072
bioasq_train,evidence_uncertainty,0.9146968139773896,890,0.12471910112359551,0.8752808988764045
bioasq_train,evidence_uncertainty,0.9157245632065776,891,0.12457912457912458,0.8754208754208754
bioasq_train,evidence_uncertainty,0.9167523124357657,892,0.12443946188340807,0.875560538116592
bioasq_train,evidence_uncertainty,0.9177800616649537,893,0.12430011198208286,0.8756998880179171
bioasq_train,evidence_uncertainty,0.9188078108941419,894,0.12416107382550336,0.8758389261744967
bioasq_train,evidence_uncertainty,0.9198355601233299,895,0.12402234636871508,0.8759776536312849
bioasq_train,evidence_uncertainty,0.920863309352518,896,0.12388392857142858,0.8761160714285714
bioasq_train,evidence_uncertainty,0.9218910585817061,897,0.12374581939799331,0.8762541806020067
bioasq_train,evidence_uncertainty,0.9229188078108942,898,0.12360801781737193,0.876391982182628
bioasq_train,evidence_uncertainty,0.9239465570400822,899,0.12347052280311457,0.8765294771968855
bioasq_train,evidence_uncertainty,0.9249743062692704,900,0.12333333333333334,0.8766666666666667
bioasq_train,evidence_uncertainty,0.9260020554984584,901,0.12319644839067703,0.876803551609323
bioasq_train,evidence_uncertainty,0.9270298047276464,902,0.12305986696230599,0.876940133037694
bioasq_train,evidence_uncertainty,0.9280575539568345,903,0.12403100775193798,0.875968992248062
bioasq_train,evidence_uncertainty,0.9290853031860226,904,0.12389380530973451,0.8761061946902655
bioasq_train,evidence_uncertainty,0.9301130524152107,905,0.12375690607734807,0.876243093922652
bioasq_train,evidence_uncertainty,0.9311408016443987,906,0.12362030905077263,0.8763796909492274
bioasq_train,evidence_uncertainty,0.9321685508735869,907,0.12348401323042998,0.87651598676957
bioasq_train,evidence_uncertainty,0.9331963001027749,908,0.12334801762114538,0.8766519823788547
bioasq_train,evidence_uncertainty,0.934224049331963,909,0.12321232123212321,0.8767876787678768
bioasq_train,evidence_uncertainty,0.935251798561151,910,0.12307692307692308,0.8769230769230769
bioasq_train,evidence_uncertainty,0.9362795477903392,911,0.12294182217343579,0.8770581778265643
bioasq_train,evidence_uncertainty,0.9373072970195272,912,0.12280701754385964,0.8771929824561404
bioasq_train,evidence_uncertainty,0.9383350462487153,913,0.12267250821467689,0.8773274917853231
bioasq_train,evidence_uncertainty,0.9393627954779034,914,0.12363238512035012,0.8763676148796499
bioasq_train,evidence_uncertainty,0.9403905447070915,915,0.12349726775956284,0.8765027322404372
bioasq_train,evidence_uncertainty,0.9414182939362795,916,0.12336244541484716,0.8766375545851528
bioasq_train,evidence_uncertainty,0.9424460431654677,917,0.12322791712104689,0.8767720828789531
bioasq_train,evidence_uncertainty,0.9434737923946557,918,0.12309368191721133,0.8769063180827886
bioasq_train,evidence_uncertainty,0.9445015416238438,919,0.12404787812840043,0.8759521218715995
bioasq_train,evidence_uncertainty,0.9455292908530318,920,0.12391304347826088,0.8760869565217391
bioasq_train,evidence_uncertainty,0.94655704008222,921,0.1248642779587405,0.8751357220412594
bioasq_train,evidence_uncertainty,0.947584789311408,922,0.12472885032537961,0.8752711496746204
bioasq_train,evidence_uncertainty,0.9486125385405961,923,0.12459371614301191,0.875406283856988
bioasq_train,evidence_uncertainty,0.9496402877697842,924,0.12445887445887446,0.8755411255411255
bioasq_train,evidence_uncertainty,0.9506680369989723,925,0.12432432432432433,0.8756756756756756
bioasq_train,evidence_uncertainty,0.9516957862281603,926,0.12526997840172785,0.8747300215982722
bioasq_train,evidence_uncertainty,0.9527235354573484,927,0.12513484358144553,0.8748651564185544
bioasq_train,evidence_uncertainty,0.9537512846865365,928,0.125,0.875
bioasq_train,evidence_uncertainty,0.9547790339157246,929,0.12486544671689989,0.8751345532831001
bioasq_train,evidence_uncertainty,0.9558067831449126,930,0.12473118279569892,0.875268817204301
bioasq_train,evidence_uncertainty,0.9568345323741008,931,0.12459720730397422,0.8754027926960257
bioasq_train,evidence_uncertainty,0.9578622816032888,932,0.12446351931330472,0.8755364806866953
bioasq_train,evidence_uncertainty,0.9588900308324769,933,0.12433011789924973,0.8756698821007503
bioasq_train,evidence_uncertainty,0.959917780061665,934,0.12419700214132762,0.8758029978586723
bioasq_train,evidence_uncertainty,0.9609455292908531,935,0.12406417112299466,0.8759358288770054
bioasq_train,evidence_uncertainty,0.9619732785200411,936,0.12393162393162394,0.8760683760683761
bioasq_train,evidence_uncertainty,0.9630010277492291,937,0.12379935965848453,0.8762006403415155
bioasq_train,evidence_uncertainty,0.9640287769784173,938,0.12366737739872068,0.8763326226012793
bioasq_train,evidence_uncertainty,0.9650565262076053,939,0.1235356762513312,0.8764643237486688
bioasq_train,evidence_uncertainty,0.9660842754367934,940,0.12340425531914893,0.8765957446808511
bioasq_train,evidence_uncertainty,0.9671120246659815,941,0.12327311370882041,0.8767268862911796
bioasq_train,evidence_uncertainty,0.9681397738951696,942,0.12314225053078556,0.8768577494692145
bioasq_train,evidence_uncertainty,0.9691675231243576,943,0.12407211028632026,0.8759278897136797
bioasq_train,evidence_uncertainty,0.9701952723535457,944,0.1239406779661017,0.8760593220338984
bioasq_train,evidence_uncertainty,0.9712230215827338,945,0.12380952380952381,0.8761904761904762
bioasq_train,evidence_uncertainty,0.9722507708119219,946,0.12367864693446089,0.8763213530655392
bioasq_train,evidence_uncertainty,0.9732785200411099,947,0.1246040126715945,0.8753959873284055
bioasq_train,evidence_uncertainty,0.9743062692702981,948,0.12447257383966245,0.8755274261603375
bioasq_train,evidence_uncertainty,0.9753340184994861,949,0.12434141201264488,0.8756585879873551
bioasq_train,evidence_uncertainty,0.9763617677286742,950,0.12526315789473685,0.8747368421052631
bioasq_train,evidence_uncertainty,0.9773895169578622,951,0.12513144058885384,0.8748685594111462
bioasq_train,evidence_uncertainty,0.9784172661870504,952,0.125,0.875
bioasq_train,evidence_uncertainty,0.9794450154162384,953,0.1248688352570829,0.8751311647429171
bioasq_train,evidence_uncertainty,0.9804727646454265,954,0.12473794549266247,0.8752620545073375
bioasq_train,evidence_uncertainty,0.9815005138746146,955,0.12460732984293194,0.875392670157068
bioasq_train,evidence_uncertainty,0.9825282631038027,956,0.12552301255230125,0.8744769874476988
bioasq_train,evidence_uncertainty,0.9835560123329907,957,0.12539184952978055,0.8746081504702194
bioasq_train,evidence_uncertainty,0.9845837615621789,958,0.12630480167014613,0.8736951983298539
bioasq_train,evidence_uncertainty,0.9856115107913669,959,0.1261730969760167,0.8738269030239834
bioasq_train,evidence_uncertainty,0.986639260020555,960,0.12604166666666666,0.8739583333333334
bioasq_train,evidence_uncertainty,0.987667009249743,961,0.1259105098855359,0.8740894901144641
bioasq_train,evidence_uncertainty,0.9886947584789312,962,0.1257796257796258,0.8742203742203742
bioasq_train,evidence_uncertainty,0.9897225077081192,963,0.1256490134994808,0.8743509865005192
bioasq_train,evidence_uncertainty,0.9907502569373073,964,0.12551867219917012,0.8744813278008299
bioasq_train,evidence_uncertainty,0.9917780061664954,965,0.12538860103626942,0.8746113989637305
bioasq_train,evidence_uncertainty,0.9928057553956835,966,0.12629399585921325,0.8737060041407867
bioasq_train,evidence_uncertainty,0.9938335046248715,967,0.12616339193381593,0.8738366080661841
bioasq_train,evidence_uncertainty,0.9948612538540597,968,0.12706611570247933,0.8729338842975207
bioasq_train,evidence_uncertainty,0.9958890030832477,969,0.12693498452012383,0.8730650154798761
bioasq_train,evidence_uncertainty,0.9969167523124358,970,0.1268041237113402,0.8731958762886598
bioasq_train,evidence_uncertainty,0.9979445015416238,971,0.1266735324407827,0.8733264675592173
bioasq_train,evidence_uncertainty,0.998972250770812,972,0.12654320987654322,0.8734567901234568
bioasq_train,evidence_uncertainty,1.0,973,0.1264131551901336,0.8735868448098664
bioasq_train,answer_uncertainty,0.0010277492291880781,1,0.12304250559284116,0.8769574944071589
bioasq_train,answer_uncertainty,0.0020554984583761563,2,0.12304250559284116,0.8769574944071589
bioasq_train,answer_uncertainty,0.003083247687564234,3,0.12304250559284118,0.8769574944071589
bioasq_train,answer_uncertainty,0.0041109969167523125,4,0.12304250559284116,0.8769574944071589
bioasq_train,answer_uncertainty,0.0051387461459403904,5,0.12304250559284116,0.8769574944071589
bioasq_train,answer_uncertainty,0.006166495375128468,6,0.12304250559284118,0.8769574944071589
bioasq_train,answer_uncertainty,0.007194244604316547,7,0.12304250559284116,0.8769574944071589
bioasq_train,answer_uncertainty,0.008221993833504625,8,0.12304250559284116,0.8769574944071589
bioasq_train,answer_uncertainty,0.009249743062692703,9,0.12304250559284118,0.8769574944071589
bioasq_train,answer_uncertainty,0.010277492291880781,10,0.12304250559284116,0.8769574944071589
bioasq_train,answer_uncertainty,0.011305241521068859,11,0.12304250559284116,0.8769574944071589
bioasq_train,answer_uncertainty,0.012332990750256937,12,0.12304250559284118,0.8769574944071589
bioasq_train,answer_uncertainty,0.013360739979445015,13,0.12304250559284116,0.8769574944071589
bioasq_train,answer_uncertainty,0.014388489208633094,14,0.12304250559284116,0.8769574944071589
bioasq_train,answer_uncertainty,0.015416238437821172,15,0.12304250559284116,0.8769574944071589
bioasq_train,answer_uncertainty,0.01644398766700925,16,0.12304250559284116,0.8769574944071589
bioasq_train,answer_uncertainty,0.017471736896197326,17,0.12304250559284116,0.8769574944071589
bioasq_train,answer_uncertainty,0.018499486125385406,18,0.12304250559284118,0.8769574944071589
bioasq_train,answer_uncertainty,0.019527235354573486,19,0.12304250559284115,0.8769574944071589
bioasq_train,answer_uncertainty,0.020554984583761562,20,0.12304250559284116,0.8769574944071589
bioasq_train,answer_uncertainty,0.02158273381294964,21,0.12304250559284116,0.8769574944071589
bioasq_train,answer_uncertainty,0.022610483042137718,22,0.12304250559284116,0.8769574944071589
bioasq_train,answer_uncertainty,0.023638232271325797,23,0.12304250559284116,0.8769574944071589
bioasq_train,answer_uncertainty,0.024665981500513873,24,0.12304250559284118,0.8769574944071589
bioasq_train,answer_uncertainty,0.025693730729701953,25,0.12304250559284116,0.8769574944071589
bioasq_train,answer_uncertainty,0.02672147995889003,26,0.12304250559284116,0.8769574944071589
bioasq_train,answer_uncertainty,0.02774922918807811,27,0.12304250559284116,0.8769574944071589
bioasq_train,answer_uncertainty,0.02877697841726619,28,0.12304250559284116,0.8769574944071589
bioasq_train,answer_uncertainty,0.029804727646454265,29,0.12304250559284116,0.8769574944071589
bioasq_train,answer_uncertainty,0.030832476875642344,30,0.12304250559284116,0.8769574944071589
bioasq_train,answer_uncertainty,0.03186022610483042,31,0.12304250559284116,0.8769574944071589
bioasq_train,answer_uncertainty,0.0328879753340185,32,0.12304250559284116,0.8769574944071589
bioasq_train,answer_uncertainty,0.03391572456320658,33,0.12304250559284116,0.8769574944071589
bioasq_train,answer_uncertainty,0.03494347379239465,34,0.12304250559284116,0.8769574944071589
bioasq_train,answer_uncertainty,0.03597122302158273,35,0.12304250559284118,0.8769574944071589
bioasq_train,answer_uncertainty,0.03699897225077081,36,0.12304250559284118,0.8769574944071589
bioasq_train,answer_uncertainty,0.03802672147995889,37,0.12304250559284118,0.8769574944071589
bioasq_train,answer_uncertainty,0.03905447070914697,38,0.12304250559284115,0.8769574944071589
bioasq_train,answer_uncertainty,0.040082219938335044,39,0.12304250559284115,0.8769574944071589
bioasq_train,answer_uncertainty,0.041109969167523124,40,0.12304250559284116,0.8769574944071589
bioasq_train,answer_uncertainty,0.0421377183967112,41,0.12304250559284116,0.8769574944071589
bioasq_train,answer_uncertainty,0.04316546762589928,42,0.12304250559284116,0.8769574944071589
bioasq_train,answer_uncertainty,0.044193216855087356,43,0.12304250559284116,0.8769574944071589
bioasq_train,answer_uncertainty,0.045220966084275435,44,0.12304250559284116,0.8769574944071589
bioasq_train,answer_uncertainty,0.046248715313463515,45,0.12304250559284116,0.8769574944071589
bioasq_train,answer_uncertainty,0.047276464542651594,46,0.12304250559284116,0.8769574944071589
bioasq_train,answer_uncertainty,0.048304213771839674,47,0.12304250559284118,0.8769574944071589
bioasq_train,answer_uncertainty,0.04933196300102775,48,0.12304250559284118,0.8769574944071589
bioasq_train,answer_uncertainty,0.050359712230215826,49,0.12304250559284115,0.8769574944071589
bioasq_train,answer_uncertainty,0.051387461459403906,50,0.12304250559284116,0.8769574944071589
bioasq_train,answer_uncertainty,0.052415210688591986,51,0.12304250559284116,0.8769574944071589
bioasq_train,answer_uncertainty,0.05344295991778006,52,0.12304250559284116,0.8769574944071589
bioasq_train,answer_uncertainty,0.05447070914696814,53,0.12304250559284116,0.8769574944071589
bioasq_train,answer_uncertainty,0.05549845837615622,54,0.12304250559284116,0.8769574944071589
bioasq_train,answer_uncertainty,0.0565262076053443,55,0.12304250559284116,0.8769574944071589
bioasq_train,answer_uncertainty,0.05755395683453238,56,0.12304250559284116,0.8769574944071589
bioasq_train,answer_uncertainty,0.05858170606372045,57,0.12304250559284116,0.8769574944071589
bioasq_train,answer_uncertainty,0.05960945529290853,58,0.12304250559284116,0.8769574944071589
bioasq_train,answer_uncertainty,0.06063720452209661,59,0.12304250559284115,0.8769574944071589
bioasq_train,answer_uncertainty,0.06166495375128469,60,0.12304250559284116,0.8769574944071589
bioasq_train,answer_uncertainty,0.06269270298047276,61,0.12304250559284116,0.8769574944071589
bioasq_train,answer_uncertainty,0.06372045220966084,62,0.12304250559284116,0.8769574944071589
bioasq_train,answer_uncertainty,0.06474820143884892,63,0.12304250559284116,0.8769574944071589
bioasq_train,answer_uncertainty,0.065775950668037,64,0.12304250559284116,0.8769574944071589
bioasq_train,answer_uncertainty,0.06680369989722508,65,0.12304250559284116,0.8769574944071589
bioasq_train,answer_uncertainty,0.06783144912641316,66,0.12304250559284116,0.8769574944071589
bioasq_train,answer_uncertainty,0.06885919835560124,67,0.12304250559284115,0.8769574944071589
bioasq_train,answer_uncertainty,0.0698869475847893,68,0.12304250559284116,0.8769574944071589
bioasq_train,answer_uncertainty,0.07091469681397738,69,0.12304250559284116,0.8769574944071589
bioasq_train,answer_uncertainty,0.07194244604316546,70,0.12304250559284118,0.8769574944071589
bioasq_train,answer_uncertainty,0.07297019527235354,71,0.12304250559284116,0.8769574944071589
bioasq_train,answer_uncertainty,0.07399794450154162,72,0.12304250559284118,0.8769574944071589
bioasq_train,answer_uncertainty,0.0750256937307297,73,0.12304250559284116,0.8769574944071589
bioasq_train,answer_uncertainty,0.07605344295991778,74,0.12304250559284118,0.8769574944071589
bioasq_train,answer_uncertainty,0.07708119218910586,75,0.12304250559284116,0.8769574944071589
bioasq_train,answer_uncertainty,0.07810894141829394,76,0.12304250559284115,0.8769574944071589
bioasq_train,answer_uncertainty,0.07913669064748201,77,0.12304250559284116,0.8769574944071589
bioasq_train,answer_uncertainty,0.08016443987667009,78,0.12304250559284115,0.8769574944071589
bioasq_train,answer_uncertainty,0.08119218910585817,79,0.12304250559284116,0.8769574944071589
bioasq_train,answer_uncertainty,0.08221993833504625,80,0.12304250559284116,0.8769574944071589
bioasq_train,answer_uncertainty,0.08324768756423433,81,0.12304250559284116,0.8769574944071589
bioasq_train,answer_uncertainty,0.0842754367934224,82,0.12304250559284116,0.8769574944071589
bioasq_train,answer_uncertainty,0.08530318602261049,83,0.12304250559284118,0.8769574944071589
bioasq_train,answer_uncertainty,0.08633093525179857,84,0.12304250559284116,0.8769574944071589
bioasq_train,answer_uncertainty,0.08735868448098665,85,0.12304250559284118,0.8769574944071589
bioasq_train,answer_uncertainty,0.08838643371017471,86,0.12304250559284116,0.8769574944071589
bioasq_train,answer_uncertainty,0.08941418293936279,87,0.12304250559284115,0.8769574944071589
bioasq_train,answer_uncertainty,0.09044193216855087,88,0.12304250559284116,0.8769574944071589
bioasq_train,answer_uncertainty,0.09146968139773895,89,0.12304250559284116,0.8769574944071589
bioasq_train,answer_uncertainty,0.09249743062692703,90,0.12304250559284116,0.8769574944071589
bioasq_train,answer_uncertainty,0.09352517985611511,91,0.12304250559284116,0.8769574944071589
bioasq_train,answer_uncertainty,0.09455292908530319,92,0.12304250559284116,0.8769574944071589
bioasq_train,answer_uncertainty,0.09558067831449127,93,0.12304250559284116,0.8769574944071589
bioasq_train,answer_uncertainty,0.09660842754367935,94,0.12304250559284118,0.8769574944071589
bioasq_train,answer_uncertainty,0.09763617677286741,95,0.12304250559284116,0.8769574944071589
bioasq_train,answer_uncertainty,0.0986639260020555,96,0.12304250559284118,0.8769574944071589
bioasq_train,answer_uncertainty,0.09969167523124357,97,0.12304250559284116,0.8769574944071589
bioasq_train,answer_uncertainty,0.10071942446043165,98,0.12304250559284115,0.8769574944071589
bioasq_train,answer_uncertainty,0.10174717368961973,99,0.12304250559284116,0.8769574944071589
bioasq_train,answer_uncertainty,0.10277492291880781,100,0.12304250559284116,0.8769574944071589
bioasq_train,answer_uncertainty,0.10380267214799589,101,0.12304250559284116,0.8769574944071589
bioasq_train,answer_uncertainty,0.10483042137718397,102,0.12304250559284116,0.8769574944071589
bioasq_train,answer_uncertainty,0.10585817060637205,103,0.12304250559284116,0.8769574944071589
bioasq_train,answer_uncertainty,0.10688591983556012,104,0.12304250559284116,0.8769574944071589
bioasq_train,answer_uncertainty,0.1079136690647482,105,0.12304250559284118,0.8769574944071589
bioasq_train,answer_uncertainty,0.10894141829393628,106,0.12304250559284116,0.8769574944071589
bioasq_train,answer_uncertainty,0.10996916752312436,107,0.12304250559284115,0.8769574944071589
bioasq_train,answer_uncertainty,0.11099691675231244,108,0.12304250559284116,0.8769574944071589
bioasq_train,answer_uncertainty,0.11202466598150052,109,0.12304250559284116,0.8769574944071589
bioasq_train,answer_uncertainty,0.1130524152106886,110,0.12304250559284116,0.8769574944071589
bioasq_train,answer_uncertainty,0.11408016443987667,111,0.12304250559284116,0.8769574944071589
bioasq_train,answer_uncertainty,0.11510791366906475,112,0.12304250559284116,0.8769574944071589
bioasq_train,answer_uncertainty,0.11613566289825282,113,0.12304250559284116,0.8769574944071589
bioasq_train,answer_uncertainty,0.1171634121274409,114,0.12304250559284116,0.8769574944071589
bioasq_train,answer_uncertainty,0.11819116135662898,115,0.12304250559284116,0.8769574944071589
bioasq_train,answer_uncertainty,0.11921891058581706,116,0.12304250559284116,0.8769574944071589
bioasq_train,answer_uncertainty,0.12024665981500514,117,0.12304250559284116,0.8769574944071589
bioasq_train,answer_uncertainty,0.12127440904419322,118,0.12304250559284115,0.8769574944071589
bioasq_train,answer_uncertainty,0.1223021582733813,119,0.12304250559284116,0.8769574944071589
bioasq_train,answer_uncertainty,0.12332990750256938,120,0.12304250559284116,0.8769574944071589
bioasq_train,answer_uncertainty,0.12435765673175746,121,0.12304250559284116,0.8769574944071589
bioasq_train,answer_uncertainty,0.12538540596094552,122,0.12304250559284116,0.8769574944071589
bioasq_train,answer_uncertainty,0.1264131551901336,123,0.12304250559284116,0.8769574944071589
bioasq_train,answer_uncertainty,0.12744090441932168,124,0.12304250559284116,0.8769574944071589
bioasq_train,answer_uncertainty,0.12846865364850976,125,0.12304250559284116,0.8769574944071589
bioasq_train,answer_uncertainty,0.12949640287769784,126,0.12304250559284116,0.8769574944071589
bioasq_train,answer_uncertainty,0.13052415210688592,127,0.12304250559284116,0.8769574944071589
bioasq_train,answer_uncertainty,0.131551901336074,128,0.12304250559284116,0.8769574944071589
bioasq_train,answer_uncertainty,0.13257965056526208,129,0.12304250559284116,0.8769574944071589
bioasq_train,answer_uncertainty,0.13360739979445016,130,0.12304250559284116,0.8769574944071589
bioasq_train,answer_uncertainty,0.13463514902363824,131,0.12304250559284116,0.8769574944071589
bioasq_train,answer_uncertainty,0.13566289825282632,132,0.12304250559284116,0.8769574944071589
bioasq_train,answer_uncertainty,0.1366906474820144,133,0.12304250559284118,0.8769574944071589
bioasq_train,answer_uncertainty,0.13771839671120248,134,0.12304250559284115,0.8769574944071589
bioasq_train,answer_uncertainty,0.13874614594039056,135,0.12304250559284116,0.8769574944071589
bioasq_train,answer_uncertainty,0.1397738951695786,136,0.12304250559284116,0.8769574944071589
bioasq_train,answer_uncertainty,0.1408016443987667,137,0.12304250559284118,0.8769574944071589
bioasq_train,answer_uncertainty,0.14182939362795477,138,0.12304250559284116,0.8769574944071589
bioasq_train,answer_uncertainty,0.14285714285714285,139,0.12304250559284116,0.8769574944071589
bioasq_train,answer_uncertainty,0.14388489208633093,140,0.12304250559284118,0.8769574944071589
bioasq_train,answer_uncertainty,0.144912641315519,141,0.12304250559284115,0.8769574944071589
bioasq_train,answer_uncertainty,0.1459403905447071,142,0.12304250559284116,0.8769574944071589
bioasq_train,answer_uncertainty,0.14696813977389517,143,0.12304250559284116,0.8769574944071589
bioasq_train,answer_uncertainty,0.14799588900308325,144,0.12304250559284118,0.8769574944071589
bioasq_train,answer_uncertainty,0.14902363823227133,145,0.12304250559284115,0.8769574944071589
bioasq_train,answer_uncertainty,0.1500513874614594,146,0.12304250559284116,0.8769574944071589
bioasq_train,answer_uncertainty,0.1510791366906475,147,0.12304250559284116,0.8769574944071589
bioasq_train,answer_uncertainty,0.15210688591983557,148,0.12304250559284118,0.8769574944071589
bioasq_train,answer_uncertainty,0.15313463514902365,149,0.12304250559284116,0.8769574944071589
bioasq_train,answer_uncertainty,0.15416238437821173,150,0.12304250559284116,0.8769574944071589
bioasq_train,answer_uncertainty,0.1551901336073998,151,0.12304250559284116,0.8769574944071589
bioasq_train,answer_uncertainty,0.15621788283658788,152,0.12304250559284115,0.8769574944071589
bioasq_train,answer_uncertainty,0.15724563206577596,153,0.12304250559284116,0.8769574944071589
bioasq_train,answer_uncertainty,0.15827338129496402,154,0.12304250559284116,0.8769574944071589
bioasq_train,answer_uncertainty,0.1593011305241521,155,0.12304250559284118,0.8769574944071589
bioasq_train,answer_uncertainty,0.16032887975334018,156,0.12304250559284115,0.8769574944071589
bioasq_train,answer_uncertainty,0.16135662898252826,157,0.12304250559284116,0.8769574944071589
bioasq_train,answer_uncertainty,0.16238437821171633,158,0.12304250559284116,0.8769574944071589
bioasq_train,answer_uncertainty,0.16341212744090441,159,0.12304250559284118,0.8769574944071589
bioasq_train,answer_uncertainty,0.1644398766700925,160,0.12304250559284116,0.8769574944071589
bioasq_train,answer_uncertainty,0.16546762589928057,161,0.12304250559284116,0.8769574944071589
bioasq_train,answer_uncertainty,0.16649537512846865,162,0.12304250559284116,0.8769574944071589
bioasq_train,answer_uncertainty,0.16752312435765673,163,0.12304250559284115,0.8769574944071589
bioasq_train,answer_uncertainty,0.1685508735868448,164,0.12304250559284116,0.8769574944071589
bioasq_train,answer_uncertainty,0.1695786228160329,165,0.12304250559284116,0.8769574944071589
bioasq_train,answer_uncertainty,0.17060637204522097,166,0.12304250559284118,0.8769574944071589
bioasq_train,answer_uncertainty,0.17163412127440905,167,0.12304250559284115,0.8769574944071589
bioasq_train,answer_uncertainty,0.17266187050359713,168,0.12304250559284116,0.8769574944071589
bioasq_train,answer_uncertainty,0.1736896197327852,169,0.12304250559284116,0.8769574944071589
bioasq_train,answer_uncertainty,0.1747173689619733,170,0.12304250559284118,0.8769574944071589
bioasq_train,answer_uncertainty,0.17574511819116137,171,0.12304250559284116,0.8769574944071589
bioasq_train,answer_uncertainty,0.17677286742034942,172,0.12304250559284116,0.8769574944071589
bioasq_train,answer_uncertainty,0.1778006166495375,173,0.12304250559284116,0.8769574944071589
bioasq_train,answer_uncertainty,0.17882836587872558,174,0.12304250559284115,0.8769574944071589
bioasq_train,answer_uncertainty,0.17985611510791366,175,0.12304250559284116,0.8769574944071589
bioasq_train,answer_uncertainty,0.18088386433710174,176,0.12304250559284116,0.8769574944071589
bioasq_train,answer_uncertainty,0.18191161356628982,177,0.12304250559284118,0.8769574944071589
bioasq_train,answer_uncertainty,0.1829393627954779,178,0.12304250559284116,0.8769574944071589
bioasq_train,answer_uncertainty,0.18396711202466598,179,0.12304250559284116,0.8769574944071589
bioasq_train,answer_uncertainty,0.18499486125385406,180,0.12304250559284116,0.8769574944071589
bioasq_train,answer_uncertainty,0.18602261048304214,181,0.12304250559284118,0.8769574944071589
bioasq_train,answer_uncertainty,0.18705035971223022,182,0.12304250559284116,0.8769574944071589
bioasq_train,answer_uncertainty,0.1880781089414183,183,0.12304250559284116,0.8769574944071589
bioasq_train,answer_uncertainty,0.18910585817060638,184,0.12304250559284116,0.8769574944071589
bioasq_train,answer_uncertainty,0.19013360739979446,185,0.12304250559284115,0.8769574944071589
bioasq_train,answer_uncertainty,0.19116135662898254,186,0.12304250559284116,0.8769574944071589
bioasq_train,answer_uncertainty,0.19218910585817062,187,0.12304250559284116,0.8769574944071589
bioasq_train,answer_uncertainty,0.1932168550873587,188,0.12304250559284118,0.8769574944071589
bioasq_train,answer_uncertainty,0.19424460431654678,189,0.12304250559284116,0.8769574944071589
bioasq_train,answer_uncertainty,0.19527235354573483,190,0.12304250559284116,0.8769574944071589
bioasq_train,answer_uncertainty,0.1963001027749229,191,0.12304250559284116,0.8769574944071589
bioasq_train,answer_uncertainty,0.197327852004111,192,0.12304250559284118,0.8769574944071589
bioasq_train,answer_uncertainty,0.19835560123329907,193,0.12304250559284116,0.8769574944071589
bioasq_train,answer_uncertainty,0.19938335046248715,194,0.12304250559284116,0.8769574944071589
bioasq_train,answer_uncertainty,0.20041109969167523,195,0.12304250559284116,0.8769574944071589
bioasq_train,answer_uncertainty,0.2014388489208633,196,0.12304250559284115,0.8769574944071589
bioasq_train,answer_uncertainty,0.20246659815005139,197,0.12304250559284116,0.8769574944071589
bioasq_train,answer_uncertainty,0.20349434737923947,198,0.12304250559284116,0.8769574944071589
bioasq_train,answer_uncertainty,0.20452209660842754,199,0.12304250559284118,0.8769574944071589
bioasq_train,answer_uncertainty,0.20554984583761562,200,0.12304250559284116,0.8769574944071589
bioasq_train,answer_uncertainty,0.2065775950668037,201,0.12304250559284116,0.8769574944071589
bioasq_train,answer_uncertainty,0.20760534429599178,202,0.12304250559284116,0.8769574944071589
bioasq_train,answer_uncertainty,0.20863309352517986,203,0.12304250559284115,0.8769574944071589
bioasq_train,answer_uncertainty,0.20966084275436794,204,0.12304250559284116,0.8769574944071589
bioasq_train,answer_uncertainty,0.21068859198355602,205,0.12304250559284116,0.8769574944071589
bioasq_train,answer_uncertainty,0.2117163412127441,206,0.12304250559284116,0.8769574944071589
bioasq_train,answer_uncertainty,0.21274409044193218,207,0.12304250559284116,0.8769574944071589
bioasq_train,answer_uncertainty,0.21377183967112023,208,0.12304250559284116,0.8769574944071589
bioasq_train,answer_uncertainty,0.2147995889003083,209,0.12304250559284116,0.8769574944071589
bioasq_train,answer_uncertainty,0.2158273381294964,210,0.12304250559284118,0.8769574944071589
bioasq_train,answer_uncertainty,0.21685508735868447,211,0.12304250559284116,0.8769574944071589
bioasq_train,answer_uncertainty,0.21788283658787255,212,0.12304250559284116,0.8769574944071589
bioasq_train,answer_uncertainty,0.21891058581706063,213,0.12304250559284116,0.8769574944071589
bioasq_train,answer_uncertainty,0.2199383350462487,214,0.12304250559284115,0.8769574944071589
bioasq_train,answer_uncertainty,0.2209660842754368,215,0.12304250559284116,0.8769574944071589
bioasq_train,answer_uncertainty,0.22199383350462487,216,0.12304250559284116,0.8769574944071589
bioasq_train,answer_uncertainty,0.22302158273381295,217,0.12304250559284116,0.8769574944071589
bioasq_train,answer_uncertainty,0.22404933196300103,218,0.12304250559284116,0.8769574944071589
bioasq_train,answer_uncertainty,0.2250770811921891,219,0.12304250559284116,0.8769574944071589
bioasq_train,answer_uncertainty,0.2261048304213772,220,0.12304250559284116,0.8769574944071589
bioasq_train,answer_uncertainty,0.22713257965056527,221,0.12304250559284116,0.8769574944071589
bioasq_train,answer_uncertainty,0.22816032887975335,222,0.12304250559284116,0.8769574944071589
bioasq_train,answer_uncertainty,0.22918807810894143,223,0.12304250559284116,0.8769574944071589
bioasq_train,answer_uncertainty,0.2302158273381295,224,0.12304250559284116,0.8769574944071589
bioasq_train,answer_uncertainty,0.2312435765673176,225,0.12304250559284115,0.8769574944071589
bioasq_train,answer_uncertainty,0.23227132579650564,226,0.12304250559284116,0.8769574944071589
bioasq_train,answer_uncertainty,0.23329907502569372,227,0.12304250559284116,0.8769574944071589
bioasq_train,answer_uncertainty,0.2343268242548818,228,0.12304250559284116,0.8769574944071589
bioasq_train,answer_uncertainty,0.23535457348406988,229,0.12304250559284116,0.8769574944071589
bioasq_train,answer_uncertainty,0.23638232271325796,230,0.12304250559284116,0.8769574944071589
bioasq_train,answer_uncertainty,0.23741007194244604,231,0.12304250559284116,0.8769574944071589
bioasq_train,answer_uncertainty,0.23843782117163412,232,0.12304250559284116,0.8769574944071589
bioasq_train,answer_uncertainty,0.2394655704008222,233,0.12304250559284116,0.8769574944071589
bioasq_train,answer_uncertainty,0.24049331963001028,234,0.12304250559284116,0.8769574944071589
bioasq_train,answer_uncertainty,0.24152106885919836,235,0.12304250559284116,0.8769574944071589
bioasq_train,answer_uncertainty,0.24254881808838644,236,0.12304250559284115,0.8769574944071589
bioasq_train,answer_uncertainty,0.24357656731757452,237,0.12304250559284116,0.8769574944071589
bioasq_train,answer_uncertainty,0.2446043165467626,238,0.12304250559284116,0.8769574944071589
bioasq_train,answer_uncertainty,0.24563206577595068,239,0.12304250559284116,0.8769574944071589
bioasq_train,answer_uncertainty,0.24665981500513876,240,0.12304250559284116,0.8769574944071589
bioasq_train,answer_uncertainty,0.24768756423432683,241,0.12304250559284116,0.8769574944071589
bioasq_train,answer_uncertainty,0.24871531346351491,242,0.12304250559284116,0.8769574944071589
bioasq_train,answer_uncertainty,0.249743062692703,243,0.12304250559284116,0.8769574944071589
bioasq_train,answer_uncertainty,0.25077081192189105,244,0.12304250559284116,0.8769574944071589
bioasq_train,answer_uncertainty,0.2517985611510791,245,0.12304250559284116,0.8769574944071589
bioasq_train,answer_uncertainty,0.2528263103802672,246,0.12304250559284116,0.8769574944071589
bioasq_train,answer_uncertainty,0.2538540596094553,247,0.12304250559284116,0.8769574944071589
bioasq_train,answer_uncertainty,0.25488180883864336,248,0.12304250559284116,0.8769574944071589
bioasq_train,answer_uncertainty,0.25590955806783144,249,0.12304250559284116,0.8769574944071589
bioasq_train,answer_uncertainty,0.2569373072970195,250,0.12304250559284116,0.8769574944071589
bioasq_train,answer_uncertainty,0.2579650565262076,251,0.12304250559284116,0.8769574944071589
bioasq_train,answer_uncertainty,0.2589928057553957,252,0.12304250559284116,0.8769574944071589
bioasq_train,answer_uncertainty,0.26002055498458376,253,0.12304250559284116,0.8769574944071589
bioasq_train,answer_uncertainty,0.26104830421377184,254,0.12304250559284116,0.8769574944071589
bioasq_train,answer_uncertainty,0.2620760534429599,255,0.12304250559284116,0.8769574944071589
bioasq_train,answer_uncertainty,0.263103802672148,256,0.12304250559284116,0.8769574944071589
bioasq_train,answer_uncertainty,0.2641315519013361,257,0.12304250559284116,0.8769574944071589
bioasq_train,answer_uncertainty,0.26515930113052416,258,0.12304250559284116,0.8769574944071589
bioasq_train,answer_uncertainty,0.26618705035971224,259,0.12304250559284116,0.8769574944071589
bioasq_train,answer_uncertainty,0.2672147995889003,260,0.12304250559284116,0.8769574944071589
bioasq_train,answer_uncertainty,0.2682425488180884,261,0.12304250559284115,0.8769574944071589
bioasq_train,answer_uncertainty,0.2692702980472765,262,0.12304250559284116,0.8769574944071589
bioasq_train,answer_uncertainty,0.27029804727646456,263,0.12304250559284116,0.8769574944071589
bioasq_train,answer_uncertainty,0.27132579650565264,264,0.12304250559284116,0.8769574944071589
bioasq_train,answer_uncertainty,0.2723535457348407,265,0.12304250559284116,0.8769574944071589
bioasq_train,answer_uncertainty,0.2733812949640288,266,0.12304250559284118,0.8769574944071589
bioasq_train,answer_uncertainty,0.2744090441932169,267,0.12304250559284115,0.8769574944071589
bioasq_train,answer_uncertainty,0.27543679342240496,268,0.12304250559284115,0.8769574944071589
bioasq_train,answer_uncertainty,0.27646454265159304,269,0.12304250559284116,0.8769574944071589
bioasq_train,answer_uncertainty,0.2774922918807811,270,0.12304250559284116,0.8769574944071589
bioasq_train,answer_uncertainty,0.27852004110996914,271,0.12304250559284116,0.8769574944071589
bioasq_train,answer_uncertainty,0.2795477903391572,272,0.12304250559284116,0.8769574944071589
bioasq_train,answer_uncertainty,0.2805755395683453,273,0.12304250559284118,0.8769574944071589
bioasq_train,answer_uncertainty,0.2816032887975334,274,0.12304250559284118,0.8769574944071589
bioasq_train,answer_uncertainty,0.28263103802672146,275,0.12304250559284115,0.8769574944071589
bioasq_train,answer_uncertainty,0.28365878725590954,276,0.12304250559284116,0.8769574944071589
bioasq_train,answer_uncertainty,0.2846865364850976,277,0.12304250559284116,0.8769574944071589
bioasq_train,answer_uncertainty,0.2857142857142857,278,0.12304250559284116,0.8769574944071589
bioasq_train,answer_uncertainty,0.2867420349434738,279,0.12304250559284116,0.8769574944071589
bioasq_train,answer_uncertainty,0.28776978417266186,280,0.12304250559284118,0.8769574944071589
bioasq_train,answer_uncertainty,0.28879753340184994,281,0.12304250559284118,0.8769574944071589
bioasq_train,answer_uncertainty,0.289825282631038,282,0.12304250559284115,0.8769574944071589
bioasq_train,answer_uncertainty,0.2908530318602261,283,0.12304250559284115,0.8769574944071589
bioasq_train,answer_uncertainty,0.2918807810894142,284,0.12304250559284116,0.8769574944071589
bioasq_train,answer_uncertainty,0.29290853031860226,285,0.12304250559284116,0.8769574944071589
bioasq_train,answer_uncertainty,0.29393627954779034,286,0.12304250559284116,0.8769574944071589
bioasq_train,answer_uncertainty,0.2949640287769784,287,0.12304250559284116,0.8769574944071589
bioasq_train,answer_uncertainty,0.2959917780061665,288,0.12304250559284118,0.8769574944071589
bioasq_train,answer_uncertainty,0.2970195272353546,289,0.12304250559284115,0.8769574944071589
bioasq_train,answer_uncertainty,0.29804727646454265,290,0.12304250559284115,0.8769574944071589
bioasq_train,answer_uncertainty,0.29907502569373073,291,0.12304250559284116,0.8769574944071589
bioasq_train,answer_uncertainty,0.3001027749229188,292,0.12304250559284116,0.8769574944071589
bioasq_train,answer_uncertainty,0.3011305241521069,293,0.12304250559284116,0.8769574944071589
bioasq_train,answer_uncertainty,0.302158273381295,294,0.12304250559284116,0.8769574944071589
bioasq_train,answer_uncertainty,0.30318602261048305,295,0.12304250559284118,0.8769574944071589
bioasq_train,answer_uncertainty,0.30421377183967113,296,0.12304250559284118,0.8769574944071589
bioasq_train,answer_uncertainty,0.3052415210688592,297,0.12304250559284115,0.8769574944071589
bioasq_train,answer_uncertainty,0.3062692702980473,298,0.12304250559284116,0.8769574944071589
bioasq_train,answer_uncertainty,0.30729701952723537,299,0.12304250559284116,0.8769574944071589
bioasq_train,answer_uncertainty,0.30832476875642345,300,0.12304250559284116,0.8769574944071589
bioasq_train,answer_uncertainty,0.30935251798561153,301,0.12304250559284116,0.8769574944071589
bioasq_train,answer_uncertainty,0.3103802672147996,302,0.12304250559284116,0.8769574944071589
bioasq_train,answer_uncertainty,0.3114080164439877,303,0.12304250559284118,0.8769574944071589
bioasq_train,answer_uncertainty,0.31243576567317577,304,0.12304250559284115,0.8769574944071589
bioasq_train,answer_uncertainty,0.31346351490236385,305,0.12304250559284115,0.8769574944071589
bioasq_train,answer_uncertainty,0.31449126413155193,306,0.12304250559284116,0.8769574944071589
bioasq_train,answer_uncertainty,0.31551901336073995,307,0.12304250559284116,0.8769574944071589
bioasq_train,answer_uncertainty,0.31654676258992803,308,0.12304250559284116,0.8769574944071589
bioasq_train,answer_uncertainty,0.3175745118191161,309,0.12304250559284116,0.8769574944071589
bioasq_train,answer_uncertainty,0.3186022610483042,310,0.12304250559284118,0.8769574944071589
bioasq_train,answer_uncertainty,0.31963001027749227,311,0.12304250559284115,0.8769574944071589
bioasq_train,answer_uncertainty,0.32065775950668035,312,0.12304250559284115,0.8769574944071589
bioasq_train,answer_uncertainty,0.32168550873586843,313,0.12304250559284116,0.8769574944071589
bioasq_train,answer_uncertainty,0.3227132579650565,314,0.12304250559284116,0.8769574944071589
bioasq_train,answer_uncertainty,0.3237410071942446,315,0.12304250559284116,0.8769574944071589
bioasq_train,answer_uncertainty,0.32476875642343267,316,0.12304250559284116,0.8769574944071589
bioasq_train,answer_uncertainty,0.32579650565262075,317,0.12304250559284118,0.8769574944071589
bioasq_train,answer_uncertainty,0.32682425488180883,318,0.12304250559284118,0.8769574944071589
bioasq_train,answer_uncertainty,0.3278520041109969,319,0.12304250559284115,0.8769574944071589
bioasq_train,answer_uncertainty,0.328879753340185,320,0.12304250559284116,0.8769574944071589
bioasq_train,answer_uncertainty,0.32990750256937307,321,0.12304250559284116,0.8769574944071589
bioasq_train,answer_uncertainty,0.33093525179856115,322,0.12304250559284116,0.8769574944071589
bioasq_train,answer_uncertainty,0.3319630010277492,323,0.12304250559284116,0.8769574944071589
bioasq_train,answer_uncertainty,0.3329907502569373,324,0.12304250559284116,0.8769574944071589
bioasq_train,answer_uncertainty,0.3340184994861254,325,0.12304250559284118,0.8769574944071589
bioasq_train,answer_uncertainty,0.33504624871531347,326,0.12304250559284115,0.8769574944071589
bioasq_train,answer_uncertainty,0.33607399794450155,327,0.12304250559284116,0.8769574944071589
bioasq_train,answer_uncertainty,0.3371017471736896,328,0.12304250559284116,0.8769574944071589
bioasq_train,answer_uncertainty,0.3381294964028777,329,0.12304250559284116,0.8769574944071589
bioasq_train,answer_uncertainty,0.3391572456320658,330,0.12304250559284116,0.8769574944071589
bioasq_train,answer_uncertainty,0.34018499486125386,331,0.12304250559284116,0.8769574944071589
bioasq_train,answer_uncertainty,0.34121274409044194,332,0.12304250559284118,0.8769574944071589
bioasq_train,answer_uncertainty,0.34224049331963,333,0.12304250559284115,0.8769574944071589
bioasq_train,answer_uncertainty,0.3432682425488181,334,0.12304250559284115,0.8769574944071589
bioasq_train,answer_uncertainty,0.3442959917780062,335,0.12304250559284116,0.8769574944071589
bioasq_train,answer_uncertainty,0.34532374100719426,336,0.12304250559284116,0.8769574944071589
bioasq_train,answer_uncertainty,0.34635149023638234,337,0.12304250559284116,0.8769574944071589
bioasq_train,answer_uncertainty,0.3473792394655704,338,0.12304250559284116,0.8769574944071589
bioasq_train,answer_uncertainty,0.3484069886947585,339,0.12304250559284118,0.8769574944071589
bioasq_train,answer_uncertainty,0.3494347379239466,340,0.12304250559284118,0.8769574944071589
bioasq_train,answer_uncertainty,0.35046248715313466,341,0.12304250559284115,0.8769574944071589
bioasq_train,answer_uncertainty,0.35149023638232274,342,0.12304250559284116,0.8769574944071589
bioasq_train,answer_uncertainty,0.35251798561151076,343,0.12304250559284116,0.8769574944071589
bioasq_train,answer_uncertainty,0.35354573484069884,344,0.12304250559284116,0.8769574944071589
bioasq_train,answer_uncertainty,0.3545734840698869,345,0.12304250559284116,0.8769574944071589
bioasq_train,answer_uncertainty,0.355601233299075,346,0.12304250559284116,0.8769574944071589
bioasq_train,answer_uncertainty,0.3566289825282631,347,0.12304250559284118,0.8769574944071589
bioasq_train,answer_uncertainty,0.35765673175745116,348,0.12304250559284115,0.8769574944071589
bioasq_train,answer_uncertainty,0.35868448098663924,349,0.12304250559284116,0.8769574944071589
bioasq_train,answer_uncertainty,0.3597122302158273,350,0.12304250559284116,0.8769574944071589
bioasq_train,answer_uncertainty,0.3607399794450154,351,0.12304250559284116,0.8769574944071589
bioasq_train,answer_uncertainty,0.3617677286742035,352,0.12304250559284116,0.8769574944071589
bioasq_train,answer_uncertainty,0.36279547790339156,353,0.12304250559284116,0.8769574944071589
bioasq_train,answer_uncertainty,0.36382322713257964,354,0.12304250559284118,0.8769574944071589
bioasq_train,answer_uncertainty,0.3648509763617677,355,0.12304250559284115,0.8769574944071589
bioasq_train,answer_uncertainty,0.3658787255909558,356,0.12304250559284116,0.8769574944071589
bioasq_train,answer_uncertainty,0.3669064748201439,357,0.12304250559284116,0.8769574944071589
bioasq_train,answer_uncertainty,0.36793422404933196,358,0.12304250559284116,0.8769574944071589
bioasq_train,answer_uncertainty,0.36896197327852004,359,0.12304250559284116,0.8769574944071589
bioasq_train,answer_uncertainty,0.3699897225077081,360,0.12304250559284116,0.8769574944071589
bioasq_train,answer_uncertainty,0.3710174717368962,361,0.12304250559284118,0.8769574944071589
bioasq_train,answer_uncertainty,0.3720452209660843,362,0.12304250559284118,0.8769574944071589
bioasq_train,answer_uncertainty,0.37307297019527236,363,0.12304250559284115,0.8769574944071589
bioasq_train,answer_uncertainty,0.37410071942446044,364,0.12304250559284116,0.8769574944071589
bioasq_train,answer_uncertainty,0.3751284686536485,365,0.12304250559284116,0.8769574944071589
bioasq_train,answer_uncertainty,0.3761562178828366,366,0.12304250559284116,0.8769574944071589
bioasq_train,answer_uncertainty,0.3771839671120247,367,0.12304250559284116,0.8769574944071589
bioasq_train,answer_uncertainty,0.37821171634121276,368,0.12304250559284116,0.8769574944071589
bioasq_train,answer_uncertainty,0.37923946557040084,369,0.12304250559284118,0.8769574944071589
bioasq_train,answer_uncertainty,0.3802672147995889,370,0.12304250559284115,0.8769574944071589
bioasq_train,answer_uncertainty,0.381294964028777,371,0.12304250559284116,0.8769574944071589
bioasq_train,answer_uncertainty,0.3823227132579651,372,0.12304250559284116,0.8769574944071589
bioasq_train,answer_uncertainty,0.38335046248715315,373,0.12304250559284116,0.8769574944071589
bioasq_train,answer_uncertainty,0.38437821171634123,374,0.12304250559284116,0.8769574944071589
bioasq_train,answer_uncertainty,0.3854059609455293,375,0.12304250559284116,0.8769574944071589
bioasq_train,answer_uncertainty,0.3864337101747174,376,0.12304250559284118,0.8769574944071589
bioasq_train,answer_uncertainty,0.3874614594039055,377,0.12304250559284115,0.8769574944071589
bioasq_train,answer_uncertainty,0.38848920863309355,378,0.12304250559284116,0.8769574944071589
bioasq_train,answer_uncertainty,0.3895169578622816,379,0.12304250559284116,0.8769574944071589
bioasq_train,answer_uncertainty,0.39054470709146966,380,0.12304250559284116,0.8769574944071589
bioasq_train,answer_uncertainty,0.39157245632065774,381,0.12304250559284116,0.8769574944071589
bioasq_train,answer_uncertainty,0.3926002055498458,382,0.12304250559284116,0.8769574944071589
bioasq_train,answer_uncertainty,0.3936279547790339,383,0.12304250559284116,0.8769574944071589
bioasq_train,answer_uncertainty,0.394655704008222,384,0.12304250559284118,0.8769574944071589
bioasq_train,answer_uncertainty,0.39568345323741005,385,0.12304250559284116,0.8769574944071589
bioasq_train,answer_uncertainty,0.39671120246659813,386,0.12304250559284116,0.8769574944071589
bioasq_train,answer_uncertainty,0.3977389516957862,387,0.12304250559284116,0.8769574944071589
bioasq_train,answer_uncertainty,0.3987667009249743,388,0.12304250559284116,0.8769574944071589
bioasq_train,answer_uncertainty,0.3997944501541624,389,0.12304250559284116,0.8769574944071589
bioasq_train,answer_uncertainty,0.40082219938335045,390,0.12304250559284116,0.8769574944071589
bioasq_train,answer_uncertainty,0.40184994861253853,391,0.12304250559284118,0.8769574944071589
bioasq_train,answer_uncertainty,0.4028776978417266,392,0.12304250559284115,0.8769574944071589
bioasq_train,answer_uncertainty,0.4039054470709147,393,0.12304250559284116,0.8769574944071589
bioasq_train,answer_uncertainty,0.40493319630010277,394,0.12304250559284116,0.8769574944071589
bioasq_train,answer_uncertainty,0.40596094552929085,395,0.12304250559284116,0.8769574944071589
bioasq_train,answer_uncertainty,0.40698869475847893,396,0.12304250559284116,0.8769574944071589
bioasq_train,answer_uncertainty,0.408016443987667,397,0.12304250559284116,0.8769574944071589
bioasq_train,answer_uncertainty,0.4090441932168551,398,0.12304250559284118,0.8769574944071589
bioasq_train,answer_uncertainty,0.41007194244604317,399,0.12304250559284115,0.8769574944071589
bioasq_train,answer_uncertainty,0.41109969167523125,400,0.12304250559284116,0.8769574944071589
bioasq_train,answer_uncertainty,0.41212744090441933,401,0.12304250559284116,0.8769574944071589
bioasq_train,answer_uncertainty,0.4131551901336074,402,0.12304250559284116,0.8769574944071589
bioasq_train,answer_uncertainty,0.4141829393627955,403,0.12304250559284116,0.8769574944071589
bioasq_train,answer_uncertainty,0.41521068859198357,404,0.12304250559284116,0.8769574944071589
bioasq_train,answer_uncertainty,0.41623843782117165,405,0.12304250559284116,0.8769574944071589
bioasq_train,answer_uncertainty,0.4172661870503597,406,0.12304250559284115,0.8769574944071589
bioasq_train,answer_uncertainty,0.4182939362795478,407,0.12304250559284116,0.8769574944071589
bioasq_train,answer_uncertainty,0.4193216855087359,408,0.12304250559284116,0.8769574944071589
bioasq_train,answer_uncertainty,0.42034943473792397,409,0.12304250559284116,0.8769574944071589
bioasq_train,answer_uncertainty,0.42137718396711205,410,0.12304250559284116,0.8769574944071589
bioasq_train,answer_uncertainty,0.4224049331963001,411,0.12304250559284116,0.8769574944071589
bioasq_train,answer_uncertainty,0.4234326824254882,412,0.12304250559284116,0.8769574944071589
bioasq_train,answer_uncertainty,0.4244604316546763,413,0.12304250559284118,0.8769574944071589
bioasq_train,answer_uncertainty,0.42548818088386436,414,0.12304250559284116,0.8769574944071589
bioasq_train,answer_uncertainty,0.4265159301130524,415,0.12304250559284116,0.8769574944071589
bioasq_train,answer_uncertainty,0.42754367934224047,416,0.12304250559284116,0.8769574944071589
bioasq_train,answer_uncertainty,0.42857142857142855,417,0.12304250559284116,0.8769574944071589
bioasq_train,answer_uncertainty,0.4295991778006166,418,0.12304250559284116,0.8769574944071589
bioasq_train,answer_uncertainty,0.4306269270298047,419,0.12304250559284116,0.8769574944071589
bioasq_train,answer_uncertainty,0.4316546762589928,420,0.12304250559284118,0.8769574944071589
bioasq_train,answer_uncertainty,0.43268242548818087,421,0.12304250559284115,0.8769574944071589
bioasq_train,answer_uncertainty,0.43371017471736895,422,0.12304250559284116,0.8769574944071589
bioasq_train,answer_uncertainty,0.434737923946557,423,0.12304250559284116,0.8769574944071589
bioasq_train,answer_uncertainty,0.4357656731757451,424,0.12304250559284116,0.8769574944071589
bioasq_train,answer_uncertainty,0.4367934224049332,425,0.12304250559284116,0.8769574944071589
bioasq_train,answer_uncertainty,0.43782117163412126,426,0.12304250559284116,0.8769574944071589
bioasq_train,answer_uncertainty,0.43884892086330934,427,0.12304250559284116,0.8769574944071589
bioasq_train,answer_uncertainty,0.4398766700924974,428,0.12304250559284115,0.8769574944071589
bioasq_train,answer_uncertainty,0.4409044193216855,429,0.12304250559284116,0.8769574944071589
bioasq_train,answer_uncertainty,0.4419321685508736,430,0.12304250559284116,0.8769574944071589
bioasq_train,answer_uncertainty,0.44295991778006166,431,0.12304250559284116,0.8769574944071589
bioasq_train,answer_uncertainty,0.44398766700924974,432,0.12304250559284116,0.8769574944071589
bioasq_train,answer_uncertainty,0.4450154162384378,433,0.12304250559284116,0.8769574944071589
bioasq_train,answer_uncertainty,0.4460431654676259,434,0.12304250559284116,0.8769574944071589
bioasq_train,answer_uncertainty,0.447070914696814,435,0.12304250559284118,0.8769574944071589
bioasq_train,answer_uncertainty,0.44809866392600206,436,0.12304250559284116,0.8769574944071589
bioasq_train,answer_uncertainty,0.44912641315519014,437,0.12304250559284116,0.8769574944071589
bioasq_train,answer_uncertainty,0.4501541623843782,438,0.12304250559284116,0.8769574944071589
bioasq_train,answer_uncertainty,0.4511819116135663,439,0.12304250559284116,0.8769574944071589
bioasq_train,answer_uncertainty,0.4522096608427544,440,0.12304250559284116,0.8769574944071589
bioasq_train,answer_uncertainty,0.45323741007194246,441,0.12304250559284116,0.8769574944071589
bioasq_train,answer_uncertainty,0.45426515930113054,442,0.12304250559284116,0.8769574944071589
bioasq_train,answer_uncertainty,0.4552929085303186,443,0.12304250559284115,0.8769574944071589
bioasq_train,answer_uncertainty,0.4563206577595067,444,0.12304250559284116,0.8769574944071589
bioasq_train,answer_uncertainty,0.4573484069886948,445,0.12304250559284116,0.8769574944071589
bioasq_train,answer_uncertainty,0.45837615621788286,446,0.12304250559284116,0.8769574944071589
bioasq_train,answer_uncertainty,0.45940390544707094,447,0.12304250559284116,0.8769574944071589
bioasq_train,answer_uncertainty,0.460431654676259,448,0.12304250559284116,0.8769574944071589
bioasq_train,answer_uncertainty,0.4614594039054471,449,0.12304250559284116,0.8769574944071589
bioasq_train,answer_uncertainty,0.4624871531346352,450,0.12304250559284115,0.8769574944071589
bioasq_train,answer_uncertainty,0.4635149023638232,451,0.12304250559284116,0.8769574944071589
bioasq_train,answer_uncertainty,0.4645426515930113,452,0.12304250559284116,0.8769574944071589
bioasq_train,answer_uncertainty,0.46557040082219936,453,0.12304250559284116,0.8769574944071589
bioasq_train,answer_uncertainty,0.46659815005138744,454,0.12304250559284116,0.8769574944071589
bioasq_train,answer_uncertainty,0.4676258992805755,455,0.12304250559284116,0.8769574944071589
bioasq_train,answer_uncertainty,0.4686536485097636,456,0.12304250559284116,0.8769574944071589
bioasq_train,answer_uncertainty,0.4696813977389517,457,0.12304250559284118,0.8769574944071589
bioasq_train,answer_uncertainty,0.47070914696813976,458,0.12304250559284116,0.8769574944071589
bioasq_train,answer_uncertainty,0.47173689619732784,459,0.12304250559284116,0.8769574944071589
bioasq_train,answer_uncertainty,0.4727646454265159,460,0.12304250559284116,0.8769574944071589
bioasq_train,answer_uncertainty,0.473792394655704,461,0.12304250559284116,0.8769574944071589
bioasq_train,answer_uncertainty,0.4748201438848921,462,0.12304250559284116,0.8769574944071589
bioasq_train,answer_uncertainty,0.47584789311408016,463,0.12304250559284116,0.8769574944071589
bioasq_train,answer_uncertainty,0.47687564234326824,464,0.12304250559284116,0.8769574944071589
bioasq_train,answer_uncertainty,0.4779033915724563,465,0.12304250559284116,0.8769574944071589
bioasq_train,answer_uncertainty,0.4789311408016444,466,0.12304250559284116,0.8769574944071589
bioasq_train,answer_uncertainty,0.4799588900308325,467,0.12304250559284116,0.8769574944071589
bioasq_train,answer_uncertainty,0.48098663926002055,468,0.12304250559284116,0.8769574944071589
bioasq_train,answer_uncertainty,0.48201438848920863,469,0.12304250559284116,0.8769574944071589
bioasq_train,answer_uncertainty,0.4830421377183967,470,0.12304250559284116,0.8769574944071589
bioasq_train,answer_uncertainty,0.4840698869475848,471,0.12304250559284116,0.8769574944071589
bioasq_train,answer_uncertainty,0.4850976361767729,472,0.12304250559284115,0.8769574944071589
bioasq_train,answer_uncertainty,0.48612538540596095,473,0.12304250559284116,0.8769574944071589
bioasq_train,answer_uncertainty,0.48715313463514903,474,0.12304250559284116,0.8769574944071589
bioasq_train,answer_uncertainty,0.4881808838643371,475,0.12304250559284116,0.8769574944071589
bioasq_train,answer_uncertainty,0.4892086330935252,476,0.12304250559284116,0.8769574944071589
bioasq_train,answer_uncertainty,0.49023638232271327,477,0.12304250559284116,0.8769574944071589
bioasq_train,answer_uncertainty,0.49126413155190135,478,0.12304250559284116,0.8769574944071589
bioasq_train,answer_uncertainty,0.49229188078108943,479,0.12304250559284118,0.8769574944071589
bioasq_train,answer_uncertainty,0.4933196300102775,480,0.12304250559284116,0.8769574944071589
bioasq_train,answer_uncertainty,0.4943473792394656,481,0.12304250559284116,0.8769574944071589
bioasq_train,answer_uncertainty,0.49537512846865367,482,0.12304250559284116,0.8769574944071589
bioasq_train,answer_uncertainty,0.49640287769784175,483,0.12304250559284116,0.8769574944071589
bioasq_train,answer_uncertainty,0.49743062692702983,484,0.12304250559284116,0.8769574944071589
bioasq_train,answer_uncertainty,0.4984583761562179,485,0.12304250559284116,0.8769574944071589
bioasq_train,answer_uncertainty,0.499486125385406,486,0.12304250559284116,0.8769574944071589
bioasq_train,answer_uncertainty,0.5005138746145941,487,0.12304250559284116,0.8769574944071589
bioasq_train,answer_uncertainty,0.5015416238437821,488,0.12304250559284116,0.8769574944071589
bioasq_train,answer_uncertainty,0.5025693730729702,489,0.12304250559284116,0.8769574944071589
bioasq_train,answer_uncertainty,0.5035971223021583,490,0.12304250559284116,0.8769574944071589
bioasq_train,answer_uncertainty,0.5046248715313464,491,0.12304250559284116,0.8769574944071589
bioasq_train,answer_uncertainty,0.5056526207605344,492,0.12304250559284116,0.8769574944071589
bioasq_train,answer_uncertainty,0.5066803699897225,493,0.12304250559284116,0.8769574944071589
bioasq_train,answer_uncertainty,0.5077081192189106,494,0.12304250559284116,0.8769574944071589
bioasq_train,answer_uncertainty,0.5087358684480987,495,0.12304250559284116,0.8769574944071589
bioasq_train,answer_uncertainty,0.5097636176772867,496,0.12304250559284116,0.8769574944071589
bioasq_train,answer_uncertainty,0.5107913669064749,497,0.12304250559284116,0.8769574944071589
bioasq_train,answer_uncertainty,0.5118191161356629,498,0.12304250559284116,0.8769574944071589
bioasq_train,answer_uncertainty,0.512846865364851,499,0.12304250559284116,0.8769574944071589
bioasq_train,answer_uncertainty,0.513874614594039,500,0.12304250559284116,0.8769574944071589
bioasq_train,answer_uncertainty,0.5149023638232272,501,0.12304250559284118,0.8769574944071589
bioasq_train,answer_uncertainty,0.5159301130524152,502,0.12304250559284116,0.8769574944071589
bioasq_train,answer_uncertainty,0.5169578622816033,503,0.12304250559284116,0.8769574944071589
bioasq_train,answer_uncertainty,0.5179856115107914,504,0.12304250559284116,0.8769574944071589
bioasq_train,answer_uncertainty,0.5190133607399794,505,0.12304250559284116,0.8769574944071589
bioasq_train,answer_uncertainty,0.5200411099691675,506,0.12304250559284116,0.8769574944071589
bioasq_train,answer_uncertainty,0.5210688591983555,507,0.12304250559284116,0.8769574944071589
bioasq_train,answer_uncertainty,0.5220966084275437,508,0.12304250559284116,0.8769574944071589
bioasq_train,answer_uncertainty,0.5231243576567317,509,0.12304250559284116,0.8769574944071589
bioasq_train,answer_uncertainty,0.5241521068859198,510,0.12304250559284116,0.8769574944071589
bioasq_train,answer_uncertainty,0.5251798561151079,511,0.12304250559284116,0.8769574944071589
bioasq_train,answer_uncertainty,0.526207605344296,512,0.12304250559284116,0.8769574944071589
bioasq_train,answer_uncertainty,0.527235354573484,513,0.12304250559284116,0.8769574944071589
bioasq_train,answer_uncertainty,0.5282631038026722,514,0.12304250559284116,0.8769574944071589
bioasq_train,answer_uncertainty,0.5292908530318602,515,0.12304250559284116,0.8769574944071589
bioasq_train,answer_uncertainty,0.5303186022610483,516,0.12304250559284116,0.8769574944071589
bioasq_train,answer_uncertainty,0.5313463514902363,517,0.12304250559284116,0.8769574944071589
bioasq_train,answer_uncertainty,0.5323741007194245,518,0.12304250559284116,0.8769574944071589
bioasq_train,answer_uncertainty,0.5334018499486125,519,0.12304250559284116,0.8769574944071589
bioasq_train,answer_uncertainty,0.5344295991778006,520,0.12304250559284116,0.8769574944071589
bioasq_train,answer_uncertainty,0.5354573484069887,521,0.12304250559284116,0.8769574944071589
bioasq_train,answer_uncertainty,0.5364850976361768,522,0.12304250559284115,0.8769574944071589
bioasq_train,answer_uncertainty,0.5375128468653648,523,0.12304250559284116,0.8769574944071589
bioasq_train,answer_uncertainty,0.538540596094553,524,0.12304250559284116,0.8769574944071589
bioasq_train,answer_uncertainty,0.539568345323741,525,0.12304250559284118,0.8769574944071589
bioasq_train,answer_uncertainty,0.5405960945529291,526,0.12304250559284116,0.8769574944071589
bioasq_train,answer_uncertainty,0.5416238437821171,527,0.12304250559284115,0.8769574944071589
bioasq_train,answer_uncertainty,0.5426515930113053,528,0.12304250559284116,0.8769574944071589
bioasq_train,answer_uncertainty,0.5436793422404933,529,0.12304250559284115,0.8769574944071589
bioasq_train,answer_uncertainty,0.5447070914696814,530,0.12304250559284116,0.8769574944071589
bioasq_train,answer_uncertainty,0.5457348406988695,531,0.12304250559284116,0.8769574944071589
bioasq_train,answer_uncertainty,0.5467625899280576,532,0.12304250559284118,0.8769574944071589
bioasq_train,answer_uncertainty,0.5477903391572456,533,0.12304250559284116,0.8769574944071589
bioasq_train,answer_uncertainty,0.5488180883864338,534,0.12304250559284115,0.8769574944071589
bioasq_train,answer_uncertainty,0.5498458376156218,535,0.12304250559284116,0.8769574944071589
bioasq_train,answer_uncertainty,0.5508735868448099,536,0.12304250559284115,0.8769574944071589
bioasq_train,answer_uncertainty,0.5519013360739979,537,0.12304250559284116,0.8769574944071589
bioasq_train,answer_uncertainty,0.5529290853031861,538,0.12304250559284116,0.8769574944071589
bioasq_train,answer_uncertainty,0.5539568345323741,539,0.12304250559284118,0.8769574944071589
bioasq_train,answer_uncertainty,0.5549845837615622,540,0.12304250559284116,0.8769574944071589
bioasq_train,answer_uncertainty,0.5560123329907503,541,0.12304250559284118,0.8769574944071589
bioasq_train,answer_uncertainty,0.5570400822199383,542,0.12304250559284116,0.8769574944071589
bioasq_train,answer_uncertainty,0.5580678314491264,543,0.12304250559284115,0.8769574944071589
bioasq_train,answer_uncertainty,0.5590955806783144,544,0.12304250559284116,0.8769574944071589
bioasq_train,answer_uncertainty,0.5601233299075026,545,0.12304250559284116,0.8769574944071589
bioasq_train,answer_uncertainty,0.5611510791366906,546,0.12304250559284118,0.8769574944071589
bioasq_train,answer_uncertainty,0.5621788283658787,547,0.12304250559284116,0.8769574944071589
bioasq_train,answer_uncertainty,0.5632065775950668,548,0.12304250559284118,0.8769574944071589
bioasq_train,answer_uncertainty,0.5642343268242549,549,0.12304250559284116,0.8769574944071589
bioasq_train,answer_uncertainty,0.5652620760534429,550,0.12304250559284115,0.8769574944071589
bioasq_train,answer_uncertainty,0.566289825282631,551,0.12304250559284116,0.8769574944071589
bioasq_train,answer_uncertainty,0.5673175745118191,552,0.12304250559284116,0.8769574944071589
bioasq_train,answer_uncertainty,0.5683453237410072,553,0.12304250559284118,0.8769574944071589
bioasq_train,answer_uncertainty,0.5693730729701952,554,0.12304250559284116,0.8769574944071589
bioasq_train,answer_uncertainty,0.5704008221993834,555,0.12304250559284118,0.8769574944071589
bioasq_train,answer_uncertainty,0.5714285714285714,556,0.12304250559284116,0.8769574944071589
bioasq_train,answer_uncertainty,0.5724563206577595,557,0.12304250559284115,0.8769574944071589
bioasq_train,answer_uncertainty,0.5734840698869476,558,0.12304250559284116,0.8769574944071589
bioasq_train,answer_uncertainty,0.5745118191161357,559,0.12304250559284115,0.8769574944071589
bioasq_train,answer_uncertainty,0.5755395683453237,560,0.12304250559284118,0.8769574944071589
bioasq_train,answer_uncertainty,0.5765673175745119,561,0.12304250559284116,0.8769574944071589
bioasq_train,answer_uncertainty,0.5775950668036999,562,0.12304250559284118,0.8769574944071589
bioasq_train,answer_uncertainty,0.578622816032888,563,0.12304250559284116,0.8769574944071589
bioasq_train,answer_uncertainty,0.579650565262076,564,0.12304250559284115,0.8769574944071589
bioasq_train,answer_uncertainty,0.5806783144912642,565,0.12304250559284116,0.8769574944071589
bioasq_train,answer_uncertainty,0.5817060637204522,566,0.12304250559284115,0.8769574944071589
bioasq_train,answer_uncertainty,0.5827338129496403,567,0.12304250559284116,0.8769574944071589
bioasq_train,answer_uncertainty,0.5837615621788284,568,0.12304250559284116,0.8769574944071589
bioasq_train,answer_uncertainty,0.5847893114080165,569,0.12304250559284118,0.8769574944071589
bioasq_train,answer_uncertainty,0.5858170606372045,570,0.12304250559284116,0.8769574944071589
bioasq_train,answer_uncertainty,0.5868448098663926,571,0.12304250559284115,0.8769574944071589
bioasq_train,answer_uncertainty,0.5878725590955807,572,0.12304250559284116,0.8769574944071589
bioasq_train,answer_uncertainty,0.5889003083247688,573,0.12304250559284115,0.8769574944071589
bioasq_train,answer_uncertainty,0.5899280575539568,574,0.12304250559284116,0.8769574944071589
bioasq_train,answer_uncertainty,0.590955806783145,575,0.12304250559284116,0.8769574944071589
bioasq_train,answer_uncertainty,0.591983556012333,576,0.12304250559284118,0.8769574944071589
bioasq_train,answer_uncertainty,0.593011305241521,577,0.12304250559284116,0.8769574944071589
bioasq_train,answer_uncertainty,0.5940390544707091,578,0.12304250559284115,0.8769574944071589
bioasq_train,answer_uncertainty,0.5950668036998972,579,0.12304250559284116,0.8769574944071589
bioasq_train,answer_uncertainty,0.5960945529290853,580,0.12304250559284115,0.8769574944071589
bioasq_train,answer_uncertainty,0.5971223021582733,581,0.12304250559284116,0.8769574944071589
bioasq_train,answer_uncertainty,0.5981500513874615,582,0.12304250559284116,0.8769574944071589
bioasq_train,answer_uncertainty,0.5991778006166495,583,0.12304250559284118,0.8769574944071589
bioasq_train,answer_uncertainty,0.6002055498458376,584,0.12304250559284116,0.8769574944071589
bioasq_train,answer_uncertainty,0.6012332990750257,585,0.12304250559284118,0.8769574944071589
bioasq_train,answer_uncertainty,0.6022610483042138,586,0.12304250559284116,0.8769574944071589
bioasq_train,answer_uncertainty,0.6032887975334018,587,0.12304250559284115,0.8769574944071589
bioasq_train,answer_uncertainty,0.60431654676259,588,0.12304250559284116,0.8769574944071589
bioasq_train,answer_uncertainty,0.605344295991778,589,0.12304250559284116,0.8769574944071589
bioasq_train,answer_uncertainty,0.6063720452209661,590,0.12304250559284118,0.8769574944071589
bioasq_train,answer_uncertainty,0.6073997944501541,591,0.12304250559284116,0.8769574944071589
bioasq_train,answer_uncertainty,0.6084275436793423,592,0.12304250559284118,0.8769574944071589
bioasq_train,answer_uncertainty,0.6094552929085303,593,0.12304250559284116,0.8769574944071589
bioasq_train,answer_uncertainty,0.6104830421377184,594,0.12304250559284115,0.8769574944071589
bioasq_train,answer_uncertainty,0.6115107913669064,595,0.12304250559284116,0.8769574944071589
bioasq_train,answer_uncertainty,0.6125385405960946,596,0.12304250559284116,0.8769574944071589
bioasq_train,answer_uncertainty,0.6135662898252826,597,0.12304250559284118,0.8769574944071589
bioasq_train,answer_uncertainty,0.6145940390544707,598,0.12304250559284116,0.8769574944071589
bioasq_train,answer_uncertainty,0.6156217882836588,599,0.12304250559284118,0.8769574944071589
bioasq_train,answer_uncertainty,0.6166495375128469,600,0.12304250559284116,0.8769574944071589
bioasq_train,answer_uncertainty,0.6176772867420349,601,0.12304250559284115,0.8769574944071589
bioasq_train,answer_uncertainty,0.6187050359712231,602,0.12304250559284116,0.8769574944071589
bioasq_train,answer_uncertainty,0.6197327852004111,603,0.12304250559284116,0.8769574944071589
bioasq_train,answer_uncertainty,0.6207605344295992,604,0.12304250559284116,0.8769574944071589
bioasq_train,answer_uncertainty,0.6217882836587872,605,0.12304250559284116,0.8769574944071589
bioasq_train,answer_uncertainty,0.6228160328879754,606,0.12304250559284118,0.8769574944071589
bioasq_train,answer_uncertainty,0.6238437821171634,607,0.12304250559284116,0.8769574944071589
bioasq_train,answer_uncertainty,0.6248715313463515,608,0.12304250559284115,0.8769574944071589
bioasq_train,answer_uncertainty,0.6258992805755396,609,0.12304250559284116,0.8769574944071589
bioasq_train,answer_uncertainty,0.6269270298047277,610,0.12304250559284115,0.8769574944071589
bioasq_train,answer_uncertainty,0.6279547790339157,611,0.12304250559284116,0.8769574944071589
bioasq_train,answer_uncertainty,0.6289825282631039,612,0.12304250559284116,0.8769574944071589
bioasq_train,answer_uncertainty,0.6300102774922919,613,0.12304250559284118,0.8769574944071589
bioasq_train,answer_uncertainty,0.6310380267214799,614,0.12304250559284116,0.8769574944071589
bioasq_train,answer_uncertainty,0.632065775950668,615,0.12304250559284115,0.8769574944071589
bioasq_train,answer_uncertainty,0.6330935251798561,616,0.12304250559284116,0.8769574944071589
bioasq_train,answer_uncertainty,0.6341212744090442,617,0.12304250559284115,0.8769574944071589
bioasq_train,answer_uncertainty,0.6351490236382322,618,0.12304250559284116,0.8769574944071589
bioasq_train,answer_uncertainty,0.6361767728674204,619,0.12304250559284116,0.8769574944071589
bioasq_train,answer_uncertainty,0.6372045220966084,620,0.12304250559284118,0.8769574944071589
bioasq_train,answer_uncertainty,0.6382322713257965,621,0.12304250559284116,0.8769574944071589
bioasq_train,answer_uncertainty,0.6392600205549845,622,0.12304250559284115,0.8769574944071589
bioasq_train,answer_uncertainty,0.6402877697841727,623,0.12304250559284116,0.8769574944071589
bioasq_train,answer_uncertainty,0.6413155190133607,624,0.12304250559284115,0.8769574944071589
bioasq_train,answer_uncertainty,0.6423432682425488,625,0.12304250559284116,0.8769574944071589
bioasq_train,answer_uncertainty,0.6433710174717369,626,0.12304250559284116,0.8769574944071589
bioasq_train,answer_uncertainty,0.644398766700925,627,0.12304250559284118,0.8769574944071589
bioasq_train,answer_uncertainty,0.645426515930113,628,0.12304250559284116,0.8769574944071589
bioasq_train,answer_uncertainty,0.6464542651593012,629,0.12304250559284118,0.8769574944071589
bioasq_train,answer_uncertainty,0.6474820143884892,630,0.12304250559284116,0.8769574944071589
bioasq_train,answer_uncertainty,0.6485097636176773,631,0.12304250559284115,0.8769574944071589
bioasq_train,answer_uncertainty,0.6495375128468653,632,0.12304250559284116,0.8769574944071589
bioasq_train,answer_uncertainty,0.6505652620760535,633,0.12304250559284116,0.8769574944071589
bioasq_train,answer_uncertainty,0.6515930113052415,634,0.12304250559284118,0.8769574944071589
bioasq_train,answer_uncertainty,0.6526207605344296,635,0.12304250559284116,0.8769574944071589
bioasq_train,answer_uncertainty,0.6536485097636177,636,0.12304250559284118,0.8769574944071589
bioasq_train,answer_uncertainty,0.6546762589928058,637,0.12304250559284116,0.8769574944071589
bioasq_train,answer_uncertainty,0.6557040082219938,638,0.12304250559284115,0.8769574944071589
bioasq_train,answer_uncertainty,0.656731757451182,639,0.12304250559284116,0.8769574944071589
bioasq_train,answer_uncertainty,0.65775950668037,640,0.12304250559284116,0.8769574944071589
bioasq_train,answer_uncertainty,0.6587872559095581,641,0.12304250559284118,0.8769574944071589
bioasq_train,answer_uncertainty,0.6598150051387461,642,0.12304250559284116,0.8769574944071589
bioasq_train,answer_uncertainty,0.6608427543679343,643,0.12304250559284118,0.8769574944071589
bioasq_train,answer_uncertainty,0.6618705035971223,644,0.12304250559284116,0.8769574944071589
bioasq_train,answer_uncertainty,0.6628982528263104,645,0.12304250559284115,0.8769574944071589
bioasq_train,answer_uncertainty,0.6639260020554985,646,0.12304250559284116,0.8769574944071589
bioasq_train,answer_uncertainty,0.6649537512846866,647,0.12304250559284116,0.8769574944071589
bioasq_train,answer_uncertainty,0.6659815005138746,648,0.12304250559284116,0.8769574944071589
bioasq_train,answer_uncertainty,0.6670092497430626,649,0.12304250559284116,0.8769574944071589
bioasq_train,answer_uncertainty,0.6680369989722508,650,0.12304250559284118,0.8769574944071589
bioasq_train,answer_uncertainty,0.6690647482014388,651,0.12304250559284116,0.8769574944071589
bioasq_train,answer_uncertainty,0.6700924974306269,652,0.12304250559284115,0.8769574944071589
bioasq_train,answer_uncertainty,0.671120246659815,653,0.12304250559284116,0.8769574944071589
bioasq_train,answer_uncertainty,0.6721479958890031,654,0.12304250559284116,0.8769574944071589
bioasq_train,answer_uncertainty,0.6731757451181911,655,0.12304250559284116,0.8769574944071589
bioasq_train,answer_uncertainty,0.6742034943473793,656,0.12304250559284116,0.8769574944071589
bioasq_train,answer_uncertainty,0.6752312435765673,657,0.12304250559284118,0.8769574944071589
bioasq_train,answer_uncertainty,0.6762589928057554,658,0.12304250559284116,0.8769574944071589
bioasq_train,answer_uncertainty,0.6772867420349434,659,0.12304250559284115,0.8769574944071589
bioasq_train,answer_uncertainty,0.6783144912641316,660,0.12304250559284116,0.8769574944071589
bioasq_train,answer_uncertainty,0.6793422404933196,661,0.12304250559284116,0.8769574944071589
bioasq_train,answer_uncertainty,0.6803699897225077,662,0.12304250559284116,0.8769574944071589
bioasq_train,answer_uncertainty,0.6813977389516958,663,0.12304250559284116,0.8769574944071589
bioasq_train,answer_uncertainty,0.6824254881808839,664,0.12304250559284118,0.8769574944071589
bioasq_train,answer_uncertainty,0.6834532374100719,665,0.12304250559284116,0.8769574944071589
bioasq_train,answer_uncertainty,0.68448098663926,666,0.12304250559284115,0.8769574944071589
bioasq_train,answer_uncertainty,0.6855087358684481,667,0.12304250559284116,0.8769574944071589
bioasq_train,answer_uncertainty,0.6865364850976362,668,0.12304250559284115,0.8769574944071589
bioasq_train,answer_uncertainty,0.6875642343268242,669,0.12304250559284116,0.8769574944071589
bioasq_train,answer_uncertainty,0.6885919835560124,670,0.12304250559284116,0.8769574944071589
bioasq_train,answer_uncertainty,0.6896197327852004,671,0.12304250559284118,0.8769574944071589
bioasq_train,answer_uncertainty,0.6906474820143885,672,0.12304250559284116,0.8769574944071589
bioasq_train,answer_uncertainty,0.6916752312435765,673,0.12304250559284115,0.8769574944071589
bioasq_train,answer_uncertainty,0.6927029804727647,674,0.12304250559284116,0.8769574944071589
bioasq_train,answer_uncertainty,0.6937307297019527,675,0.12304250559284115,0.8769574944071589
bioasq_train,answer_uncertainty,0.6947584789311408,676,0.12304250559284116,0.8769574944071589
bioasq_train,answer_uncertainty,0.6957862281603289,677,0.12304250559284116,0.8769574944071589
bioasq_train,answer_uncertainty,0.696813977389517,678,0.12304250559284118,0.8769574944071589
bioasq_train,answer_uncertainty,0.697841726618705,679,0.12304250559284116,0.8769574944071589
bioasq_train,answer_uncertainty,0.6988694758478932,680,0.12304250559284118,0.8769574944071589
bioasq_train,answer_uncertainty,0.6998972250770812,681,0.12304250559284116,0.8769574944071589
bioasq_train,answer_uncertainty,0.7009249743062693,682,0.12304250559284115,0.8769574944071589
bioasq_train,answer_uncertainty,0.7019527235354573,683,0.12304250559284116,0.8769574944071589
bioasq_train,answer_uncertainty,0.7029804727646455,684,0.12304250559284116,0.8769574944071589
bioasq_train,answer_uncertainty,0.7040082219938335,685,0.12304250559284116,0.8769574944071589
bioasq_train,answer_uncertainty,0.7050359712230215,686,0.12304250559284116,0.8769574944071589
bioasq_train,answer_uncertainty,0.7060637204522097,687,0.12304250559284118,0.8769574944071589
bioasq_train,answer_uncertainty,0.7070914696813977,688,0.12304250559284116,0.8769574944071589
bioasq_train,answer_uncertainty,0.7081192189105858,689,0.12304250559284115,0.8769574944071589
bioasq_train,answer_uncertainty,0.7091469681397738,690,0.12304250559284116,0.8769574944071589
bioasq_train,answer_uncertainty,0.710174717368962,691,0.12304250559284116,0.8769574944071589
bioasq_train,answer_uncertainty,0.71120246659815,692,0.12304250559284116,0.8769574944071589
bioasq_train,answer_uncertainty,0.7122302158273381,693,0.12304250559284116,0.8769574944071589
bioasq_train,answer_uncertainty,0.7132579650565262,694,0.12304250559284118,0.8769574944071589
bioasq_train,answer_uncertainty,0.7142857142857143,695,0.12304250559284116,0.8769574944071589
bioasq_train,answer_uncertainty,0.7153134635149023,696,0.12304250559284115,0.8769574944071589
bioasq_train,answer_uncertainty,0.7163412127440905,697,0.12304250559284116,0.8769574944071589
bioasq_train,answer_uncertainty,0.7173689619732785,698,0.12304250559284116,0.8769574944071589
bioasq_train,answer_uncertainty,0.7183967112024666,699,0.12304250559284116,0.8769574944071589
bioasq_train,answer_uncertainty,0.7194244604316546,700,0.12304250559284116,0.8769574944071589
bioasq_train,answer_uncertainty,0.7204522096608428,701,0.12304250559284118,0.8769574944071589
bioasq_train,answer_uncertainty,0.7214799588900308,702,0.12304250559284116,0.8769574944071589
bioasq_train,answer_uncertainty,0.7225077081192189,703,0.12304250559284115,0.8769574944071589
bioasq_train,answer_uncertainty,0.723535457348407,704,0.12304250559284116,0.8769574944071589
bioasq_train,answer_uncertainty,0.7245632065775951,705,0.12304250559284116,0.8769574944071589
bioasq_train,answer_uncertainty,0.7255909558067831,706,0.12304250559284116,0.8769574944071589
bioasq_train,answer_uncertainty,0.7266187050359713,707,0.12304250559284116,0.8769574944071589
bioasq_train,answer_uncertainty,0.7276464542651593,708,0.12304250559284118,0.8769574944071589
bioasq_train,answer_uncertainty,0.7286742034943474,709,0.12304250559284116,0.8769574944071589
bioasq_train,answer_uncertainty,0.7297019527235354,710,0.12304250559284115,0.8769574944071589
bioasq_train,answer_uncertainty,0.7307297019527236,711,0.12304250559284116,0.8769574944071589
bioasq_train,answer_uncertainty,0.7317574511819116,712,0.12304250559284116,0.8769574944071589
bioasq_train,answer_uncertainty,0.7327852004110997,713,0.12304250559284116,0.8769574944071589
bioasq_train,answer_uncertainty,0.7338129496402878,714,0.12304250559284116,0.8769574944071589
bioasq_train,answer_uncertainty,0.7348406988694759,715,0.12304250559284118,0.8769574944071589
bioasq_train,answer_uncertainty,0.7358684480986639,716,0.12304250559284116,0.8769574944071589
bioasq_train,answer_uncertainty,0.736896197327852,717,0.12304250559284115,0.8769574944071589
bioasq_train,answer_uncertainty,0.7379239465570401,718,0.12304250559284116,0.8769574944071589
bioasq_train,answer_uncertainty,0.7389516957862282,719,0.12304250559284116,0.8769574944071589
bioasq_train,answer_uncertainty,0.7399794450154162,720,0.12304250559284116,0.8769574944071589
bioasq_train,answer_uncertainty,0.7410071942446043,721,0.12304250559284116,0.8769574944071589
bioasq_train,answer_uncertainty,0.7420349434737924,722,0.12304250559284118,0.8769574944071589
bioasq_train,answer_uncertainty,0.7430626927029804,723,0.12304250559284116,0.8769574944071589
bioasq_train,answer_uncertainty,0.7440904419321686,724,0.12304250559284118,0.8769574944071589
bioasq_train,answer_uncertainty,0.7451181911613566,725,0.12304250559284116,0.8769574944071589
bioasq_train,answer_uncertainty,0.7461459403905447,726,0.12304250559284115,0.8769574944071589
bioasq_train,answer_uncertainty,0.7471736896197327,727,0.12304250559284116,0.8769574944071589
bioasq_train,answer_uncertainty,0.7482014388489209,728,0.12304250559284116,0.8769574944071589
bioasq_train,answer_uncertainty,0.7492291880781089,729,0.12304250559284116,0.8769574944071589
bioasq_train,answer_uncertainty,0.750256937307297,730,0.12304250559284116,0.8769574944071589
bioasq_train,answer_uncertainty,0.7512846865364851,731,0.12304250559284118,0.8769574944071589
bioasq_train,answer_uncertainty,0.7523124357656732,732,0.12304250559284116,0.8769574944071589
bioasq_train,answer_uncertainty,0.7533401849948612,733,0.12304250559284115,0.8769574944071589
bioasq_train,answer_uncertainty,0.7543679342240494,734,0.12304250559284116,0.8769574944071589
bioasq_train,answer_uncertainty,0.7553956834532374,735,0.12304250559284116,0.8769574944071589
bioasq_train,answer_uncertainty,0.7564234326824255,736,0.12304250559284116,0.8769574944071589
bioasq_train,answer_uncertainty,0.7574511819116135,737,0.12304250559284116,0.8769574944071589
bioasq_train,answer_uncertainty,0.7584789311408017,738,0.12304250559284118,0.8769574944071589
bioasq_train,answer_uncertainty,0.7595066803699897,739,0.12304250559284116,0.8769574944071589
bioasq_train,answer_uncertainty,0.7605344295991778,740,0.12304250559284115,0.8769574944071589
bioasq_train,answer_uncertainty,0.7615621788283659,741,0.12304250559284116,0.8769574944071589
bioasq_train,answer_uncertainty,0.762589928057554,742,0.12304250559284116,0.8769574944071589
bioasq_train,answer_uncertainty,0.763617677286742,743,0.12304250559284116,0.8769574944071589
bioasq_train,answer_uncertainty,0.7646454265159301,744,0.12304250559284116,0.8769574944071589
bioasq_train,answer_uncertainty,0.7656731757451182,745,0.12304250559284118,0.8769574944071589
bioasq_train,answer_uncertainty,0.7667009249743063,746,0.12304250559284116,0.8769574944071589
bioasq_train,answer_uncertainty,0.7677286742034943,747,0.12304250559284115,0.8769574944071589
bioasq_train,answer_uncertainty,0.7687564234326825,748,0.12304250559284116,0.8769574944071589
bioasq_train,answer_uncertainty,0.7697841726618705,749,0.12304250559284116,0.8769574944071589
bioasq_train,answer_uncertainty,0.7708119218910586,750,0.12304250559284116,0.8769574944071589
bioasq_train,answer_uncertainty,0.7718396711202467,751,0.12304250559284116,0.8769574944071589
bioasq_train,answer_uncertainty,0.7728674203494348,752,0.12304250559284118,0.8769574944071589
bioasq_train,answer_uncertainty,0.7738951695786228,753,0.12304250559284116,0.8769574944071589
bioasq_train,answer_uncertainty,0.774922918807811,754,0.12304250559284115,0.8769574944071589
bioasq_train,answer_uncertainty,0.775950668036999,755,0.12304250559284116,0.8769574944071589
bioasq_train,answer_uncertainty,0.7769784172661871,756,0.12304250559284116,0.8769574944071589
bioasq_train,answer_uncertainty,0.7780061664953751,757,0.12304250559284116,0.8769574944071589
bioasq_train,answer_uncertainty,0.7790339157245632,758,0.12304250559284116,0.8769574944071589
bioasq_train,answer_uncertainty,0.7800616649537513,759,0.12304250559284118,0.8769574944071589
bioasq_train,answer_uncertainty,0.7810894141829393,760,0.12304250559284116,0.8769574944071589
bioasq_train,answer_uncertainty,0.7821171634121274,761,0.12304250559284115,0.8769574944071589
bioasq_train,answer_uncertainty,0.7831449126413155,762,0.12304250559284116,0.8769574944071589
bioasq_train,answer_uncertainty,0.7841726618705036,763,0.12304250559284116,0.8769574944071589
bioasq_train,answer_uncertainty,0.7852004110996916,764,0.12304250559284116,0.8769574944071589
bioasq_train,answer_uncertainty,0.7862281603288798,765,0.12304250559284116,0.8769574944071589
bioasq_train,answer_uncertainty,0.7872559095580678,766,0.12304250559284116,0.8769574944071589
bioasq_train,answer_uncertainty,0.7882836587872559,767,0.12304250559284116,0.8769574944071589
bioasq_train,answer_uncertainty,0.789311408016444,768,0.12304250559284118,0.8769574944071589
bioasq_train,answer_uncertainty,0.7903391572456321,769,0.12304250559284116,0.8769574944071589
bioasq_train,answer_uncertainty,0.7913669064748201,770,0.12304250559284116,0.8769574944071589
bioasq_train,answer_uncertainty,0.7923946557040082,771,0.12304250559284116,0.8769574944071589
bioasq_train,answer_uncertainty,0.7934224049331963,772,0.12304250559284116,0.8769574944071589
bioasq_train,answer_uncertainty,0.7944501541623844,773,0.12304250559284116,0.8769574944071589
bioasq_train,answer_uncertainty,0.7954779033915724,774,0.12304250559284116,0.8769574944071589
bioasq_train,answer_uncertainty,0.7965056526207606,775,0.12304250559284118,0.8769574944071589
bioasq_train,answer_uncertainty,0.7975334018499486,776,0.12304250559284116,0.8769574944071589
bioasq_train,answer_uncertainty,0.7985611510791367,777,0.12304250559284115,0.8769574944071589
bioasq_train,answer_uncertainty,0.7995889003083247,778,0.12304250559284116,0.8769574944071589
bioasq_train,answer_uncertainty,0.8006166495375129,779,0.12304250559284116,0.8769574944071589
bioasq_train,answer_uncertainty,0.8016443987667009,780,0.12304250559284116,0.8769574944071589
bioasq_train,answer_uncertainty,0.802672147995889,781,0.12304250559284116,0.8769574944071589
bioasq_train,answer_uncertainty,0.8036998972250771,782,0.12304250559284118,0.8769574944071589
bioasq_train,answer_uncertainty,0.8047276464542652,783,0.12304250559284116,0.8769574944071589
bioasq_train,answer_uncertainty,0.8057553956834532,784,0.12304250559284115,0.8769574944071589
bioasq_train,answer_uncertainty,0.8067831449126414,785,0.12304250559284116,0.8769574944071589
bioasq_train,answer_uncertainty,0.8078108941418294,786,0.12304250559284116,0.8769574944071589
bioasq_train,answer_uncertainty,0.8088386433710175,787,0.12304250559284116,0.8769574944071589
bioasq_train,answer_uncertainty,0.8098663926002055,788,0.12304250559284116,0.8769574944071589
bioasq_train,answer_uncertainty,0.8108941418293937,789,0.12304250559284118,0.8769574944071589
bioasq_train,answer_uncertainty,0.8119218910585817,790,0.12304250559284116,0.8769574944071589
bioasq_train,answer_uncertainty,0.8129496402877698,791,0.12304250559284115,0.8769574944071589
bioasq_train,answer_uncertainty,0.8139773895169579,792,0.12304250559284116,0.8769574944071589
bioasq_train,answer_uncertainty,0.8150051387461459,793,0.12304250559284116,0.8769574944071589
bioasq_train,answer_uncertainty,0.816032887975334,794,0.12304250559284116,0.8769574944071589
bioasq_train,answer_uncertainty,0.817060637204522,795,0.12304250559284116,0.8769574944071589
bioasq_train,answer_uncertainty,0.8180883864337102,796,0.12304250559284118,0.8769574944071589
bioasq_train,answer_uncertainty,0.8191161356628982,797,0.12304250559284116,0.8769574944071589
bioasq_train,answer_uncertainty,0.8201438848920863,798,0.12304250559284115,0.8769574944071589
bioasq_train,answer_uncertainty,0.8211716341212744,799,0.12304250559284116,0.8769574944071589
bioasq_train,answer_uncertainty,0.8221993833504625,800,0.12304250559284116,0.8769574944071589
bioasq_train,answer_uncertainty,0.8232271325796505,801,0.12304250559284116,0.8769574944071589
bioasq_train,answer_uncertainty,0.8242548818088387,802,0.12304250559284116,0.8769574944071589
bioasq_train,answer_uncertainty,0.8252826310380267,803,0.12304250559284118,0.8769574944071589
bioasq_train,answer_uncertainty,0.8263103802672148,804,0.12304250559284116,0.8769574944071589
bioasq_train,answer_uncertainty,0.8273381294964028,805,0.12304250559284115,0.8769574944071589
bioasq_train,answer_uncertainty,0.828365878725591,806,0.12304250559284116,0.8769574944071589
bioasq_train,answer_uncertainty,0.829393627954779,807,0.12304250559284116,0.8769574944071589
bioasq_train,answer_uncertainty,0.8304213771839671,808,0.12304250559284116,0.8769574944071589
bioasq_train,answer_uncertainty,0.8314491264131552,809,0.12304250559284116,0.8769574944071589
bioasq_train,answer_uncertainty,0.8324768756423433,810,0.12304250559284116,0.8769574944071589
bioasq_train,answer_uncertainty,0.8335046248715313,811,0.12304250559284116,0.8769574944071589
bioasq_train,answer_uncertainty,0.8345323741007195,812,0.12304250559284115,0.8769574944071589
bioasq_train,answer_uncertainty,0.8355601233299075,813,0.12304250559284116,0.8769574944071589
bioasq_train,answer_uncertainty,0.8365878725590956,814,0.12304250559284116,0.8769574944071589
bioasq_train,answer_uncertainty,0.8376156217882836,815,0.12304250559284116,0.8769574944071589
bioasq_train,answer_uncertainty,0.8386433710174718,816,0.12304250559284116,0.8769574944071589
bioasq_train,answer_uncertainty,0.8396711202466598,817,0.12304250559284116,0.8769574944071589
bioasq_train,answer_uncertainty,0.8406988694758479,818,0.12304250559284116,0.8769574944071589
bioasq_train,answer_uncertainty,0.841726618705036,819,0.12304250559284118,0.8769574944071589
bioasq_train,answer_uncertainty,0.8427543679342241,820,0.12304250559284116,0.8769574944071589
bioasq_train,answer_uncertainty,0.8437821171634121,821,0.12304250559284116,0.8769574944071589
bioasq_train,answer_uncertainty,0.8448098663926003,822,0.12304250559284116,0.8769574944071589
bioasq_train,answer_uncertainty,0.8458376156217883,823,0.12304250559284116,0.8769574944071589
bioasq_train,answer_uncertainty,0.8468653648509764,824,0.12304250559284116,0.8769574944071589
bioasq_train,answer_uncertainty,0.8478931140801644,825,0.12304250559284116,0.8769574944071589
bioasq_train,answer_uncertainty,0.8489208633093526,826,0.12304250559284118,0.8769574944071589
bioasq_train,answer_uncertainty,0.8499486125385406,827,0.12304250559284116,0.8769574944071589
bioasq_train,answer_uncertainty,0.8509763617677287,828,0.12304250559284116,0.8769574944071589
bioasq_train,answer_uncertainty,0.8520041109969168,829,0.12304250559284116,0.8769574944071589
bioasq_train,answer_uncertainty,0.8530318602261048,830,0.12304250559284116,0.8769574944071589
bioasq_train,answer_uncertainty,0.8540596094552929,831,0.12304250559284116,0.8769574944071589
bioasq_train,answer_uncertainty,0.8550873586844809,832,0.12304250559284116,0.8769574944071589
bioasq_train,answer_uncertainty,0.8561151079136691,833,0.12304250559284118,0.8769574944071589
bioasq_train,answer_uncertainty,0.8571428571428571,834,0.12304250559284116,0.8769574944071589
bioasq_train,answer_uncertainty,0.8581706063720452,835,0.12304250559284115,0.8769574944071589
bioasq_train,answer_uncertainty,0.8591983556012333,836,0.12304250559284116,0.8769574944071589
bioasq_train,answer_uncertainty,0.8602261048304214,837,0.12304250559284116,0.8769574944071589
bioasq_train,answer_uncertainty,0.8612538540596094,838,0.12304250559284116,0.8769574944071589
bioasq_train,answer_uncertainty,0.8622816032887975,839,0.12304250559284116,0.8769574944071589
bioasq_train,answer_uncertainty,0.8633093525179856,840,0.12304250559284118,0.8769574944071589
bioasq_train,answer_uncertainty,0.8643371017471737,841,0.12304250559284116,0.8769574944071589
bioasq_train,answer_uncertainty,0.8653648509763617,842,0.12304250559284115,0.8769574944071589
bioasq_train,answer_uncertainty,0.8663926002055499,843,0.12304250559284116,0.8769574944071589
bioasq_train,answer_uncertainty,0.8674203494347379,844,0.12304250559284116,0.8769574944071589
bioasq_train,answer_uncertainty,0.868448098663926,845,0.12304250559284116,0.8769574944071589
bioasq_train,answer_uncertainty,0.869475847893114,846,0.12304250559284116,0.8769574944071589
bioasq_train,answer_uncertainty,0.8705035971223022,847,0.12304250559284116,0.8769574944071589
bioasq_train,answer_uncertainty,0.8715313463514902,848,0.12304250559284116,0.8769574944071589
bioasq_train,answer_uncertainty,0.8725590955806783,849,0.12304250559284115,0.8769574944071589
bioasq_train,answer_uncertainty,0.8735868448098664,850,0.12304250559284116,0.8769574944071589
bioasq_train,answer_uncertainty,0.8746145940390545,851,0.12304250559284116,0.8769574944071589
bioasq_train,answer_uncertainty,0.8756423432682425,852,0.12304250559284116,0.8769574944071589
bioasq_train,answer_uncertainty,0.8766700924974307,853,0.12304250559284116,0.8769574944071589
bioasq_train,answer_uncertainty,0.8776978417266187,854,0.12304250559284116,0.8769574944071589
bioasq_train,answer_uncertainty,0.8787255909558068,855,0.12304250559284116,0.8769574944071589
bioasq_train,answer_uncertainty,0.8797533401849948,856,0.12304250559284115,0.8769574944071589
bioasq_train,answer_uncertainty,0.880781089414183,857,0.12304250559284116,0.8769574944071589
bioasq_train,answer_uncertainty,0.881808838643371,858,0.12304250559284116,0.8769574944071589
bioasq_train,answer_uncertainty,0.8828365878725591,859,0.12304250559284116,0.8769574944071589
bioasq_train,answer_uncertainty,0.8838643371017472,860,0.12304250559284116,0.8769574944071589
bioasq_train,answer_uncertainty,0.8848920863309353,861,0.12304250559284116,0.8769574944071589
bioasq_train,answer_uncertainty,0.8859198355601233,862,0.12304250559284116,0.8769574944071589
bioasq_train,answer_uncertainty,0.8869475847893115,863,0.12304250559284118,0.8769574944071589
bioasq_train,answer_uncertainty,0.8879753340184995,864,0.12304250559284116,0.8769574944071589
bioasq_train,answer_uncertainty,0.8890030832476875,865,0.12304250559284116,0.8769574944071589
bioasq_train,answer_uncertainty,0.8900308324768756,866,0.12304250559284116,0.8769574944071589
bioasq_train,answer_uncertainty,0.8910585817060637,867,0.12304250559284116,0.8769574944071589
bioasq_train,answer_uncertainty,0.8920863309352518,868,0.12304250559284116,0.8769574944071589
bioasq_train,answer_uncertainty,0.8931140801644398,869,0.12304250559284116,0.8769574944071589
bioasq_train,answer_uncertainty,0.894141829393628,870,0.12304250559284118,0.8769574944071589
bioasq_train,answer_uncertainty,0.895169578622816,871,0.12304250559284116,0.8769574944071589
bioasq_train,answer_uncertainty,0.8961973278520041,872,0.12304250559284116,0.8769574944071589
bioasq_train,answer_uncertainty,0.8972250770811921,873,0.12304250559284116,0.8769574944071589
bioasq_train,answer_uncertainty,0.8982528263103803,874,0.12304250559284116,0.8769574944071589
bioasq_train,answer_uncertainty,0.8992805755395683,875,0.12304250559284116,0.8769574944071589
bioasq_train,answer_uncertainty,0.9003083247687564,876,0.12304250559284116,0.8769574944071589
bioasq_train,answer_uncertainty,0.9013360739979445,877,0.12304250559284118,0.8769574944071589
bioasq_train,answer_uncertainty,0.9023638232271326,878,0.12304250559284116,0.8769574944071589
bioasq_train,answer_uncertainty,0.9033915724563206,879,0.12304250559284116,0.8769574944071589
bioasq_train,answer_uncertainty,0.9044193216855088,880,0.12304250559284116,0.8769574944071589
bioasq_train,answer_uncertainty,0.9054470709146968,881,0.12304250559284116,0.8769574944071589
bioasq_train,answer_uncertainty,0.9064748201438849,882,0.12304250559284116,0.8769574944071589
bioasq_train,answer_uncertainty,0.9075025693730729,883,0.12304250559284116,0.8769574944071589
bioasq_train,answer_uncertainty,0.9085303186022611,884,0.12304250559284116,0.8769574944071589
bioasq_train,answer_uncertainty,0.9095580678314491,885,0.12304250559284116,0.8769574944071589
bioasq_train,answer_uncertainty,0.9105858170606372,886,0.12304250559284115,0.8769574944071589
bioasq_train,answer_uncertainty,0.9116135662898253,887,0.12304250559284116,0.8769574944071589
bioasq_train,answer_uncertainty,0.9126413155190134,888,0.12304250559284116,0.8769574944071589
bioasq_train,answer_uncertainty,0.9136690647482014,889,0.12304250559284116,0.8769574944071589
bioasq_train,answer_uncertainty,0.9146968139773896,890,0.12304250559284116,0.8769574944071589
bioasq_train,answer_uncertainty,0.9157245632065776,891,0.12304250559284116,0.8769574944071589
bioasq_train,answer_uncertainty,0.9167523124357657,892,0.12304250559284116,0.8769574944071589
bioasq_train,answer_uncertainty,0.9177800616649537,893,0.12304250559284115,0.8769574944071589
bioasq_train,answer_uncertainty,0.9188078108941419,894,0.12304250559284116,0.8769574944071589
bioasq_train,answer_uncertainty,0.9198355601233299,895,0.12300977653631284,0.8769902234636872
bioasq_train,answer_uncertainty,0.920863309352518,896,0.12297712053571429,0.8770228794642857
bioasq_train,answer_uncertainty,0.9218910585817061,897,0.12294453734671126,0.8770554626532887
bioasq_train,answer_uncertainty,0.9229188078108942,898,0.1229120267260579,0.8770879732739421
bioasq_train,answer_uncertainty,0.9239465570400822,899,0.12287958843159065,0.8771204115684094
bioasq_train,answer_uncertainty,0.9249743062692704,900,0.12284722222222222,0.8771527777777778
bioasq_train,answer_uncertainty,0.9260020554984584,901,0.12281492785793563,0.8771850721420644
bioasq_train,answer_uncertainty,0.9270298047276464,902,0.12278270509977827,0.8772172949002217
bioasq_train,answer_uncertainty,0.9280575539568345,903,0.12275055370985603,0.877249446290144
bioasq_train,answer_uncertainty,0.9290853031860226,904,0.12271847345132743,0.8772815265486725
bioasq_train,answer_uncertainty,0.9301130524152107,905,0.12268646408839778,0.8773135359116022
bioasq_train,answer_uncertainty,0.9311408016443987,906,0.12265452538631347,0.8773454746136865
bioasq_train,answer_uncertainty,0.9321685508735869,907,0.12262265711135611,0.8773773428886439
bioasq_train,answer_uncertainty,0.9331963001027749,908,0.12259085903083701,0.877409140969163
bioasq_train,answer_uncertainty,0.934224049331963,909,0.12255913091309131,0.8774408690869087
bioasq_train,answer_uncertainty,0.935251798561151,910,0.12252747252747252,0.8774725274725275
bioasq_train,answer_uncertainty,0.9362795477903392,911,0.12249588364434687,0.8775041163556532
bioasq_train,answer_uncertainty,0.9373072970195272,912,0.12246436403508772,0.8775356359649122
bioasq_train,answer_uncertainty,0.9383350462487153,913,0.1224329134720701,0.8775670865279299
bioasq_train,answer_uncertainty,0.9393627954779034,914,0.1224015317286652,0.8775984682713348
bioasq_train,answer_uncertainty,0.9403905447070915,915,0.12237021857923497,0.877629781420765
bioasq_train,answer_uncertainty,0.9414182939362795,916,0.12233897379912664,0.8776610262008734
bioasq_train,answer_uncertainty,0.9424460431654677,917,0.1223077971646674,0.8776922028353326
bioasq_train,answer_uncertainty,0.9434737923946557,918,0.12227668845315905,0.8777233115468409
bioasq_train,answer_uncertainty,0.9445015416238438,919,0.12224564744287268,0.8777543525571273
bioasq_train,answer_uncertainty,0.9455292908530318,920,0.12221467391304348,0.8777853260869565
bioasq_train,answer_uncertainty,0.94655704008222,921,0.12218376764386536,0.8778162323561346
bioasq_train,answer_uncertainty,0.947584789311408,922,0.1221529284164859,0.877847071583514
bioasq_train,answer_uncertainty,0.9486125385405961,923,0.12212215601300108,0.877877843986999
bioasq_train,answer_uncertainty,0.9496402877697842,924,0.12209145021645022,0.8779085497835498
bioasq_train,answer_uncertainty,0.9506680369989723,925,0.12206081081081081,0.8779391891891892
bioasq_train,answer_uncertainty,0.9516957862281603,926,0.12203023758099352,0.8779697624190065
bioasq_train,answer_uncertainty,0.9527235354573484,927,0.12213831954932279,0.8778616804506773
bioasq_train,answer_uncertainty,0.9537512846865365,928,0.12224616858237548,0.8777538314176245
bioasq_train,answer_uncertainty,0.9547790339157246,929,0.12235378543236455,0.8776462145676355
bioasq_train,answer_uncertainty,0.9558067831449126,930,0.12246117084826762,0.8775388291517324
bioasq_train,answer_uncertainty,0.9568345323741008,931,0.12256832557584438,0.8774316744241556
bioasq_train,answer_uncertainty,0.9578622816032888,932,0.12267525035765378,0.8773247496423462
bioasq_train,answer_uncertainty,0.9588900308324769,933,0.12278194593307133,0.8772180540669287
bioasq_train,answer_uncertainty,0.959917780061665,934,0.12288841303830597,0.877111586961694
bioasq_train,answer_uncertainty,0.9609455292908531,935,0.12299465240641712,0.8770053475935828
bioasq_train,answer_uncertainty,0.9619732785200411,936,0.12298195631528966,0.8770180436847104
bioasq_train,answer_uncertainty,0.9630010277492291,937,0.12296928732360964,0.8770307126763903
bioasq_train,answer_uncertainty,0.9640287769784173,938,0.12295664534470505,0.8770433546552949
bioasq_train,answer_uncertainty,0.9650565262076053,939,0.1229440302922731,0.8770559697077269
bioasq_train,answer_uncertainty,0.9660842754367934,940,0.12293144208037825,0.8770685579196218
bioasq_train,answer_uncertainty,0.9671120246659815,941,0.12291888062345023,0.8770811193765498
bioasq_train,answer_uncertainty,0.9681397738951696,942,0.12290634583628214,0.8770936541637179
bioasq_train,answer_uncertainty,0.9691675231243576,943,0.12289383763402852,0.8771061623659715
bioasq_train,answer_uncertainty,0.9701952723535457,944,0.1228813559322034,0.8771186440677966
bioasq_train,answer_uncertainty,0.9712230215827338,945,0.12310405643738977,0.8768959435626102
bioasq_train,answer_uncertainty,0.9722507708119219,946,0.12332628611698379,0.8766737138830162
bioasq_train,answer_uncertainty,0.9732785200411099,947,0.1235480464625132,0.8764519535374868
bioasq_train,answer_uncertainty,0.9743062692702981,948,0.1235349273323957,0.8764650726676043
bioasq_train,answer_uncertainty,0.9753340184994861,949,0.12352183585060299,0.876478164149397
bioasq_train,answer_uncertainty,0.9763617677286742,950,0.12350877192982455,0.8764912280701754
bioasq_train,answer_uncertainty,0.9773895169578622,951,0.12349573548311718,0.8765042645168828
bioasq_train,answer_uncertainty,0.9784172661870504,952,0.1234827264239029,0.8765172735760971
bioasq_train,answer_uncertainty,0.9794450154162384,953,0.12346974466596712,0.8765302553340328
bioasq_train,answer_uncertainty,0.9804727646454265,954,0.12345679012345678,0.8765432098765432
bioasq_train,answer_uncertainty,0.9815005138746146,955,0.12344386271087841,0.8765561372891216
bioasq_train,answer_uncertainty,0.9825282631038027,956,0.12343096234309624,0.8765690376569037
bioasq_train,answer_uncertainty,0.9835560123329907,957,0.12343260188087775,0.8765673981191222
bioasq_train,answer_uncertainty,0.9845837615621789,958,0.12343423799582463,0.8765657620041754
bioasq_train,answer_uncertainty,0.9856115107913669,959,0.12343587069864442,0.8765641293013555
bioasq_train,answer_uncertainty,0.986639260020555,960,0.1234375,0.8765625
bioasq_train,answer_uncertainty,0.987667009249743,961,0.12343912591050989,0.8765608740894901
bioasq_train,answer_uncertainty,0.9886947584789312,962,0.12344074844074844,0.8765592515592515
bioasq_train,answer_uncertainty,0.9897225077081192,963,0.1234423676012461,0.8765576323987538
bioasq_train,answer_uncertainty,0.9907502569373073,964,0.12344398340248963,0.8765560165975104
bioasq_train,answer_uncertainty,0.9917780061664954,965,0.12331606217616581,0.8766839378238342
bioasq_train,answer_uncertainty,0.9928057553956835,966,0.12318840579710146,0.8768115942028986
bioasq_train,answer_uncertainty,0.9938335046248715,967,0.12357807652533609,0.876421923474664
bioasq_train,answer_uncertainty,0.9948612538540597,968,0.12396694214876033,0.8760330578512396
bioasq_train,answer_uncertainty,0.9958890030832477,969,0.12435500515995872,0.8756449948400413
bioasq_train,answer_uncertainty,0.9969167523124358,970,0.12474226804123711,0.8752577319587629
bioasq_train,answer_uncertainty,0.9979445015416238,971,0.12564366632337795,0.874356333676622
bioasq_train,answer_uncertainty,0.998972250770812,972,0.12551440329218108,0.8744855967078189
bioasq_train,answer_uncertainty,1.0,973,0.1264131551901336,0.8735868448098664
bioasq_train,combined_uncertainty,0.0010277492291880781,1,0.0896358543417367,0.9103641456582633
bioasq_train,combined_uncertainty,0.0020554984583761563,2,0.0896358543417367,0.9103641456582633
bioasq_train,combined_uncertainty,0.003083247687564234,3,0.0896358543417367,0.9103641456582633
bioasq_train,combined_uncertainty,0.0041109969167523125,4,0.0896358543417367,0.9103641456582633
bioasq_train,combined_uncertainty,0.0051387461459403904,5,0.0896358543417367,0.9103641456582633
bioasq_train,combined_uncertainty,0.006166495375128468,6,0.0896358543417367,0.9103641456582633
bioasq_train,combined_uncertainty,0.007194244604316547,7,0.0896358543417367,0.9103641456582633
bioasq_train,combined_uncertainty,0.008221993833504625,8,0.0896358543417367,0.9103641456582633
bioasq_train,combined_uncertainty,0.009249743062692703,9,0.0896358543417367,0.9103641456582633
bioasq_train,combined_uncertainty,0.010277492291880781,10,0.0896358543417367,0.9103641456582633
bioasq_train,combined_uncertainty,0.011305241521068859,11,0.0896358543417367,0.9103641456582633
bioasq_train,combined_uncertainty,0.012332990750256937,12,0.0896358543417367,0.9103641456582633
bioasq_train,combined_uncertainty,0.013360739979445015,13,0.0896358543417367,0.9103641456582633
bioasq_train,combined_uncertainty,0.014388489208633094,14,0.0896358543417367,0.9103641456582633
bioasq_train,combined_uncertainty,0.015416238437821172,15,0.0896358543417367,0.9103641456582633
bioasq_train,combined_uncertainty,0.01644398766700925,16,0.0896358543417367,0.9103641456582633
bioasq_train,combined_uncertainty,0.017471736896197326,17,0.0896358543417367,0.9103641456582633
bioasq_train,combined_uncertainty,0.018499486125385406,18,0.0896358543417367,0.9103641456582633
bioasq_train,combined_uncertainty,0.019527235354573486,19,0.0896358543417367,0.9103641456582633
bioasq_train,combined_uncertainty,0.020554984583761562,20,0.0896358543417367,0.9103641456582633
bioasq_train,combined_uncertainty,0.02158273381294964,21,0.0896358543417367,0.9103641456582633
bioasq_train,combined_uncertainty,0.022610483042137718,22,0.0896358543417367,0.9103641456582633
bioasq_train,combined_uncertainty,0.023638232271325797,23,0.08963585434173671,0.9103641456582633
bioasq_train,combined_uncertainty,0.024665981500513873,24,0.0896358543417367,0.9103641456582633
bioasq_train,combined_uncertainty,0.025693730729701953,25,0.0896358543417367,0.9103641456582633
bioasq_train,combined_uncertainty,0.02672147995889003,26,0.0896358543417367,0.9103641456582633
bioasq_train,combined_uncertainty,0.02774922918807811,27,0.0896358543417367,0.9103641456582633
bioasq_train,combined_uncertainty,0.02877697841726619,28,0.0896358543417367,0.9103641456582633
bioasq_train,combined_uncertainty,0.029804727646454265,29,0.0896358543417367,0.9103641456582633
bioasq_train,combined_uncertainty,0.030832476875642344,30,0.0896358543417367,0.9103641456582633
bioasq_train,combined_uncertainty,0.03186022610483042,31,0.0896358543417367,0.9103641456582633
bioasq_train,combined_uncertainty,0.0328879753340185,32,0.0896358543417367,0.9103641456582633
bioasq_train,combined_uncertainty,0.03391572456320658,33,0.0896358543417367,0.9103641456582633
bioasq_train,combined_uncertainty,0.03494347379239465,34,0.0896358543417367,0.9103641456582633
bioasq_train,combined_uncertainty,0.03597122302158273,35,0.0896358543417367,0.9103641456582633
bioasq_train,combined_uncertainty,0.03699897225077081,36,0.0896358543417367,0.9103641456582633
bioasq_train,combined_uncertainty,0.03802672147995889,37,0.0896358543417367,0.9103641456582633
bioasq_train,combined_uncertainty,0.03905447070914697,38,0.0896358543417367,0.9103641456582633
bioasq_train,combined_uncertainty,0.040082219938335044,39,0.0896358543417367,0.9103641456582633
bioasq_train,combined_uncertainty,0.041109969167523124,40,0.0896358543417367,0.9103641456582633
bioasq_train,combined_uncertainty,0.0421377183967112,41,0.0896358543417367,0.9103641456582633
bioasq_train,combined_uncertainty,0.04316546762589928,42,0.0896358543417367,0.9103641456582633
bioasq_train,combined_uncertainty,0.044193216855087356,43,0.0896358543417367,0.9103641456582633
bioasq_train,combined_uncertainty,0.045220966084275435,44,0.0896358543417367,0.9103641456582633
bioasq_train,combined_uncertainty,0.046248715313463515,45,0.0896358543417367,0.9103641456582633
bioasq_train,combined_uncertainty,0.047276464542651594,46,0.08963585434173671,0.9103641456582633
bioasq_train,combined_uncertainty,0.048304213771839674,47,0.0896358543417367,0.9103641456582633
bioasq_train,combined_uncertainty,0.04933196300102775,48,0.0896358543417367,0.9103641456582633
bioasq_train,combined_uncertainty,0.050359712230215826,49,0.08963585434173671,0.9103641456582633
bioasq_train,combined_uncertainty,0.051387461459403906,50,0.0896358543417367,0.9103641456582633
bioasq_train,combined_uncertainty,0.052415210688591986,51,0.0896358543417367,0.9103641456582633
bioasq_train,combined_uncertainty,0.05344295991778006,52,0.0896358543417367,0.9103641456582633
bioasq_train,combined_uncertainty,0.05447070914696814,53,0.0896358543417367,0.9103641456582633
bioasq_train,combined_uncertainty,0.05549845837615622,54,0.0896358543417367,0.9103641456582633
bioasq_train,combined_uncertainty,0.0565262076053443,55,0.0896358543417367,0.9103641456582633
bioasq_train,combined_uncertainty,0.05755395683453238,56,0.0896358543417367,0.9103641456582633
bioasq_train,combined_uncertainty,0.05858170606372045,57,0.08963585434173668,0.9103641456582633
bioasq_train,combined_uncertainty,0.05960945529290853,58,0.0896358543417367,0.9103641456582633
bioasq_train,combined_uncertainty,0.06063720452209661,59,0.0896358543417367,0.9103641456582633
bioasq_train,combined_uncertainty,0.06166495375128469,60,0.0896358543417367,0.9103641456582633
bioasq_train,combined_uncertainty,0.06269270298047276,61,0.0896358543417367,0.9103641456582633
bioasq_train,combined_uncertainty,0.06372045220966084,62,0.0896358543417367,0.9103641456582633
bioasq_train,combined_uncertainty,0.06474820143884892,63,0.0896358543417367,0.9103641456582633
bioasq_train,combined_uncertainty,0.065775950668037,64,0.0896358543417367,0.9103641456582633
bioasq_train,combined_uncertainty,0.06680369989722508,65,0.0896358543417367,0.9103641456582633
bioasq_train,combined_uncertainty,0.06783144912641316,66,0.0896358543417367,0.9103641456582633
bioasq_train,combined_uncertainty,0.06885919835560124,67,0.0896358543417367,0.9103641456582633
bioasq_train,combined_uncertainty,0.0698869475847893,68,0.0896358543417367,0.9103641456582633
bioasq_train,combined_uncertainty,0.07091469681397738,69,0.0896358543417367,0.9103641456582633
bioasq_train,combined_uncertainty,0.07194244604316546,70,0.0896358543417367,0.9103641456582633
bioasq_train,combined_uncertainty,0.07297019527235354,71,0.0896358543417367,0.9103641456582633
bioasq_train,combined_uncertainty,0.07399794450154162,72,0.0896358543417367,0.9103641456582633
bioasq_train,combined_uncertainty,0.0750256937307297,73,0.0896358543417367,0.9103641456582633
bioasq_train,combined_uncertainty,0.07605344295991778,74,0.0896358543417367,0.9103641456582633
bioasq_train,combined_uncertainty,0.07708119218910586,75,0.0896358543417367,0.9103641456582633
bioasq_train,combined_uncertainty,0.07810894141829394,76,0.0896358543417367,0.9103641456582633
bioasq_train,combined_uncertainty,0.07913669064748201,77,0.0896358543417367,0.9103641456582633
bioasq_train,combined_uncertainty,0.08016443987667009,78,0.0896358543417367,0.9103641456582633
bioasq_train,combined_uncertainty,0.08119218910585817,79,0.0896358543417367,0.9103641456582633
bioasq_train,combined_uncertainty,0.08221993833504625,80,0.0896358543417367,0.9103641456582633
bioasq_train,combined_uncertainty,0.08324768756423433,81,0.0896358543417367,0.9103641456582633
bioasq_train,combined_uncertainty,0.0842754367934224,82,0.0896358543417367,0.9103641456582633
bioasq_train,combined_uncertainty,0.08530318602261049,83,0.0896358543417367,0.9103641456582633
bioasq_train,combined_uncertainty,0.08633093525179857,84,0.0896358543417367,0.9103641456582633
bioasq_train,combined_uncertainty,0.08735868448098665,85,0.0896358543417367,0.9103641456582633
bioasq_train,combined_uncertainty,0.08838643371017471,86,0.0896358543417367,0.9103641456582633
bioasq_train,combined_uncertainty,0.08941418293936279,87,0.0896358543417367,0.9103641456582633
bioasq_train,combined_uncertainty,0.09044193216855087,88,0.0896358543417367,0.9103641456582633
bioasq_train,combined_uncertainty,0.09146968139773895,89,0.0896358543417367,0.9103641456582633
bioasq_train,combined_uncertainty,0.09249743062692703,90,0.0896358543417367,0.9103641456582633
bioasq_train,combined_uncertainty,0.09352517985611511,91,0.0896358543417367,0.9103641456582633
bioasq_train,combined_uncertainty,0.09455292908530319,92,0.08963585434173671,0.9103641456582633
bioasq_train,combined_uncertainty,0.09558067831449127,93,0.0896358543417367,0.9103641456582633
bioasq_train,combined_uncertainty,0.09660842754367935,94,0.0896358543417367,0.9103641456582633
bioasq_train,combined_uncertainty,0.09763617677286741,95,0.0896358543417367,0.9103641456582633
bioasq_train,combined_uncertainty,0.0986639260020555,96,0.0896358543417367,0.9103641456582633
bioasq_train,combined_uncertainty,0.09969167523124357,97,0.08963585434173668,0.9103641456582633
bioasq_train,combined_uncertainty,0.10071942446043165,98,0.08963585434173671,0.9103641456582633
bioasq_train,combined_uncertainty,0.10174717368961973,99,0.0896358543417367,0.9103641456582633
bioasq_train,combined_uncertainty,0.10277492291880781,100,0.0896358543417367,0.9103641456582633
bioasq_train,combined_uncertainty,0.10380267214799589,101,0.0896358543417367,0.9103641456582633
bioasq_train,combined_uncertainty,0.10483042137718397,102,0.0896358543417367,0.9103641456582633
bioasq_train,combined_uncertainty,0.10585817060637205,103,0.08963585434173671,0.9103641456582633
bioasq_train,combined_uncertainty,0.10688591983556012,104,0.0896358543417367,0.9103641456582633
bioasq_train,combined_uncertainty,0.1079136690647482,105,0.0896358543417367,0.9103641456582633
bioasq_train,combined_uncertainty,0.10894141829393628,106,0.0896358543417367,0.9103641456582633
bioasq_train,combined_uncertainty,0.10996916752312436,107,0.0896358543417367,0.9103641456582633
bioasq_train,combined_uncertainty,0.11099691675231244,108,0.0896358543417367,0.9103641456582633
bioasq_train,combined_uncertainty,0.11202466598150052,109,0.0896358543417367,0.9103641456582633
bioasq_train,combined_uncertainty,0.1130524152106886,110,0.0896358543417367,0.9103641456582633
bioasq_train,combined_uncertainty,0.11408016443987667,111,0.0896358543417367,0.9103641456582633
bioasq_train,combined_uncertainty,0.11510791366906475,112,0.0896358543417367,0.9103641456582633
bioasq_train,combined_uncertainty,0.11613566289825282,113,0.0896358543417367,0.9103641456582633
bioasq_train,combined_uncertainty,0.1171634121274409,114,0.08963585434173668,0.9103641456582633
bioasq_train,combined_uncertainty,0.11819116135662898,115,0.0896358543417367,0.9103641456582633
bioasq_train,combined_uncertainty,0.11921891058581706,116,0.0896358543417367,0.9103641456582633
bioasq_train,combined_uncertainty,0.12024665981500514,117,0.0896358543417367,0.9103641456582633
bioasq_train,combined_uncertainty,0.12127440904419322,118,0.0896358543417367,0.9103641456582633
bioasq_train,combined_uncertainty,0.1223021582733813,119,0.0896358543417367,0.9103641456582633
bioasq_train,combined_uncertainty,0.12332990750256938,120,0.0896358543417367,0.9103641456582633
bioasq_train,combined_uncertainty,0.12435765673175746,121,0.0896358543417367,0.9103641456582633
bioasq_train,combined_uncertainty,0.12538540596094552,122,0.0896358543417367,0.9103641456582633
bioasq_train,combined_uncertainty,0.1264131551901336,123,0.0896358543417367,0.9103641456582633
bioasq_train,combined_uncertainty,0.12744090441932168,124,0.0896358543417367,0.9103641456582633
bioasq_train,combined_uncertainty,0.12846865364850976,125,0.0896358543417367,0.9103641456582633
bioasq_train,combined_uncertainty,0.12949640287769784,126,0.0896358543417367,0.9103641456582633
bioasq_train,combined_uncertainty,0.13052415210688592,127,0.0896358543417367,0.9103641456582633
bioasq_train,combined_uncertainty,0.131551901336074,128,0.0896358543417367,0.9103641456582633
bioasq_train,combined_uncertainty,0.13257965056526208,129,0.0896358543417367,0.9103641456582633
bioasq_train,combined_uncertainty,0.13360739979445016,130,0.0896358543417367,0.9103641456582633
bioasq_train,combined_uncertainty,0.13463514902363824,131,0.0896358543417367,0.9103641456582633
bioasq_train,combined_uncertainty,0.13566289825282632,132,0.0896358543417367,0.9103641456582633
bioasq_train,combined_uncertainty,0.1366906474820144,133,0.0896358543417367,0.9103641456582633
bioasq_train,combined_uncertainty,0.13771839671120248,134,0.0896358543417367,0.9103641456582633
bioasq_train,combined_uncertainty,0.13874614594039056,135,0.0896358543417367,0.9103641456582633
bioasq_train,combined_uncertainty,0.1397738951695786,136,0.0896358543417367,0.9103641456582633
bioasq_train,combined_uncertainty,0.1408016443987667,137,0.0896358543417367,0.9103641456582633
bioasq_train,combined_uncertainty,0.14182939362795477,138,0.0896358543417367,0.9103641456582633
bioasq_train,combined_uncertainty,0.14285714285714285,139,0.0896358543417367,0.9103641456582633
bioasq_train,combined_uncertainty,0.14388489208633093,140,0.0896358543417367,0.9103641456582633
bioasq_train,combined_uncertainty,0.144912641315519,141,0.0896358543417367,0.9103641456582633
bioasq_train,combined_uncertainty,0.1459403905447071,142,0.0896358543417367,0.9103641456582633
bioasq_train,combined_uncertainty,0.14696813977389517,143,0.0896358543417367,0.9103641456582633
bioasq_train,combined_uncertainty,0.14799588900308325,144,0.0896358543417367,0.9103641456582633
bioasq_train,combined_uncertainty,0.14902363823227133,145,0.0896358543417367,0.9103641456582633
bioasq_train,combined_uncertainty,0.1500513874614594,146,0.0896358543417367,0.9103641456582633
bioasq_train,combined_uncertainty,0.1510791366906475,147,0.0896358543417367,0.9103641456582633
bioasq_train,combined_uncertainty,0.15210688591983557,148,0.0896358543417367,0.9103641456582633
bioasq_train,combined_uncertainty,0.15313463514902365,149,0.0896358543417367,0.9103641456582633
bioasq_train,combined_uncertainty,0.15416238437821173,150,0.0896358543417367,0.9103641456582633
bioasq_train,combined_uncertainty,0.1551901336073998,151,0.0896358543417367,0.9103641456582633
bioasq_train,combined_uncertainty,0.15621788283658788,152,0.0896358543417367,0.9103641456582633
bioasq_train,combined_uncertainty,0.15724563206577596,153,0.0896358543417367,0.9103641456582633
bioasq_train,combined_uncertainty,0.15827338129496402,154,0.0896358543417367,0.9103641456582633
bioasq_train,combined_uncertainty,0.1593011305241521,155,0.0896358543417367,0.9103641456582633
bioasq_train,combined_uncertainty,0.16032887975334018,156,0.0896358543417367,0.9103641456582633
bioasq_train,combined_uncertainty,0.16135662898252826,157,0.0896358543417367,0.9103641456582633
bioasq_train,combined_uncertainty,0.16238437821171633,158,0.0896358543417367,0.9103641456582633
bioasq_train,combined_uncertainty,0.16341212744090441,159,0.0896358543417367,0.9103641456582633
bioasq_train,combined_uncertainty,0.1644398766700925,160,0.0896358543417367,0.9103641456582633
bioasq_train,combined_uncertainty,0.16546762589928057,161,0.0896358543417367,0.9103641456582633
bioasq_train,combined_uncertainty,0.16649537512846865,162,0.0896358543417367,0.9103641456582633
bioasq_train,combined_uncertainty,0.16752312435765673,163,0.0896358543417367,0.9103641456582633
bioasq_train,combined_uncertainty,0.1685508735868448,164,0.0896358543417367,0.9103641456582633
bioasq_train,combined_uncertainty,0.1695786228160329,165,0.0896358543417367,0.9103641456582633
bioasq_train,combined_uncertainty,0.17060637204522097,166,0.0896358543417367,0.9103641456582633
bioasq_train,combined_uncertainty,0.17163412127440905,167,0.0896358543417367,0.9103641456582633
bioasq_train,combined_uncertainty,0.17266187050359713,168,0.0896358543417367,0.9103641456582633
bioasq_train,combined_uncertainty,0.1736896197327852,169,0.0896358543417367,0.9103641456582633
bioasq_train,combined_uncertainty,0.1747173689619733,170,0.0896358543417367,0.9103641456582633
bioasq_train,combined_uncertainty,0.17574511819116137,171,0.0896358543417367,0.9103641456582633
bioasq_train,combined_uncertainty,0.17677286742034942,172,0.0896358543417367,0.9103641456582633
bioasq_train,combined_uncertainty,0.1778006166495375,173,0.0896358543417367,0.9103641456582633
bioasq_train,combined_uncertainty,0.17882836587872558,174,0.0896358543417367,0.9103641456582633
bioasq_train,combined_uncertainty,0.17985611510791366,175,0.0896358543417367,0.9103641456582633
bioasq_train,combined_uncertainty,0.18088386433710174,176,0.0896358543417367,0.9103641456582633
bioasq_train,combined_uncertainty,0.18191161356628982,177,0.0896358543417367,0.9103641456582633
bioasq_train,combined_uncertainty,0.1829393627954779,178,0.0896358543417367,0.9103641456582633
bioasq_train,combined_uncertainty,0.18396711202466598,179,0.0896358543417367,0.9103641456582633
bioasq_train,combined_uncertainty,0.18499486125385406,180,0.0896358543417367,0.9103641456582633
bioasq_train,combined_uncertainty,0.18602261048304214,181,0.0896358543417367,0.9103641456582633
bioasq_train,combined_uncertainty,0.18705035971223022,182,0.0896358543417367,0.9103641456582633
bioasq_train,combined_uncertainty,0.1880781089414183,183,0.08963585434173668,0.9103641456582633
bioasq_train,combined_uncertainty,0.18910585817060638,184,0.08963585434173671,0.9103641456582633
bioasq_train,combined_uncertainty,0.19013360739979446,185,0.08963585434173671,0.9103641456582633
bioasq_train,combined_uncertainty,0.19116135662898254,186,0.0896358543417367,0.9103641456582633
bioasq_train,combined_uncertainty,0.19218910585817062,187,0.0896358543417367,0.9103641456582633
bioasq_train,combined_uncertainty,0.1932168550873587,188,0.0896358543417367,0.9103641456582633
bioasq_train,combined_uncertainty,0.19424460431654678,189,0.0896358543417367,0.9103641456582633
bioasq_train,combined_uncertainty,0.19527235354573483,190,0.0896358543417367,0.9103641456582633
bioasq_train,combined_uncertainty,0.1963001027749229,191,0.0896358543417367,0.9103641456582633
bioasq_train,combined_uncertainty,0.197327852004111,192,0.0896358543417367,0.9103641456582633
bioasq_train,combined_uncertainty,0.19835560123329907,193,0.0896358543417367,0.9103641456582633
bioasq_train,combined_uncertainty,0.19938335046248715,194,0.08963585434173668,0.9103641456582633
bioasq_train,combined_uncertainty,0.20041109969167523,195,0.08963585434173671,0.9103641456582633
bioasq_train,combined_uncertainty,0.2014388489208633,196,0.08963585434173671,0.9103641456582633
bioasq_train,combined_uncertainty,0.20246659815005139,197,0.0896358543417367,0.9103641456582633
bioasq_train,combined_uncertainty,0.20349434737923947,198,0.0896358543417367,0.9103641456582633
bioasq_train,combined_uncertainty,0.20452209660842754,199,0.0896358543417367,0.9103641456582633
bioasq_train,combined_uncertainty,0.20554984583761562,200,0.0896358543417367,0.9103641456582633
bioasq_train,combined_uncertainty,0.2065775950668037,201,0.0896358543417367,0.9103641456582633
bioasq_train,combined_uncertainty,0.20760534429599178,202,0.0896358543417367,0.9103641456582633
bioasq_train,combined_uncertainty,0.20863309352517986,203,0.0896358543417367,0.9103641456582633
bioasq_train,combined_uncertainty,0.20966084275436794,204,0.0896358543417367,0.9103641456582633
bioasq_train,combined_uncertainty,0.21068859198355602,205,0.08963585434173668,0.9103641456582633
bioasq_train,combined_uncertainty,0.2117163412127441,206,0.08963585434173671,0.9103641456582633
bioasq_train,combined_uncertainty,0.21274409044193218,207,0.0896358543417367,0.9103641456582633
bioasq_train,combined_uncertainty,0.21377183967112023,208,0.0896358543417367,0.9103641456582633
bioasq_train,combined_uncertainty,0.2147995889003083,209,0.0896358543417367,0.9103641456582633
bioasq_train,combined_uncertainty,0.2158273381294964,210,0.0896358543417367,0.9103641456582633
bioasq_train,combined_uncertainty,0.21685508735868447,211,0.0896358543417367,0.9103641456582633
bioasq_train,combined_uncertainty,0.21788283658787255,212,0.0896358543417367,0.9103641456582633
bioasq_train,combined_uncertainty,0.21891058581706063,213,0.0896358543417367,0.9103641456582633
bioasq_train,combined_uncertainty,0.2199383350462487,214,0.0896358543417367,0.9103641456582633
bioasq_train,combined_uncertainty,0.2209660842754368,215,0.0896358543417367,0.9103641456582633
bioasq_train,combined_uncertainty,0.22199383350462487,216,0.0896358543417367,0.9103641456582633
bioasq_train,combined_uncertainty,0.22302158273381295,217,0.08963585434173668,0.9103641456582633
bioasq_train,combined_uncertainty,0.22404933196300103,218,0.0896358543417367,0.9103641456582633
bioasq_train,combined_uncertainty,0.2250770811921891,219,0.0896358543417367,0.9103641456582633
bioasq_train,combined_uncertainty,0.2261048304213772,220,0.0896358543417367,0.9103641456582633
bioasq_train,combined_uncertainty,0.22713257965056527,221,0.0896358543417367,0.9103641456582633
bioasq_train,combined_uncertainty,0.22816032887975335,222,0.0896358543417367,0.9103641456582633
bioasq_train,combined_uncertainty,0.22918807810894143,223,0.0896358543417367,0.9103641456582633
bioasq_train,combined_uncertainty,0.2302158273381295,224,0.0896358543417367,0.9103641456582633
bioasq_train,combined_uncertainty,0.2312435765673176,225,0.0896358543417367,0.9103641456582633
bioasq_train,combined_uncertainty,0.23227132579650564,226,0.0896358543417367,0.9103641456582633
bioasq_train,combined_uncertainty,0.23329907502569372,227,0.0896358543417367,0.9103641456582633
bioasq_train,combined_uncertainty,0.2343268242548818,228,0.08963585434173668,0.9103641456582633
bioasq_train,combined_uncertainty,0.23535457348406988,229,0.0896358543417367,0.9103641456582633
bioasq_train,combined_uncertainty,0.23638232271325796,230,0.0896358543417367,0.9103641456582633
bioasq_train,combined_uncertainty,0.23741007194244604,231,0.0896358543417367,0.9103641456582633
bioasq_train,combined_uncertainty,0.23843782117163412,232,0.0896358543417367,0.9103641456582633
bioasq_train,combined_uncertainty,0.2394655704008222,233,0.0896358543417367,0.9103641456582633
bioasq_train,combined_uncertainty,0.24049331963001028,234,0.0896358543417367,0.9103641456582633
bioasq_train,combined_uncertainty,0.24152106885919836,235,0.0896358543417367,0.9103641456582633
bioasq_train,combined_uncertainty,0.24254881808838644,236,0.0896358543417367,0.9103641456582633
bioasq_train,combined_uncertainty,0.24357656731757452,237,0.0896358543417367,0.9103641456582633
bioasq_train,combined_uncertainty,0.2446043165467626,238,0.0896358543417367,0.9103641456582633
bioasq_train,combined_uncertainty,0.24563206577595068,239,0.08963585434173668,0.9103641456582633
bioasq_train,combined_uncertainty,0.24665981500513876,240,0.0896358543417367,0.9103641456582633
bioasq_train,combined_uncertainty,0.24768756423432683,241,0.0896358543417367,0.9103641456582633
bioasq_train,combined_uncertainty,0.24871531346351491,242,0.0896358543417367,0.9103641456582633
bioasq_train,combined_uncertainty,0.249743062692703,243,0.0896358543417367,0.9103641456582633
bioasq_train,combined_uncertainty,0.25077081192189105,244,0.0896358543417367,0.9103641456582633
bioasq_train,combined_uncertainty,0.2517985611510791,245,0.0896358543417367,0.9103641456582633
bioasq_train,combined_uncertainty,0.2528263103802672,246,0.0896358543417367,0.9103641456582633
bioasq_train,combined_uncertainty,0.2538540596094553,247,0.0896358543417367,0.9103641456582633
bioasq_train,combined_uncertainty,0.25488180883864336,248,0.0896358543417367,0.9103641456582633
bioasq_train,combined_uncertainty,0.25590955806783144,249,0.0896358543417367,0.9103641456582633
bioasq_train,combined_uncertainty,0.2569373072970195,250,0.0896358543417367,0.9103641456582633
bioasq_train,combined_uncertainty,0.2579650565262076,251,0.0896358543417367,0.9103641456582633
bioasq_train,combined_uncertainty,0.2589928057553957,252,0.0896358543417367,0.9103641456582633
bioasq_train,combined_uncertainty,0.26002055498458376,253,0.0896358543417367,0.9103641456582633
bioasq_train,combined_uncertainty,0.26104830421377184,254,0.0896358543417367,0.9103641456582633
bioasq_train,combined_uncertainty,0.2620760534429599,255,0.0896358543417367,0.9103641456582633
bioasq_train,combined_uncertainty,0.263103802672148,256,0.0896358543417367,0.9103641456582633
bioasq_train,combined_uncertainty,0.2641315519013361,257,0.0896358543417367,0.9103641456582633
bioasq_train,combined_uncertainty,0.26515930113052416,258,0.0896358543417367,0.9103641456582633
bioasq_train,combined_uncertainty,0.26618705035971224,259,0.0896358543417367,0.9103641456582633
bioasq_train,combined_uncertainty,0.2672147995889003,260,0.0896358543417367,0.9103641456582633
bioasq_train,combined_uncertainty,0.2682425488180884,261,0.0896358543417367,0.9103641456582633
bioasq_train,combined_uncertainty,0.2692702980472765,262,0.0896358543417367,0.9103641456582633
bioasq_train,combined_uncertainty,0.27029804727646456,263,0.0896358543417367,0.9103641456582633
bioasq_train,combined_uncertainty,0.27132579650565264,264,0.0896358543417367,0.9103641456582633
bioasq_train,combined_uncertainty,0.2723535457348407,265,0.0896358543417367,0.9103641456582633
bioasq_train,combined_uncertainty,0.2733812949640288,266,0.0896358543417367,0.9103641456582633
bioasq_train,combined_uncertainty,0.2744090441932169,267,0.0896358543417367,0.9103641456582633
bioasq_train,combined_uncertainty,0.27543679342240496,268,0.0896358543417367,0.9103641456582633
bioasq_train,combined_uncertainty,0.27646454265159304,269,0.0896358543417367,0.9103641456582633
bioasq_train,combined_uncertainty,0.2774922918807811,270,0.0896358543417367,0.9103641456582633
bioasq_train,combined_uncertainty,0.27852004110996914,271,0.0896358543417367,0.9103641456582633
bioasq_train,combined_uncertainty,0.2795477903391572,272,0.0896358543417367,0.9103641456582633
bioasq_train,combined_uncertainty,0.2805755395683453,273,0.0896358543417367,0.9103641456582633
bioasq_train,combined_uncertainty,0.2816032887975334,274,0.0896358543417367,0.9103641456582633
bioasq_train,combined_uncertainty,0.28263103802672146,275,0.0896358543417367,0.9103641456582633
bioasq_train,combined_uncertainty,0.28365878725590954,276,0.0896358543417367,0.9103641456582633
bioasq_train,combined_uncertainty,0.2846865364850976,277,0.0896358543417367,0.9103641456582633
bioasq_train,combined_uncertainty,0.2857142857142857,278,0.0896358543417367,0.9103641456582633
bioasq_train,combined_uncertainty,0.2867420349434738,279,0.0896358543417367,0.9103641456582633
bioasq_train,combined_uncertainty,0.28776978417266186,280,0.0896358543417367,0.9103641456582633
bioasq_train,combined_uncertainty,0.28879753340184994,281,0.0896358543417367,0.9103641456582633
bioasq_train,combined_uncertainty,0.289825282631038,282,0.0896358543417367,0.9103641456582633
bioasq_train,combined_uncertainty,0.2908530318602261,283,0.0896358543417367,0.9103641456582633
bioasq_train,combined_uncertainty,0.2918807810894142,284,0.0896358543417367,0.9103641456582633
bioasq_train,combined_uncertainty,0.29290853031860226,285,0.0896358543417367,0.9103641456582633
bioasq_train,combined_uncertainty,0.29393627954779034,286,0.0896358543417367,0.9103641456582633
bioasq_train,combined_uncertainty,0.2949640287769784,287,0.0896358543417367,0.9103641456582633
bioasq_train,combined_uncertainty,0.2959917780061665,288,0.0896358543417367,0.9103641456582633
bioasq_train,combined_uncertainty,0.2970195272353546,289,0.0896358543417367,0.9103641456582633
bioasq_train,combined_uncertainty,0.29804727646454265,290,0.0896358543417367,0.9103641456582633
bioasq_train,combined_uncertainty,0.29907502569373073,291,0.0896358543417367,0.9103641456582633
bioasq_train,combined_uncertainty,0.3001027749229188,292,0.0896358543417367,0.9103641456582633
bioasq_train,combined_uncertainty,0.3011305241521069,293,0.0896358543417367,0.9103641456582633
bioasq_train,combined_uncertainty,0.302158273381295,294,0.0896358543417367,0.9103641456582633
bioasq_train,combined_uncertainty,0.30318602261048305,295,0.0896358543417367,0.9103641456582633
bioasq_train,combined_uncertainty,0.30421377183967113,296,0.0896358543417367,0.9103641456582633
bioasq_train,combined_uncertainty,0.3052415210688592,297,0.0896358543417367,0.9103641456582633
bioasq_train,combined_uncertainty,0.3062692702980473,298,0.0896358543417367,0.9103641456582633
bioasq_train,combined_uncertainty,0.30729701952723537,299,0.0896358543417367,0.9103641456582633
bioasq_train,combined_uncertainty,0.30832476875642345,300,0.0896358543417367,0.9103641456582633
bioasq_train,combined_uncertainty,0.30935251798561153,301,0.0896358543417367,0.9103641456582633
bioasq_train,combined_uncertainty,0.3103802672147996,302,0.0896358543417367,0.9103641456582633
bioasq_train,combined_uncertainty,0.3114080164439877,303,0.0896358543417367,0.9103641456582633
bioasq_train,combined_uncertainty,0.31243576567317577,304,0.0896358543417367,0.9103641456582633
bioasq_train,combined_uncertainty,0.31346351490236385,305,0.0896358543417367,0.9103641456582633
bioasq_train,combined_uncertainty,0.31449126413155193,306,0.0896358543417367,0.9103641456582633
bioasq_train,combined_uncertainty,0.31551901336073995,307,0.0896358543417367,0.9103641456582633
bioasq_train,combined_uncertainty,0.31654676258992803,308,0.0896358543417367,0.9103641456582633
bioasq_train,combined_uncertainty,0.3175745118191161,309,0.0896358543417367,0.9103641456582633
bioasq_train,combined_uncertainty,0.3186022610483042,310,0.0896358543417367,0.9103641456582633
bioasq_train,combined_uncertainty,0.31963001027749227,311,0.0896358543417367,0.9103641456582633
bioasq_train,combined_uncertainty,0.32065775950668035,312,0.0896358543417367,0.9103641456582633
bioasq_train,combined_uncertainty,0.32168550873586843,313,0.0896358543417367,0.9103641456582633
bioasq_train,combined_uncertainty,0.3227132579650565,314,0.0896358543417367,0.9103641456582633
bioasq_train,combined_uncertainty,0.3237410071942446,315,0.0896358543417367,0.9103641456582633
bioasq_train,combined_uncertainty,0.32476875642343267,316,0.0896358543417367,0.9103641456582633
bioasq_train,combined_uncertainty,0.32579650565262075,317,0.0896358543417367,0.9103641456582633
bioasq_train,combined_uncertainty,0.32682425488180883,318,0.0896358543417367,0.9103641456582633
bioasq_train,combined_uncertainty,0.3278520041109969,319,0.0896358543417367,0.9103641456582633
bioasq_train,combined_uncertainty,0.328879753340185,320,0.0896358543417367,0.9103641456582633
bioasq_train,combined_uncertainty,0.32990750256937307,321,0.0896358543417367,0.9103641456582633
bioasq_train,combined_uncertainty,0.33093525179856115,322,0.0896358543417367,0.9103641456582633
bioasq_train,combined_uncertainty,0.3319630010277492,323,0.0896358543417367,0.9103641456582633
bioasq_train,combined_uncertainty,0.3329907502569373,324,0.0896358543417367,0.9103641456582633
bioasq_train,combined_uncertainty,0.3340184994861254,325,0.0896358543417367,0.9103641456582633
bioasq_train,combined_uncertainty,0.33504624871531347,326,0.0896358543417367,0.9103641456582633
bioasq_train,combined_uncertainty,0.33607399794450155,327,0.0896358543417367,0.9103641456582633
bioasq_train,combined_uncertainty,0.3371017471736896,328,0.0896358543417367,0.9103641456582633
bioasq_train,combined_uncertainty,0.3381294964028777,329,0.0896358543417367,0.9103641456582633
bioasq_train,combined_uncertainty,0.3391572456320658,330,0.0896358543417367,0.9103641456582633
bioasq_train,combined_uncertainty,0.34018499486125386,331,0.0896358543417367,0.9103641456582633
bioasq_train,combined_uncertainty,0.34121274409044194,332,0.0896358543417367,0.9103641456582633
bioasq_train,combined_uncertainty,0.34224049331963,333,0.0896358543417367,0.9103641456582633
bioasq_train,combined_uncertainty,0.3432682425488181,334,0.0896358543417367,0.9103641456582633
bioasq_train,combined_uncertainty,0.3442959917780062,335,0.0896358543417367,0.9103641456582633
bioasq_train,combined_uncertainty,0.34532374100719426,336,0.0896358543417367,0.9103641456582633
bioasq_train,combined_uncertainty,0.34635149023638234,337,0.0896358543417367,0.9103641456582633
bioasq_train,combined_uncertainty,0.3473792394655704,338,0.0896358543417367,0.9103641456582633
bioasq_train,combined_uncertainty,0.3484069886947585,339,0.0896358543417367,0.9103641456582633
bioasq_train,combined_uncertainty,0.3494347379239466,340,0.0896358543417367,0.9103641456582633
bioasq_train,combined_uncertainty,0.35046248715313466,341,0.0896358543417367,0.9103641456582633
bioasq_train,combined_uncertainty,0.35149023638232274,342,0.0896358543417367,0.9103641456582633
bioasq_train,combined_uncertainty,0.35251798561151076,343,0.0896358543417367,0.9103641456582633
bioasq_train,combined_uncertainty,0.35354573484069884,344,0.0896358543417367,0.9103641456582633
bioasq_train,combined_uncertainty,0.3545734840698869,345,0.0896358543417367,0.9103641456582633
bioasq_train,combined_uncertainty,0.355601233299075,346,0.0896358543417367,0.9103641456582633
bioasq_train,combined_uncertainty,0.3566289825282631,347,0.0896358543417367,0.9103641456582633
bioasq_train,combined_uncertainty,0.35765673175745116,348,0.0896358543417367,0.9103641456582633
bioasq_train,combined_uncertainty,0.35868448098663924,349,0.0896358543417367,0.9103641456582633
bioasq_train,combined_uncertainty,0.3597122302158273,350,0.0896358543417367,0.9103641456582633
bioasq_train,combined_uncertainty,0.3607399794450154,351,0.0896358543417367,0.9103641456582633
bioasq_train,combined_uncertainty,0.3617677286742035,352,0.0896358543417367,0.9103641456582633
bioasq_train,combined_uncertainty,0.36279547790339156,353,0.0896358543417367,0.9103641456582633
bioasq_train,combined_uncertainty,0.36382322713257964,354,0.0896358543417367,0.9103641456582633
bioasq_train,combined_uncertainty,0.3648509763617677,355,0.0896358543417367,0.9103641456582633
bioasq_train,combined_uncertainty,0.3658787255909558,356,0.0896358543417367,0.9103641456582633
bioasq_train,combined_uncertainty,0.3669064748201439,357,0.0896358543417367,0.9103641456582633
bioasq_train,combined_uncertainty,0.36793422404933196,358,0.09217877094972067,0.9078212290502793
bioasq_train,combined_uncertainty,0.36896197327852004,359,0.09192200557103064,0.9080779944289694
bioasq_train,combined_uncertainty,0.3699897225077081,360,0.09166666666666666,0.9083333333333333
bioasq_train,combined_uncertainty,0.3710174717368962,361,0.09141274238227147,0.9085872576177285
bioasq_train,combined_uncertainty,0.3720452209660843,362,0.09116022099447514,0.9088397790055248
bioasq_train,combined_uncertainty,0.37307297019527236,363,0.09090909090909091,0.9090909090909091
bioasq_train,combined_uncertainty,0.37410071942446044,364,0.09065934065934066,0.9093406593406593
bioasq_train,combined_uncertainty,0.3751284686536485,365,0.09132420091324202,0.908675799086758
bioasq_train,combined_uncertainty,0.3761562178828366,366,0.09198542805100182,0.9080145719489982
bioasq_train,combined_uncertainty,0.3771839671120247,367,0.09264305177111716,0.9073569482288828
bioasq_train,combined_uncertainty,0.37821171634121276,368,0.09239130434782608,0.907608695652174
bioasq_train,combined_uncertainty,0.37923946557040084,369,0.0921409214092141,0.9078590785907859
bioasq_train,combined_uncertainty,0.3802672147995889,370,0.0918918918918919,0.9081081081081082
bioasq_train,combined_uncertainty,0.381294964028777,371,0.09164420485175202,0.9083557951482479
bioasq_train,combined_uncertainty,0.3823227132579651,372,0.0913978494623656,0.9086021505376344
bioasq_train,combined_uncertainty,0.38335046248715315,373,0.09115281501340483,0.9088471849865951
bioasq_train,combined_uncertainty,0.38437821171634123,374,0.09090909090909091,0.9090909090909091
bioasq_train,combined_uncertainty,0.3854059609455293,375,0.09066666666666667,0.9093333333333333
bioasq_train,combined_uncertainty,0.3864337101747174,376,0.09042553191489362,0.9095744680851063
bioasq_train,combined_uncertainty,0.3874614594039055,377,0.09018567639257294,0.9098143236074271
bioasq_train,combined_uncertainty,0.38848920863309355,378,0.08994708994708994,0.91005291005291
bioasq_train,combined_uncertainty,0.3895169578622816,379,0.08970976253298153,0.9102902374670184
bioasq_train,combined_uncertainty,0.39054470709146966,380,0.08947368421052632,0.9105263157894736
bioasq_train,combined_uncertainty,0.39157245632065774,381,0.08923884514435695,0.910761154855643
bioasq_train,combined_uncertainty,0.3926002055498458,382,0.08900523560209424,0.9109947643979057
bioasq_train,combined_uncertainty,0.3936279547790339,383,0.08877284595300261,0.9112271540469974
bioasq_train,combined_uncertainty,0.394655704008222,384,0.09114583333333333,0.9088541666666666
bioasq_train,combined_uncertainty,0.39568345323741005,385,0.09090909090909091,0.9090909090909091
bioasq_train,combined_uncertainty,0.39671120246659813,386,0.09067357512953368,0.9093264248704663
bioasq_train,combined_uncertainty,0.3977389516957862,387,0.090869939707149,0.909130060292851
bioasq_train,combined_uncertainty,0.3987667009249743,388,0.09106529209621994,0.9089347079037801
bioasq_train,combined_uncertainty,0.3997944501541624,389,0.09125964010282776,0.9087403598971723
bioasq_train,combined_uncertainty,0.40082219938335045,390,0.09145299145299145,0.9085470085470085
bioasq_train,combined_uncertainty,0.40184994861253853,391,0.09164535379369139,0.9083546462063086
bioasq_train,combined_uncertainty,0.4028776978417266,392,0.09183673469387756,0.9081632653061225
bioasq_train,combined_uncertainty,0.4039054470709147,393,0.0916030534351145,0.9083969465648855
bioasq_train,combined_uncertainty,0.40493319630010277,394,0.09137055837563451,0.9086294416243654
bioasq_train,combined_uncertainty,0.40596094552929085,395,0.09113924050632911,0.9088607594936708
bioasq_train,combined_uncertainty,0.40698869475847893,396,0.09090909090909091,0.9090909090909091
bioasq_train,combined_uncertainty,0.408016443987667,397,0.09151973131821999,0.90848026868178
bioasq_train,combined_uncertainty,0.4090441932168551,398,0.09212730318257956,0.9078726968174204
bioasq_train,combined_uncertainty,0.41007194244604317,399,0.09273182957393483,0.9072681704260652
bioasq_train,combined_uncertainty,0.41109969167523125,400,0.09333333333333334,0.9066666666666666
bioasq_train,combined_uncertainty,0.41212744090441933,401,0.0939318370739817,0.9060681629260183
bioasq_train,combined_uncertainty,0.4131551901336074,402,0.0945273631840796,0.9054726368159204
bioasq_train,combined_uncertainty,0.4141829393627955,403,0.0967741935483871,0.9032258064516129
bioasq_train,combined_uncertainty,0.41521068859198357,404,0.09653465346534654,0.9034653465346535
bioasq_train,combined_uncertainty,0.41623843782117165,405,0.0962962962962963,0.9037037037037037
bioasq_train,combined_uncertainty,0.4172661870503597,406,0.0960591133004926,0.9039408866995073
bioasq_train,combined_uncertainty,0.4182939362795478,407,0.09582309582309582,0.9041769041769042
bioasq_train,combined_uncertainty,0.4193216855087359,408,0.09558823529411764,0.9044117647058824
bioasq_train,combined_uncertainty,0.42034943473792397,409,0.09535452322738386,0.9046454767726162
bioasq_train,combined_uncertainty,0.42137718396711205,410,0.0951219512195122,0.9048780487804878
bioasq_train,combined_uncertainty,0.4224049331963001,411,0.0948905109489051,0.9051094890510949
bioasq_train,combined_uncertainty,0.4234326824254882,412,0.09466019417475728,0.9053398058252428
bioasq_train,combined_uncertainty,0.4244604316546763,413,0.09443099273607748,0.9055690072639225
bioasq_train,combined_uncertainty,0.42548818088386436,414,0.09420289855072464,0.9057971014492754
bioasq_train,combined_uncertainty,0.4265159301130524,415,0.09397590361445783,0.9060240963855422
bioasq_train,combined_uncertainty,0.42754367934224047,416,0.09375,0.90625
bioasq_train,combined_uncertainty,0.42857142857142855,417,0.09352517985611511,0.9064748201438849
bioasq_train,combined_uncertainty,0.4295991778006166,418,0.09330143540669857,0.9066985645933014
bioasq_train,combined_uncertainty,0.4306269270298047,419,0.09307875894988067,0.9069212410501193
bioasq_train,combined_uncertainty,0.4316546762589928,420,0.09285714285714286,0.9071428571428571
bioasq_train,combined_uncertainty,0.43268242548818087,421,0.09263657957244656,0.9073634204275535
bioasq_train,combined_uncertainty,0.43371017471736895,422,0.0924170616113744,0.9075829383886256
bioasq_train,combined_uncertainty,0.434737923946557,423,0.09219858156028368,0.9078014184397163
bioasq_train,combined_uncertainty,0.4357656731757451,424,0.09198113207547169,0.9080188679245284
bioasq_train,combined_uncertainty,0.4367934224049332,425,0.09176470588235294,0.908235294117647
bioasq_train,combined_uncertainty,0.43782117163412126,426,0.09389671361502347,0.9061032863849765
bioasq_train,combined_uncertainty,0.43884892086330934,427,0.0936768149882904,0.9063231850117096
bioasq_train,combined_uncertainty,0.4398766700924974,428,0.09345794392523364,0.9065420560747663
bioasq_train,combined_uncertainty,0.4409044193216855,429,0.09324009324009325,0.9067599067599068
bioasq_train,combined_uncertainty,0.4419321685508736,430,0.09348837209302326,0.9065116279069767
bioasq_train,combined_uncertainty,0.44295991778006166,431,0.09373549883990719,0.9062645011600928
bioasq_train,combined_uncertainty,0.44398766700924974,432,0.09398148148148149,0.9060185185185186
bioasq_train,combined_uncertainty,0.4450154162384378,433,0.09422632794457274,0.9057736720554272
bioasq_train,combined_uncertainty,0.4460431654676259,434,0.0944700460829493,0.9055299539170507
bioasq_train,combined_uncertainty,0.447070914696814,435,0.09425287356321839,0.9057471264367816
bioasq_train,combined_uncertainty,0.44809866392600206,436,0.09403669724770643,0.9059633027522935
bioasq_train,combined_uncertainty,0.44912641315519014,437,0.09382151029748284,0.9061784897025171
bioasq_train,combined_uncertainty,0.4501541623843782,438,0.09360730593607305,0.906392694063927
bioasq_train,combined_uncertainty,0.4511819116135663,439,0.09339407744874716,0.9066059225512528
bioasq_train,combined_uncertainty,0.4522096608427544,440,0.09318181818181819,0.9068181818181819
bioasq_train,combined_uncertainty,0.45323741007194246,441,0.09410430839002268,0.9058956916099773
bioasq_train,combined_uncertainty,0.45426515930113054,442,0.09502262443438914,0.9049773755656109
bioasq_train,combined_uncertainty,0.4552929085303186,443,0.09480812641083522,0.9051918735891648
bioasq_train,combined_uncertainty,0.4563206577595067,444,0.0945945945945946,0.9054054054054054
bioasq_train,combined_uncertainty,0.4573484069886948,445,0.09438202247191012,0.9056179775280899
bioasq_train,combined_uncertainty,0.45837615621788286,446,0.09417040358744394,0.905829596412556
bioasq_train,combined_uncertainty,0.45940390544707094,447,0.09395973154362416,0.9060402684563759
bioasq_train,combined_uncertainty,0.460431654676259,448,0.09375,0.90625
bioasq_train,combined_uncertainty,0.4614594039054471,449,0.0935412026726058,0.9064587973273942
bioasq_train,combined_uncertainty,0.4624871531346352,450,0.09555555555555556,0.9044444444444444
bioasq_train,combined_uncertainty,0.4635149023638232,451,0.09534368070953436,0.9046563192904656
bioasq_train,combined_uncertainty,0.4645426515930113,452,0.09513274336283185,0.9048672566371682
bioasq_train,combined_uncertainty,0.46557040082219936,453,0.09492273730684327,0.9050772626931567
bioasq_train,combined_uncertainty,0.46659815005138744,454,0.0947136563876652,0.9052863436123348
bioasq_train,combined_uncertainty,0.4676258992805755,455,0.0945054945054945,0.9054945054945055
bioasq_train,combined_uncertainty,0.4686536485097636,456,0.09429824561403509,0.9057017543859649
bioasq_train,combined_uncertainty,0.4696813977389517,457,0.09409190371991247,0.9059080962800875
bioasq_train,combined_uncertainty,0.47070914696813976,458,0.09388646288209607,0.9061135371179039
bioasq_train,combined_uncertainty,0.47173689619732784,459,0.09368191721132897,0.906318082788671
bioasq_train,combined_uncertainty,0.4727646454265159,460,0.09347826086956522,0.9065217391304348
bioasq_train,combined_uncertainty,0.473792394655704,461,0.09327548806941431,0.9067245119305857
bioasq_train,combined_uncertainty,0.4748201438848921,462,0.09307359307359307,0.9069264069264069
bioasq_train,combined_uncertainty,0.47584789311408016,463,0.09287257019438445,0.9071274298056156
bioasq_train,combined_uncertainty,0.47687564234326824,464,0.09267241379310345,0.9073275862068966
bioasq_train,combined_uncertainty,0.4779033915724563,465,0.09247311827956989,0.9075268817204301
bioasq_train,combined_uncertainty,0.4789311408016444,466,0.09227467811158799,0.907725321888412
bioasq_train,combined_uncertainty,0.4799588900308325,467,0.09207708779443255,0.9079229122055674
bioasq_train,combined_uncertainty,0.48098663926002055,468,0.09188034188034189,0.9081196581196581
bioasq_train,combined_uncertainty,0.48201438848920863,469,0.09168443496801706,0.908315565031983
bioasq_train,combined_uncertainty,0.4830421377183967,470,0.09148936170212765,0.9085106382978724
bioasq_train,combined_uncertainty,0.4840698869475848,471,0.09129511677282377,0.9087048832271762
bioasq_train,combined_uncertainty,0.4850976361767729,472,0.09110169491525423,0.9088983050847458
bioasq_train,combined_uncertainty,0.48612538540596095,473,0.09090909090909091,0.9090909090909091
bioasq_train,combined_uncertainty,0.48715313463514903,474,0.09071729957805907,0.9092827004219409
bioasq_train,combined_uncertainty,0.4881808838643371,475,0.09052631578947369,0.9094736842105263
bioasq_train,combined_uncertainty,0.4892086330935252,476,0.09243697478991597,0.907563025210084
bioasq_train,combined_uncertainty,0.49023638232271327,477,0.09224318658280922,0.9077568134171907
bioasq_train,combined_uncertainty,0.49126413155190135,478,0.09205020920502092,0.9079497907949791
bioasq_train,combined_uncertainty,0.49229188078108943,479,0.0918580375782881,0.9081419624217119
bioasq_train,combined_uncertainty,0.4933196300102775,480,0.09375,0.90625
bioasq_train,combined_uncertainty,0.4943473792394656,481,0.09355509355509356,0.9064449064449065
bioasq_train,combined_uncertainty,0.49537512846865367,482,0.09336099585062241,0.9066390041493776
bioasq_train,combined_uncertainty,0.49640287769784175,483,0.09523809523809523,0.9047619047619048
bioasq_train,combined_uncertainty,0.49743062692702983,484,0.09504132231404959,0.9049586776859504
bioasq_train,combined_uncertainty,0.4984583761562179,485,0.09484536082474226,0.9051546391752577
bioasq_train,combined_uncertainty,0.499486125385406,486,0.09465020576131687,0.9053497942386831
bioasq_train,combined_uncertainty,0.5005138746145941,487,0.0944558521560575,0.9055441478439425
bioasq_train,combined_uncertainty,0.5015416238437821,488,0.0942622950819672,0.9057377049180328
bioasq_train,combined_uncertainty,0.5025693730729702,489,0.09611451942740286,0.9038854805725971
bioasq_train,combined_uncertainty,0.5035971223021583,490,0.09591836734693877,0.9040816326530612
bioasq_train,combined_uncertainty,0.5046248715313464,491,0.09572301425661914,0.9042769857433809
bioasq_train,combined_uncertainty,0.5056526207605344,492,0.09552845528455285,0.9044715447154471
bioasq_train,combined_uncertainty,0.5066803699897225,493,0.09533468559837728,0.9046653144016227
bioasq_train,combined_uncertainty,0.5077081192189106,494,0.0951417004048583,0.9048582995951417
bioasq_train,combined_uncertainty,0.5087358684480987,495,0.09494949494949495,0.9050505050505051
bioasq_train,combined_uncertainty,0.5097636176772867,496,0.09475806451612903,0.905241935483871
bioasq_train,combined_uncertainty,0.5107913669064749,497,0.09456740442655935,0.9054325955734407
bioasq_train,combined_uncertainty,0.5118191161356629,498,0.09437751004016064,0.9056224899598394
bioasq_train,combined_uncertainty,0.512846865364851,499,0.09619238476953908,0.9038076152304609
bioasq_train,combined_uncertainty,0.513874614594039,500,0.096,0.904
bioasq_train,combined_uncertainty,0.5149023638232272,501,0.09580838323353294,0.9041916167664671
bioasq_train,combined_uncertainty,0.5159301130524152,502,0.09561752988047809,0.9043824701195219
bioasq_train,combined_uncertainty,0.5169578622816033,503,0.09542743538767395,0.904572564612326
bioasq_train,combined_uncertainty,0.5179856115107914,504,0.09722222222222222,0.9027777777777778
bioasq_train,combined_uncertainty,0.5190133607399794,505,0.09702970297029703,0.902970297029703
bioasq_train,combined_uncertainty,0.5200411099691675,506,0.09683794466403162,0.9031620553359684
bioasq_train,combined_uncertainty,0.5210688591983555,507,0.09664694280078895,0.903353057199211
bioasq_train,combined_uncertainty,0.5220966084275437,508,0.09645669291338582,0.9035433070866141
bioasq_train,combined_uncertainty,0.5231243576567317,509,0.0962671905697446,0.9037328094302554
bioasq_train,combined_uncertainty,0.5241521068859198,510,0.09607843137254903,0.903921568627451
bioasq_train,combined_uncertainty,0.5251798561151079,511,0.0958904109589041,0.904109589041096
bioasq_train,combined_uncertainty,0.526207605344296,512,0.095703125,0.904296875
bioasq_train,combined_uncertainty,0.527235354573484,513,0.09551656920077972,0.9044834307992202
bioasq_train,combined_uncertainty,0.5282631038026722,514,0.09533073929961089,0.9046692607003891
bioasq_train,combined_uncertainty,0.5292908530318602,515,0.09557713052858684,0.9044228694714131
bioasq_train,combined_uncertainty,0.5303186022610483,516,0.0958225667527993,0.9041774332472007
bioasq_train,combined_uncertainty,0.5313463514902363,517,0.09606705351386202,0.903932946486138
bioasq_train,combined_uncertainty,0.5323741007194245,518,0.09631059631059631,0.9036894036894036
bioasq_train,combined_uncertainty,0.5334018499486125,519,0.09655320059944338,0.9034467994005566
bioasq_train,combined_uncertainty,0.5344295991778006,520,0.0967948717948718,0.9032051282051282
bioasq_train,combined_uncertainty,0.5354573484069887,521,0.09703561526978034,0.9029643847302197
bioasq_train,combined_uncertainty,0.5364850976361768,522,0.09727543635589612,0.9027245636441039
bioasq_train,combined_uncertainty,0.5375128468653648,523,0.09751434034416825,0.9024856596558317
bioasq_train,combined_uncertainty,0.538540596094553,524,0.09732824427480916,0.9026717557251909
bioasq_train,combined_uncertainty,0.539568345323741,525,0.09904761904761905,0.900952380952381
bioasq_train,combined_uncertainty,0.5405960945529291,526,0.09885931558935361,0.9011406844106464
bioasq_train,combined_uncertainty,0.5416238437821171,527,0.09867172675521822,0.9013282732447818
bioasq_train,combined_uncertainty,0.5426515930113053,528,0.09848484848484848,0.9015151515151515
bioasq_train,combined_uncertainty,0.5436793422404933,529,0.09829867674858223,0.9017013232514177
bioasq_train,combined_uncertainty,0.5447070914696814,530,0.1,0.9
bioasq_train,combined_uncertainty,0.5457348406988695,531,0.09981167608286252,0.9001883239171374
bioasq_train,combined_uncertainty,0.5467625899280576,532,0.09962406015037593,0.900375939849624
bioasq_train,combined_uncertainty,0.5477903391572456,533,0.09943714821763602,0.900562851782364
bioasq_train,combined_uncertainty,0.5488180883864338,534,0.09925093632958802,0.900749063670412
bioasq_train,combined_uncertainty,0.5498458376156218,535,0.09906542056074766,0.9009345794392524
bioasq_train,combined_uncertainty,0.5508735868448099,536,0.09888059701492537,0.9011194029850746
bioasq_train,combined_uncertainty,0.5519013360739979,537,0.09869646182495345,0.9013035381750465
bioasq_train,combined_uncertainty,0.5529290853031861,538,0.09877854487519916,0.9012214551248008
bioasq_train,combined_uncertainty,0.5539568345323741,539,0.09886032335011927,0.9011396766498807
bioasq_train,combined_uncertainty,0.5549845837615622,540,0.09894179894179894,0.9010582010582011
bioasq_train,combined_uncertainty,0.5560123329907503,541,0.09902297332981251,0.9009770266701875
bioasq_train,combined_uncertainty,0.5570400822199383,542,0.09910384818133895,0.900896151818661
bioasq_train,combined_uncertainty,0.5580678314491264,543,0.09918442515127597,0.900815574848724
bioasq_train,combined_uncertainty,0.5590955806783144,544,0.09926470588235294,0.9007352941176471
bioasq_train,combined_uncertainty,0.5601233299075026,545,0.09908256880733946,0.9009174311926605
bioasq_train,combined_uncertainty,0.5611510791366906,546,0.0989010989010989,0.9010989010989011
bioasq_train,combined_uncertainty,0.5621788283658787,547,0.09872029250457039,0.9012797074954296
bioasq_train,combined_uncertainty,0.5632065775950668,548,0.09854014598540146,0.9014598540145985
bioasq_train,combined_uncertainty,0.5642343268242549,549,0.09836065573770492,0.9016393442622951
bioasq_train,combined_uncertainty,0.5652620760534429,550,0.09818181818181818,0.9018181818181819
bioasq_train,combined_uncertainty,0.566289825282631,551,0.09800362976406533,0.9019963702359347
bioasq_train,combined_uncertainty,0.5673175745118191,552,0.09782608695652174,0.9021739130434783
bioasq_train,combined_uncertainty,0.5683453237410072,553,0.09945750452079566,0.9005424954792043
bioasq_train,combined_uncertainty,0.5693730729701952,554,0.09927797833935018,0.9007220216606499
bioasq_train,combined_uncertainty,0.5704008221993834,555,0.0990990990990991,0.9009009009009009
bioasq_train,combined_uncertainty,0.5714285714285714,556,0.09892086330935251,0.9010791366906474
bioasq_train,combined_uncertainty,0.5724563206577595,557,0.09874326750448834,0.9012567324955116
bioasq_train,combined_uncertainty,0.5734840698869476,558,0.0985663082437276,0.9014336917562724
bioasq_train,combined_uncertainty,0.5745118191161357,559,0.09838998211091235,0.9016100178890877
bioasq_train,combined_uncertainty,0.5755395683453237,560,0.09821428571428571,0.9017857142857143
bioasq_train,combined_uncertainty,0.5765673175745119,561,0.09803921568627451,0.9019607843137255
bioasq_train,combined_uncertainty,0.5775950668036999,562,0.09786476868327403,0.902135231316726
bioasq_train,combined_uncertainty,0.578622816032888,563,0.09769094138543517,0.9023090586145648
bioasq_train,combined_uncertainty,0.579650565262076,564,0.09810874704491726,0.9018912529550828
bioasq_train,combined_uncertainty,0.5806783144912642,565,0.09852507374631268,0.9014749262536873
bioasq_train,combined_uncertainty,0.5817060637204522,566,0.0989399293286219,0.901060070671378
bioasq_train,combined_uncertainty,0.5827338129496403,567,0.09876543209876543,0.9012345679012346
bioasq_train,combined_uncertainty,0.5837615621788284,568,0.09859154929577464,0.9014084507042254
bioasq_train,combined_uncertainty,0.5847893114080165,569,0.0984182776801406,0.9015817223198594
bioasq_train,combined_uncertainty,0.5858170606372045,570,0.09824561403508772,0.9017543859649123
bioasq_train,combined_uncertainty,0.5868448098663926,571,0.09982486865148861,0.9001751313485113
bioasq_train,combined_uncertainty,0.5878725590955807,572,0.10139860139860139,0.8986013986013986
bioasq_train,combined_uncertainty,0.5889003083247688,573,0.1012216404886562,0.8987783595113438
bioasq_train,combined_uncertainty,0.5899280575539568,574,0.10104529616724739,0.8989547038327526
bioasq_train,combined_uncertainty,0.590955806783145,575,0.10086956521739131,0.8991304347826087
bioasq_train,combined_uncertainty,0.591983556012333,576,0.10069444444444445,0.8993055555555556
bioasq_train,combined_uncertainty,0.593011305241521,577,0.10051993067590988,0.8994800693240901
bioasq_train,combined_uncertainty,0.5940390544707091,578,0.10207612456747404,0.8979238754325259
bioasq_train,combined_uncertainty,0.5950668036998972,579,0.10362694300518134,0.8963730569948186
bioasq_train,combined_uncertainty,0.5960945529290853,580,0.10344827586206896,0.896551724137931
bioasq_train,combined_uncertainty,0.5971223021582733,581,0.10327022375215146,0.8967297762478486
bioasq_train,combined_uncertainty,0.5981500513874615,582,0.10309278350515463,0.8969072164948454
bioasq_train,combined_uncertainty,0.5991778006166495,583,0.10291595197255575,0.8970840480274442
bioasq_train,combined_uncertainty,0.6002055498458376,584,0.10273972602739725,0.8972602739726028
bioasq_train,combined_uncertainty,0.6012332990750257,585,0.10427350427350428,0.8957264957264958
bioasq_train,combined_uncertainty,0.6022610483042138,586,0.10409556313993173,0.8959044368600683
bioasq_train,combined_uncertainty,0.6032887975334018,587,0.10448608745031232,0.8955139125496877
bioasq_train,combined_uncertainty,0.60431654676259,588,0.10487528344671201,0.895124716553288
bioasq_train,combined_uncertainty,0.605344295991778,589,0.10526315789473684,0.8947368421052632
bioasq_train,combined_uncertainty,0.6063720452209661,590,0.10508474576271186,0.8949152542372881
bioasq_train,combined_uncertainty,0.6073997944501541,591,0.10490693739424704,0.8950930626057529
bioasq_train,combined_uncertainty,0.6084275436793423,592,0.10472972972972973,0.8952702702702703
bioasq_train,combined_uncertainty,0.6094552929085303,593,0.1045531197301855,0.8954468802698146
bioasq_train,combined_uncertainty,0.6104830421377184,594,0.10437710437710437,0.8956228956228957
bioasq_train,combined_uncertainty,0.6115107913669064,595,0.10420168067226891,0.8957983193277311
bioasq_train,combined_uncertainty,0.6125385405960946,596,0.1040268456375839,0.8959731543624161
bioasq_train,combined_uncertainty,0.6135662898252826,597,0.10385259631490787,0.8961474036850922
bioasq_train,combined_uncertainty,0.6145940390544707,598,0.10535117056856187,0.8946488294314381
bioasq_train,combined_uncertainty,0.6156217882836588,599,0.10517529215358931,0.8948247078464107
bioasq_train,combined_uncertainty,0.6166495375128469,600,0.105,0.895
bioasq_train,combined_uncertainty,0.6176772867420349,601,0.1048252911813644,0.8951747088186356
bioasq_train,combined_uncertainty,0.6187050359712231,602,0.10465116279069768,0.8953488372093024
bioasq_train,combined_uncertainty,0.6197327852004111,603,0.1044776119402985,0.8955223880597015
bioasq_train,combined_uncertainty,0.6207605344295992,604,0.10430463576158941,0.8956953642384106
bioasq_train,combined_uncertainty,0.6217882836587872,605,0.10413223140495868,0.8958677685950414
bioasq_train,combined_uncertainty,0.6228160328879754,606,0.10396039603960396,0.8960396039603961
bioasq_train,combined_uncertainty,0.6238437821171634,607,0.10378912685337727,0.8962108731466227
bioasq_train,combined_uncertainty,0.6248715313463515,608,0.10361842105263158,0.8963815789473684
bioasq_train,combined_uncertainty,0.6258992805755396,609,0.10344827586206896,0.896551724137931
bioasq_train,combined_uncertainty,0.6269270298047277,610,0.10327868852459017,0.8967213114754098
bioasq_train,combined_uncertainty,0.6279547790339157,611,0.10474631751227496,0.8952536824877251
bioasq_train,combined_uncertainty,0.6289825282631039,612,0.10457516339869281,0.8954248366013072
bioasq_train,combined_uncertainty,0.6300102774922919,613,0.10440456769983687,0.8955954323001631
bioasq_train,combined_uncertainty,0.6310380267214799,614,0.10423452768729642,0.8957654723127035
bioasq_train,combined_uncertainty,0.632065775950668,615,0.1040650406504065,0.8959349593495936
bioasq_train,combined_uncertainty,0.6330935251798561,616,0.1038961038961039,0.8961038961038961
bioasq_train,combined_uncertainty,0.6341212744090442,617,0.10372771474878444,0.8962722852512156
bioasq_train,combined_uncertainty,0.6351490236382322,618,0.10355987055016182,0.8964401294498382
bioasq_train,combined_uncertainty,0.6361767728674204,619,0.1050080775444265,0.8949919224555735
bioasq_train,combined_uncertainty,0.6372045220966084,620,0.10483870967741936,0.8951612903225806
bioasq_train,combined_uncertainty,0.6382322713257965,621,0.10466988727858294,0.895330112721417
bioasq_train,combined_uncertainty,0.6392600205549845,622,0.1045016077170418,0.8954983922829582
bioasq_train,combined_uncertainty,0.6402877697841727,623,0.1043338683788122,0.8956661316211878
bioasq_train,combined_uncertainty,0.6413155190133607,624,0.10576923076923077,0.8942307692307693
bioasq_train,combined_uncertainty,0.6423432682425488,625,0.1056,0.8944
bioasq_train,combined_uncertainty,0.6433710174717369,626,0.10543130990415335,0.8945686900958466
bioasq_train,combined_uncertainty,0.644398766700925,627,0.10526315789473684,0.8947368421052632
bioasq_train,combined_uncertainty,0.645426515930113,628,0.10509554140127389,0.8949044585987261
bioasq_train,combined_uncertainty,0.6464542651593012,629,0.10492845786963434,0.8950715421303657
bioasq_train,combined_uncertainty,0.6474820143884892,630,0.10476190476190476,0.8952380952380953
bioasq_train,combined_uncertainty,0.6485097636176773,631,0.1045958795562599,0.8954041204437401
bioasq_train,combined_uncertainty,0.6495375128468653,632,0.10443037974683544,0.8955696202531646
bioasq_train,combined_uncertainty,0.6505652620760535,633,0.10426540284360189,0.8957345971563981
bioasq_train,combined_uncertainty,0.6515930113052415,634,0.10410094637223975,0.8958990536277602
bioasq_train,combined_uncertainty,0.6526207605344296,635,0.10393700787401575,0.8960629921259843
bioasq_train,combined_uncertainty,0.6536485097636177,636,0.10377358490566038,0.8962264150943396
bioasq_train,combined_uncertainty,0.6546762589928058,637,0.10361067503924647,0.8963893249607535
bioasq_train,combined_uncertainty,0.6557040082219938,638,0.10344827586206896,0.896551724137931
bioasq_train,combined_uncertainty,0.656731757451182,639,0.10328638497652583,0.8967136150234741
bioasq_train,combined_uncertainty,0.65775950668037,640,0.103125,0.896875
bioasq_train,combined_uncertainty,0.6587872559095581,641,0.1029641185647426,0.8970358814352574
bioasq_train,combined_uncertainty,0.6598150051387461,642,0.102803738317757,0.897196261682243
bioasq_train,combined_uncertainty,0.6608427543679343,643,0.1026438569206843,0.8973561430793157
bioasq_train,combined_uncertainty,0.6618705035971223,644,0.10248447204968944,0.8975155279503105
bioasq_train,combined_uncertainty,0.6628982528263104,645,0.10232558139534884,0.8976744186046511
bioasq_train,combined_uncertainty,0.6639260020554985,646,0.1021671826625387,0.8978328173374613
bioasq_train,combined_uncertainty,0.6649537512846866,647,0.10200927357032458,0.8979907264296754
bioasq_train,combined_uncertainty,0.6659815005138746,648,0.10185185185185185,0.8981481481481481
bioasq_train,combined_uncertainty,0.6670092497430626,649,0.1016949152542373,0.8983050847457628
bioasq_train,combined_uncertainty,0.6680369989722508,650,0.10307692307692308,0.8969230769230769
bioasq_train,combined_uncertainty,0.6690647482014388,651,0.10291858678955453,0.8970814132104454
bioasq_train,combined_uncertainty,0.6700924974306269,652,0.10276073619631902,0.897239263803681
bioasq_train,combined_uncertainty,0.671120246659815,653,0.10260336906584992,0.8973966309341501
bioasq_train,combined_uncertainty,0.6721479958890031,654,0.10397553516819572,0.8960244648318043
bioasq_train,combined_uncertainty,0.6731757451181911,655,0.10381679389312977,0.8961832061068702
bioasq_train,combined_uncertainty,0.6742034943473793,656,0.10365853658536585,0.8963414634146342
bioasq_train,combined_uncertainty,0.6752312435765673,657,0.1035007610350076,0.8964992389649924
bioasq_train,combined_uncertainty,0.6762589928057554,658,0.1033434650455927,0.8966565349544073
bioasq_train,combined_uncertainty,0.6772867420349434,659,0.10318664643399089,0.8968133535660091
bioasq_train,combined_uncertainty,0.6783144912641316,660,0.10303030303030303,0.896969696969697
bioasq_train,combined_uncertainty,0.6793422404933196,661,0.10287443267776097,0.897125567322239
bioasq_train,combined_uncertainty,0.6803699897225077,662,0.1027190332326284,0.8972809667673716
bioasq_train,combined_uncertainty,0.6813977389516958,663,0.10256410256410256,0.8974358974358975
bioasq_train,combined_uncertainty,0.6824254881808839,664,0.10240963855421686,0.8975903614457832
bioasq_train,combined_uncertainty,0.6834532374100719,665,0.10225563909774436,0.8977443609022556
bioasq_train,combined_uncertainty,0.68448098663926,666,0.1021021021021021,0.8978978978978979
bioasq_train,combined_uncertainty,0.6855087358684481,667,0.10194902548725637,0.8980509745127436
bioasq_train,combined_uncertainty,0.6865364850976362,668,0.10179640718562874,0.8982035928143712
bioasq_train,combined_uncertainty,0.6875642343268242,669,0.10164424514200299,0.898355754857997
bioasq_train,combined_uncertainty,0.6885919835560124,670,0.10149253731343283,0.8985074626865672
bioasq_train,combined_uncertainty,0.6896197327852004,671,0.10134128166915052,0.8986587183308494
bioasq_train,combined_uncertainty,0.6906474820143885,672,0.10267857142857142,0.8973214285714286
bioasq_train,combined_uncertainty,0.6916752312435765,673,0.1025260029717682,0.8974739970282318
bioasq_train,combined_uncertainty,0.6927029804727647,674,0.10237388724035608,0.8976261127596439
bioasq_train,combined_uncertainty,0.6937307297019527,675,0.10222222222222223,0.8977777777777778
bioasq_train,combined_uncertainty,0.6947584789311408,676,0.10207100591715976,0.8979289940828402
bioasq_train,combined_uncertainty,0.6957862281603289,677,0.1019202363367799,0.8980797636632201
bioasq_train,combined_uncertainty,0.696813977389517,678,0.10250737463126844,0.8974926253687315
bioasq_train,combined_uncertainty,0.697841726618705,679,0.10309278350515463,0.8969072164948454
bioasq_train,combined_uncertainty,0.6988694758478932,680,0.10294117647058823,0.8970588235294118
bioasq_train,combined_uncertainty,0.6998972250770812,681,0.1027900146842878,0.8972099853157122
bioasq_train,combined_uncertainty,0.7009249743062693,682,0.10263929618768329,0.8973607038123167
bioasq_train,combined_uncertainty,0.7019527235354573,683,0.10395314787701318,0.8960468521229868
bioasq_train,combined_uncertainty,0.7029804727646455,684,0.10380116959064327,0.8961988304093568
bioasq_train,combined_uncertainty,0.7040082219938335,685,0.10364963503649635,0.8963503649635036
bioasq_train,combined_uncertainty,0.7050359712230215,686,0.10349854227405247,0.8965014577259476
bioasq_train,combined_uncertainty,0.7060637204522097,687,0.10480349344978165,0.8951965065502183
bioasq_train,combined_uncertainty,0.7070914696813977,688,0.10465116279069768,0.8953488372093024
bioasq_train,combined_uncertainty,0.7081192189105858,689,0.10449927431059507,0.895500725689405
bioasq_train,combined_uncertainty,0.7091469681397738,690,0.10434782608695652,0.8956521739130435
bioasq_train,combined_uncertainty,0.710174717368962,691,0.10419681620839363,0.8958031837916064
bioasq_train,combined_uncertainty,0.71120246659815,692,0.10404624277456648,0.8959537572254335
bioasq_train,combined_uncertainty,0.7122302158273381,693,0.10533910533910534,0.8946608946608947
bioasq_train,combined_uncertainty,0.7132579650565262,694,0.10518731988472622,0.8948126801152738
bioasq_train,combined_uncertainty,0.7142857142857143,695,0.10503597122302158,0.8949640287769784
bioasq_train,combined_uncertainty,0.7153134635149023,696,0.10632183908045977,0.8936781609195402
bioasq_train,combined_uncertainty,0.7163412127440905,697,0.10616929698708752,0.8938307030129125
bioasq_train,combined_uncertainty,0.7173689619732785,698,0.10601719197707736,0.8939828080229226
bioasq_train,combined_uncertainty,0.7183967112024666,699,0.10586552217453506,0.894134477825465
bioasq_train,combined_uncertainty,0.7194244604316546,700,0.10571428571428572,0.8942857142857142
bioasq_train,combined_uncertainty,0.7204522096608428,701,0.10556348074179743,0.8944365192582026
bioasq_train,combined_uncertainty,0.7214799588900308,702,0.10541310541310542,0.8945868945868946
bioasq_train,combined_uncertainty,0.7225077081192189,703,0.10668563300142248,0.8933143669985775
bioasq_train,combined_uncertainty,0.723535457348407,704,0.10653409090909091,0.8934659090909091
bioasq_train,combined_uncertainty,0.7245632065775951,705,0.10780141843971631,0.8921985815602836
bioasq_train,combined_uncertainty,0.7255909558067831,706,0.10906515580736544,0.8909348441926346
bioasq_train,combined_uncertainty,0.7266187050359713,707,0.11032531824611033,0.8896746817538896
bioasq_train,combined_uncertainty,0.7276464542651593,708,0.11016949152542373,0.8898305084745762
bioasq_train,combined_uncertainty,0.7286742034943474,709,0.11001410437235543,0.8899858956276445
bioasq_train,combined_uncertainty,0.7297019527235354,710,0.10985915492957747,0.8901408450704226
bioasq_train,combined_uncertainty,0.7307297019527236,711,0.10970464135021098,0.890295358649789
bioasq_train,combined_uncertainty,0.7317574511819116,712,0.10955056179775281,0.8904494382022472
bioasq_train,combined_uncertainty,0.7327852004110997,713,0.1093969144460028,0.8906030855539973
bioasq_train,combined_uncertainty,0.7338129496402878,714,0.1092436974789916,0.8907563025210083
bioasq_train,combined_uncertainty,0.7348406988694759,715,0.10909090909090909,0.8909090909090909
bioasq_train,combined_uncertainty,0.7358684480986639,716,0.10893854748603352,0.8910614525139665
bioasq_train,combined_uncertainty,0.736896197327852,717,0.1087866108786611,0.891213389121339
bioasq_train,combined_uncertainty,0.7379239465570401,718,0.10863509749303621,0.8913649025069638
bioasq_train,combined_uncertainty,0.7389516957862282,719,0.10848400556328233,0.8915159944367177
bioasq_train,combined_uncertainty,0.7399794450154162,720,0.10833333333333334,0.8916666666666666
bioasq_train,combined_uncertainty,0.7410071942446043,721,0.10818307905686546,0.8918169209431346
bioasq_train,combined_uncertainty,0.7420349434737924,722,0.10803324099722991,0.8919667590027701
bioasq_train,combined_uncertainty,0.7430626927029804,723,0.1078838174273859,0.892116182572614
bioasq_train,combined_uncertainty,0.7440904419321686,724,0.10842541436464088,0.8915745856353591
bioasq_train,combined_uncertainty,0.7451181911613566,725,0.10896551724137932,0.8910344827586207
bioasq_train,combined_uncertainty,0.7461459403905447,726,0.10881542699724518,0.8911845730027548
bioasq_train,combined_uncertainty,0.7471736896197327,727,0.10866574965612105,0.8913342503438789
bioasq_train,combined_uncertainty,0.7482014388489209,728,0.10851648351648352,0.8914835164835164
bioasq_train,combined_uncertainty,0.7492291880781089,729,0.1083676268861454,0.8916323731138546
bioasq_train,combined_uncertainty,0.750256937307297,730,0.10821917808219178,0.8917808219178083
bioasq_train,combined_uncertainty,0.7512846865364851,731,0.10807113543091655,0.8919288645690835
bioasq_train,combined_uncertainty,0.7523124357656732,732,0.1092896174863388,0.8907103825136612
bioasq_train,combined_uncertainty,0.7533401849948612,733,0.10914051841746249,0.8908594815825375
bioasq_train,combined_uncertainty,0.7543679342240494,734,0.10899182561307902,0.8910081743869209
bioasq_train,combined_uncertainty,0.7553956834532374,735,0.11020408163265306,0.889795918367347
bioasq_train,combined_uncertainty,0.7564234326824255,736,0.11005434782608696,0.8899456521739131
bioasq_train,combined_uncertainty,0.7574511819116135,737,0.10990502035278155,0.8900949796472184
bioasq_train,combined_uncertainty,0.7584789311408017,738,0.10975609756097561,0.8902439024390244
bioasq_train,combined_uncertainty,0.7595066803699897,739,0.10960757780784844,0.8903924221921515
bioasq_train,combined_uncertainty,0.7605344295991778,740,0.10945945945945947,0.8905405405405405
bioasq_train,combined_uncertainty,0.7615621788283659,741,0.1106612685560054,0.8893387314439946
bioasq_train,combined_uncertainty,0.762589928057554,742,0.1105121293800539,0.889487870619946
bioasq_train,combined_uncertainty,0.763617677286742,743,0.11036339165545088,0.8896366083445492
bioasq_train,combined_uncertainty,0.7646454265159301,744,0.11021505376344086,0.8897849462365591
bioasq_train,combined_uncertainty,0.7656731757451182,745,0.11140939597315436,0.8885906040268456
bioasq_train,combined_uncertainty,0.7667009249743063,746,0.11126005361930295,0.8887399463806971
bioasq_train,combined_uncertainty,0.7677286742034943,747,0.1111111111111111,0.8888888888888888
bioasq_train,combined_uncertainty,0.7687564234326825,748,0.11096256684491979,0.8890374331550802
bioasq_train,combined_uncertainty,0.7697841726618705,749,0.11081441922563418,0.8891855807743658
bioasq_train,combined_uncertainty,0.7708119218910586,750,0.112,0.888
bioasq_train,combined_uncertainty,0.7718396711202467,751,0.1118508655126498,0.8881491344873502
bioasq_train,combined_uncertainty,0.7728674203494348,752,0.11303191489361702,0.886968085106383
bioasq_train,combined_uncertainty,0.7738951695786228,753,0.11420982735723771,0.8857901726427623
bioasq_train,combined_uncertainty,0.774922918807811,754,0.11405835543766578,0.8859416445623343
bioasq_train,combined_uncertainty,0.775950668036999,755,0.11390728476821192,0.8860927152317881
bioasq_train,combined_uncertainty,0.7769784172661871,756,0.11375661375661375,0.8862433862433863
bioasq_train,combined_uncertainty,0.7780061664953751,757,0.11360634081902246,0.8863936591809776
bioasq_train,combined_uncertainty,0.7790339157245632,758,0.11345646437994723,0.8865435356200527
bioasq_train,combined_uncertainty,0.7800616649537513,759,0.11330698287220026,0.8866930171277998
bioasq_train,combined_uncertainty,0.7810894141829393,760,0.11315789473684211,0.8868421052631579
bioasq_train,combined_uncertainty,0.7821171634121274,761,0.11300919842312747,0.8869908015768725
bioasq_train,combined_uncertainty,0.7831449126413155,762,0.11286089238845144,0.8871391076115486
bioasq_train,combined_uncertainty,0.7841726618705036,763,0.11402359108781127,0.8859764089121888
bioasq_train,combined_uncertainty,0.7852004110996916,764,0.11518324607329843,0.8848167539267016
bioasq_train,combined_uncertainty,0.7862281603288798,765,0.11503267973856209,0.8849673202614379
bioasq_train,combined_uncertainty,0.7872559095580678,766,0.11488250652741515,0.8851174934725848
bioasq_train,combined_uncertainty,0.7882836587872559,767,0.11473272490221642,0.8852672750977836
bioasq_train,combined_uncertainty,0.789311408016444,768,0.11458333333333333,0.8854166666666666
bioasq_train,combined_uncertainty,0.7903391572456321,769,0.11573472041612484,0.8842652795838751
bioasq_train,combined_uncertainty,0.7913669064748201,770,0.11558441558441558,0.8844155844155844
bioasq_train,combined_uncertainty,0.7923946557040082,771,0.11543450064850844,0.8845654993514915
bioasq_train,combined_uncertainty,0.7934224049331963,772,0.11528497409326424,0.8847150259067358
bioasq_train,combined_uncertainty,0.7944501541623844,773,0.11513583441138421,0.8848641655886158
bioasq_train,combined_uncertainty,0.7954779033915724,774,0.11498708010335917,0.8850129198966408
bioasq_train,combined_uncertainty,0.7965056526207606,775,0.11483870967741935,0.8851612903225806
bioasq_train,combined_uncertainty,0.7975334018499486,776,0.11469072164948453,0.8853092783505154
bioasq_train,combined_uncertainty,0.7985611510791367,777,0.11454311454311454,0.8854568854568855
bioasq_train,combined_uncertainty,0.7995889003083247,778,0.11439588688946016,0.8856041131105399
bioasq_train,combined_uncertainty,0.8006166495375129,779,0.11424903722721438,0.8857509627727856
bioasq_train,combined_uncertainty,0.8016443987667009,780,0.1141025641025641,0.8858974358974359
bioasq_train,combined_uncertainty,0.802672147995889,781,0.11523687580025609,0.8847631241997439
bioasq_train,combined_uncertainty,0.8036998972250771,782,0.11636828644501279,0.8836317135549872
bioasq_train,combined_uncertainty,0.8047276464542652,783,0.11621966794380588,0.8837803320561941
bioasq_train,combined_uncertainty,0.8057553956834532,784,0.11607142857142858,0.8839285714285714
bioasq_train,combined_uncertainty,0.8067831449126414,785,0.11719745222929936,0.8828025477707007
bioasq_train,combined_uncertainty,0.8078108941418294,786,0.11704834605597965,0.8829516539440203
bioasq_train,combined_uncertainty,0.8088386433710175,787,0.11689961880559085,0.8831003811944091
bioasq_train,combined_uncertainty,0.8098663926002055,788,0.116751269035533,0.883248730964467
bioasq_train,combined_uncertainty,0.8108941418293937,789,0.11660329531051965,0.8833967046894804
bioasq_train,combined_uncertainty,0.8119218910585817,790,0.11772151898734177,0.8822784810126583
bioasq_train,combined_uncertainty,0.8129496402877698,791,0.11757269279393173,0.8824273072060682
bioasq_train,combined_uncertainty,0.8139773895169579,792,0.11742424242424243,0.8825757575757576
bioasq_train,combined_uncertainty,0.8150051387461459,793,0.11727616645649433,0.8827238335435057
bioasq_train,combined_uncertainty,0.816032887975334,794,0.11712846347607053,0.8828715365239295
bioasq_train,combined_uncertainty,0.817060637204522,795,0.1169811320754717,0.8830188679245283
bioasq_train,combined_uncertainty,0.8180883864337102,796,0.11683417085427136,0.8831658291457286
bioasq_train,combined_uncertainty,0.8191161356628982,797,0.11668757841907151,0.8833124215809285
bioasq_train,combined_uncertainty,0.8201438848920863,798,0.11779448621553884,0.8822055137844611
bioasq_train,combined_uncertainty,0.8211716341212744,799,0.11764705882352941,0.8823529411764706
bioasq_train,combined_uncertainty,0.8221993833504625,800,0.1175,0.8825000000000001
bioasq_train,combined_uncertainty,0.8232271325796505,801,0.11735330836454431,0.8826466916354557
bioasq_train,combined_uncertainty,0.8242548818088387,802,0.11845386533665836,0.8815461346633416
bioasq_train,combined_uncertainty,0.8252826310380267,803,0.11955168119551682,0.8804483188044832
bioasq_train,combined_uncertainty,0.8263103802672148,804,0.11940298507462686,0.8805970149253731
bioasq_train,combined_uncertainty,0.8273381294964028,805,0.12049689440993788,0.8795031055900622
bioasq_train,combined_uncertainty,0.828365878725591,806,0.12034739454094293,0.8796526054590571
bioasq_train,combined_uncertainty,0.829393627954779,807,0.12019826517967781,0.8798017348203222
bioasq_train,combined_uncertainty,0.8304213771839671,808,0.12004950495049505,0.879950495049505
bioasq_train,combined_uncertainty,0.8314491264131552,809,0.11990111248454882,0.8800988875154512
bioasq_train,combined_uncertainty,0.8324768756423433,810,0.11975308641975309,0.8802469135802469
bioasq_train,combined_uncertainty,0.8335046248715313,811,0.11960542540073983,0.8803945745992602
bioasq_train,combined_uncertainty,0.8345323741007195,812,0.11945812807881774,0.8805418719211823
bioasq_train,combined_uncertainty,0.8355601233299075,813,0.11931119311193111,0.8806888068880689
bioasq_train,combined_uncertainty,0.8365878725590956,814,0.11916461916461916,0.8808353808353808
bioasq_train,combined_uncertainty,0.8376156217882836,815,0.12024539877300613,0.8797546012269939
bioasq_train,combined_uncertainty,0.8386433710174718,816,0.12009803921568628,0.8799019607843137
bioasq_train,combined_uncertainty,0.8396711202466598,817,0.1211750305997552,0.8788249694002448
bioasq_train,combined_uncertainty,0.8406988694758479,818,0.12224938875305623,0.8777506112469438
bioasq_train,combined_uncertainty,0.841726618705036,819,0.1221001221001221,0.8778998778998779
bioasq_train,combined_uncertainty,0.8427543679342241,820,0.12195121951219512,0.8780487804878049
bioasq_train,combined_uncertainty,0.8437821171634121,821,0.1218026796589525,0.8781973203410475
bioasq_train,combined_uncertainty,0.8448098663926003,822,0.12165450121654502,0.878345498783455
bioasq_train,combined_uncertainty,0.8458376156217883,823,0.12150668286755771,0.8784933171324423
bioasq_train,combined_uncertainty,0.8468653648509764,824,0.12135922330097088,0.8786407766990292
bioasq_train,combined_uncertainty,0.8478931140801644,825,0.12121212121212122,0.8787878787878788
bioasq_train,combined_uncertainty,0.8489208633093526,826,0.12106537530266344,0.8789346246973365
bioasq_train,combined_uncertainty,0.8499486125385406,827,0.12091898428053205,0.879081015719468
bioasq_train,combined_uncertainty,0.8509763617677287,828,0.12077294685990338,0.8792270531400966
bioasq_train,combined_uncertainty,0.8520041109969168,829,0.1218335343787696,0.8781664656212304
bioasq_train,combined_uncertainty,0.8530318602261048,830,0.1216867469879518,0.8783132530120482
bioasq_train,combined_uncertainty,0.8540596094552929,831,0.12154031287605295,0.8784596871239471
bioasq_train,combined_uncertainty,0.8550873586844809,832,0.12139423076923077,0.8786057692307693
bioasq_train,combined_uncertainty,0.8561151079136691,833,0.1212484993997599,0.8787515006002401
bioasq_train,combined_uncertainty,0.8571428571428571,834,0.1211031175059952,0.8788968824940048
bioasq_train,combined_uncertainty,0.8581706063720452,835,0.12095808383233533,0.8790419161676647
bioasq_train,combined_uncertainty,0.8591983556012333,836,0.12081339712918661,0.8791866028708134
bioasq_train,combined_uncertainty,0.8602261048304214,837,0.12186379928315412,0.8781362007168458
bioasq_train,combined_uncertainty,0.8612538540596094,838,0.12171837708830549,0.8782816229116945
bioasq_train,combined_uncertainty,0.8622816032887975,839,0.12157330154946365,0.8784266984505363
bioasq_train,combined_uncertainty,0.8633093525179856,840,0.12142857142857143,0.8785714285714286
bioasq_train,combined_uncertainty,0.8643371017471737,841,0.12128418549346016,0.8787158145065398
bioasq_train,combined_uncertainty,0.8653648509763617,842,0.12114014251781473,0.8788598574821853
bioasq_train,combined_uncertainty,0.8663926002055499,843,0.12099644128113879,0.8790035587188612
bioasq_train,combined_uncertainty,0.8674203494347379,844,0.12085308056872038,0.8791469194312796
bioasq_train,combined_uncertainty,0.868448098663926,845,0.12071005917159763,0.8792899408284024
bioasq_train,combined_uncertainty,0.869475847893114,846,0.12056737588652482,0.8794326241134752
bioasq_train,combined_uncertainty,0.8705035971223022,847,0.1204250295159386,0.8795749704840614
bioasq_train,combined_uncertainty,0.8715313463514902,848,0.12028301886792453,0.8797169811320755
bioasq_train,combined_uncertainty,0.8725590955806783,849,0.12131919905771496,0.8786808009422851
bioasq_train,combined_uncertainty,0.8735868448098664,850,0.12117647058823529,0.8788235294117647
bioasq_train,combined_uncertainty,0.8746145940390545,851,0.12103407755581669,0.8789659224441833
bioasq_train,combined_uncertainty,0.8756423432682425,852,0.12089201877934272,0.8791079812206573
bioasq_train,combined_uncertainty,0.8766700924974307,853,0.12075029308323564,0.8792497069167644
bioasq_train,combined_uncertainty,0.8776978417266187,854,0.12060889929742388,0.8793911007025761
bioasq_train,combined_uncertainty,0.8787255909558068,855,0.1216374269005848,0.8783625730994152
bioasq_train,combined_uncertainty,0.8797533401849948,856,0.12149532710280374,0.8785046728971962
bioasq_train,combined_uncertainty,0.880781089414183,857,0.12135355892648775,0.8786464410735122
bioasq_train,combined_uncertainty,0.881808838643371,858,0.12121212121212122,0.8787878787878788
bioasq_train,combined_uncertainty,0.8828365878725591,859,0.1210710128055879,0.8789289871944121
bioasq_train,combined_uncertainty,0.8838643371017472,860,0.12093023255813953,0.8790697674418605
bioasq_train,combined_uncertainty,0.8848920863309353,861,0.1207897793263647,0.8792102206736353
bioasq_train,combined_uncertainty,0.8859198355601233,862,0.12064965197215777,0.8793503480278422
bioasq_train,combined_uncertainty,0.8869475847893115,863,0.1205098493626883,0.8794901506373117
bioasq_train,combined_uncertainty,0.8879753340184995,864,0.12037037037037036,0.8796296296296297
bioasq_train,combined_uncertainty,0.8890030832476875,865,0.12023121387283237,0.8797687861271677
bioasq_train,combined_uncertainty,0.8900308324768756,866,0.12009237875288684,0.8799076212471132
bioasq_train,combined_uncertainty,0.8910585817060637,867,0.11995386389850057,0.8800461361014994
bioasq_train,combined_uncertainty,0.8920863309352518,868,0.11981566820276497,0.880184331797235
bioasq_train,combined_uncertainty,0.8931140801644398,869,0.11967779056386652,0.8803222094361335
bioasq_train,combined_uncertainty,0.894141829393628,870,0.11954022988505747,0.8804597701149426
bioasq_train,combined_uncertainty,0.895169578622816,871,0.11940298507462686,0.8805970149253731
bioasq_train,combined_uncertainty,0.8961973278520041,872,0.11926605504587157,0.8807339449541285
bioasq_train,combined_uncertainty,0.8972250770811921,873,0.11912943871706758,0.8808705612829324
bioasq_train,combined_uncertainty,0.8982528263103803,874,0.11899313501144165,0.8810068649885583
bioasq_train,combined_uncertainty,0.8992805755395683,875,0.11885714285714286,0.8811428571428571
bioasq_train,combined_uncertainty,0.9003083247687564,876,0.1187214611872146,0.8812785388127854
bioasq_train,combined_uncertainty,0.9013360739979445,877,0.11858608893956671,0.8814139110604333
bioasq_train,combined_uncertainty,0.9023638232271326,878,0.11845102505694761,0.8815489749430524
bioasq_train,combined_uncertainty,0.9033915724563206,879,0.11831626848691695,0.881683731513083
bioasq_train,combined_uncertainty,0.9044193216855088,880,0.11931818181818182,0.8806818181818181
bioasq_train,combined_uncertainty,0.9054470709146968,881,0.1191827468785471,0.8808172531214529
bioasq_train,combined_uncertainty,0.9064748201438849,882,0.11904761904761904,0.8809523809523809
bioasq_train,combined_uncertainty,0.9075025693730729,883,0.11891279728199321,0.8810872027180068
bioasq_train,combined_uncertainty,0.9085303186022611,884,0.11877828054298642,0.8812217194570136
bioasq_train,combined_uncertainty,0.9095580678314491,885,0.11864406779661017,0.8813559322033898
bioasq_train,combined_uncertainty,0.9105858170606372,886,0.11851015801354402,0.881489841986456
bioasq_train,combined_uncertainty,0.9116135662898253,887,0.11837655016910936,0.8816234498308906
bioasq_train,combined_uncertainty,0.9126413155190134,888,0.11824324324324324,0.8817567567567568
bioasq_train,combined_uncertainty,0.9136690647482014,889,0.11811023622047244,0.8818897637795275
bioasq_train,combined_uncertainty,0.9146968139773896,890,0.11797752808988764,0.8820224719101124
bioasq_train,combined_uncertainty,0.9157245632065776,891,0.11896745230078563,0.8810325476992144
bioasq_train,combined_uncertainty,0.9167523124357657,892,0.11883408071748879,0.8811659192825112
bioasq_train,combined_uncertainty,0.9177800616649537,893,0.1187010078387458,0.8812989921612542
bioasq_train,combined_uncertainty,0.9188078108941419,894,0.1185682326621924,0.8814317673378076
bioasq_train,combined_uncertainty,0.9198355601233299,895,0.11955307262569832,0.8804469273743016
bioasq_train,combined_uncertainty,0.920863309352518,896,0.11941964285714286,0.8805803571428571
bioasq_train,combined_uncertainty,0.9218910585817061,897,0.12040133779264214,0.8795986622073578
bioasq_train,combined_uncertainty,0.9229188078108942,898,0.12138084632516703,0.878619153674833
bioasq_train,combined_uncertainty,0.9239465570400822,899,0.12124582869855395,0.8787541713014461
bioasq_train,combined_uncertainty,0.9249743062692704,900,0.12111111111111111,0.8788888888888888
bioasq_train,combined_uncertainty,0.9260020554984584,901,0.12097669256381798,0.8790233074361821
bioasq_train,combined_uncertainty,0.9270298047276464,902,0.12195121951219512,0.8780487804878049
bioasq_train,combined_uncertainty,0.9280575539568345,903,0.12181616832779624,0.8781838316722037
bioasq_train,combined_uncertainty,0.9290853031860226,904,0.12168141592920353,0.8783185840707964
bioasq_train,combined_uncertainty,0.9301130524152107,905,0.12154696132596685,0.8784530386740331
bioasq_train,combined_uncertainty,0.9311408016443987,906,0.12251655629139073,0.8774834437086093
bioasq_train,combined_uncertainty,0.9321685508735869,907,0.12238147739801543,0.8776185226019846
bioasq_train,combined_uncertainty,0.9331963001027749,908,0.1222466960352423,0.8777533039647577
bioasq_train,combined_uncertainty,0.934224049331963,909,0.12211221122112212,0.8778877887788779
bioasq_train,combined_uncertainty,0.935251798561151,910,0.12197802197802197,0.878021978021978
bioasq_train,combined_uncertainty,0.9362795477903392,911,0.12184412733260154,0.8781558726673985
bioasq_train,combined_uncertainty,0.9373072970195272,912,0.12171052631578948,0.8782894736842105
bioasq_train,combined_uncertainty,0.9383350462487153,913,0.12157721796276014,0.8784227820372399
bioasq_train,combined_uncertainty,0.9393627954779034,914,0.12144420131291028,0.8785557986870898
bioasq_train,combined_uncertainty,0.9403905447070915,915,0.12131147540983607,0.8786885245901639
bioasq_train,combined_uncertainty,0.9414182939362795,916,0.1222707423580786,0.8777292576419214
bioasq_train,combined_uncertainty,0.9424460431654677,917,0.12213740458015267,0.8778625954198473
bioasq_train,combined_uncertainty,0.9434737923946557,918,0.12200435729847495,0.8779956427015251
bioasq_train,combined_uncertainty,0.9445015416238438,919,0.12187159956474429,0.8781284004352558
bioasq_train,combined_uncertainty,0.9455292908530318,920,0.12173913043478261,0.8782608695652174
bioasq_train,combined_uncertainty,0.94655704008222,921,0.12160694896851248,0.8783930510314875
bioasq_train,combined_uncertainty,0.947584789311408,922,0.12255965292841649,0.8774403470715835
bioasq_train,combined_uncertainty,0.9486125385405961,923,0.12242686890574214,0.8775731310942578
bioasq_train,combined_uncertainty,0.9496402877697842,924,0.12229437229437229,0.8777056277056277
bioasq_train,combined_uncertainty,0.9506680369989723,925,0.12216216216216216,0.8778378378378379
bioasq_train,combined_uncertainty,0.9516957862281603,926,0.12311015118790497,0.8768898488120951
bioasq_train,combined_uncertainty,0.9527235354573484,927,0.12405609492988134,0.8759439050701187
bioasq_train,combined_uncertainty,0.9537512846865365,928,0.12392241379310345,0.8760775862068966
bioasq_train,combined_uncertainty,0.9547790339157246,929,0.12378902045209902,0.876210979547901
bioasq_train,combined_uncertainty,0.9558067831449126,930,0.12473118279569892,0.875268817204301
bioasq_train,combined_uncertainty,0.9568345323741008,931,0.12459720730397422,0.8754027926960257
bioasq_train,combined_uncertainty,0.9578622816032888,932,0.12446351931330472,0.8755364806866953
bioasq_train,combined_uncertainty,0.9588900308324769,933,0.12433011789924973,0.8756698821007503
bioasq_train,combined_uncertainty,0.959917780061665,934,0.12419700214132762,0.8758029978586723
bioasq_train,combined_uncertainty,0.9609455292908531,935,0.12406417112299466,0.8759358288770054
bioasq_train,combined_uncertainty,0.9619732785200411,936,0.12393162393162394,0.8760683760683761
bioasq_train,combined_uncertainty,0.9630010277492291,937,0.12379935965848453,0.8762006403415155
bioasq_train,combined_uncertainty,0.9640287769784173,938,0.12473347547974413,0.8752665245202559
bioasq_train,combined_uncertainty,0.9650565262076053,939,0.12460063897763578,0.8753993610223643
bioasq_train,combined_uncertainty,0.9660842754367934,940,0.125531914893617,0.874468085106383
bioasq_train,combined_uncertainty,0.9671120246659815,941,0.12539851222104145,0.8746014877789585
bioasq_train,combined_uncertainty,0.9681397738951696,942,0.12526539278131635,0.8747346072186837
bioasq_train,combined_uncertainty,0.9691675231243576,943,0.12513255567338283,0.8748674443266171
bioasq_train,combined_uncertainty,0.9701952723535457,944,0.125,0.875
bioasq_train,combined_uncertainty,0.9712230215827338,945,0.12486772486772486,0.8751322751322751
bioasq_train,combined_uncertainty,0.9722507708119219,946,0.12473572938689217,0.8752642706131079
bioasq_train,combined_uncertainty,0.9732785200411099,947,0.1246040126715945,0.8753959873284055
bioasq_train,combined_uncertainty,0.9743062692702981,948,0.12447257383966245,0.8755274261603375
bioasq_train,combined_uncertainty,0.9753340184994861,949,0.12434141201264488,0.8756585879873551
bioasq_train,combined_uncertainty,0.9763617677286742,950,0.12421052631578948,0.8757894736842106
bioasq_train,combined_uncertainty,0.9773895169578622,951,0.12407991587802314,0.8759200841219769
bioasq_train,combined_uncertainty,0.9784172661870504,952,0.12394957983193278,0.8760504201680672
bioasq_train,combined_uncertainty,0.9794450154162384,953,0.12381951731374606,0.8761804826862539
bioasq_train,combined_uncertainty,0.9804727646454265,954,0.12473794549266247,0.8752620545073375
bioasq_train,combined_uncertainty,0.9815005138746146,955,0.12460732984293194,0.875392670157068
bioasq_train,combined_uncertainty,0.9825282631038027,956,0.12552301255230125,0.8744769874476988
bioasq_train,combined_uncertainty,0.9835560123329907,957,0.12539184952978055,0.8746081504702194
bioasq_train,combined_uncertainty,0.9845837615621789,958,0.12526096033402923,0.8747390396659708
bioasq_train,combined_uncertainty,0.9856115107913669,959,0.1261730969760167,0.8738269030239834
bioasq_train,combined_uncertainty,0.986639260020555,960,0.12604166666666666,0.8739583333333334
bioasq_train,combined_uncertainty,0.987667009249743,961,0.1259105098855359,0.8740894901144641
bioasq_train,combined_uncertainty,0.9886947584789312,962,0.1257796257796258,0.8742203742203742
bioasq_train,combined_uncertainty,0.9897225077081192,963,0.1256490134994808,0.8743509865005192
bioasq_train,combined_uncertainty,0.9907502569373073,964,0.12551867219917012,0.8744813278008299
bioasq_train,combined_uncertainty,0.9917780061664954,965,0.12538860103626942,0.8746113989637305
bioasq_train,combined_uncertainty,0.9928057553956835,966,0.12525879917184266,0.8747412008281573
bioasq_train,combined_uncertainty,0.9938335046248715,967,0.125129265770424,0.8748707342295761
bioasq_train,combined_uncertainty,0.9948612538540597,968,0.125,0.875
bioasq_train,combined_uncertainty,0.9958890030832477,969,0.12487100103199174,0.8751289989680082
bioasq_train,combined_uncertainty,0.9969167523124358,970,0.12474226804123711,0.8752577319587629
bioasq_train,combined_uncertainty,0.9979445015416238,971,0.12461380020597322,0.8753861997940268
bioasq_train,combined_uncertainty,0.998972250770812,972,0.12551440329218108,0.8744855967078189
bioasq_train,combined_uncertainty,1.0,973,0.1264131551901336,0.8735868448098664
bioasq_train,answer_pairwise_distance,0.0010277492291880781,1,0.14285714285714285,0.8571428571428572
bioasq_train,answer_pairwise_distance,0.0020554984583761563,2,0.14285714285714285,0.8571428571428572
bioasq_train,answer_pairwise_distance,0.003083247687564234,3,0.14285714285714285,0.8571428571428572
bioasq_train,answer_pairwise_distance,0.0041109969167523125,4,0.14285714285714285,0.8571428571428572
bioasq_train,answer_pairwise_distance,0.0051387461459403904,5,0.14285714285714285,0.8571428571428572
bioasq_train,answer_pairwise_distance,0.006166495375128468,6,0.14285714285714285,0.8571428571428572
bioasq_train,answer_pairwise_distance,0.007194244604316547,7,0.14285714285714285,0.8571428571428572
bioasq_train,answer_pairwise_distance,0.008221993833504625,8,0.14285714285714285,0.8571428571428572
bioasq_train,answer_pairwise_distance,0.009249743062692703,9,0.14285714285714285,0.8571428571428572
bioasq_train,answer_pairwise_distance,0.010277492291880781,10,0.14285714285714285,0.8571428571428572
bioasq_train,answer_pairwise_distance,0.011305241521068859,11,0.14285714285714285,0.8571428571428572
bioasq_train,answer_pairwise_distance,0.012332990750256937,12,0.14285714285714285,0.8571428571428572
bioasq_train,answer_pairwise_distance,0.013360739979445015,13,0.14285714285714285,0.8571428571428572
bioasq_train,answer_pairwise_distance,0.014388489208633094,14,0.14285714285714285,0.8571428571428572
bioasq_train,answer_pairwise_distance,0.015416238437821172,15,0.13333333333333333,0.8666666666666667
bioasq_train,answer_pairwise_distance,0.01644398766700925,16,0.125,0.875
bioasq_train,answer_pairwise_distance,0.017471736896197326,17,0.11764705882352941,0.8823529411764706
bioasq_train,answer_pairwise_distance,0.018499486125385406,18,0.1388888888888889,0.8611111111111112
bioasq_train,answer_pairwise_distance,0.019527235354573486,19,0.15789473684210525,0.8421052631578947
bioasq_train,answer_pairwise_distance,0.020554984583761562,20,0.15,0.85
bioasq_train,answer_pairwise_distance,0.02158273381294964,21,0.14285714285714285,0.8571428571428572
bioasq_train,answer_pairwise_distance,0.022610483042137718,22,0.13636363636363635,0.8636363636363636
bioasq_train,answer_pairwise_distance,0.023638232271325797,23,0.13043478260869565,0.8695652173913043
bioasq_train,answer_pairwise_distance,0.024665981500513873,24,0.125,0.875
bioasq_train,answer_pairwise_distance,0.025693730729701953,25,0.12,0.88
bioasq_train,answer_pairwise_distance,0.02672147995889003,26,0.11538461538461539,0.8846153846153846
bioasq_train,answer_pairwise_distance,0.02774922918807811,27,0.1111111111111111,0.8888888888888888
bioasq_train,answer_pairwise_distance,0.02877697841726619,28,0.14285714285714285,0.8571428571428572
bioasq_train,answer_pairwise_distance,0.029804727646454265,29,0.13793103448275862,0.8620689655172413
bioasq_train,answer_pairwise_distance,0.030832476875642344,30,0.13333333333333333,0.8666666666666667
bioasq_train,answer_pairwise_distance,0.03186022610483042,31,0.12903225806451613,0.8709677419354839
bioasq_train,answer_pairwise_distance,0.0328879753340185,32,0.125,0.875
bioasq_train,answer_pairwise_distance,0.03391572456320658,33,0.12121212121212122,0.8787878787878788
bioasq_train,answer_pairwise_distance,0.03494347379239465,34,0.11764705882352941,0.8823529411764706
bioasq_train,answer_pairwise_distance,0.03597122302158273,35,0.11428571428571428,0.8857142857142857
bioasq_train,answer_pairwise_distance,0.03699897225077081,36,0.1111111111111111,0.8888888888888888
bioasq_train,answer_pairwise_distance,0.03802672147995889,37,0.10810810810810811,0.8918918918918919
bioasq_train,answer_pairwise_distance,0.03905447070914697,38,0.10526315789473684,0.8947368421052632
bioasq_train,answer_pairwise_distance,0.040082219938335044,39,0.10256410256410256,0.8974358974358975
bioasq_train,answer_pairwise_distance,0.041109969167523124,40,0.1,0.9
bioasq_train,answer_pairwise_distance,0.0421377183967112,41,0.0975609756097561,0.9024390243902439
bioasq_train,answer_pairwise_distance,0.04316546762589928,42,0.09523809523809523,0.9047619047619048
bioasq_train,answer_pairwise_distance,0.044193216855087356,43,0.09302325581395349,0.9069767441860466
bioasq_train,answer_pairwise_distance,0.045220966084275435,44,0.09090909090909091,0.9090909090909091
bioasq_train,answer_pairwise_distance,0.046248715313463515,45,0.1111111111111111,0.8888888888888888
bioasq_train,answer_pairwise_distance,0.047276464542651594,46,0.10869565217391304,0.8913043478260869
bioasq_train,answer_pairwise_distance,0.048304213771839674,47,0.10638297872340426,0.8936170212765957
bioasq_train,answer_pairwise_distance,0.04933196300102775,48,0.10416666666666667,0.8958333333333334
bioasq_train,answer_pairwise_distance,0.050359712230215826,49,0.10204081632653061,0.8979591836734694
bioasq_train,answer_pairwise_distance,0.051387461459403906,50,0.1,0.9
bioasq_train,answer_pairwise_distance,0.052415210688591986,51,0.09803921568627451,0.9019607843137255
bioasq_train,answer_pairwise_distance,0.05344295991778006,52,0.11538461538461539,0.8846153846153846
bioasq_train,answer_pairwise_distance,0.05447070914696814,53,0.11320754716981132,0.8867924528301887
bioasq_train,answer_pairwise_distance,0.05549845837615622,54,0.1111111111111111,0.8888888888888888
bioasq_train,answer_pairwise_distance,0.0565262076053443,55,0.10909090909090909,0.8909090909090909
bioasq_train,answer_pairwise_distance,0.05755395683453238,56,0.10714285714285714,0.8928571428571429
bioasq_train,answer_pairwise_distance,0.05858170606372045,57,0.12280701754385964,0.8771929824561404
bioasq_train,answer_pairwise_distance,0.05960945529290853,58,0.1206896551724138,0.8793103448275862
bioasq_train,answer_pairwise_distance,0.06063720452209661,59,0.11864406779661017,0.8813559322033898
bioasq_train,answer_pairwise_distance,0.06166495375128469,60,0.11666666666666667,0.8833333333333333
bioasq_train,answer_pairwise_distance,0.06269270298047276,61,0.11475409836065574,0.8852459016393442
bioasq_train,answer_pairwise_distance,0.06372045220966084,62,0.11290322580645161,0.8870967741935484
bioasq_train,answer_pairwise_distance,0.06474820143884892,63,0.1111111111111111,0.8888888888888888
bioasq_train,answer_pairwise_distance,0.065775950668037,64,0.109375,0.890625
bioasq_train,answer_pairwise_distance,0.06680369989722508,65,0.1076923076923077,0.8923076923076922
bioasq_train,answer_pairwise_distance,0.06783144912641316,66,0.10606060606060606,0.8939393939393939
bioasq_train,answer_pairwise_distance,0.06885919835560124,67,0.11940298507462686,0.8805970149253731
bioasq_train,answer_pairwise_distance,0.0698869475847893,68,0.11764705882352941,0.8823529411764706
bioasq_train,answer_pairwise_distance,0.07091469681397738,69,0.11594202898550725,0.8840579710144928
bioasq_train,answer_pairwise_distance,0.07194244604316546,70,0.11428571428571428,0.8857142857142857
bioasq_train,answer_pairwise_distance,0.07297019527235354,71,0.11267605633802817,0.8873239436619719
bioasq_train,answer_pairwise_distance,0.07399794450154162,72,0.1111111111111111,0.8888888888888888
bioasq_train,answer_pairwise_distance,0.0750256937307297,73,0.1095890410958904,0.8904109589041096
bioasq_train,answer_pairwise_distance,0.07605344295991778,74,0.10810810810810811,0.8918918918918919
bioasq_train,answer_pairwise_distance,0.07708119218910586,75,0.10666666666666667,0.8933333333333333
bioasq_train,answer_pairwise_distance,0.07810894141829394,76,0.10526315789473684,0.8947368421052632
bioasq_train,answer_pairwise_distance,0.07913669064748201,77,0.1038961038961039,0.8961038961038961
bioasq_train,answer_pairwise_distance,0.08016443987667009,78,0.10256410256410256,0.8974358974358975
bioasq_train,answer_pairwise_distance,0.08119218910585817,79,0.11392405063291139,0.8860759493670887
bioasq_train,answer_pairwise_distance,0.08221993833504625,80,0.1125,0.8875
bioasq_train,answer_pairwise_distance,0.08324768756423433,81,0.1111111111111111,0.8888888888888888
bioasq_train,answer_pairwise_distance,0.0842754367934224,82,0.10975609756097561,0.8902439024390244
bioasq_train,answer_pairwise_distance,0.08530318602261049,83,0.10843373493975904,0.891566265060241
bioasq_train,answer_pairwise_distance,0.08633093525179857,84,0.10714285714285714,0.8928571428571429
bioasq_train,answer_pairwise_distance,0.08735868448098665,85,0.10588235294117647,0.8941176470588236
bioasq_train,answer_pairwise_distance,0.08838643371017471,86,0.10465116279069768,0.8953488372093024
bioasq_train,answer_pairwise_distance,0.08941418293936279,87,0.10344827586206896,0.896551724137931
bioasq_train,answer_pairwise_distance,0.09044193216855087,88,0.10227272727272728,0.8977272727272727
bioasq_train,answer_pairwise_distance,0.09146968139773895,89,0.10112359550561797,0.898876404494382
bioasq_train,answer_pairwise_distance,0.09249743062692703,90,0.1,0.9
bioasq_train,answer_pairwise_distance,0.09352517985611511,91,0.0989010989010989,0.9010989010989011
bioasq_train,answer_pairwise_distance,0.09455292908530319,92,0.10869565217391304,0.8913043478260869
bioasq_train,answer_pairwise_distance,0.09558067831449127,93,0.10752688172043011,0.8924731182795699
bioasq_train,answer_pairwise_distance,0.09660842754367935,94,0.11702127659574468,0.8829787234042553
bioasq_train,answer_pairwise_distance,0.09763617677286741,95,0.11578947368421053,0.8842105263157894
bioasq_train,answer_pairwise_distance,0.0986639260020555,96,0.11458333333333333,0.8854166666666666
bioasq_train,answer_pairwise_distance,0.09969167523124357,97,0.1134020618556701,0.8865979381443299
bioasq_train,answer_pairwise_distance,0.10071942446043165,98,0.11224489795918367,0.8877551020408163
bioasq_train,answer_pairwise_distance,0.10174717368961973,99,0.1111111111111111,0.8888888888888888
bioasq_train,answer_pairwise_distance,0.10277492291880781,100,0.11,0.89
bioasq_train,answer_pairwise_distance,0.10380267214799589,101,0.10891089108910891,0.8910891089108911
bioasq_train,answer_pairwise_distance,0.10483042137718397,102,0.10784313725490197,0.892156862745098
bioasq_train,answer_pairwise_distance,0.10585817060637205,103,0.10679611650485436,0.8932038834951457
bioasq_train,answer_pairwise_distance,0.10688591983556012,104,0.10576923076923077,0.8942307692307693
bioasq_train,answer_pairwise_distance,0.1079136690647482,105,0.10476190476190476,0.8952380952380953
bioasq_train,answer_pairwise_distance,0.10894141829393628,106,0.10377358490566038,0.8962264150943396
bioasq_train,answer_pairwise_distance,0.10996916752312436,107,0.102803738317757,0.897196261682243
bioasq_train,answer_pairwise_distance,0.11099691675231244,108,0.10185185185185185,0.8981481481481481
bioasq_train,answer_pairwise_distance,0.11202466598150052,109,0.10091743119266056,0.8990825688073394
bioasq_train,answer_pairwise_distance,0.1130524152106886,110,0.1,0.9
bioasq_train,answer_pairwise_distance,0.11408016443987667,111,0.0990990990990991,0.9009009009009009
bioasq_train,answer_pairwise_distance,0.11510791366906475,112,0.09821428571428571,0.9017857142857143
bioasq_train,answer_pairwise_distance,0.11613566289825282,113,0.09734513274336283,0.9026548672566371
bioasq_train,answer_pairwise_distance,0.1171634121274409,114,0.09649122807017543,0.9035087719298246
bioasq_train,answer_pairwise_distance,0.11819116135662898,115,0.09565217391304348,0.9043478260869565
bioasq_train,answer_pairwise_distance,0.11921891058581706,116,0.09482758620689655,0.9051724137931034
bioasq_train,answer_pairwise_distance,0.12024665981500514,117,0.09401709401709402,0.905982905982906
bioasq_train,answer_pairwise_distance,0.12127440904419322,118,0.09322033898305085,0.9067796610169492
bioasq_train,answer_pairwise_distance,0.1223021582733813,119,0.09243697478991597,0.907563025210084
bioasq_train,answer_pairwise_distance,0.12332990750256938,120,0.09166666666666666,0.9083333333333333
bioasq_train,answer_pairwise_distance,0.12435765673175746,121,0.09090909090909091,0.9090909090909091
bioasq_train,answer_pairwise_distance,0.12538540596094552,122,0.09016393442622951,0.9098360655737705
bioasq_train,answer_pairwise_distance,0.1264131551901336,123,0.08943089430894309,0.9105691056910569
bioasq_train,answer_pairwise_distance,0.12744090441932168,124,0.0967741935483871,0.9032258064516129
bioasq_train,answer_pairwise_distance,0.12846865364850976,125,0.096,0.904
bioasq_train,answer_pairwise_distance,0.12949640287769784,126,0.09523809523809523,0.9047619047619048
bioasq_train,answer_pairwise_distance,0.13052415210688592,127,0.09448818897637795,0.905511811023622
bioasq_train,answer_pairwise_distance,0.131551901336074,128,0.09375,0.90625
bioasq_train,answer_pairwise_distance,0.13257965056526208,129,0.09302325581395349,0.9069767441860466
bioasq_train,answer_pairwise_distance,0.13360739979445016,130,0.09230769230769231,0.9076923076923077
bioasq_train,answer_pairwise_distance,0.13463514902363824,131,0.0916030534351145,0.9083969465648855
bioasq_train,answer_pairwise_distance,0.13566289825282632,132,0.09090909090909091,0.9090909090909091
bioasq_train,answer_pairwise_distance,0.1366906474820144,133,0.09022556390977443,0.9097744360902256
bioasq_train,answer_pairwise_distance,0.13771839671120248,134,0.08955223880597014,0.9104477611940298
bioasq_train,answer_pairwise_distance,0.13874614594039056,135,0.08888888888888889,0.9111111111111111
bioasq_train,answer_pairwise_distance,0.1397738951695786,136,0.08823529411764706,0.9117647058823529
bioasq_train,answer_pairwise_distance,0.1408016443987667,137,0.08759124087591241,0.9124087591240876
bioasq_train,answer_pairwise_distance,0.14182939362795477,138,0.08695652173913043,0.9130434782608696
bioasq_train,answer_pairwise_distance,0.14285714285714285,139,0.08633093525179857,0.9136690647482014
bioasq_train,answer_pairwise_distance,0.14388489208633093,140,0.09285714285714286,0.9071428571428571
bioasq_train,answer_pairwise_distance,0.144912641315519,141,0.09219858156028368,0.9078014184397163
bioasq_train,answer_pairwise_distance,0.1459403905447071,142,0.09154929577464789,0.9084507042253521
bioasq_train,answer_pairwise_distance,0.14696813977389517,143,0.09090909090909091,0.9090909090909091
bioasq_train,answer_pairwise_distance,0.14799588900308325,144,0.09027777777777778,0.9097222222222222
bioasq_train,answer_pairwise_distance,0.14902363823227133,145,0.0896551724137931,0.9103448275862069
bioasq_train,answer_pairwise_distance,0.1500513874614594,146,0.08904109589041095,0.910958904109589
bioasq_train,answer_pairwise_distance,0.1510791366906475,147,0.08843537414965986,0.9115646258503401
bioasq_train,answer_pairwise_distance,0.15210688591983557,148,0.08783783783783784,0.9121621621621622
bioasq_train,answer_pairwise_distance,0.15313463514902365,149,0.087248322147651,0.912751677852349
bioasq_train,answer_pairwise_distance,0.15416238437821173,150,0.08666666666666667,0.9133333333333333
bioasq_train,answer_pairwise_distance,0.1551901336073998,151,0.08609271523178808,0.9139072847682119
bioasq_train,answer_pairwise_distance,0.15621788283658788,152,0.08552631578947369,0.9144736842105263
bioasq_train,answer_pairwise_distance,0.15724563206577596,153,0.08496732026143791,0.9150326797385621
bioasq_train,answer_pairwise_distance,0.15827338129496402,154,0.08441558441558442,0.9155844155844156
bioasq_train,answer_pairwise_distance,0.1593011305241521,155,0.08387096774193549,0.9161290322580645
bioasq_train,answer_pairwise_distance,0.16032887975334018,156,0.08333333333333333,0.9166666666666666
bioasq_train,answer_pairwise_distance,0.16135662898252826,157,0.08280254777070063,0.9171974522292994
bioasq_train,answer_pairwise_distance,0.16238437821171633,158,0.08227848101265822,0.9177215189873418
bioasq_train,answer_pairwise_distance,0.16341212744090441,159,0.08176100628930817,0.9182389937106918
bioasq_train,answer_pairwise_distance,0.1644398766700925,160,0.08125,0.91875
bioasq_train,answer_pairwise_distance,0.16546762589928057,161,0.08074534161490683,0.9192546583850931
bioasq_train,answer_pairwise_distance,0.16649537512846865,162,0.08024691358024691,0.9197530864197531
bioasq_train,answer_pairwise_distance,0.16752312435765673,163,0.07975460122699386,0.9202453987730062
bioasq_train,answer_pairwise_distance,0.1685508735868448,164,0.07926829268292683,0.9207317073170732
bioasq_train,answer_pairwise_distance,0.1695786228160329,165,0.07878787878787878,0.9212121212121213
bioasq_train,answer_pairwise_distance,0.17060637204522097,166,0.0783132530120482,0.9216867469879518
bioasq_train,answer_pairwise_distance,0.17163412127440905,167,0.07784431137724551,0.9221556886227544
bioasq_train,answer_pairwise_distance,0.17266187050359713,168,0.07738095238095238,0.9226190476190477
bioasq_train,answer_pairwise_distance,0.1736896197327852,169,0.07692307692307693,0.9230769230769231
bioasq_train,answer_pairwise_distance,0.1747173689619733,170,0.07647058823529412,0.9235294117647059
bioasq_train,answer_pairwise_distance,0.17574511819116137,171,0.07602339181286549,0.9239766081871346
bioasq_train,answer_pairwise_distance,0.17677286742034942,172,0.0755813953488372,0.9244186046511628
bioasq_train,answer_pairwise_distance,0.1778006166495375,173,0.07514450867052024,0.9248554913294798
bioasq_train,answer_pairwise_distance,0.17882836587872558,174,0.07471264367816093,0.9252873563218391
bioasq_train,answer_pairwise_distance,0.17985611510791366,175,0.07428571428571429,0.9257142857142857
bioasq_train,answer_pairwise_distance,0.18088386433710174,176,0.07386363636363637,0.9261363636363636
bioasq_train,answer_pairwise_distance,0.18191161356628982,177,0.07344632768361582,0.9265536723163842
bioasq_train,answer_pairwise_distance,0.1829393627954779,178,0.07303370786516854,0.9269662921348315
bioasq_train,answer_pairwise_distance,0.18396711202466598,179,0.07262569832402235,0.9273743016759777
bioasq_train,answer_pairwise_distance,0.18499486125385406,180,0.07222222222222222,0.9277777777777778
bioasq_train,answer_pairwise_distance,0.18602261048304214,181,0.07734806629834254,0.9226519337016574
bioasq_train,answer_pairwise_distance,0.18705035971223022,182,0.07692307692307693,0.9230769230769231
bioasq_train,answer_pairwise_distance,0.1880781089414183,183,0.07650273224043716,0.9234972677595629
bioasq_train,answer_pairwise_distance,0.18910585817060638,184,0.07608695652173914,0.9239130434782609
bioasq_train,answer_pairwise_distance,0.19013360739979446,185,0.07567567567567568,0.9243243243243243
bioasq_train,answer_pairwise_distance,0.19116135662898254,186,0.07526881720430108,0.9247311827956989
bioasq_train,answer_pairwise_distance,0.19218910585817062,187,0.08021390374331551,0.9197860962566845
bioasq_train,answer_pairwise_distance,0.1932168550873587,188,0.0797872340425532,0.9202127659574468
bioasq_train,answer_pairwise_distance,0.19424460431654678,189,0.07936507936507936,0.9206349206349207
bioasq_train,answer_pairwise_distance,0.19527235354573483,190,0.07894736842105263,0.9210526315789473
bioasq_train,answer_pairwise_distance,0.1963001027749229,191,0.07853403141361257,0.9214659685863874
bioasq_train,answer_pairwise_distance,0.197327852004111,192,0.078125,0.921875
bioasq_train,answer_pairwise_distance,0.19835560123329907,193,0.07772020725388601,0.9222797927461139
bioasq_train,answer_pairwise_distance,0.19938335046248715,194,0.07731958762886598,0.9226804123711341
bioasq_train,answer_pairwise_distance,0.20041109969167523,195,0.07692307692307693,0.9230769230769231
bioasq_train,answer_pairwise_distance,0.2014388489208633,196,0.07653061224489796,0.923469387755102
bioasq_train,answer_pairwise_distance,0.20246659815005139,197,0.07614213197969544,0.9238578680203046
bioasq_train,answer_pairwise_distance,0.20349434737923947,198,0.07575757575757576,0.9242424242424242
bioasq_train,answer_pairwise_distance,0.20452209660842754,199,0.07537688442211055,0.9246231155778895
bioasq_train,answer_pairwise_distance,0.20554984583761562,200,0.075,0.925
bioasq_train,answer_pairwise_distance,0.2065775950668037,201,0.07462686567164178,0.9253731343283582
bioasq_train,answer_pairwise_distance,0.20760534429599178,202,0.07425742574257425,0.9257425742574258
bioasq_train,answer_pairwise_distance,0.20863309352517986,203,0.07389162561576355,0.9261083743842364
bioasq_train,answer_pairwise_distance,0.20966084275436794,204,0.07352941176470588,0.9264705882352942
bioasq_train,answer_pairwise_distance,0.21068859198355602,205,0.07317073170731707,0.926829268292683
bioasq_train,answer_pairwise_distance,0.2117163412127441,206,0.07766990291262135,0.9223300970873787
bioasq_train,answer_pairwise_distance,0.21274409044193218,207,0.07729468599033816,0.9227053140096618
bioasq_train,answer_pairwise_distance,0.21377183967112023,208,0.07692307692307693,0.9230769230769231
bioasq_train,answer_pairwise_distance,0.2147995889003083,209,0.07655502392344497,0.9234449760765551
bioasq_train,answer_pairwise_distance,0.2158273381294964,210,0.0761904761904762,0.9238095238095239
bioasq_train,answer_pairwise_distance,0.21685508735868447,211,0.07582938388625593,0.9241706161137441
bioasq_train,answer_pairwise_distance,0.21788283658787255,212,0.07547169811320754,0.9245283018867925
bioasq_train,answer_pairwise_distance,0.21891058581706063,213,0.07511737089201878,0.9248826291079812
bioasq_train,answer_pairwise_distance,0.2199383350462487,214,0.07476635514018691,0.9252336448598131
bioasq_train,answer_pairwise_distance,0.2209660842754368,215,0.07441860465116279,0.9255813953488372
bioasq_train,answer_pairwise_distance,0.22199383350462487,216,0.07407407407407407,0.9259259259259259
bioasq_train,answer_pairwise_distance,0.22302158273381295,217,0.07373271889400922,0.9262672811059908
bioasq_train,answer_pairwise_distance,0.22404933196300103,218,0.07339449541284404,0.926605504587156
bioasq_train,answer_pairwise_distance,0.2250770811921891,219,0.0730593607305936,0.9269406392694064
bioasq_train,answer_pairwise_distance,0.2261048304213772,220,0.07272727272727272,0.9272727272727272
bioasq_train,answer_pairwise_distance,0.22713257965056527,221,0.07239819004524888,0.9276018099547512
bioasq_train,answer_pairwise_distance,0.22816032887975335,222,0.07207207207207207,0.9279279279279279
bioasq_train,answer_pairwise_distance,0.22918807810894143,223,0.07174887892376682,0.9282511210762332
bioasq_train,answer_pairwise_distance,0.2302158273381295,224,0.07142857142857142,0.9285714285714286
bioasq_train,answer_pairwise_distance,0.2312435765673176,225,0.07111111111111111,0.9288888888888889
bioasq_train,answer_pairwise_distance,0.23227132579650564,226,0.07079646017699115,0.9292035398230089
bioasq_train,answer_pairwise_distance,0.23329907502569372,227,0.07048458149779736,0.9295154185022027
bioasq_train,answer_pairwise_distance,0.2343268242548818,228,0.07017543859649122,0.9298245614035088
bioasq_train,answer_pairwise_distance,0.23535457348406988,229,0.06986899563318777,0.9301310043668123
bioasq_train,answer_pairwise_distance,0.23638232271325796,230,0.06956521739130435,0.9304347826086956
bioasq_train,answer_pairwise_distance,0.23741007194244604,231,0.06926406926406926,0.9307359307359307
bioasq_train,answer_pairwise_distance,0.23843782117163412,232,0.06896551724137931,0.9310344827586207
bioasq_train,answer_pairwise_distance,0.2394655704008222,233,0.06866952789699571,0.9313304721030042
bioasq_train,answer_pairwise_distance,0.24049331963001028,234,0.06837606837606838,0.9316239316239316
bioasq_train,answer_pairwise_distance,0.24152106885919836,235,0.06808510638297872,0.9319148936170213
bioasq_train,answer_pairwise_distance,0.24254881808838644,236,0.06779661016949153,0.9322033898305084
bioasq_train,answer_pairwise_distance,0.24357656731757452,237,0.06751054852320675,0.9324894514767933
bioasq_train,answer_pairwise_distance,0.2446043165467626,238,0.06722689075630252,0.9327731092436975
bioasq_train,answer_pairwise_distance,0.24563206577595068,239,0.06694560669456066,0.9330543933054394
bioasq_train,answer_pairwise_distance,0.24665981500513876,240,0.06666666666666667,0.9333333333333333
bioasq_train,answer_pairwise_distance,0.24768756423432683,241,0.06639004149377593,0.9336099585062241
bioasq_train,answer_pairwise_distance,0.24871531346351491,242,0.06611570247933884,0.9338842975206612
bioasq_train,answer_pairwise_distance,0.249743062692703,243,0.06584362139917696,0.934156378600823
bioasq_train,answer_pairwise_distance,0.25077081192189105,244,0.06557377049180328,0.9344262295081968
bioasq_train,answer_pairwise_distance,0.2517985611510791,245,0.06938775510204082,0.9306122448979592
bioasq_train,answer_pairwise_distance,0.2528263103802672,246,0.06910569105691057,0.9308943089430894
bioasq_train,answer_pairwise_distance,0.2538540596094553,247,0.06882591093117409,0.9311740890688259
bioasq_train,answer_pairwise_distance,0.25488180883864336,248,0.06854838709677419,0.9314516129032258
bioasq_train,answer_pairwise_distance,0.25590955806783144,249,0.06827309236947791,0.9317269076305221
bioasq_train,answer_pairwise_distance,0.2569373072970195,250,0.068,0.9319999999999999
bioasq_train,answer_pairwise_distance,0.2579650565262076,251,0.06772908366533864,0.9322709163346614
bioasq_train,answer_pairwise_distance,0.2589928057553957,252,0.06746031746031746,0.9325396825396826
bioasq_train,answer_pairwise_distance,0.26002055498458376,253,0.06719367588932806,0.9328063241106719
bioasq_train,answer_pairwise_distance,0.26104830421377184,254,0.06692913385826772,0.9330708661417323
bioasq_train,answer_pairwise_distance,0.2620760534429599,255,0.07058823529411765,0.9294117647058824
bioasq_train,answer_pairwise_distance,0.263103802672148,256,0.0703125,0.9296875
bioasq_train,answer_pairwise_distance,0.2641315519013361,257,0.07003891050583658,0.9299610894941635
bioasq_train,answer_pairwise_distance,0.26515930113052416,258,0.06976744186046512,0.9302325581395349
bioasq_train,answer_pairwise_distance,0.26618705035971224,259,0.0694980694980695,0.9305019305019305
bioasq_train,answer_pairwise_distance,0.2672147995889003,260,0.06923076923076923,0.9307692307692308
bioasq_train,answer_pairwise_distance,0.2682425488180884,261,0.06896551724137931,0.9310344827586207
bioasq_train,answer_pairwise_distance,0.2692702980472765,262,0.06870229007633588,0.9312977099236641
bioasq_train,answer_pairwise_distance,0.27029804727646456,263,0.06844106463878327,0.9315589353612167
bioasq_train,answer_pairwise_distance,0.27132579650565264,264,0.06818181818181818,0.9318181818181819
bioasq_train,answer_pairwise_distance,0.2723535457348407,265,0.06792452830188679,0.9320754716981132
bioasq_train,answer_pairwise_distance,0.2733812949640288,266,0.06766917293233082,0.9323308270676691
bioasq_train,answer_pairwise_distance,0.2744090441932169,267,0.06741573033707865,0.9325842696629214
bioasq_train,answer_pairwise_distance,0.27543679342240496,268,0.06716417910447761,0.9328358208955224
bioasq_train,answer_pairwise_distance,0.27646454265159304,269,0.06691449814126393,0.9330855018587361
bioasq_train,answer_pairwise_distance,0.2774922918807811,270,0.06666666666666667,0.9333333333333333
bioasq_train,answer_pairwise_distance,0.27852004110996914,271,0.06642066420664207,0.933579335793358
bioasq_train,answer_pairwise_distance,0.2795477903391572,272,0.06985294117647059,0.9301470588235294
bioasq_train,answer_pairwise_distance,0.2805755395683453,273,0.07326007326007326,0.9267399267399268
bioasq_train,answer_pairwise_distance,0.2816032887975334,274,0.072992700729927,0.927007299270073
bioasq_train,answer_pairwise_distance,0.28263103802672146,275,0.07272727272727272,0.9272727272727272
bioasq_train,answer_pairwise_distance,0.28365878725590954,276,0.07246376811594203,0.927536231884058
bioasq_train,answer_pairwise_distance,0.2846865364850976,277,0.07220216606498195,0.927797833935018
bioasq_train,answer_pairwise_distance,0.2857142857142857,278,0.07194244604316546,0.9280575539568345
bioasq_train,answer_pairwise_distance,0.2867420349434738,279,0.07526881720430108,0.9247311827956989
bioasq_train,answer_pairwise_distance,0.28776978417266186,280,0.075,0.925
bioasq_train,answer_pairwise_distance,0.28879753340184994,281,0.07473309608540925,0.9252669039145908
bioasq_train,answer_pairwise_distance,0.289825282631038,282,0.07446808510638298,0.925531914893617
bioasq_train,answer_pairwise_distance,0.2908530318602261,283,0.07420494699646643,0.9257950530035336
bioasq_train,answer_pairwise_distance,0.2918807810894142,284,0.07394366197183098,0.926056338028169
bioasq_train,answer_pairwise_distance,0.29290853031860226,285,0.07368421052631578,0.9263157894736842
bioasq_train,answer_pairwise_distance,0.29393627954779034,286,0.07342657342657342,0.9265734265734266
bioasq_train,answer_pairwise_distance,0.2949640287769784,287,0.07317073170731707,0.926829268292683
bioasq_train,answer_pairwise_distance,0.2959917780061665,288,0.07291666666666667,0.9270833333333334
bioasq_train,answer_pairwise_distance,0.2970195272353546,289,0.07612456747404844,0.9238754325259515
bioasq_train,answer_pairwise_distance,0.29804727646454265,290,0.07586206896551724,0.9241379310344827
bioasq_train,answer_pairwise_distance,0.29907502569373073,291,0.07560137457044673,0.9243986254295533
bioasq_train,answer_pairwise_distance,0.3001027749229188,292,0.07534246575342465,0.9246575342465754
bioasq_train,answer_pairwise_distance,0.3011305241521069,293,0.07508532423208192,0.9249146757679181
bioasq_train,answer_pairwise_distance,0.302158273381295,294,0.07482993197278912,0.9251700680272109
bioasq_train,answer_pairwise_distance,0.30318602261048305,295,0.07457627118644068,0.9254237288135593
bioasq_train,answer_pairwise_distance,0.30421377183967113,296,0.07432432432432433,0.9256756756756757
bioasq_train,answer_pairwise_distance,0.3052415210688592,297,0.07407407407407407,0.9259259259259259
bioasq_train,answer_pairwise_distance,0.3062692702980473,298,0.0738255033557047,0.9261744966442953
bioasq_train,answer_pairwise_distance,0.30729701952723537,299,0.07357859531772576,0.9264214046822743
bioasq_train,answer_pairwise_distance,0.30832476875642345,300,0.07333333333333333,0.9266666666666666
bioasq_train,answer_pairwise_distance,0.30935251798561153,301,0.07641196013289037,0.9235880398671097
bioasq_train,answer_pairwise_distance,0.3103802672147996,302,0.076158940397351,0.923841059602649
bioasq_train,answer_pairwise_distance,0.3114080164439877,303,0.07590759075907591,0.9240924092409241
bioasq_train,answer_pairwise_distance,0.31243576567317577,304,0.0756578947368421,0.9243421052631579
bioasq_train,answer_pairwise_distance,0.31346351490236385,305,0.07540983606557378,0.9245901639344263
bioasq_train,answer_pairwise_distance,0.31449126413155193,306,0.0784313725490196,0.9215686274509804
bioasq_train,answer_pairwise_distance,0.31551901336073995,307,0.0781758957654723,0.9218241042345277
bioasq_train,answer_pairwise_distance,0.31654676258992803,308,0.07792207792207792,0.922077922077922
bioasq_train,answer_pairwise_distance,0.3175745118191161,309,0.07766990291262135,0.9223300970873787
bioasq_train,answer_pairwise_distance,0.3186022610483042,310,0.07741935483870968,0.9225806451612903
bioasq_train,answer_pairwise_distance,0.31963001027749227,311,0.08038585209003216,0.9196141479099679
bioasq_train,answer_pairwise_distance,0.32065775950668035,312,0.08012820512820513,0.9198717948717948
bioasq_train,answer_pairwise_distance,0.32168550873586843,313,0.07987220447284345,0.9201277955271565
bioasq_train,answer_pairwise_distance,0.3227132579650565,314,0.07961783439490445,0.9203821656050956
bioasq_train,answer_pairwise_distance,0.3237410071942446,315,0.07936507936507936,0.9206349206349207
bioasq_train,answer_pairwise_distance,0.32476875642343267,316,0.07911392405063292,0.9208860759493671
bioasq_train,answer_pairwise_distance,0.32579650565262075,317,0.08201892744479496,0.917981072555205
bioasq_train,answer_pairwise_distance,0.32682425488180883,318,0.08176100628930817,0.9182389937106918
bioasq_train,answer_pairwise_distance,0.3278520041109969,319,0.08150470219435736,0.9184952978056427
bioasq_train,answer_pairwise_distance,0.328879753340185,320,0.08125,0.91875
bioasq_train,answer_pairwise_distance,0.32990750256937307,321,0.08099688473520249,0.9190031152647975
bioasq_train,answer_pairwise_distance,0.33093525179856115,322,0.08074534161490683,0.9192546583850931
bioasq_train,answer_pairwise_distance,0.3319630010277492,323,0.0804953560371517,0.9195046439628483
bioasq_train,answer_pairwise_distance,0.3329907502569373,324,0.08024691358024691,0.9197530864197531
bioasq_train,answer_pairwise_distance,0.3340184994861254,325,0.08,0.92
bioasq_train,answer_pairwise_distance,0.33504624871531347,326,0.07975460122699386,0.9202453987730062
bioasq_train,answer_pairwise_distance,0.33607399794450155,327,0.07951070336391437,0.9204892966360856
bioasq_train,answer_pairwise_distance,0.3371017471736896,328,0.07926829268292683,0.9207317073170732
bioasq_train,answer_pairwise_distance,0.3381294964028777,329,0.0790273556231003,0.9209726443768997
bioasq_train,answer_pairwise_distance,0.3391572456320658,330,0.07878787878787878,0.9212121212121213
bioasq_train,answer_pairwise_distance,0.34018499486125386,331,0.07854984894259819,0.9214501510574018
bioasq_train,answer_pairwise_distance,0.34121274409044194,332,0.0783132530120482,0.9216867469879518
bioasq_train,answer_pairwise_distance,0.34224049331963,333,0.07807807807807808,0.9219219219219219
bioasq_train,answer_pairwise_distance,0.3432682425488181,334,0.07784431137724551,0.9221556886227544
bioasq_train,answer_pairwise_distance,0.3442959917780062,335,0.07761194029850746,0.9223880597014925
bioasq_train,answer_pairwise_distance,0.34532374100719426,336,0.07738095238095238,0.9226190476190477
bioasq_train,answer_pairwise_distance,0.34635149023638234,337,0.0771513353115727,0.9228486646884273
bioasq_train,answer_pairwise_distance,0.3473792394655704,338,0.07692307692307693,0.9230769230769231
bioasq_train,answer_pairwise_distance,0.3484069886947585,339,0.07964601769911504,0.9203539823008849
bioasq_train,answer_pairwise_distance,0.3494347379239466,340,0.07941176470588235,0.9205882352941177
bioasq_train,answer_pairwise_distance,0.35046248715313466,341,0.07917888563049853,0.9208211143695014
bioasq_train,answer_pairwise_distance,0.35149023638232274,342,0.07894736842105263,0.9210526315789473
bioasq_train,answer_pairwise_distance,0.35251798561151076,343,0.07871720116618076,0.9212827988338192
bioasq_train,answer_pairwise_distance,0.35354573484069884,344,0.07848837209302326,0.9215116279069767
bioasq_train,answer_pairwise_distance,0.3545734840698869,345,0.0782608695652174,0.9217391304347826
bioasq_train,answer_pairwise_distance,0.355601233299075,346,0.07803468208092486,0.9219653179190751
bioasq_train,answer_pairwise_distance,0.3566289825282631,347,0.07780979827089338,0.9221902017291066
bioasq_train,answer_pairwise_distance,0.35765673175745116,348,0.07758620689655173,0.9224137931034483
bioasq_train,answer_pairwise_distance,0.35868448098663924,349,0.07736389684813753,0.9226361031518625
bioasq_train,answer_pairwise_distance,0.3597122302158273,350,0.07714285714285714,0.9228571428571428
bioasq_train,answer_pairwise_distance,0.3607399794450154,351,0.07692307692307693,0.9230769230769231
bioasq_train,answer_pairwise_distance,0.3617677286742035,352,0.07954545454545454,0.9204545454545454
bioasq_train,answer_pairwise_distance,0.36279547790339156,353,0.07932011331444759,0.9206798866855525
bioasq_train,answer_pairwise_distance,0.36382322713257964,354,0.07909604519774012,0.9209039548022598
bioasq_train,answer_pairwise_distance,0.3648509763617677,355,0.07887323943661972,0.9211267605633803
bioasq_train,answer_pairwise_distance,0.3658787255909558,356,0.07865168539325842,0.9213483146067416
bioasq_train,answer_pairwise_distance,0.3669064748201439,357,0.0784313725490196,0.9215686274509804
bioasq_train,answer_pairwise_distance,0.36793422404933196,358,0.08100558659217877,0.9189944134078212
bioasq_train,answer_pairwise_distance,0.36896197327852004,359,0.0807799442896936,0.9192200557103064
bioasq_train,answer_pairwise_distance,0.3699897225077081,360,0.08055555555555556,0.9194444444444444
bioasq_train,answer_pairwise_distance,0.3710174717368962,361,0.08033240997229917,0.9196675900277008
bioasq_train,answer_pairwise_distance,0.3720452209660843,362,0.08011049723756906,0.919889502762431
bioasq_train,answer_pairwise_distance,0.37307297019527236,363,0.07988980716253444,0.9201101928374655
bioasq_train,answer_pairwise_distance,0.37410071942446044,364,0.07967032967032966,0.9203296703296704
bioasq_train,answer_pairwise_distance,0.3751284686536485,365,0.0821917808219178,0.9178082191780822
bioasq_train,answer_pairwise_distance,0.3761562178828366,366,0.08469945355191257,0.9153005464480874
bioasq_train,answer_pairwise_distance,0.3771839671120247,367,0.08446866485013624,0.9155313351498637
bioasq_train,answer_pairwise_distance,0.37821171634121276,368,0.08423913043478261,0.9157608695652174
bioasq_train,answer_pairwise_distance,0.37923946557040084,369,0.08401084010840108,0.9159891598915989
bioasq_train,answer_pairwise_distance,0.3802672147995889,370,0.08378378378378379,0.9162162162162162
bioasq_train,answer_pairwise_distance,0.381294964028777,371,0.0862533692722372,0.9137466307277629
bioasq_train,answer_pairwise_distance,0.3823227132579651,372,0.08602150537634409,0.9139784946236559
bioasq_train,answer_pairwise_distance,0.38335046248715315,373,0.08579088471849866,0.9142091152815013
bioasq_train,answer_pairwise_distance,0.38437821171634123,374,0.0855614973262032,0.9144385026737968
bioasq_train,answer_pairwise_distance,0.3854059609455293,375,0.08533333333333333,0.9146666666666666
bioasq_train,answer_pairwise_distance,0.3864337101747174,376,0.0851063829787234,0.9148936170212766
bioasq_train,answer_pairwise_distance,0.3874614594039055,377,0.08488063660477453,0.9151193633952255
bioasq_train,answer_pairwise_distance,0.38848920863309355,378,0.08465608465608465,0.9153439153439153
bioasq_train,answer_pairwise_distance,0.3895169578622816,379,0.08443271767810026,0.9155672823218998
bioasq_train,answer_pairwise_distance,0.39054470709146966,380,0.08421052631578947,0.9157894736842105
bioasq_train,answer_pairwise_distance,0.39157245632065774,381,0.08398950131233596,0.916010498687664
bioasq_train,answer_pairwise_distance,0.3926002055498458,382,0.08638743455497382,0.9136125654450262
bioasq_train,answer_pairwise_distance,0.3936279547790339,383,0.08877284595300261,0.9112271540469974
bioasq_train,answer_pairwise_distance,0.394655704008222,384,0.08854166666666667,0.9114583333333334
bioasq_train,answer_pairwise_distance,0.39568345323741005,385,0.08831168831168831,0.9116883116883117
bioasq_train,answer_pairwise_distance,0.39671120246659813,386,0.08808290155440414,0.9119170984455959
bioasq_train,answer_pairwise_distance,0.3977389516957862,387,0.08785529715762273,0.9121447028423773
bioasq_train,answer_pairwise_distance,0.3987667009249743,388,0.08762886597938144,0.9123711340206185
bioasq_train,answer_pairwise_distance,0.3997944501541624,389,0.08740359897172237,0.9125964010282777
bioasq_train,answer_pairwise_distance,0.40082219938335045,390,0.08717948717948718,0.9128205128205128
bioasq_train,answer_pairwise_distance,0.40184994861253853,391,0.08695652173913043,0.9130434782608696
bioasq_train,answer_pairwise_distance,0.4028776978417266,392,0.08673469387755102,0.9132653061224489
bioasq_train,answer_pairwise_distance,0.4039054470709147,393,0.08651399491094147,0.9134860050890585
bioasq_train,answer_pairwise_distance,0.40493319630010277,394,0.08629441624365482,0.9137055837563451
bioasq_train,answer_pairwise_distance,0.40596094552929085,395,0.08607594936708861,0.9139240506329114
bioasq_train,answer_pairwise_distance,0.40698869475847893,396,0.08838383838383838,0.9116161616161617
bioasq_train,answer_pairwise_distance,0.408016443987667,397,0.08816120906801007,0.9118387909319899
bioasq_train,answer_pairwise_distance,0.4090441932168551,398,0.08793969849246232,0.9120603015075377
bioasq_train,answer_pairwise_distance,0.41007194244604317,399,0.08771929824561403,0.9122807017543859
bioasq_train,answer_pairwise_distance,0.41109969167523125,400,0.0875,0.9125
bioasq_train,answer_pairwise_distance,0.41212744090441933,401,0.08728179551122195,0.912718204488778
bioasq_train,answer_pairwise_distance,0.4131551901336074,402,0.08706467661691543,0.9129353233830846
bioasq_train,answer_pairwise_distance,0.4141829393627955,403,0.08684863523573201,0.913151364764268
bioasq_train,answer_pairwise_distance,0.41521068859198357,404,0.08663366336633663,0.9133663366336634
bioasq_train,answer_pairwise_distance,0.41623843782117165,405,0.08641975308641975,0.9135802469135803
bioasq_train,answer_pairwise_distance,0.4172661870503597,406,0.08620689655172414,0.9137931034482758
bioasq_train,answer_pairwise_distance,0.4182939362795478,407,0.085995085995086,0.914004914004914
bioasq_train,answer_pairwise_distance,0.4193216855087359,408,0.0857843137254902,0.9142156862745098
bioasq_train,answer_pairwise_distance,0.42034943473792397,409,0.08557457212713937,0.9144254278728606
bioasq_train,answer_pairwise_distance,0.42137718396711205,410,0.08536585365853659,0.9146341463414634
bioasq_train,answer_pairwise_distance,0.4224049331963001,411,0.0851581508515815,0.9148418491484185
bioasq_train,answer_pairwise_distance,0.4234326824254882,412,0.08737864077669903,0.912621359223301
bioasq_train,answer_pairwise_distance,0.4244604316546763,413,0.08716707021791767,0.9128329297820823
bioasq_train,answer_pairwise_distance,0.42548818088386436,414,0.08695652173913043,0.9130434782608696
bioasq_train,answer_pairwise_distance,0.4265159301130524,415,0.08674698795180723,0.9132530120481928
bioasq_train,answer_pairwise_distance,0.42754367934224047,416,0.08653846153846154,0.9134615384615384
bioasq_train,answer_pairwise_distance,0.42857142857142855,417,0.08633093525179857,0.9136690647482014
bioasq_train,answer_pairwise_distance,0.4295991778006166,418,0.0861244019138756,0.9138755980861244
bioasq_train,answer_pairwise_distance,0.4306269270298047,419,0.08591885441527446,0.9140811455847255
bioasq_train,answer_pairwise_distance,0.4316546762589928,420,0.08571428571428572,0.9142857142857143
bioasq_train,answer_pairwise_distance,0.43268242548818087,421,0.0855106888361045,0.9144893111638955
bioasq_train,answer_pairwise_distance,0.43371017471736895,422,0.08530805687203792,0.9146919431279621
bioasq_train,answer_pairwise_distance,0.434737923946557,423,0.0851063829787234,0.9148936170212766
bioasq_train,answer_pairwise_distance,0.4357656731757451,424,0.08490566037735849,0.9150943396226415
bioasq_train,answer_pairwise_distance,0.4367934224049332,425,0.08470588235294117,0.9152941176470588
bioasq_train,answer_pairwise_distance,0.43782117163412126,426,0.08450704225352113,0.9154929577464789
bioasq_train,answer_pairwise_distance,0.43884892086330934,427,0.08430913348946135,0.9156908665105387
bioasq_train,answer_pairwise_distance,0.4398766700924974,428,0.08411214953271028,0.9158878504672897
bioasq_train,answer_pairwise_distance,0.4409044193216855,429,0.08391608391608392,0.916083916083916
bioasq_train,answer_pairwise_distance,0.4419321685508736,430,0.08372093023255814,0.9162790697674419
bioasq_train,answer_pairwise_distance,0.44295991778006166,431,0.08352668213457076,0.9164733178654292
bioasq_train,answer_pairwise_distance,0.44398766700924974,432,0.08333333333333333,0.9166666666666666
bioasq_train,answer_pairwise_distance,0.4450154162384378,433,0.08314087759815242,0.9168591224018476
bioasq_train,answer_pairwise_distance,0.4460431654676259,434,0.08294930875576037,0.9170506912442397
bioasq_train,answer_pairwise_distance,0.447070914696814,435,0.08275862068965517,0.9172413793103449
bioasq_train,answer_pairwise_distance,0.44809866392600206,436,0.08256880733944955,0.9174311926605505
bioasq_train,answer_pairwise_distance,0.44912641315519014,437,0.08237986270022883,0.9176201372997712
bioasq_train,answer_pairwise_distance,0.4501541623843782,438,0.0821917808219178,0.9178082191780822
bioasq_train,answer_pairwise_distance,0.4511819116135663,439,0.08200455580865604,0.9179954441913439
bioasq_train,answer_pairwise_distance,0.4522096608427544,440,0.08181818181818182,0.9181818181818182
bioasq_train,answer_pairwise_distance,0.45323741007194246,441,0.08390022675736962,0.9160997732426304
bioasq_train,answer_pairwise_distance,0.45426515930113054,442,0.083710407239819,0.916289592760181
bioasq_train,answer_pairwise_distance,0.4552929085303186,443,0.0835214446952596,0.9164785553047404
bioasq_train,answer_pairwise_distance,0.4563206577595067,444,0.08333333333333333,0.9166666666666666
bioasq_train,answer_pairwise_distance,0.4573484069886948,445,0.08314606741573034,0.9168539325842696
bioasq_train,answer_pairwise_distance,0.45837615621788286,446,0.08295964125560538,0.9170403587443946
bioasq_train,answer_pairwise_distance,0.45940390544707094,447,0.08277404921700224,0.9172259507829977
bioasq_train,answer_pairwise_distance,0.460431654676259,448,0.08482142857142858,0.9151785714285714
bioasq_train,answer_pairwise_distance,0.4614594039054471,449,0.08463251670378619,0.9153674832962138
bioasq_train,answer_pairwise_distance,0.4624871531346352,450,0.08444444444444445,0.9155555555555556
bioasq_train,answer_pairwise_distance,0.4635149023638232,451,0.08425720620842572,0.9157427937915743
bioasq_train,answer_pairwise_distance,0.4645426515930113,452,0.084070796460177,0.915929203539823
bioasq_train,answer_pairwise_distance,0.46557040082219936,453,0.08609271523178808,0.9139072847682119
bioasq_train,answer_pairwise_distance,0.46659815005138744,454,0.0881057268722467,0.9118942731277533
bioasq_train,answer_pairwise_distance,0.4676258992805755,455,0.08791208791208792,0.9120879120879121
bioasq_train,answer_pairwise_distance,0.4686536485097636,456,0.08771929824561403,0.9122807017543859
bioasq_train,answer_pairwise_distance,0.4696813977389517,457,0.087527352297593,0.912472647702407
bioasq_train,answer_pairwise_distance,0.47070914696813976,458,0.08733624454148471,0.9126637554585153
bioasq_train,answer_pairwise_distance,0.47173689619732784,459,0.08714596949891068,0.9128540305010893
bioasq_train,answer_pairwise_distance,0.4727646454265159,460,0.08695652173913043,0.9130434782608696
bioasq_train,answer_pairwise_distance,0.473792394655704,461,0.08676789587852494,0.913232104121475
bioasq_train,answer_pairwise_distance,0.4748201438848921,462,0.08658008658008658,0.9134199134199135
bioasq_train,answer_pairwise_distance,0.47584789311408016,463,0.08639308855291576,0.9136069114470843
bioasq_train,answer_pairwise_distance,0.47687564234326824,464,0.08620689655172414,0.9137931034482758
bioasq_train,answer_pairwise_distance,0.4779033915724563,465,0.08602150537634409,0.9139784946236559
bioasq_train,answer_pairwise_distance,0.4789311408016444,466,0.08583690987124463,0.9141630901287554
bioasq_train,answer_pairwise_distance,0.4799588900308325,467,0.08565310492505353,0.9143468950749465
bioasq_train,answer_pairwise_distance,0.48098663926002055,468,0.08547008547008547,0.9145299145299145
bioasq_train,answer_pairwise_distance,0.48201438848920863,469,0.08528784648187633,0.9147121535181236
bioasq_train,answer_pairwise_distance,0.4830421377183967,470,0.0851063829787234,0.9148936170212766
bioasq_train,answer_pairwise_distance,0.4840698869475848,471,0.08492569002123142,0.9150743099787686
bioasq_train,answer_pairwise_distance,0.4850976361767729,472,0.0847457627118644,0.9152542372881356
bioasq_train,answer_pairwise_distance,0.48612538540596095,473,0.08668076109936575,0.9133192389006343
bioasq_train,answer_pairwise_distance,0.48715313463514903,474,0.08649789029535865,0.9135021097046414
bioasq_train,answer_pairwise_distance,0.4881808838643371,475,0.0863157894736842,0.9136842105263158
bioasq_train,answer_pairwise_distance,0.4892086330935252,476,0.0861344537815126,0.9138655462184874
bioasq_train,answer_pairwise_distance,0.49023638232271327,477,0.0859538784067086,0.9140461215932913
bioasq_train,answer_pairwise_distance,0.49126413155190135,478,0.08577405857740586,0.9142259414225942
bioasq_train,answer_pairwise_distance,0.49229188078108943,479,0.08559498956158663,0.9144050104384134
bioasq_train,answer_pairwise_distance,0.4933196300102775,480,0.08541666666666667,0.9145833333333333
bioasq_train,answer_pairwise_distance,0.4943473792394656,481,0.08523908523908524,0.9147609147609148
bioasq_train,answer_pairwise_distance,0.49537512846865367,482,0.08506224066390042,0.9149377593360996
bioasq_train,answer_pairwise_distance,0.49640287769784175,483,0.08488612836438923,0.9151138716356108
bioasq_train,answer_pairwise_distance,0.49743062692702983,484,0.08677685950413223,0.9132231404958677
bioasq_train,answer_pairwise_distance,0.4984583761562179,485,0.088659793814433,0.911340206185567
bioasq_train,answer_pairwise_distance,0.499486125385406,486,0.08847736625514403,0.911522633744856
bioasq_train,answer_pairwise_distance,0.5005138746145941,487,0.08829568788501027,0.9117043121149897
bioasq_train,answer_pairwise_distance,0.5015416238437821,488,0.08811475409836066,0.9118852459016393
bioasq_train,answer_pairwise_distance,0.5025693730729702,489,0.08997955010224949,0.9100204498977505
bioasq_train,answer_pairwise_distance,0.5035971223021583,490,0.08979591836734693,0.9102040816326531
bioasq_train,answer_pairwise_distance,0.5046248715313464,491,0.09164969450101833,0.9083503054989817
bioasq_train,answer_pairwise_distance,0.5056526207605344,492,0.09146341463414634,0.9085365853658537
bioasq_train,answer_pairwise_distance,0.5066803699897225,493,0.09127789046653144,0.9087221095334685
bioasq_train,answer_pairwise_distance,0.5077081192189106,494,0.09109311740890688,0.9089068825910931
bioasq_train,answer_pairwise_distance,0.5087358684480987,495,0.09090909090909091,0.9090909090909091
bioasq_train,answer_pairwise_distance,0.5097636176772867,496,0.0907258064516129,0.9092741935483871
bioasq_train,answer_pairwise_distance,0.5107913669064749,497,0.09054325955734406,0.9094567404426559
bioasq_train,answer_pairwise_distance,0.5118191161356629,498,0.09036144578313253,0.9096385542168675
bioasq_train,answer_pairwise_distance,0.512846865364851,499,0.09018036072144289,0.9098196392785571
bioasq_train,answer_pairwise_distance,0.513874614594039,500,0.092,0.908
bioasq_train,answer_pairwise_distance,0.5149023638232272,501,0.09181636726546906,0.908183632734531
bioasq_train,answer_pairwise_distance,0.5159301130524152,502,0.09163346613545817,0.9083665338645418
bioasq_train,answer_pairwise_distance,0.5169578622816033,503,0.09145129224652088,0.9085487077534791
bioasq_train,answer_pairwise_distance,0.5179856115107914,504,0.09126984126984126,0.9087301587301587
bioasq_train,answer_pairwise_distance,0.5190133607399794,505,0.09108910891089109,0.9089108910891089
bioasq_train,answer_pairwise_distance,0.5200411099691675,506,0.09090909090909091,0.9090909090909091
bioasq_train,answer_pairwise_distance,0.5210688591983555,507,0.09072978303747535,0.9092702169625246
bioasq_train,answer_pairwise_distance,0.5220966084275437,508,0.09251968503937008,0.9074803149606299
bioasq_train,answer_pairwise_distance,0.5231243576567317,509,0.09233791748526522,0.9076620825147348
bioasq_train,answer_pairwise_distance,0.5241521068859198,510,0.09215686274509804,0.907843137254902
bioasq_train,answer_pairwise_distance,0.5251798561151079,511,0.09197651663405088,0.9080234833659491
bioasq_train,answer_pairwise_distance,0.526207605344296,512,0.091796875,0.908203125
bioasq_train,answer_pairwise_distance,0.527235354573484,513,0.09161793372319688,0.9083820662768032
bioasq_train,answer_pairwise_distance,0.5282631038026722,514,0.0914396887159533,0.9085603112840467
bioasq_train,answer_pairwise_distance,0.5292908530318602,515,0.0912621359223301,0.9087378640776699
bioasq_train,answer_pairwise_distance,0.5303186022610483,516,0.09108527131782945,0.9089147286821706
bioasq_train,answer_pairwise_distance,0.5313463514902363,517,0.09090909090909091,0.9090909090909091
bioasq_train,answer_pairwise_distance,0.5323741007194245,518,0.09073359073359073,0.9092664092664092
bioasq_train,answer_pairwise_distance,0.5334018499486125,519,0.0905587668593449,0.9094412331406551
bioasq_train,answer_pairwise_distance,0.5344295991778006,520,0.09038461538461538,0.9096153846153846
bioasq_train,answer_pairwise_distance,0.5354573484069887,521,0.09213051823416507,0.9078694817658349
bioasq_train,answer_pairwise_distance,0.5364850976361768,522,0.09195402298850575,0.9080459770114943
bioasq_train,answer_pairwise_distance,0.5375128468653648,523,0.09177820267686425,0.9082217973231358
bioasq_train,answer_pairwise_distance,0.538540596094553,524,0.0916030534351145,0.9083969465648855
bioasq_train,answer_pairwise_distance,0.539568345323741,525,0.09333333333333334,0.9066666666666666
bioasq_train,answer_pairwise_distance,0.5405960945529291,526,0.09505703422053231,0.9049429657794676
bioasq_train,answer_pairwise_distance,0.5416238437821171,527,0.09487666034155598,0.905123339658444
bioasq_train,answer_pairwise_distance,0.5426515930113053,528,0.0946969696969697,0.9053030303030303
bioasq_train,answer_pairwise_distance,0.5436793422404933,529,0.0945179584120983,0.9054820415879017
bioasq_train,answer_pairwise_distance,0.5447070914696814,530,0.09433962264150944,0.9056603773584906
bioasq_train,answer_pairwise_distance,0.5457348406988695,531,0.09416195856873823,0.9058380414312618
bioasq_train,answer_pairwise_distance,0.5467625899280576,532,0.09398496240601503,0.9060150375939849
bioasq_train,answer_pairwise_distance,0.5477903391572456,533,0.09380863039399624,0.9061913696060038
bioasq_train,answer_pairwise_distance,0.5488180883864338,534,0.09363295880149813,0.9063670411985019
bioasq_train,answer_pairwise_distance,0.5498458376156218,535,0.09345794392523364,0.9065420560747663
bioasq_train,answer_pairwise_distance,0.5508735868448099,536,0.09328358208955224,0.9067164179104478
bioasq_train,answer_pairwise_distance,0.5519013360739979,537,0.0931098696461825,0.9068901303538175
bioasq_train,answer_pairwise_distance,0.5529290853031861,538,0.09293680297397769,0.9070631970260223
bioasq_train,answer_pairwise_distance,0.5539568345323741,539,0.09461966604823747,0.9053803339517625
bioasq_train,answer_pairwise_distance,0.5549845837615622,540,0.0962962962962963,0.9037037037037037
bioasq_train,answer_pairwise_distance,0.5560123329907503,541,0.09611829944547134,0.9038817005545287
bioasq_train,answer_pairwise_distance,0.5570400822199383,542,0.0959409594095941,0.9040590405904059
bioasq_train,answer_pairwise_distance,0.5580678314491264,543,0.09576427255985268,0.9042357274401474
bioasq_train,answer_pairwise_distance,0.5590955806783144,544,0.0974264705882353,0.9025735294117647
bioasq_train,answer_pairwise_distance,0.5601233299075026,545,0.09724770642201835,0.9027522935779817
bioasq_train,answer_pairwise_distance,0.5611510791366906,546,0.09706959706959707,0.9029304029304029
bioasq_train,answer_pairwise_distance,0.5621788283658787,547,0.09689213893967093,0.903107861060329
bioasq_train,answer_pairwise_distance,0.5632065775950668,548,0.09671532846715329,0.9032846715328468
bioasq_train,answer_pairwise_distance,0.5642343268242549,549,0.0965391621129326,0.9034608378870674
bioasq_train,answer_pairwise_distance,0.5652620760534429,550,0.09636363636363636,0.9036363636363637
bioasq_train,answer_pairwise_distance,0.566289825282631,551,0.09618874773139746,0.9038112522686026
bioasq_train,answer_pairwise_distance,0.5673175745118191,552,0.09782608695652174,0.9021739130434783
bioasq_train,answer_pairwise_distance,0.5683453237410072,553,0.09764918625678119,0.9023508137432188
bioasq_train,answer_pairwise_distance,0.5693730729701952,554,0.09747292418772563,0.9025270758122743
bioasq_train,answer_pairwise_distance,0.5704008221993834,555,0.0990990990990991,0.9009009009009009
bioasq_train,answer_pairwise_distance,0.5714285714285714,556,0.09892086330935251,0.9010791366906474
bioasq_train,answer_pairwise_distance,0.5724563206577595,557,0.09874326750448834,0.9012567324955116
bioasq_train,answer_pairwise_distance,0.5734840698869476,558,0.0985663082437276,0.9014336917562724
bioasq_train,answer_pairwise_distance,0.5745118191161357,559,0.09838998211091235,0.9016100178890877
bioasq_train,answer_pairwise_distance,0.5755395683453237,560,0.09821428571428571,0.9017857142857143
bioasq_train,answer_pairwise_distance,0.5765673175745119,561,0.09803921568627451,0.9019607843137255
bioasq_train,answer_pairwise_distance,0.5775950668036999,562,0.09786476868327403,0.902135231316726
bioasq_train,answer_pairwise_distance,0.578622816032888,563,0.09769094138543517,0.9023090586145648
bioasq_train,answer_pairwise_distance,0.579650565262076,564,0.09929078014184398,0.900709219858156
bioasq_train,answer_pairwise_distance,0.5806783144912642,565,0.09911504424778761,0.9008849557522124
bioasq_train,answer_pairwise_distance,0.5817060637204522,566,0.0989399293286219,0.901060070671378
bioasq_train,answer_pairwise_distance,0.5827338129496403,567,0.09876543209876543,0.9012345679012346
bioasq_train,answer_pairwise_distance,0.5837615621788284,568,0.09859154929577464,0.9014084507042254
bioasq_train,answer_pairwise_distance,0.5847893114080165,569,0.0984182776801406,0.9015817223198594
bioasq_train,answer_pairwise_distance,0.5858170606372045,570,0.09824561403508772,0.9017543859649123
bioasq_train,answer_pairwise_distance,0.5868448098663926,571,0.09807355516637478,0.9019264448336253
bioasq_train,answer_pairwise_distance,0.5878725590955807,572,0.0979020979020979,0.9020979020979021
bioasq_train,answer_pairwise_distance,0.5889003083247688,573,0.09773123909249563,0.9022687609075044
bioasq_train,answer_pairwise_distance,0.5899280575539568,574,0.0975609756097561,0.9024390243902439
bioasq_train,answer_pairwise_distance,0.590955806783145,575,0.09739130434782609,0.9026086956521739
bioasq_train,answer_pairwise_distance,0.591983556012333,576,0.09722222222222222,0.9027777777777778
bioasq_train,answer_pairwise_distance,0.593011305241521,577,0.09705372616984402,0.902946273830156
bioasq_train,answer_pairwise_distance,0.5940390544707091,578,0.09688581314878893,0.903114186851211
bioasq_train,answer_pairwise_distance,0.5950668036998972,579,0.09671848013816926,0.9032815198618307
bioasq_train,answer_pairwise_distance,0.5960945529290853,580,0.09655172413793103,0.903448275862069
bioasq_train,answer_pairwise_distance,0.5971223021582733,581,0.0963855421686747,0.9036144578313253
bioasq_train,answer_pairwise_distance,0.5981500513874615,582,0.09621993127147767,0.9037800687285223
bioasq_train,answer_pairwise_distance,0.5991778006166495,583,0.09605488850771869,0.9039451114922813
bioasq_train,answer_pairwise_distance,0.6002055498458376,584,0.0958904109589041,0.904109589041096
bioasq_train,answer_pairwise_distance,0.6012332990750257,585,0.09572649572649573,0.9042735042735043
bioasq_train,answer_pairwise_distance,0.6022610483042138,586,0.09556313993174062,0.9044368600682594
bioasq_train,answer_pairwise_distance,0.6032887975334018,587,0.09540034071550256,0.9045996592844975
bioasq_train,answer_pairwise_distance,0.60431654676259,588,0.09693877551020408,0.903061224489796
bioasq_train,answer_pairwise_distance,0.605344295991778,589,0.0967741935483871,0.9032258064516129
bioasq_train,answer_pairwise_distance,0.6063720452209661,590,0.09661016949152543,0.9033898305084745
bioasq_train,answer_pairwise_distance,0.6073997944501541,591,0.09644670050761421,0.9035532994923858
bioasq_train,answer_pairwise_distance,0.6084275436793423,592,0.09628378378378379,0.9037162162162162
bioasq_train,answer_pairwise_distance,0.6094552929085303,593,0.09612141652613827,0.9038785834738617
bioasq_train,answer_pairwise_distance,0.6104830421377184,594,0.09595959595959595,0.9040404040404041
bioasq_train,answer_pairwise_distance,0.6115107913669064,595,0.0957983193277311,0.9042016806722689
bioasq_train,answer_pairwise_distance,0.6125385405960946,596,0.09731543624161074,0.9026845637583892
bioasq_train,answer_pairwise_distance,0.6135662898252826,597,0.09882747068676717,0.9011725293132329
bioasq_train,answer_pairwise_distance,0.6145940390544707,598,0.09866220735785954,0.9013377926421404
bioasq_train,answer_pairwise_distance,0.6156217882836588,599,0.09849749582637729,0.9015025041736227
bioasq_train,answer_pairwise_distance,0.6166495375128469,600,0.09833333333333333,0.9016666666666666
bioasq_train,answer_pairwise_distance,0.6176772867420349,601,0.09816971713810316,0.9018302828618968
bioasq_train,answer_pairwise_distance,0.6187050359712231,602,0.09800664451827243,0.9019933554817275
bioasq_train,answer_pairwise_distance,0.6197327852004111,603,0.0978441127694859,0.9021558872305141
bioasq_train,answer_pairwise_distance,0.6207605344295992,604,0.09768211920529801,0.902317880794702
bioasq_train,answer_pairwise_distance,0.6217882836587872,605,0.09752066115702479,0.9024793388429753
bioasq_train,answer_pairwise_distance,0.6228160328879754,606,0.09735973597359736,0.9026402640264026
bioasq_train,answer_pairwise_distance,0.6238437821171634,607,0.09884678747940692,0.9011532125205931
bioasq_train,answer_pairwise_distance,0.6248715313463515,608,0.09868421052631579,0.9013157894736842
bioasq_train,answer_pairwise_distance,0.6258992805755396,609,0.09852216748768473,0.9014778325123153
bioasq_train,answer_pairwise_distance,0.6269270298047277,610,0.09836065573770492,0.9016393442622951
bioasq_train,answer_pairwise_distance,0.6279547790339157,611,0.09819967266775777,0.9018003273322422
bioasq_train,answer_pairwise_distance,0.6289825282631039,612,0.09803921568627451,0.9019607843137255
bioasq_train,answer_pairwise_distance,0.6300102774922919,613,0.09787928221859707,0.9021207177814029
bioasq_train,answer_pairwise_distance,0.6310380267214799,614,0.0993485342019544,0.9006514657980456
bioasq_train,answer_pairwise_distance,0.632065775950668,615,0.0991869918699187,0.9008130081300814
bioasq_train,answer_pairwise_distance,0.6330935251798561,616,0.10064935064935066,0.8993506493506493
bioasq_train,answer_pairwise_distance,0.6341212744090442,617,0.10048622366288493,0.899513776337115
bioasq_train,answer_pairwise_distance,0.6351490236382322,618,0.10032362459546926,0.8996763754045307
bioasq_train,answer_pairwise_distance,0.6361767728674204,619,0.10016155088852989,0.8998384491114702
bioasq_train,answer_pairwise_distance,0.6372045220966084,620,0.1,0.9
bioasq_train,answer_pairwise_distance,0.6382322713257965,621,0.0998389694041868,0.9001610305958132
bioasq_train,answer_pairwise_distance,0.6392600205549845,622,0.09967845659163987,0.9003215434083601
bioasq_train,answer_pairwise_distance,0.6402877697841727,623,0.09951845906902086,0.9004815409309791
bioasq_train,answer_pairwise_distance,0.6413155190133607,624,0.09935897435897435,0.9006410256410257
bioasq_train,answer_pairwise_distance,0.6423432682425488,625,0.0992,0.9008
bioasq_train,answer_pairwise_distance,0.6433710174717369,626,0.09904153354632587,0.9009584664536742
bioasq_train,answer_pairwise_distance,0.644398766700925,627,0.09888357256778309,0.9011164274322169
bioasq_train,answer_pairwise_distance,0.645426515930113,628,0.09872611464968153,0.9012738853503185
bioasq_train,answer_pairwise_distance,0.6464542651593012,629,0.0985691573926868,0.9014308426073132
bioasq_train,answer_pairwise_distance,0.6474820143884892,630,0.1,0.9
bioasq_train,answer_pairwise_distance,0.6485097636176773,631,0.09984152139461172,0.9001584786053882
bioasq_train,answer_pairwise_distance,0.6495375128468653,632,0.09968354430379747,0.9003164556962026
bioasq_train,answer_pairwise_distance,0.6505652620760535,633,0.0995260663507109,0.9004739336492891
bioasq_train,answer_pairwise_distance,0.6515930113052415,634,0.09936908517350158,0.9006309148264984
bioasq_train,answer_pairwise_distance,0.6526207605344296,635,0.09921259842519685,0.9007874015748032
bioasq_train,answer_pairwise_distance,0.6536485097636177,636,0.09905660377358491,0.9009433962264151
bioasq_train,answer_pairwise_distance,0.6546762589928058,637,0.0989010989010989,0.9010989010989011
bioasq_train,answer_pairwise_distance,0.6557040082219938,638,0.0987460815047022,0.9012539184952978
bioasq_train,answer_pairwise_distance,0.656731757451182,639,0.09859154929577464,0.9014084507042254
bioasq_train,answer_pairwise_distance,0.65775950668037,640,0.0984375,0.9015625
bioasq_train,answer_pairwise_distance,0.6587872559095581,641,0.09828393135725429,0.9017160686427457
bioasq_train,answer_pairwise_distance,0.6598150051387461,642,0.09813084112149532,0.9018691588785047
bioasq_train,answer_pairwise_distance,0.6608427543679343,643,0.09797822706065319,0.9020217729393468
bioasq_train,answer_pairwise_distance,0.6618705035971223,644,0.09782608695652174,0.9021739130434783
bioasq_train,answer_pairwise_distance,0.6628982528263104,645,0.09767441860465116,0.9023255813953488
bioasq_train,answer_pairwise_distance,0.6639260020554985,646,0.09752321981424149,0.9024767801857585
bioasq_train,answer_pairwise_distance,0.6649537512846866,647,0.0973724884080371,0.9026275115919629
bioasq_train,answer_pairwise_distance,0.6659815005138746,648,0.09722222222222222,0.9027777777777778
bioasq_train,answer_pairwise_distance,0.6670092497430626,649,0.09861325115562404,0.901386748844376
bioasq_train,answer_pairwise_distance,0.6680369989722508,650,0.09846153846153846,0.9015384615384615
bioasq_train,answer_pairwise_distance,0.6690647482014388,651,0.09831029185867896,0.9016897081413211
bioasq_train,answer_pairwise_distance,0.6700924974306269,652,0.09815950920245399,0.901840490797546
bioasq_train,answer_pairwise_distance,0.671120246659815,653,0.0995405819295559,0.9004594180704442
bioasq_train,answer_pairwise_distance,0.6721479958890031,654,0.09938837920489296,0.900611620795107
bioasq_train,answer_pairwise_distance,0.6731757451181911,655,0.09923664122137404,0.9007633587786259
bioasq_train,answer_pairwise_distance,0.6742034943473793,656,0.10060975609756098,0.899390243902439
bioasq_train,answer_pairwise_distance,0.6752312435765673,657,0.1004566210045662,0.8995433789954338
bioasq_train,answer_pairwise_distance,0.6762589928057554,658,0.10182370820668693,0.898176291793313
bioasq_train,answer_pairwise_distance,0.6772867420349434,659,0.10166919575113809,0.8983308042488619
bioasq_train,answer_pairwise_distance,0.6783144912641316,660,0.10151515151515152,0.8984848484848484
bioasq_train,answer_pairwise_distance,0.6793422404933196,661,0.10287443267776097,0.897125567322239
bioasq_train,answer_pairwise_distance,0.6803699897225077,662,0.1027190332326284,0.8972809667673716
bioasq_train,answer_pairwise_distance,0.6813977389516958,663,0.10256410256410256,0.8974358974358975
bioasq_train,answer_pairwise_distance,0.6824254881808839,664,0.10240963855421686,0.8975903614457832
bioasq_train,answer_pairwise_distance,0.6834532374100719,665,0.10225563909774436,0.8977443609022556
bioasq_train,answer_pairwise_distance,0.68448098663926,666,0.1021021021021021,0.8978978978978979
bioasq_train,answer_pairwise_distance,0.6855087358684481,667,0.10194902548725637,0.8980509745127436
bioasq_train,answer_pairwise_distance,0.6865364850976362,668,0.10179640718562874,0.8982035928143712
bioasq_train,answer_pairwise_distance,0.6875642343268242,669,0.10164424514200299,0.898355754857997
bioasq_train,answer_pairwise_distance,0.6885919835560124,670,0.10149253731343283,0.8985074626865672
bioasq_train,answer_pairwise_distance,0.6896197327852004,671,0.10134128166915052,0.8986587183308494
bioasq_train,answer_pairwise_distance,0.6906474820143885,672,0.10119047619047619,0.8988095238095238
bioasq_train,answer_pairwise_distance,0.6916752312435765,673,0.10104011887072809,0.8989598811292719
bioasq_train,answer_pairwise_distance,0.6927029804727647,674,0.10089020771513353,0.8991097922848664
bioasq_train,answer_pairwise_distance,0.6937307297019527,675,0.10222222222222223,0.8977777777777778
bioasq_train,answer_pairwise_distance,0.6947584789311408,676,0.10207100591715976,0.8979289940828402
bioasq_train,answer_pairwise_distance,0.6957862281603289,677,0.1019202363367799,0.8980797636632201
bioasq_train,answer_pairwise_distance,0.696813977389517,678,0.10176991150442478,0.8982300884955752
bioasq_train,answer_pairwise_distance,0.697841726618705,679,0.101620029455081,0.898379970544919
bioasq_train,answer_pairwise_distance,0.6988694758478932,680,0.10147058823529412,0.8985294117647059
bioasq_train,answer_pairwise_distance,0.6998972250770812,681,0.1013215859030837,0.8986784140969163
bioasq_train,answer_pairwise_distance,0.7009249743062693,682,0.10117302052785923,0.8988269794721407
bioasq_train,answer_pairwise_distance,0.7019527235354573,683,0.10102489019033675,0.8989751098096632
bioasq_train,answer_pairwise_distance,0.7029804727646455,684,0.10087719298245613,0.8991228070175439
bioasq_train,answer_pairwise_distance,0.7040082219938335,685,0.10072992700729927,0.8992700729927008
bioasq_train,answer_pairwise_distance,0.7050359712230215,686,0.10058309037900874,0.8994169096209913
bioasq_train,answer_pairwise_distance,0.7060637204522097,687,0.10043668122270742,0.8995633187772926
bioasq_train,answer_pairwise_distance,0.7070914696813977,688,0.1002906976744186,0.8997093023255814
bioasq_train,answer_pairwise_distance,0.7081192189105858,689,0.10014513788098693,0.8998548621190131
bioasq_train,answer_pairwise_distance,0.7091469681397738,690,0.1,0.9
bioasq_train,answer_pairwise_distance,0.710174717368962,691,0.09985528219971057,0.9001447178002895
bioasq_train,answer_pairwise_distance,0.71120246659815,692,0.10115606936416185,0.8988439306358381
bioasq_train,answer_pairwise_distance,0.7122302158273381,693,0.10245310245310245,0.8975468975468975
bioasq_train,answer_pairwise_distance,0.7132579650565262,694,0.1037463976945245,0.8962536023054755
bioasq_train,answer_pairwise_distance,0.7142857142857143,695,0.10359712230215827,0.8964028776978418
bioasq_train,answer_pairwise_distance,0.7153134635149023,696,0.10344827586206896,0.896551724137931
bioasq_train,answer_pairwise_distance,0.7163412127440905,697,0.10329985652797705,0.896700143472023
bioasq_train,answer_pairwise_distance,0.7173689619732785,698,0.10315186246418338,0.8968481375358166
bioasq_train,answer_pairwise_distance,0.7183967112024666,699,0.1044349070100143,0.8955650929899857
bioasq_train,answer_pairwise_distance,0.7194244604316546,700,0.10428571428571429,0.8957142857142857
bioasq_train,answer_pairwise_distance,0.7204522096608428,701,0.10413694721825963,0.8958630527817404
bioasq_train,answer_pairwise_distance,0.7214799588900308,702,0.10398860398860399,0.896011396011396
bioasq_train,answer_pairwise_distance,0.7225077081192189,703,0.10384068278805121,0.8961593172119487
bioasq_train,answer_pairwise_distance,0.723535457348407,704,0.10369318181818182,0.8963068181818181
bioasq_train,answer_pairwise_distance,0.7245632065775951,705,0.1049645390070922,0.8950354609929078
bioasq_train,answer_pairwise_distance,0.7255909558067831,706,0.1048158640226629,0.8951841359773371
bioasq_train,answer_pairwise_distance,0.7266187050359713,707,0.10466760961810467,0.8953323903818953
bioasq_train,answer_pairwise_distance,0.7276464542651593,708,0.10451977401129943,0.8954802259887006
bioasq_train,answer_pairwise_distance,0.7286742034943474,709,0.10437235543018336,0.8956276445698166
bioasq_train,answer_pairwise_distance,0.7297019527235354,710,0.10422535211267606,0.895774647887324
bioasq_train,answer_pairwise_distance,0.7307297019527236,711,0.10407876230661041,0.8959212376933896
bioasq_train,answer_pairwise_distance,0.7317574511819116,712,0.10393258426966293,0.8960674157303371
bioasq_train,answer_pairwise_distance,0.7327852004110997,713,0.10378681626928471,0.8962131837307152
bioasq_train,answer_pairwise_distance,0.7338129496402878,714,0.10364145658263306,0.896358543417367
bioasq_train,answer_pairwise_distance,0.7348406988694759,715,0.1034965034965035,0.8965034965034965
bioasq_train,answer_pairwise_distance,0.7358684480986639,716,0.10474860335195531,0.8952513966480447
bioasq_train,answer_pairwise_distance,0.736896197327852,717,0.10460251046025104,0.895397489539749
bioasq_train,answer_pairwise_distance,0.7379239465570401,718,0.10445682451253482,0.8955431754874652
bioasq_train,answer_pairwise_distance,0.7389516957862282,719,0.1043115438108484,0.8956884561891516
bioasq_train,answer_pairwise_distance,0.7399794450154162,720,0.10416666666666667,0.8958333333333334
bioasq_train,answer_pairwise_distance,0.7410071942446043,721,0.10540915395284327,0.8945908460471568
bioasq_train,answer_pairwise_distance,0.7420349434737924,722,0.10664819944598337,0.8933518005540166
bioasq_train,answer_pairwise_distance,0.7430626927029804,723,0.10650069156293222,0.8934993084370678
bioasq_train,answer_pairwise_distance,0.7440904419321686,724,0.106353591160221,0.893646408839779
bioasq_train,answer_pairwise_distance,0.7451181911613566,725,0.10620689655172413,0.8937931034482759
bioasq_train,answer_pairwise_distance,0.7461459403905447,726,0.10606060606060606,0.8939393939393939
bioasq_train,answer_pairwise_distance,0.7471736896197327,727,0.10591471801925723,0.8940852819807428
bioasq_train,answer_pairwise_distance,0.7482014388489209,728,0.10576923076923077,0.8942307692307693
bioasq_train,answer_pairwise_distance,0.7492291880781089,729,0.1056241426611797,0.8943758573388203
bioasq_train,answer_pairwise_distance,0.750256937307297,730,0.10547945205479452,0.8945205479452055
bioasq_train,answer_pairwise_distance,0.7512846865364851,731,0.10533515731874145,0.8946648426812586
bioasq_train,answer_pairwise_distance,0.7523124357656732,732,0.1051912568306011,0.894808743169399
bioasq_train,answer_pairwise_distance,0.7533401849948612,733,0.10504774897680765,0.8949522510231923
bioasq_train,answer_pairwise_distance,0.7543679342240494,734,0.10490463215258855,0.8950953678474114
bioasq_train,answer_pairwise_distance,0.7553956834532374,735,0.10476190476190476,0.8952380952380953
bioasq_train,answer_pairwise_distance,0.7564234326824255,736,0.10597826086956522,0.8940217391304348
bioasq_train,answer_pairwise_distance,0.7574511819116135,737,0.10583446404341927,0.8941655359565808
bioasq_train,answer_pairwise_distance,0.7584789311408017,738,0.10569105691056911,0.8943089430894309
bioasq_train,answer_pairwise_distance,0.7595066803699897,739,0.10554803788903924,0.8944519621109608
bioasq_train,answer_pairwise_distance,0.7605344295991778,740,0.10540540540540541,0.8945945945945946
bioasq_train,answer_pairwise_distance,0.7615621788283659,741,0.10526315789473684,0.8947368421052632
bioasq_train,answer_pairwise_distance,0.762589928057554,742,0.10512129380053908,0.894878706199461
bioasq_train,answer_pairwise_distance,0.763617677286742,743,0.10497981157469717,0.8950201884253028
bioasq_train,answer_pairwise_distance,0.7646454265159301,744,0.10483870967741936,0.8951612903225806
bioasq_train,answer_pairwise_distance,0.7656731757451182,745,0.10469798657718121,0.8953020134228188
bioasq_train,answer_pairwise_distance,0.7667009249743063,746,0.10455764075067024,0.8954423592493298
bioasq_train,answer_pairwise_distance,0.7677286742034943,747,0.10441767068273092,0.8955823293172691
bioasq_train,answer_pairwise_distance,0.7687564234326825,748,0.10427807486631016,0.8957219251336899
bioasq_train,answer_pairwise_distance,0.7697841726618705,749,0.1041388518024032,0.8958611481975968
bioasq_train,answer_pairwise_distance,0.7708119218910586,750,0.104,0.896
bioasq_train,answer_pairwise_distance,0.7718396711202467,751,0.10386151797603196,0.8961384820239681
bioasq_train,answer_pairwise_distance,0.7728674203494348,752,0.10505319148936171,0.8949468085106382
bioasq_train,answer_pairwise_distance,0.7738951695786228,753,0.1049136786188579,0.8950863213811421
bioasq_train,answer_pairwise_distance,0.774922918807811,754,0.10610079575596817,0.8938992042440318
bioasq_train,answer_pairwise_distance,0.775950668036999,755,0.10728476821192053,0.8927152317880794
bioasq_train,answer_pairwise_distance,0.7769784172661871,756,0.10714285714285714,0.8928571428571429
bioasq_train,answer_pairwise_distance,0.7780061664953751,757,0.10700132100396301,0.892998678996037
bioasq_train,answer_pairwise_distance,0.7790339157245632,758,0.10686015831134564,0.8931398416886543
bioasq_train,answer_pairwise_distance,0.7800616649537513,759,0.1080368906455863,0.8919631093544137
bioasq_train,answer_pairwise_distance,0.7810894141829393,760,0.10789473684210527,0.8921052631578947
bioasq_train,answer_pairwise_distance,0.7821171634121274,761,0.10775295663600526,0.8922470433639947
bioasq_train,answer_pairwise_distance,0.7831449126413155,762,0.10761154855643044,0.8923884514435696
bioasq_train,answer_pairwise_distance,0.7841726618705036,763,0.10747051114023591,0.8925294888597641
bioasq_train,answer_pairwise_distance,0.7852004110996916,764,0.10732984293193717,0.8926701570680629
bioasq_train,answer_pairwise_distance,0.7862281603288798,765,0.10718954248366012,0.8928104575163399
bioasq_train,answer_pairwise_distance,0.7872559095580678,766,0.10704960835509138,0.8929503916449086
bioasq_train,answer_pairwise_distance,0.7882836587872559,767,0.10691003911342895,0.893089960886571
bioasq_train,answer_pairwise_distance,0.789311408016444,768,0.10807291666666667,0.8919270833333334
bioasq_train,answer_pairwise_distance,0.7903391572456321,769,0.10793237971391417,0.8920676202860858
bioasq_train,answer_pairwise_distance,0.7913669064748201,770,0.10779220779220779,0.8922077922077922
bioasq_train,answer_pairwise_distance,0.7923946557040082,771,0.10894941634241245,0.8910505836575875
bioasq_train,answer_pairwise_distance,0.7934224049331963,772,0.10880829015544041,0.8911917098445596
bioasq_train,answer_pairwise_distance,0.7944501541623844,773,0.10996119016817593,0.890038809831824
bioasq_train,answer_pairwise_distance,0.7954779033915724,774,0.10981912144702842,0.8901808785529716
bioasq_train,answer_pairwise_distance,0.7965056526207606,775,0.10967741935483871,0.8903225806451613
bioasq_train,answer_pairwise_distance,0.7975334018499486,776,0.1095360824742268,0.8904639175257731
bioasq_train,answer_pairwise_distance,0.7985611510791367,777,0.1093951093951094,0.8906048906048906
bioasq_train,answer_pairwise_distance,0.7995889003083247,778,0.10925449871465295,0.890745501285347
bioasq_train,answer_pairwise_distance,0.8006166495375129,779,0.10911424903722722,0.8908857509627728
bioasq_train,answer_pairwise_distance,0.8016443987667009,780,0.10897435897435898,0.891025641025641
bioasq_train,answer_pairwise_distance,0.802672147995889,781,0.1088348271446863,0.8911651728553137
bioasq_train,answer_pairwise_distance,0.8036998972250771,782,0.10869565217391304,0.8913043478260869
bioasq_train,answer_pairwise_distance,0.8047276464542652,783,0.10855683269476372,0.8914431673052363
bioasq_train,answer_pairwise_distance,0.8057553956834532,784,0.10841836734693877,0.8915816326530612
bioasq_train,answer_pairwise_distance,0.8067831449126414,785,0.10828025477707007,0.89171974522293
bioasq_train,answer_pairwise_distance,0.8078108941418294,786,0.10814249363867684,0.8918575063613232
bioasq_train,answer_pairwise_distance,0.8088386433710175,787,0.10800508259212198,0.8919949174078781
bioasq_train,answer_pairwise_distance,0.8098663926002055,788,0.10786802030456853,0.8921319796954315
bioasq_train,answer_pairwise_distance,0.8108941418293937,789,0.10773130544993663,0.8922686945500634
bioasq_train,answer_pairwise_distance,0.8119218910585817,790,0.10759493670886076,0.8924050632911392
bioasq_train,answer_pairwise_distance,0.8129496402877698,791,0.10745891276864729,0.8925410872313527
bioasq_train,answer_pairwise_distance,0.8139773895169579,792,0.10858585858585859,0.8914141414141414
bioasq_train,answer_pairwise_distance,0.8150051387461459,793,0.10844892812105927,0.8915510718789408
bioasq_train,answer_pairwise_distance,0.816032887975334,794,0.10831234256926953,0.8916876574307304
bioasq_train,answer_pairwise_distance,0.817060637204522,795,0.10817610062893082,0.8918238993710692
bioasq_train,answer_pairwise_distance,0.8180883864337102,796,0.10804020100502512,0.8919597989949749
bioasq_train,answer_pairwise_distance,0.8191161356628982,797,0.10915934755332497,0.890840652446675
bioasq_train,answer_pairwise_distance,0.8201438848920863,798,0.10902255639097744,0.8909774436090225
bioasq_train,answer_pairwise_distance,0.8211716341212744,799,0.11013767209011265,0.8898623279098874
bioasq_train,answer_pairwise_distance,0.8221993833504625,800,0.11125,0.88875
bioasq_train,answer_pairwise_distance,0.8232271325796505,801,0.1111111111111111,0.8888888888888888
bioasq_train,answer_pairwise_distance,0.8242548818088387,802,0.11097256857855362,0.8890274314214464
bioasq_train,answer_pairwise_distance,0.8252826310380267,803,0.11083437110834371,0.8891656288916563
bioasq_train,answer_pairwise_distance,0.8263103802672148,804,0.11069651741293532,0.8893034825870647
bioasq_train,answer_pairwise_distance,0.8273381294964028,805,0.11055900621118013,0.8894409937888199
bioasq_train,answer_pairwise_distance,0.828365878725591,806,0.11042183622828784,0.8895781637717122
bioasq_train,answer_pairwise_distance,0.829393627954779,807,0.11028500619578686,0.8897149938042132
bioasq_train,answer_pairwise_distance,0.8304213771839671,808,0.11014851485148515,0.8898514851485149
bioasq_train,answer_pairwise_distance,0.8314491264131552,809,0.1100123609394314,0.8899876390605685
bioasq_train,answer_pairwise_distance,0.8324768756423433,810,0.1111111111111111,0.8888888888888888
bioasq_train,answer_pairwise_distance,0.8335046248715313,811,0.11220715166461159,0.8877928483353884
bioasq_train,answer_pairwise_distance,0.8345323741007195,812,0.11206896551724138,0.8879310344827587
bioasq_train,answer_pairwise_distance,0.8355601233299075,813,0.11193111931119311,0.8880688806888068
bioasq_train,answer_pairwise_distance,0.8365878725590956,814,0.11179361179361179,0.8882063882063882
bioasq_train,answer_pairwise_distance,0.8376156217882836,815,0.1116564417177914,0.8883435582822086
bioasq_train,answer_pairwise_distance,0.8386433710174718,816,0.11151960784313726,0.8884803921568627
bioasq_train,answer_pairwise_distance,0.8396711202466598,817,0.11138310893512852,0.8886168910648715
bioasq_train,answer_pairwise_distance,0.8406988694758479,818,0.11124694376528117,0.8887530562347188
bioasq_train,answer_pairwise_distance,0.841726618705036,819,0.1111111111111111,0.8888888888888888
bioasq_train,answer_pairwise_distance,0.8427543679342241,820,0.11219512195121951,0.8878048780487805
bioasq_train,answer_pairwise_distance,0.8437821171634121,821,0.11327649208282582,0.8867235079171741
bioasq_train,answer_pairwise_distance,0.8448098663926003,822,0.11435523114355231,0.8856447688564477
bioasq_train,answer_pairwise_distance,0.8458376156217883,823,0.11421628189550426,0.8857837181044957
bioasq_train,answer_pairwise_distance,0.8468653648509764,824,0.11529126213592233,0.8847087378640777
bioasq_train,answer_pairwise_distance,0.8478931140801644,825,0.11515151515151516,0.8848484848484849
bioasq_train,answer_pairwise_distance,0.8489208633093526,826,0.11501210653753027,0.8849878934624698
bioasq_train,answer_pairwise_distance,0.8499486125385406,827,0.11487303506650544,0.8851269649334945
bioasq_train,answer_pairwise_distance,0.8509763617677287,828,0.11473429951690821,0.8852657004830918
bioasq_train,answer_pairwise_distance,0.8520041109969168,829,0.1158021712907117,0.8841978287092883
bioasq_train,answer_pairwise_distance,0.8530318602261048,830,0.11566265060240964,0.8843373493975903
bioasq_train,answer_pairwise_distance,0.8540596094552929,831,0.11552346570397112,0.8844765342960289
bioasq_train,answer_pairwise_distance,0.8550873586844809,832,0.11538461538461539,0.8846153846153846
bioasq_train,answer_pairwise_distance,0.8561151079136691,833,0.11524609843937575,0.8847539015606243
bioasq_train,answer_pairwise_distance,0.8571428571428571,834,0.11630695443645084,0.8836930455635492
bioasq_train,answer_pairwise_distance,0.8581706063720452,835,0.11616766467065869,0.8838323353293414
bioasq_train,answer_pairwise_distance,0.8591983556012333,836,0.11722488038277512,0.8827751196172249
bioasq_train,answer_pairwise_distance,0.8602261048304214,837,0.11827956989247312,0.8817204301075269
bioasq_train,answer_pairwise_distance,0.8612538540596094,838,0.11813842482100238,0.8818615751789977
bioasq_train,answer_pairwise_distance,0.8622816032887975,839,0.11918951132300358,0.8808104886769964
bioasq_train,answer_pairwise_distance,0.8633093525179856,840,0.11904761904761904,0.8809523809523809
bioasq_train,answer_pairwise_distance,0.8643371017471737,841,0.11890606420927467,0.8810939357907254
bioasq_train,answer_pairwise_distance,0.8653648509763617,842,0.1187648456057007,0.8812351543942993
bioasq_train,answer_pairwise_distance,0.8663926002055499,843,0.11981020166073547,0.8801897983392646
bioasq_train,answer_pairwise_distance,0.8674203494347379,844,0.11966824644549763,0.8803317535545023
bioasq_train,answer_pairwise_distance,0.868448098663926,845,0.11952662721893491,0.8804733727810651
bioasq_train,answer_pairwise_distance,0.869475847893114,846,0.11938534278959811,0.8806146572104019
bioasq_train,answer_pairwise_distance,0.8705035971223022,847,0.1192443919716647,0.8807556080283353
bioasq_train,answer_pairwise_distance,0.8715313463514902,848,0.11910377358490566,0.8808962264150944
bioasq_train,answer_pairwise_distance,0.8725590955806783,849,0.12014134275618374,0.8798586572438163
bioasq_train,answer_pairwise_distance,0.8735868448098664,850,0.12,0.88
bioasq_train,answer_pairwise_distance,0.8746145940390545,851,0.11985898942420682,0.8801410105757932
bioasq_train,answer_pairwise_distance,0.8756423432682425,852,0.11971830985915492,0.8802816901408451
bioasq_train,answer_pairwise_distance,0.8766700924974307,853,0.11957796014067995,0.8804220398593201
bioasq_train,answer_pairwise_distance,0.8776978417266187,854,0.11943793911007025,0.8805620608899297
bioasq_train,answer_pairwise_distance,0.8787255909558068,855,0.11929824561403508,0.8807017543859649
bioasq_train,answer_pairwise_distance,0.8797533401849948,856,0.12032710280373832,0.8796728971962617
bioasq_train,answer_pairwise_distance,0.880781089414183,857,0.12018669778296383,0.8798133022170361
bioasq_train,answer_pairwise_distance,0.881808838643371,858,0.12004662004662005,0.87995337995338
bioasq_train,answer_pairwise_distance,0.8828365878725591,859,0.119906868451688,0.880093131548312
bioasq_train,answer_pairwise_distance,0.8838643371017472,860,0.11976744186046512,0.8802325581395349
bioasq_train,answer_pairwise_distance,0.8848920863309353,861,0.11962833914053426,0.8803716608594657
bioasq_train,answer_pairwise_distance,0.8859198355601233,862,0.11948955916473318,0.8805104408352669
bioasq_train,answer_pairwise_distance,0.8869475847893115,863,0.11935110081112399,0.880648899188876
bioasq_train,answer_pairwise_distance,0.8879753340184995,864,0.11921296296296297,0.880787037037037
bioasq_train,answer_pairwise_distance,0.8890030832476875,865,0.11907514450867052,0.8809248554913295
bioasq_train,answer_pairwise_distance,0.8900308324768756,866,0.11893764434180139,0.8810623556581986
bioasq_train,answer_pairwise_distance,0.8910585817060637,867,0.11880046136101499,0.881199538638985
bioasq_train,answer_pairwise_distance,0.8920863309352518,868,0.11866359447004608,0.881336405529954
bioasq_train,answer_pairwise_distance,0.8931140801644398,869,0.11852704257767549,0.8814729574223246
bioasq_train,answer_pairwise_distance,0.894141829393628,870,0.11839080459770115,0.8816091954022989
bioasq_train,answer_pairwise_distance,0.895169578622816,871,0.1182548794489093,0.8817451205510907
bioasq_train,answer_pairwise_distance,0.8961973278520041,872,0.11811926605504587,0.8818807339449541
bioasq_train,answer_pairwise_distance,0.8972250770811921,873,0.11798396334478808,0.8820160366552119
bioasq_train,answer_pairwise_distance,0.8982528263103803,874,0.11899313501144165,0.8810068649885583
bioasq_train,answer_pairwise_distance,0.8992805755395683,875,0.11885714285714286,0.8811428571428571
bioasq_train,answer_pairwise_distance,0.9003083247687564,876,0.1187214611872146,0.8812785388127854
bioasq_train,answer_pairwise_distance,0.9013360739979445,877,0.11972633979475485,0.8802736602052451
bioasq_train,answer_pairwise_distance,0.9023638232271326,878,0.11958997722095673,0.8804100227790432
bioasq_train,answer_pairwise_distance,0.9033915724563206,879,0.11945392491467577,0.8805460750853242
bioasq_train,answer_pairwise_distance,0.9044193216855088,880,0.11931818181818182,0.8806818181818181
bioasq_train,answer_pairwise_distance,0.9054470709146968,881,0.1191827468785471,0.8808172531214529
bioasq_train,answer_pairwise_distance,0.9064748201438849,882,0.11904761904761904,0.8809523809523809
bioasq_train,answer_pairwise_distance,0.9075025693730729,883,0.11891279728199321,0.8810872027180068
bioasq_train,answer_pairwise_distance,0.9085303186022611,884,0.11990950226244344,0.8800904977375565
bioasq_train,answer_pairwise_distance,0.9095580678314491,885,0.11977401129943503,0.880225988700565
bioasq_train,answer_pairwise_distance,0.9105858170606372,886,0.11963882618510158,0.8803611738148984
bioasq_train,answer_pairwise_distance,0.9116135662898253,887,0.11950394588500564,0.8804960541149943
bioasq_train,answer_pairwise_distance,0.9126413155190134,888,0.11936936936936937,0.8806306306306306
bioasq_train,answer_pairwise_distance,0.9136690647482014,889,0.11923509561304838,0.8807649043869517
bioasq_train,answer_pairwise_distance,0.9146968139773896,890,0.11910112359550562,0.8808988764044944
bioasq_train,answer_pairwise_distance,0.9157245632065776,891,0.11896745230078563,0.8810325476992144
bioasq_train,answer_pairwise_distance,0.9167523124357657,892,0.11883408071748879,0.8811659192825112
bioasq_train,answer_pairwise_distance,0.9177800616649537,893,0.1187010078387458,0.8812989921612542
bioasq_train,answer_pairwise_distance,0.9188078108941419,894,0.1185682326621924,0.8814317673378076
bioasq_train,answer_pairwise_distance,0.9198355601233299,895,0.11955307262569832,0.8804469273743016
bioasq_train,answer_pairwise_distance,0.920863309352518,896,0.11941964285714286,0.8805803571428571
bioasq_train,answer_pairwise_distance,0.9218910585817061,897,0.11928651059085842,0.8807134894091416
bioasq_train,answer_pairwise_distance,0.9229188078108942,898,0.11915367483296214,0.8808463251670379
bioasq_train,answer_pairwise_distance,0.9239465570400822,899,0.11902113459399333,0.8809788654060067
bioasq_train,answer_pairwise_distance,0.9249743062692704,900,0.12,0.88
bioasq_train,answer_pairwise_distance,0.9260020554984584,901,0.11986681465038845,0.8801331853496115
bioasq_train,answer_pairwise_distance,0.9270298047276464,902,0.1197339246119734,0.8802660753880266
bioasq_train,answer_pairwise_distance,0.9280575539568345,903,0.11960132890365449,0.8803986710963455
bioasq_train,answer_pairwise_distance,0.9290853031860226,904,0.11946902654867257,0.8805309734513275
bioasq_train,answer_pairwise_distance,0.9301130524152107,905,0.11933701657458563,0.8806629834254144
bioasq_train,answer_pairwise_distance,0.9311408016443987,906,0.11920529801324503,0.880794701986755
bioasq_train,answer_pairwise_distance,0.9321685508735869,907,0.11907386990077178,0.8809261300992283
bioasq_train,answer_pairwise_distance,0.9331963001027749,908,0.12004405286343613,0.8799559471365639
bioasq_train,answer_pairwise_distance,0.934224049331963,909,0.12101210121012101,0.8789878987898789
bioasq_train,answer_pairwise_distance,0.935251798561151,910,0.12197802197802197,0.878021978021978
bioasq_train,answer_pairwise_distance,0.9362795477903392,911,0.12184412733260154,0.8781558726673985
bioasq_train,answer_pairwise_distance,0.9373072970195272,912,0.12171052631578948,0.8782894736842105
bioasq_train,answer_pairwise_distance,0.9383350462487153,913,0.12157721796276014,0.8784227820372399
bioasq_train,answer_pairwise_distance,0.9393627954779034,914,0.12144420131291028,0.8785557986870898
bioasq_train,answer_pairwise_distance,0.9403905447070915,915,0.12131147540983607,0.8786885245901639
bioasq_train,answer_pairwise_distance,0.9414182939362795,916,0.12117903930131005,0.87882096069869
bioasq_train,answer_pairwise_distance,0.9424460431654677,917,0.12104689203925845,0.8789531079607416
bioasq_train,answer_pairwise_distance,0.9434737923946557,918,0.12091503267973856,0.8790849673202614
bioasq_train,answer_pairwise_distance,0.9445015416238438,919,0.12078346028291621,0.8792165397170838
bioasq_train,answer_pairwise_distance,0.9455292908530318,920,0.12173913043478261,0.8782608695652174
bioasq_train,answer_pairwise_distance,0.94655704008222,921,0.12160694896851248,0.8783930510314875
bioasq_train,answer_pairwise_distance,0.947584789311408,922,0.12147505422993492,0.8785249457700651
bioasq_train,answer_pairwise_distance,0.9486125385405961,923,0.12134344528710726,0.8786565547128927
bioasq_train,answer_pairwise_distance,0.9496402877697842,924,0.12121212121212122,0.8787878787878788
bioasq_train,answer_pairwise_distance,0.9506680369989723,925,0.12108108108108108,0.8789189189189189
bioasq_train,answer_pairwise_distance,0.9516957862281603,926,0.12095032397408208,0.8790496760259179
bioasq_train,answer_pairwise_distance,0.9527235354573484,927,0.12081984897518878,0.8791801510248112
bioasq_train,answer_pairwise_distance,0.9537512846865365,928,0.1206896551724138,0.8793103448275862
bioasq_train,answer_pairwise_distance,0.9547790339157246,929,0.12055974165769645,0.8794402583423035
bioasq_train,answer_pairwise_distance,0.9558067831449126,930,0.12150537634408602,0.878494623655914
bioasq_train,answer_pairwise_distance,0.9568345323741008,931,0.12137486573576799,0.878625134264232
bioasq_train,answer_pairwise_distance,0.9578622816032888,932,0.12124463519313304,0.878755364806867
bioasq_train,answer_pairwise_distance,0.9588900308324769,933,0.12111468381564845,0.8788853161843515
bioasq_train,answer_pairwise_distance,0.959917780061665,934,0.12098501070663811,0.8790149892933619
bioasq_train,answer_pairwise_distance,0.9609455292908531,935,0.12192513368983957,0.8780748663101604
bioasq_train,answer_pairwise_distance,0.9619732785200411,936,0.12179487179487179,0.8782051282051282
bioasq_train,answer_pairwise_distance,0.9630010277492291,937,0.12273212379935966,0.8772678762006403
bioasq_train,answer_pairwise_distance,0.9640287769784173,938,0.12366737739872068,0.8763326226012793
bioasq_train,answer_pairwise_distance,0.9650565262076053,939,0.1235356762513312,0.8764643237486688
bioasq_train,answer_pairwise_distance,0.9660842754367934,940,0.12340425531914893,0.8765957446808511
bioasq_train,answer_pairwise_distance,0.9671120246659815,941,0.12327311370882041,0.8767268862911796
bioasq_train,answer_pairwise_distance,0.9681397738951696,942,0.12314225053078556,0.8768577494692145
bioasq_train,answer_pairwise_distance,0.9691675231243576,943,0.12301166489925769,0.8769883351007424
bioasq_train,answer_pairwise_distance,0.9701952723535457,944,0.1228813559322034,0.8771186440677966
bioasq_train,answer_pairwise_distance,0.9712230215827338,945,0.12275132275132275,0.8772486772486773
bioasq_train,answer_pairwise_distance,0.9722507708119219,946,0.1226215644820296,0.8773784355179703
bioasq_train,answer_pairwise_distance,0.9732785200411099,947,0.1235480464625132,0.8764519535374868
bioasq_train,answer_pairwise_distance,0.9743062692702981,948,0.12341772151898735,0.8765822784810127
bioasq_train,answer_pairwise_distance,0.9753340184994861,949,0.12434141201264488,0.8756585879873551
bioasq_train,answer_pairwise_distance,0.9763617677286742,950,0.12421052631578948,0.8757894736842106
bioasq_train,answer_pairwise_distance,0.9773895169578622,951,0.12407991587802314,0.8759200841219769
bioasq_train,answer_pairwise_distance,0.9784172661870504,952,0.12394957983193278,0.8760504201680672
bioasq_train,answer_pairwise_distance,0.9794450154162384,953,0.12381951731374606,0.8761804826862539
bioasq_train,answer_pairwise_distance,0.9804727646454265,954,0.12368972746331237,0.8763102725366876
bioasq_train,answer_pairwise_distance,0.9815005138746146,955,0.12356020942408377,0.8764397905759163
bioasq_train,answer_pairwise_distance,0.9825282631038027,956,0.12343096234309624,0.8765690376569037
bioasq_train,answer_pairwise_distance,0.9835560123329907,957,0.12330198537095088,0.8766980146290491
bioasq_train,answer_pairwise_distance,0.9845837615621789,958,0.12317327766179541,0.8768267223382046
bioasq_train,answer_pairwise_distance,0.9856115107913669,959,0.12304483837330553,0.8769551616266945
bioasq_train,answer_pairwise_distance,0.986639260020555,960,0.12291666666666666,0.8770833333333333
bioasq_train,answer_pairwise_distance,0.987667009249743,961,0.12278876170655567,0.8772112382934443
bioasq_train,answer_pairwise_distance,0.9886947584789312,962,0.12266112266112267,0.8773388773388773
bioasq_train,answer_pairwise_distance,0.9897225077081192,963,0.122533748701973,0.877466251298027
bioasq_train,answer_pairwise_distance,0.9907502569373073,964,0.12240663900414937,0.8775933609958506
bioasq_train,answer_pairwise_distance,0.9917780061664954,965,0.12227979274611399,0.877720207253886
bioasq_train,answer_pairwise_distance,0.9928057553956835,966,0.12215320910973085,0.8778467908902692
bioasq_train,answer_pairwise_distance,0.9938335046248715,967,0.12306101344364012,0.8769389865563599
bioasq_train,answer_pairwise_distance,0.9948612538540597,968,0.12396694214876033,0.8760330578512396
bioasq_train,answer_pairwise_distance,0.9958890030832477,969,0.1238390092879257,0.8761609907120743
bioasq_train,answer_pairwise_distance,0.9969167523124358,970,0.12474226804123711,0.8752577319587629
bioasq_train,answer_pairwise_distance,0.9979445015416238,971,0.12461380020597322,0.8753861997940268
bioasq_train,answer_pairwise_distance,0.998972250770812,972,0.12551440329218108,0.8744855967078189
bioasq_train,answer_pairwise_distance,1.0,973,0.1264131551901336,0.8735868448098664
archehr_train,evidence_uncertainty,0.05,1,0.5833333333333334,0.41666666666666663
archehr_train,evidence_uncertainty,0.1,2,0.5833333333333334,0.41666666666666663
archehr_train,evidence_uncertainty,0.15,3,0.5833333333333334,0.41666666666666663
archehr_train,evidence_uncertainty,0.2,4,0.5833333333333334,0.41666666666666663
archehr_train,evidence_uncertainty,0.25,5,0.5833333333333334,0.41666666666666663
archehr_train,evidence_uncertainty,0.3,6,0.5833333333333334,0.41666666666666663
archehr_train,evidence_uncertainty,0.35,7,0.5833333333333334,0.41666666666666663
archehr_train,evidence_uncertainty,0.4,8,0.5833333333333334,0.41666666666666663
archehr_train,evidence_uncertainty,0.45,9,0.5833333333333334,0.41666666666666663
archehr_train,evidence_uncertainty,0.5,10,0.5833333333333334,0.41666666666666663
archehr_train,evidence_uncertainty,0.55,11,0.5833333333333334,0.41666666666666663
archehr_train,evidence_uncertainty,0.6,12,0.5833333333333334,0.41666666666666663
archehr_train,evidence_uncertainty,0.65,13,0.5384615384615384,0.46153846153846156
archehr_train,evidence_uncertainty,0.7,14,0.5714285714285714,0.4285714285714286
archehr_train,evidence_uncertainty,0.75,15,0.6,0.4
archehr_train,evidence_uncertainty,0.8,16,0.5625,0.4375
archehr_train,evidence_uncertainty,0.85,17,0.5882352941176471,0.4117647058823529
archehr_train,evidence_uncertainty,0.9,18,0.5555555555555556,0.4444444444444444
archehr_train,evidence_uncertainty,0.95,19,0.5263157894736842,0.4736842105263158
archehr_train,evidence_uncertainty,1.0,20,0.55,0.44999999999999996
archehr_train,answer_uncertainty,0.05,1,0.6363636363636364,0.36363636363636365
archehr_train,answer_uncertainty,0.1,2,0.6363636363636364,0.36363636363636365
archehr_train,answer_uncertainty,0.15,3,0.6363636363636364,0.36363636363636365
archehr_train,answer_uncertainty,0.2,4,0.6363636363636364,0.36363636363636365
archehr_train,answer_uncertainty,0.25,5,0.6363636363636364,0.36363636363636365
archehr_train,answer_uncertainty,0.3,6,0.6363636363636364,0.36363636363636365
archehr_train,answer_uncertainty,0.35,7,0.6363636363636364,0.36363636363636365
archehr_train,answer_uncertainty,0.4,8,0.6363636363636364,0.36363636363636365
archehr_train,answer_uncertainty,0.45,9,0.6363636363636364,0.36363636363636365
archehr_train,answer_uncertainty,0.5,10,0.6363636363636364,0.36363636363636365
archehr_train,answer_uncertainty,0.55,11,0.6363636363636364,0.36363636363636365
archehr_train,answer_uncertainty,0.6,12,0.611111111111111,0.38888888888888895
archehr_train,answer_uncertainty,0.65,13,0.5897435897435898,0.41025641025641024
archehr_train,answer_uncertainty,0.7,14,0.5714285714285714,0.4285714285714286
archehr_train,answer_uncertainty,0.75,15,0.5666666666666667,0.43333333333333335
archehr_train,answer_uncertainty,0.8,16,0.5625,0.4375
archehr_train,answer_uncertainty,0.85,17,0.5294117647058824,0.47058823529411764
archehr_train,answer_uncertainty,0.9,18,0.5555555555555556,0.4444444444444444
archehr_train,answer_uncertainty,0.95,19,0.5789473684210527,0.42105263157894735
archehr_train,answer_uncertainty,1.0,20,0.55,0.44999999999999996
archehr_train,combined_uncertainty,0.05,1,0.625,0.375
archehr_train,combined_uncertainty,0.1,2,0.625,0.375
archehr_train,combined_uncertainty,0.15,3,0.625,0.375
archehr_train,combined_uncertainty,0.2,4,0.625,0.375
archehr_train,combined_uncertainty,0.25,5,0.625,0.375
archehr_train,combined_uncertainty,0.3,6,0.625,0.375
archehr_train,combined_uncertainty,0.35,7,0.625,0.375
archehr_train,combined_uncertainty,0.4,8,0.625,0.375
archehr_train,combined_uncertainty,0.45,9,0.6666666666666666,0.33333333333333337
archehr_train,combined_uncertainty,0.5,10,0.7,0.30000000000000004
archehr_train,combined_uncertainty,0.55,11,0.6363636363636364,0.36363636363636365
archehr_train,combined_uncertainty,0.6,12,0.6666666666666666,0.33333333333333337
archehr_train,combined_uncertainty,0.65,13,0.6153846153846154,0.3846153846153846
archehr_train,combined_uncertainty,0.7,14,0.5714285714285714,0.4285714285714286
archehr_train,combined_uncertainty,0.75,15,0.5333333333333333,0.4666666666666667
archehr_train,combined_uncertainty,0.8,16,0.5625,0.4375
archehr_train,combined_uncertainty,0.85,17,0.5882352941176471,0.4117647058823529
archehr_train,combined_uncertainty,0.9,18,0.5555555555555556,0.4444444444444444
archehr_train,combined_uncertainty,0.95,19,0.5789473684210527,0.42105263157894735
archehr_train,combined_uncertainty,1.0,20,0.55,0.44999999999999996
archehr_train,answer_pairwise_distance,0.05,1,1.0,0.0
archehr_train,answer_pairwise_distance,0.1,2,0.5,0.5
archehr_train,answer_pairwise_distance,0.15,3,0.6666666666666666,0.33333333333333337
archehr_train,answer_pairwise_distance,0.2,4,0.5,0.5
archehr_train,answer_pairwise_distance,0.25,5,0.4,0.6
archehr_train,answer_pairwise_distance,0.3,6,0.5,0.5
archehr_train,answer_pairwise_distance,0.35,7,0.5714285714285714,0.4285714285714286
archehr_train,answer_pairwise_distance,0.4,8,0.625,0.375
archehr_train,answer_pairwise_distance,0.45,9,0.6666666666666666,0.33333333333333337
archehr_train,answer_pairwise_distance,0.5,10,0.6,0.4
archehr_train,answer_pairwise_distance,0.55,11,0.5454545454545454,0.4545454545454546
archehr_train,answer_pairwise_distance,0.6,12,0.5,0.5
archehr_train,answer_pairwise_distance,0.65,13,0.5384615384615384,0.46153846153846156
archehr_train,answer_pairwise_distance,0.7,14,0.5714285714285714,0.4285714285714286
archehr_train,answer_pairwise_distance,0.75,15,0.5333333333333333,0.4666666666666667
archehr_train,answer_pairwise_distance,0.8,16,0.5625,0.4375
archehr_train,answer_pairwise_distance,0.85,17,0.5294117647058824,0.47058823529411764
archehr_train,answer_pairwise_distance,0.9,18,0.5555555555555556,0.4444444444444444
archehr_train,answer_pairwise_distance,0.95,19,0.5789473684210527,0.42105263157894735
archehr_train,answer_pairwise_distance,1.0,20,0.55,0.44999999999999996
