analysis_set,case_id,threshold,answer_uncertainty,n_answer_clusters
bioasq_train,bioasq13b_55031181e9bde69634000014,0.05,0.29228525323862886,2
bioasq_train,bioasq13b_55031181e9bde69634000014,0.1,-0.0,1
bioasq_train,bioasq13b_55031181e9bde69634000014,0.15,-0.0,1
bioasq_train,bioasq13b_55031181e9bde69634000014,0.2,-0.0,1
bioasq_train,bioasq13b_55031181e9bde69634000014,0.25,-0.0,1
bioasq_train,bioasq13b_55031181e9bde69634000014,0.3,-0.0,1
bioasq_train,bioasq13b_532f062ad6d3ac6a34000027,0.05,0.2775280104064451,3
bioasq_train,bioasq13b_532f062ad6d3ac6a34000027,0.1,0.14118174150460758,2
bioasq_train,bioasq13b_532f062ad6d3ac6a34000027,0.15,-0.0,1
bioasq_train,bioasq13b_532f062ad6d3ac6a34000027,0.2,-0.0,1
bioasq_train,bioasq13b_532f062ad6d3ac6a34000027,0.25,-0.0,1
bioasq_train,bioasq13b_532f062ad6d3ac6a34000027,0.3,-0.0,1
bioasq_train,bioasq13b_54f49995d0d681a040000002,0.05,-0.0,1
bioasq_train,bioasq13b_54f49995d0d681a040000002,0.1,-0.0,1
bioasq_train,bioasq13b_54f49995d0d681a040000002,0.15,-0.0,1
bioasq_train,bioasq13b_54f49995d0d681a040000002,0.2,-0.0,1
bioasq_train,bioasq13b_54f49995d0d681a040000002,0.25,-0.0,1
bioasq_train,bioasq13b_54f49995d0d681a040000002,0.3,-0.0,1
bioasq_train,bioasq13b_535d78137d100faa09000005,0.05,0.38997287335391506,3
bioasq_train,bioasq13b_535d78137d100faa09000005,0.1,-0.0,1
bioasq_train,bioasq13b_535d78137d100faa09000005,0.15,-0.0,1
bioasq_train,bioasq13b_535d78137d100faa09000005,0.2,-0.0,1
bioasq_train,bioasq13b_535d78137d100faa09000005,0.25,-0.0,1
bioasq_train,bioasq13b_535d78137d100faa09000005,0.3,-0.0,1
bioasq_train,bioasq13b_52d946c798d023950500000a,0.05,-0.0,1
bioasq_train,bioasq13b_52d946c798d023950500000a,0.1,-0.0,1
bioasq_train,bioasq13b_52d946c798d023950500000a,0.15,-0.0,1
bioasq_train,bioasq13b_52d946c798d023950500000a,0.2,-0.0,1
bioasq_train,bioasq13b_52d946c798d023950500000a,0.25,-0.0,1
bioasq_train,bioasq13b_52d946c798d023950500000a,0.3,-0.0,1
bioasq_train,bioasq13b_5322d9339b2d7acc7e000011,0.05,-0.0,1
bioasq_train,bioasq13b_5322d9339b2d7acc7e000011,0.1,-0.0,1
bioasq_train,bioasq13b_5322d9339b2d7acc7e000011,0.15,-0.0,1
bioasq_train,bioasq13b_5322d9339b2d7acc7e000011,0.2,-0.0,1
bioasq_train,bioasq13b_5322d9339b2d7acc7e000011,0.25,-0.0,1
bioasq_train,bioasq13b_5322d9339b2d7acc7e000011,0.3,-0.0,1
bioasq_train,bioasq13b_553fa2201d53b76422000005,0.05,0.14118174150460758,2
bioasq_train,bioasq13b_553fa2201d53b76422000005,0.1,-0.0,1
bioasq_train,bioasq13b_553fa2201d53b76422000005,0.15,-0.0,1
bioasq_train,bioasq13b_553fa2201d53b76422000005,0.2,-0.0,1
bioasq_train,bioasq13b_553fa2201d53b76422000005,0.25,-0.0,1
bioasq_train,bioasq13b_553fa2201d53b76422000005,0.3,-0.0,1
bioasq_train,bioasq13b_550324d7e9bde6963400002f,0.05,0.2775280104064451,3
bioasq_train,bioasq13b_550324d7e9bde6963400002f,0.1,0.14118174150460758,2
bioasq_train,bioasq13b_550324d7e9bde6963400002f,0.15,0.14118174150460758,2
bioasq_train,bioasq13b_550324d7e9bde6963400002f,0.2,-0.0,1
bioasq_train,bioasq13b_550324d7e9bde6963400002f,0.25,-0.0,1
bioasq_train,bioasq13b_550324d7e9bde6963400002f,0.3,-0.0,1
bioasq_train,bioasq13b_52f125332059c6d71c000007,0.05,-0.0,1
bioasq_train,bioasq13b_52f125332059c6d71c000007,0.1,-0.0,1
bioasq_train,bioasq13b_52f125332059c6d71c000007,0.15,-0.0,1
bioasq_train,bioasq13b_52f125332059c6d71c000007,0.2,-0.0,1
bioasq_train,bioasq13b_52f125332059c6d71c000007,0.25,-0.0,1
bioasq_train,bioasq13b_52f125332059c6d71c000007,0.3,-0.0,1
bioasq_train,bioasq13b_54dcb29dc0bb8dce23000004,0.05,-0.0,1
bioasq_train,bioasq13b_54dcb29dc0bb8dce23000004,0.1,-0.0,1
bioasq_train,bioasq13b_54dcb29dc0bb8dce23000004,0.15,-0.0,1
bioasq_train,bioasq13b_54dcb29dc0bb8dce23000004,0.2,-0.0,1
bioasq_train,bioasq13b_54dcb29dc0bb8dce23000004,0.25,-0.0,1
bioasq_train,bioasq13b_54dcb29dc0bb8dce23000004,0.3,-0.0,1
bioasq_train,bioasq13b_533c388dc45e133714000008,0.05,-0.0,1
bioasq_train,bioasq13b_533c388dc45e133714000008,0.1,-0.0,1
bioasq_train,bioasq13b_533c388dc45e133714000008,0.15,-0.0,1
bioasq_train,bioasq13b_533c388dc45e133714000008,0.2,-0.0,1
bioasq_train,bioasq13b_533c388dc45e133714000008,0.25,-0.0,1
bioasq_train,bioasq13b_533c388dc45e133714000008,0.3,-0.0,1
bioasq_train,bioasq13b_56c3323a50c68dd416000009,0.05,0.14118174150460758,2
bioasq_train,bioasq13b_56c3323a50c68dd416000009,0.1,-0.0,1
bioasq_train,bioasq13b_56c3323a50c68dd416000009,0.15,-0.0,1
bioasq_train,bioasq13b_56c3323a50c68dd416000009,0.2,-0.0,1
bioasq_train,bioasq13b_56c3323a50c68dd416000009,0.25,-0.0,1
bioasq_train,bioasq13b_56c3323a50c68dd416000009,0.3,-0.0,1
bioasq_train,bioasq13b_56cf413f3975bb303a000009,0.05,-0.0,1
bioasq_train,bioasq13b_56cf413f3975bb303a000009,0.1,-0.0,1
bioasq_train,bioasq13b_56cf413f3975bb303a000009,0.15,-0.0,1
bioasq_train,bioasq13b_56cf413f3975bb303a000009,0.2,-0.0,1
bioasq_train,bioasq13b_56cf413f3975bb303a000009,0.25,-0.0,1
bioasq_train,bioasq13b_56cf413f3975bb303a000009,0.3,-0.0,1
bioasq_train,bioasq13b_5357bd56f1005d6b58000009,0.05,-0.0,1
bioasq_train,bioasq13b_5357bd56f1005d6b58000009,0.1,-0.0,1
bioasq_train,bioasq13b_5357bd56f1005d6b58000009,0.15,-0.0,1
bioasq_train,bioasq13b_5357bd56f1005d6b58000009,0.2,-0.0,1
bioasq_train,bioasq13b_5357bd56f1005d6b58000009,0.25,-0.0,1
bioasq_train,bioasq13b_5357bd56f1005d6b58000009,0.3,-0.0,1
bioasq_train,bioasq13b_56c1d848ef6e39474100002f,0.05,-0.0,1
bioasq_train,bioasq13b_56c1d848ef6e39474100002f,0.1,-0.0,1
bioasq_train,bioasq13b_56c1d848ef6e39474100002f,0.15,-0.0,1
bioasq_train,bioasq13b_56c1d848ef6e39474100002f,0.2,-0.0,1
bioasq_train,bioasq13b_56c1d848ef6e39474100002f,0.25,-0.0,1
bioasq_train,bioasq13b_56c1d848ef6e39474100002f,0.3,-0.0,1
bioasq_train,bioasq13b_53312464d6d3ac6a3400003a,0.05,0.14118174150460758,2
bioasq_train,bioasq13b_53312464d6d3ac6a3400003a,0.1,-0.0,1
bioasq_train,bioasq13b_53312464d6d3ac6a3400003a,0.15,-0.0,1
bioasq_train,bioasq13b_53312464d6d3ac6a3400003a,0.2,-0.0,1
bioasq_train,bioasq13b_53312464d6d3ac6a3400003a,0.25,-0.0,1
bioasq_train,bioasq13b_53312464d6d3ac6a3400003a,0.3,-0.0,1
bioasq_train,bioasq13b_56ae35bc0a360a5e45000007,0.05,-0.0,1
bioasq_train,bioasq13b_56ae35bc0a360a5e45000007,0.1,-0.0,1
bioasq_train,bioasq13b_56ae35bc0a360a5e45000007,0.15,-0.0,1
bioasq_train,bioasq13b_56ae35bc0a360a5e45000007,0.2,-0.0,1
bioasq_train,bioasq13b_56ae35bc0a360a5e45000007,0.25,-0.0,1
bioasq_train,bioasq13b_56ae35bc0a360a5e45000007,0.3,-0.0,1
bioasq_train,bioasq13b_54fc97b86ad7dcbc12000002,0.05,-0.0,1
bioasq_train,bioasq13b_54fc97b86ad7dcbc12000002,0.1,-0.0,1
bioasq_train,bioasq13b_54fc97b86ad7dcbc12000002,0.15,-0.0,1
bioasq_train,bioasq13b_54fc97b86ad7dcbc12000002,0.2,-0.0,1
bioasq_train,bioasq13b_54fc97b86ad7dcbc12000002,0.25,-0.0,1
bioasq_train,bioasq13b_54fc97b86ad7dcbc12000002,0.3,-0.0,1
bioasq_train,bioasq13b_56ccae765795f9a73e000035,0.05,-0.0,1
bioasq_train,bioasq13b_56ccae765795f9a73e000035,0.1,-0.0,1
bioasq_train,bioasq13b_56ccae765795f9a73e000035,0.15,-0.0,1
bioasq_train,bioasq13b_56ccae765795f9a73e000035,0.2,-0.0,1
bioasq_train,bioasq13b_56ccae765795f9a73e000035,0.25,-0.0,1
bioasq_train,bioasq13b_56ccae765795f9a73e000035,0.3,-0.0,1
bioasq_train,bioasq13b_56f112932ac5ed145900000d,0.05,0.55583362792012,4
bioasq_train,bioasq13b_56f112932ac5ed145900000d,0.1,-0.0,1
bioasq_train,bioasq13b_56f112932ac5ed145900000d,0.15,-0.0,1
bioasq_train,bioasq13b_56f112932ac5ed145900000d,0.2,-0.0,1
bioasq_train,bioasq13b_56f112932ac5ed145900000d,0.25,-0.0,1
bioasq_train,bioasq13b_56f112932ac5ed145900000d,0.3,-0.0,1
bioasq_train,bioasq13b_57169662cb4ef8864c000008,0.05,0.38997287335391506,3
bioasq_train,bioasq13b_57169662cb4ef8864c000008,0.1,0.14118174150460758,2
bioasq_train,bioasq13b_57169662cb4ef8864c000008,0.15,-0.0,1
bioasq_train,bioasq13b_57169662cb4ef8864c000008,0.2,-0.0,1
bioasq_train,bioasq13b_57169662cb4ef8864c000008,0.25,-0.0,1
bioasq_train,bioasq13b_57169662cb4ef8864c000008,0.3,-0.0,1
bioasq_train,bioasq13b_54f57892d0d681a040000009,0.05,0.29228525323862886,2
bioasq_train,bioasq13b_54f57892d0d681a040000009,0.1,-0.0,1
bioasq_train,bioasq13b_54f57892d0d681a040000009,0.15,-0.0,1
bioasq_train,bioasq13b_54f57892d0d681a040000009,0.2,-0.0,1
bioasq_train,bioasq13b_54f57892d0d681a040000009,0.25,-0.0,1
bioasq_train,bioasq13b_54f57892d0d681a040000009,0.3,-0.0,1
bioasq_train,bioasq13b_56a7d5afa17756b72f000002,0.05,0.30102999566398114,2
bioasq_train,bioasq13b_56a7d5afa17756b72f000002,0.1,-0.0,1
bioasq_train,bioasq13b_56a7d5afa17756b72f000002,0.15,-0.0,1
bioasq_train,bioasq13b_56a7d5afa17756b72f000002,0.2,-0.0,1
bioasq_train,bioasq13b_56a7d5afa17756b72f000002,0.25,-0.0,1
bioasq_train,bioasq13b_56a7d5afa17756b72f000002,0.3,-0.0,1
bioasq_train,bioasq13b_53188c12b166e2b80600001a,0.05,-0.0,1
bioasq_train,bioasq13b_53188c12b166e2b80600001a,0.1,-0.0,1
bioasq_train,bioasq13b_53188c12b166e2b80600001a,0.15,-0.0,1
bioasq_train,bioasq13b_53188c12b166e2b80600001a,0.2,-0.0,1
bioasq_train,bioasq13b_53188c12b166e2b80600001a,0.25,-0.0,1
bioasq_train,bioasq13b_53188c12b166e2b80600001a,0.3,-0.0,1
bioasq_train,bioasq13b_5523dc8c7b523f2123000002,0.05,-0.0,1
bioasq_train,bioasq13b_5523dc8c7b523f2123000002,0.1,-0.0,1
bioasq_train,bioasq13b_5523dc8c7b523f2123000002,0.15,-0.0,1
bioasq_train,bioasq13b_5523dc8c7b523f2123000002,0.2,-0.0,1
bioasq_train,bioasq13b_5523dc8c7b523f2123000002,0.25,-0.0,1
bioasq_train,bioasq13b_5523dc8c7b523f2123000002,0.3,-0.0,1
bioasq_train,bioasq13b_5710ade4cf1c32585100002c,0.05,-0.0,1
bioasq_train,bioasq13b_5710ade4cf1c32585100002c,0.1,-0.0,1
bioasq_train,bioasq13b_5710ade4cf1c32585100002c,0.15,-0.0,1
bioasq_train,bioasq13b_5710ade4cf1c32585100002c,0.2,-0.0,1
bioasq_train,bioasq13b_5710ade4cf1c32585100002c,0.25,-0.0,1
bioasq_train,bioasq13b_5710ade4cf1c32585100002c,0.3,-0.0,1
bioasq_train,bioasq13b_532ad23ad6d3ac6a34000011,0.05,0.5073786214160918,4
bioasq_train,bioasq13b_532ad23ad6d3ac6a34000011,0.1,-0.0,1
bioasq_train,bioasq13b_532ad23ad6d3ac6a34000011,0.15,-0.0,1
bioasq_train,bioasq13b_532ad23ad6d3ac6a34000011,0.2,-0.0,1
bioasq_train,bioasq13b_532ad23ad6d3ac6a34000011,0.25,-0.0,1
bioasq_train,bioasq13b_532ad23ad6d3ac6a34000011,0.3,-0.0,1
bioasq_train,bioasq13b_56b2863945561f0573000001,0.05,0.7364516253185087,6
bioasq_train,bioasq13b_56b2863945561f0573000001,0.1,0.29228525323862886,2
bioasq_train,bioasq13b_56b2863945561f0573000001,0.15,0.29228525323862886,2
bioasq_train,bioasq13b_56b2863945561f0573000001,0.2,-0.0,1
bioasq_train,bioasq13b_56b2863945561f0573000001,0.25,-0.0,1
bioasq_train,bioasq13b_56b2863945561f0573000001,0.3,-0.0,1
bioasq_train,bioasq13b_5318a6b2b166e2b80600001f,0.05,0.14118174150460758,2
bioasq_train,bioasq13b_5318a6b2b166e2b80600001f,0.1,0.14118174150460758,2
bioasq_train,bioasq13b_5318a6b2b166e2b80600001f,0.15,-0.0,1
bioasq_train,bioasq13b_5318a6b2b166e2b80600001f,0.2,-0.0,1
bioasq_train,bioasq13b_5318a6b2b166e2b80600001f,0.25,-0.0,1
bioasq_train,bioasq13b_5318a6b2b166e2b80600001f,0.3,-0.0,1
bioasq_train,bioasq13b_52bf1df903868f1b06000013,0.05,-0.0,1
bioasq_train,bioasq13b_52bf1df903868f1b06000013,0.1,-0.0,1
bioasq_train,bioasq13b_52bf1df903868f1b06000013,0.15,-0.0,1
bioasq_train,bioasq13b_52bf1df903868f1b06000013,0.2,-0.0,1
bioasq_train,bioasq13b_52bf1df903868f1b06000013,0.25,-0.0,1
bioasq_train,bioasq13b_52bf1df903868f1b06000013,0.3,-0.0,1
bioasq_train,bioasq13b_5319ac7fb166e2b806000033,0.05,0.21732201127364886,2
bioasq_train,bioasq13b_5319ac7fb166e2b806000033,0.1,-0.0,1
bioasq_train,bioasq13b_5319ac7fb166e2b806000033,0.15,-0.0,1
bioasq_train,bioasq13b_5319ac7fb166e2b806000033,0.2,-0.0,1
bioasq_train,bioasq13b_5319ac7fb166e2b806000033,0.25,-0.0,1
bioasq_train,bioasq13b_5319ac7fb166e2b806000033,0.3,-0.0,1
bioasq_train,bioasq13b_534428feaeec6fbd0700000a,0.05,-0.0,1
bioasq_train,bioasq13b_534428feaeec6fbd0700000a,0.1,-0.0,1
bioasq_train,bioasq13b_534428feaeec6fbd0700000a,0.15,-0.0,1
bioasq_train,bioasq13b_534428feaeec6fbd0700000a,0.2,-0.0,1
bioasq_train,bioasq13b_534428feaeec6fbd0700000a,0.25,-0.0,1
bioasq_train,bioasq13b_534428feaeec6fbd0700000a,0.3,-0.0,1
bioasq_train,bioasq13b_552016a36b348bb82c000018,0.05,-0.0,1
bioasq_train,bioasq13b_552016a36b348bb82c000018,0.1,-0.0,1
bioasq_train,bioasq13b_552016a36b348bb82c000018,0.15,-0.0,1
bioasq_train,bioasq13b_552016a36b348bb82c000018,0.2,-0.0,1
bioasq_train,bioasq13b_552016a36b348bb82c000018,0.25,-0.0,1
bioasq_train,bioasq13b_552016a36b348bb82c000018,0.3,-0.0,1
bioasq_train,bioasq13b_532f0511d6d3ac6a34000024,0.05,-0.0,1
bioasq_train,bioasq13b_532f0511d6d3ac6a34000024,0.1,-0.0,1
bioasq_train,bioasq13b_532f0511d6d3ac6a34000024,0.15,-0.0,1
bioasq_train,bioasq13b_532f0511d6d3ac6a34000024,0.2,-0.0,1
bioasq_train,bioasq13b_532f0511d6d3ac6a34000024,0.25,-0.0,1
bioasq_train,bioasq13b_532f0511d6d3ac6a34000024,0.3,-0.0,1
bioasq_train,bioasq13b_54d9071a4b1fd0d33c000007,0.05,-0.0,1
bioasq_train,bioasq13b_54d9071a4b1fd0d33c000007,0.1,-0.0,1
bioasq_train,bioasq13b_54d9071a4b1fd0d33c000007,0.15,-0.0,1
bioasq_train,bioasq13b_54d9071a4b1fd0d33c000007,0.2,-0.0,1
bioasq_train,bioasq13b_54d9071a4b1fd0d33c000007,0.25,-0.0,1
bioasq_train,bioasq13b_54d9071a4b1fd0d33c000007,0.3,-0.0,1
bioasq_train,bioasq13b_551c2cd26b348bb82c00000d,0.05,0.14118174150460758,2
bioasq_train,bioasq13b_551c2cd26b348bb82c00000d,0.1,0.14118174150460758,2
bioasq_train,bioasq13b_551c2cd26b348bb82c00000d,0.15,-0.0,1
bioasq_train,bioasq13b_551c2cd26b348bb82c00000d,0.2,-0.0,1
bioasq_train,bioasq13b_551c2cd26b348bb82c00000d,0.25,-0.0,1
bioasq_train,bioasq13b_551c2cd26b348bb82c00000d,0.3,-0.0,1
bioasq_train,bioasq13b_56e45bc651531f7e33000018,0.05,0.29228525323862886,2
bioasq_train,bioasq13b_56e45bc651531f7e33000018,0.1,-0.0,1
bioasq_train,bioasq13b_56e45bc651531f7e33000018,0.15,-0.0,1
bioasq_train,bioasq13b_56e45bc651531f7e33000018,0.2,-0.0,1
bioasq_train,bioasq13b_56e45bc651531f7e33000018,0.25,-0.0,1
bioasq_train,bioasq13b_56e45bc651531f7e33000018,0.3,-0.0,1
bioasq_train,bioasq13b_53319916d6d3ac6a3400003f,0.05,-0.0,1
bioasq_train,bioasq13b_53319916d6d3ac6a3400003f,0.1,-0.0,1
bioasq_train,bioasq13b_53319916d6d3ac6a3400003f,0.15,-0.0,1
bioasq_train,bioasq13b_53319916d6d3ac6a3400003f,0.2,-0.0,1
bioasq_train,bioasq13b_53319916d6d3ac6a3400003f,0.25,-0.0,1
bioasq_train,bioasq13b_53319916d6d3ac6a3400003f,0.3,-0.0,1
bioasq_train,bioasq13b_55152c0a46478f2f2c000004,0.05,-0.0,1
bioasq_train,bioasq13b_55152c0a46478f2f2c000004,0.1,-0.0,1
bioasq_train,bioasq13b_55152c0a46478f2f2c000004,0.15,-0.0,1
bioasq_train,bioasq13b_55152c0a46478f2f2c000004,0.2,-0.0,1
bioasq_train,bioasq13b_55152c0a46478f2f2c000004,0.25,-0.0,1
bioasq_train,bioasq13b_55152c0a46478f2f2c000004,0.3,-0.0,1
bioasq_train,bioasq13b_56bb54d3ac7ad10019000006,0.05,0.4096910013008056,3
bioasq_train,bioasq13b_56bb54d3ac7ad10019000006,0.1,-0.0,1
bioasq_train,bioasq13b_56bb54d3ac7ad10019000006,0.15,-0.0,1
bioasq_train,bioasq13b_56bb54d3ac7ad10019000006,0.2,-0.0,1
bioasq_train,bioasq13b_56bb54d3ac7ad10019000006,0.25,-0.0,1
bioasq_train,bioasq13b_56bb54d3ac7ad10019000006,0.3,-0.0,1
bioasq_train,bioasq13b_5309fa5e970c65fa6b000003,0.05,0.30102999566398114,2
bioasq_train,bioasq13b_5309fa5e970c65fa6b000003,0.1,-0.0,1
bioasq_train,bioasq13b_5309fa5e970c65fa6b000003,0.15,-0.0,1
bioasq_train,bioasq13b_5309fa5e970c65fa6b000003,0.2,-0.0,1
bioasq_train,bioasq13b_5309fa5e970c65fa6b000003,0.25,-0.0,1
bioasq_train,bioasq13b_5309fa5e970c65fa6b000003,0.3,-0.0,1
bioasq_train,bioasq13b_56c23652ef6e39474100005a,0.05,-0.0,1
bioasq_train,bioasq13b_56c23652ef6e39474100005a,0.1,-0.0,1
bioasq_train,bioasq13b_56c23652ef6e39474100005a,0.15,-0.0,1
bioasq_train,bioasq13b_56c23652ef6e39474100005a,0.2,-0.0,1
bioasq_train,bioasq13b_56c23652ef6e39474100005a,0.25,-0.0,1
bioasq_train,bioasq13b_56c23652ef6e39474100005a,0.3,-0.0,1
bioasq_train,bioasq13b_52f89fba2059c6d71c00004f,0.05,-0.0,1
bioasq_train,bioasq13b_52f89fba2059c6d71c00004f,0.1,-0.0,1
bioasq_train,bioasq13b_52f89fba2059c6d71c00004f,0.15,-0.0,1
bioasq_train,bioasq13b_52f89fba2059c6d71c00004f,0.2,-0.0,1
bioasq_train,bioasq13b_52f89fba2059c6d71c00004f,0.25,-0.0,1
bioasq_train,bioasq13b_52f89fba2059c6d71c00004f,0.3,-0.0,1
bioasq_train,bioasq13b_5335ebb6d6d3ac6a34000054,0.05,0.2652949955741215,2
bioasq_train,bioasq13b_5335ebb6d6d3ac6a34000054,0.1,-0.0,1
bioasq_train,bioasq13b_5335ebb6d6d3ac6a34000054,0.15,-0.0,1
bioasq_train,bioasq13b_5335ebb6d6d3ac6a34000054,0.2,-0.0,1
bioasq_train,bioasq13b_5335ebb6d6d3ac6a34000054,0.25,-0.0,1
bioasq_train,bioasq13b_5335ebb6d6d3ac6a34000054,0.3,-0.0,1
bioasq_train,bioasq13b_554403395beec11c10000001,0.05,-0.0,1
bioasq_train,bioasq13b_554403395beec11c10000001,0.1,-0.0,1
bioasq_train,bioasq13b_554403395beec11c10000001,0.15,-0.0,1
bioasq_train,bioasq13b_554403395beec11c10000001,0.2,-0.0,1
bioasq_train,bioasq13b_554403395beec11c10000001,0.25,-0.0,1
bioasq_train,bioasq13b_554403395beec11c10000001,0.3,-0.0,1
bioasq_train,bioasq13b_53175e4fb166e2b806000008,0.05,-0.0,1
bioasq_train,bioasq13b_53175e4fb166e2b806000008,0.1,-0.0,1
bioasq_train,bioasq13b_53175e4fb166e2b806000008,0.15,-0.0,1
bioasq_train,bioasq13b_53175e4fb166e2b806000008,0.2,-0.0,1
bioasq_train,bioasq13b_53175e4fb166e2b806000008,0.25,-0.0,1
bioasq_train,bioasq13b_53175e4fb166e2b806000008,0.3,-0.0,1
bioasq_train,bioasq13b_5341d15dc45e133714000018,0.05,-0.0,1
bioasq_train,bioasq13b_5341d15dc45e133714000018,0.1,-0.0,1
bioasq_train,bioasq13b_5341d15dc45e133714000018,0.15,-0.0,1
bioasq_train,bioasq13b_5341d15dc45e133714000018,0.2,-0.0,1
bioasq_train,bioasq13b_5341d15dc45e133714000018,0.25,-0.0,1
bioasq_train,bioasq13b_5341d15dc45e133714000018,0.3,-0.0,1
bioasq_train,bioasq13b_55424745ed966d112c000002,0.05,0.40843137199002016,4
bioasq_train,bioasq13b_55424745ed966d112c000002,0.1,0.14118174150460758,2
bioasq_train,bioasq13b_55424745ed966d112c000002,0.15,-0.0,1
bioasq_train,bioasq13b_55424745ed966d112c000002,0.2,-0.0,1
bioasq_train,bioasq13b_55424745ed966d112c000002,0.25,-0.0,1
bioasq_train,bioasq13b_55424745ed966d112c000002,0.3,-0.0,1
bioasq_train,bioasq13b_530a34eb970c65fa6b000004,0.05,-0.0,1
bioasq_train,bioasq13b_530a34eb970c65fa6b000004,0.1,-0.0,1
bioasq_train,bioasq13b_530a34eb970c65fa6b000004,0.15,-0.0,1
bioasq_train,bioasq13b_530a34eb970c65fa6b000004,0.2,-0.0,1
bioasq_train,bioasq13b_530a34eb970c65fa6b000004,0.25,-0.0,1
bioasq_train,bioasq13b_530a34eb970c65fa6b000004,0.3,-0.0,1
bioasq_train,bioasq13b_570a7594cf1c325851000026,0.05,-0.0,1
bioasq_train,bioasq13b_570a7594cf1c325851000026,0.1,-0.0,1
bioasq_train,bioasq13b_570a7594cf1c325851000026,0.15,-0.0,1
bioasq_train,bioasq13b_570a7594cf1c325851000026,0.2,-0.0,1
bioasq_train,bioasq13b_570a7594cf1c325851000026,0.25,-0.0,1
bioasq_train,bioasq13b_570a7594cf1c325851000026,0.3,-0.0,1
bioasq_train,bioasq13b_56a8b1a5a17756b72f000004,0.05,-0.0,1
bioasq_train,bioasq13b_56a8b1a5a17756b72f000004,0.1,-0.0,1
bioasq_train,bioasq13b_56a8b1a5a17756b72f000004,0.15,-0.0,1
bioasq_train,bioasq13b_56a8b1a5a17756b72f000004,0.2,-0.0,1
bioasq_train,bioasq13b_56a8b1a5a17756b72f000004,0.25,-0.0,1
bioasq_train,bioasq13b_56a8b1a5a17756b72f000004,0.3,-0.0,1
bioasq_train,bioasq13b_530cefaaad0bf1360c000006,0.05,-0.0,1
bioasq_train,bioasq13b_530cefaaad0bf1360c000006,0.1,-0.0,1
bioasq_train,bioasq13b_530cefaaad0bf1360c000006,0.15,-0.0,1
bioasq_train,bioasq13b_530cefaaad0bf1360c000006,0.2,-0.0,1
bioasq_train,bioasq13b_530cefaaad0bf1360c000006,0.25,-0.0,1
bioasq_train,bioasq13b_530cefaaad0bf1360c000006,0.3,-0.0,1
bioasq_train,bioasq13b_55476a3ff35db75526000003,0.05,0.2775280104064451,3
bioasq_train,bioasq13b_55476a3ff35db75526000003,0.1,-0.0,1
bioasq_train,bioasq13b_55476a3ff35db75526000003,0.15,-0.0,1
bioasq_train,bioasq13b_55476a3ff35db75526000003,0.2,-0.0,1
bioasq_train,bioasq13b_55476a3ff35db75526000003,0.25,-0.0,1
bioasq_train,bioasq13b_55476a3ff35db75526000003,0.3,-0.0,1
bioasq_train,bioasq13b_530cefaaad0bf1360c000009,0.05,-0.0,1
bioasq_train,bioasq13b_530cefaaad0bf1360c000009,0.1,-0.0,1
bioasq_train,bioasq13b_530cefaaad0bf1360c000009,0.15,-0.0,1
bioasq_train,bioasq13b_530cefaaad0bf1360c000009,0.2,-0.0,1
bioasq_train,bioasq13b_530cefaaad0bf1360c000009,0.25,-0.0,1
bioasq_train,bioasq13b_530cefaaad0bf1360c000009,0.3,-0.0,1
bioasq_train,bioasq13b_52fa74252059c6d71c00005b,0.05,0.4729032506370176,4
bioasq_train,bioasq13b_52fa74252059c6d71c00005b,0.1,0.34822537285722394,3
bioasq_train,bioasq13b_52fa74252059c6d71c00005b,0.15,0.14118174150460758,2
bioasq_train,bioasq13b_52fa74252059c6d71c00005b,0.2,-0.0,1
bioasq_train,bioasq13b_52fa74252059c6d71c00005b,0.25,-0.0,1
bioasq_train,bioasq13b_52fa74252059c6d71c00005b,0.3,-0.0,1
bioasq_train,bioasq13b_56f3f94109dd18d46b000001,0.05,-0.0,1
bioasq_train,bioasq13b_56f3f94109dd18d46b000001,0.1,-0.0,1
bioasq_train,bioasq13b_56f3f94109dd18d46b000001,0.15,-0.0,1
bioasq_train,bioasq13b_56f3f94109dd18d46b000001,0.2,-0.0,1
bioasq_train,bioasq13b_56f3f94109dd18d46b000001,0.25,-0.0,1
bioasq_train,bioasq13b_56f3f94109dd18d46b000001,0.3,-0.0,1
bioasq_train,bioasq13b_530cefaaad0bf1360c00000b,0.05,-0.0,1
bioasq_train,bioasq13b_530cefaaad0bf1360c00000b,0.1,-0.0,1
bioasq_train,bioasq13b_530cefaaad0bf1360c00000b,0.15,-0.0,1
bioasq_train,bioasq13b_530cefaaad0bf1360c00000b,0.2,-0.0,1
bioasq_train,bioasq13b_530cefaaad0bf1360c00000b,0.25,-0.0,1
bioasq_train,bioasq13b_530cefaaad0bf1360c00000b,0.3,-0.0,1
bioasq_train,bioasq13b_54f09a5894afd6150400001c,0.05,-0.0,1
bioasq_train,bioasq13b_54f09a5894afd6150400001c,0.1,-0.0,1
bioasq_train,bioasq13b_54f09a5894afd6150400001c,0.15,-0.0,1
bioasq_train,bioasq13b_54f09a5894afd6150400001c,0.2,-0.0,1
bioasq_train,bioasq13b_54f09a5894afd6150400001c,0.25,-0.0,1
bioasq_train,bioasq13b_54f09a5894afd6150400001c,0.3,-0.0,1
bioasq_train,bioasq13b_530cefaaad0bf1360c00000e,0.05,-0.0,1
bioasq_train,bioasq13b_530cefaaad0bf1360c00000e,0.1,-0.0,1
bioasq_train,bioasq13b_530cefaaad0bf1360c00000e,0.15,-0.0,1
bioasq_train,bioasq13b_530cefaaad0bf1360c00000e,0.2,-0.0,1
bioasq_train,bioasq13b_530cefaaad0bf1360c00000e,0.25,-0.0,1
bioasq_train,bioasq13b_530cefaaad0bf1360c00000e,0.3,-0.0,1
bioasq_train,bioasq13b_533c3571c45e133714000005,0.05,0.21732201127364886,2
bioasq_train,bioasq13b_533c3571c45e133714000005,0.1,-0.0,1
bioasq_train,bioasq13b_533c3571c45e133714000005,0.15,-0.0,1
bioasq_train,bioasq13b_533c3571c45e133714000005,0.2,-0.0,1
bioasq_train,bioasq13b_533c3571c45e133714000005,0.25,-0.0,1
bioasq_train,bioasq13b_533c3571c45e133714000005,0.3,-0.0,1
bioasq_train,bioasq13b_54f1e887c409818c32000004,0.05,-0.0,1
bioasq_train,bioasq13b_54f1e887c409818c32000004,0.1,-0.0,1
bioasq_train,bioasq13b_54f1e887c409818c32000004,0.15,-0.0,1
bioasq_train,bioasq13b_54f1e887c409818c32000004,0.2,-0.0,1
bioasq_train,bioasq13b_54f1e887c409818c32000004,0.25,-0.0,1
bioasq_train,bioasq13b_54f1e887c409818c32000004,0.3,-0.0,1
bioasq_train,bioasq13b_52e204a998d0239505000012,0.05,0.21732201127364886,2
bioasq_train,bioasq13b_52e204a998d0239505000012,0.1,-0.0,1
bioasq_train,bioasq13b_52e204a998d0239505000012,0.15,-0.0,1
bioasq_train,bioasq13b_52e204a998d0239505000012,0.2,-0.0,1
bioasq_train,bioasq13b_52e204a998d0239505000012,0.25,-0.0,1
bioasq_train,bioasq13b_52e204a998d0239505000012,0.3,-0.0,1
bioasq_train,bioasq13b_5357a514f1005d6b58000003,0.05,0.14118174150460758,2
bioasq_train,bioasq13b_5357a514f1005d6b58000003,0.1,-0.0,1
bioasq_train,bioasq13b_5357a514f1005d6b58000003,0.15,-0.0,1
bioasq_train,bioasq13b_5357a514f1005d6b58000003,0.2,-0.0,1
bioasq_train,bioasq13b_5357a514f1005d6b58000003,0.25,-0.0,1
bioasq_train,bioasq13b_5357a514f1005d6b58000003,0.3,-0.0,1
bioasq_train,bioasq13b_5321bc029b2d7acc7e00000c,0.05,0.4096910013008056,3
bioasq_train,bioasq13b_5321bc029b2d7acc7e00000c,0.1,0.14118174150460758,2
bioasq_train,bioasq13b_5321bc029b2d7acc7e00000c,0.15,-0.0,1
bioasq_train,bioasq13b_5321bc029b2d7acc7e00000c,0.2,-0.0,1
bioasq_train,bioasq13b_5321bc029b2d7acc7e00000c,0.25,-0.0,1
bioasq_train,bioasq13b_5321bc029b2d7acc7e00000c,0.3,-0.0,1
bioasq_train,bioasq13b_530b01a6970c65fa6b000008,0.05,-0.0,1
bioasq_train,bioasq13b_530b01a6970c65fa6b000008,0.1,-0.0,1
bioasq_train,bioasq13b_530b01a6970c65fa6b000008,0.15,-0.0,1
bioasq_train,bioasq13b_530b01a6970c65fa6b000008,0.2,-0.0,1
bioasq_train,bioasq13b_530b01a6970c65fa6b000008,0.25,-0.0,1
bioasq_train,bioasq13b_530b01a6970c65fa6b000008,0.3,-0.0,1
bioasq_train,bioasq13b_5314c045dae131f847000007,0.05,-0.0,1
bioasq_train,bioasq13b_5314c045dae131f847000007,0.1,-0.0,1
bioasq_train,bioasq13b_5314c045dae131f847000007,0.15,-0.0,1
bioasq_train,bioasq13b_5314c045dae131f847000007,0.2,-0.0,1
bioasq_train,bioasq13b_5314c045dae131f847000007,0.25,-0.0,1
bioasq_train,bioasq13b_5314c045dae131f847000007,0.3,-0.0,1
bioasq_train,bioasq13b_54f4914bd0d681a040000001,0.05,-0.0,1
bioasq_train,bioasq13b_54f4914bd0d681a040000001,0.1,-0.0,1
bioasq_train,bioasq13b_54f4914bd0d681a040000001,0.15,-0.0,1
bioasq_train,bioasq13b_54f4914bd0d681a040000001,0.2,-0.0,1
bioasq_train,bioasq13b_54f4914bd0d681a040000001,0.25,-0.0,1
bioasq_train,bioasq13b_54f4914bd0d681a040000001,0.3,-0.0,1
bioasq_train,bioasq13b_550313aae9bde6963400001f,0.05,-0.0,1
bioasq_train,bioasq13b_550313aae9bde6963400001f,0.1,-0.0,1
bioasq_train,bioasq13b_550313aae9bde6963400001f,0.15,-0.0,1
bioasq_train,bioasq13b_550313aae9bde6963400001f,0.2,-0.0,1
bioasq_train,bioasq13b_550313aae9bde6963400001f,0.25,-0.0,1
bioasq_train,bioasq13b_550313aae9bde6963400001f,0.3,-0.0,1
bioasq_train,bioasq13b_551177626a8cde6b72000005,0.05,0.21732201127364886,2
bioasq_train,bioasq13b_551177626a8cde6b72000005,0.1,-0.0,1
bioasq_train,bioasq13b_551177626a8cde6b72000005,0.15,-0.0,1
bioasq_train,bioasq13b_551177626a8cde6b72000005,0.2,-0.0,1
bioasq_train,bioasq13b_551177626a8cde6b72000005,0.25,-0.0,1
bioasq_train,bioasq13b_551177626a8cde6b72000005,0.3,-0.0,1
bioasq_train,bioasq13b_52fc94ae2059c6d71c000073,0.05,-0.0,1
bioasq_train,bioasq13b_52fc94ae2059c6d71c000073,0.1,-0.0,1
bioasq_train,bioasq13b_52fc94ae2059c6d71c000073,0.15,-0.0,1
bioasq_train,bioasq13b_52fc94ae2059c6d71c000073,0.2,-0.0,1
bioasq_train,bioasq13b_52fc94ae2059c6d71c000073,0.25,-0.0,1
bioasq_train,bioasq13b_52fc94ae2059c6d71c000073,0.3,-0.0,1
bioasq_train,bioasq13b_54fc3cf410565e080c000001,0.05,-0.0,1
bioasq_train,bioasq13b_54fc3cf410565e080c000001,0.1,-0.0,1
bioasq_train,bioasq13b_54fc3cf410565e080c000001,0.15,-0.0,1
bioasq_train,bioasq13b_54fc3cf410565e080c000001,0.2,-0.0,1
bioasq_train,bioasq13b_54fc3cf410565e080c000001,0.25,-0.0,1
bioasq_train,bioasq13b_54fc3cf410565e080c000001,0.3,-0.0,1
bioasq_train,bioasq13b_56cafb1b5795f9a73e00002f,0.05,-0.0,1
bioasq_train,bioasq13b_56cafb1b5795f9a73e00002f,0.1,-0.0,1
bioasq_train,bioasq13b_56cafb1b5795f9a73e00002f,0.15,-0.0,1
bioasq_train,bioasq13b_56cafb1b5795f9a73e00002f,0.2,-0.0,1
bioasq_train,bioasq13b_56cafb1b5795f9a73e00002f,0.25,-0.0,1
bioasq_train,bioasq13b_56cafb1b5795f9a73e00002f,0.3,-0.0,1
bioasq_train,bioasq13b_533175add6d3ac6a3400003c,0.05,-0.0,1
bioasq_train,bioasq13b_533175add6d3ac6a3400003c,0.1,-0.0,1
bioasq_train,bioasq13b_533175add6d3ac6a3400003c,0.15,-0.0,1
bioasq_train,bioasq13b_533175add6d3ac6a3400003c,0.2,-0.0,1
bioasq_train,bioasq13b_533175add6d3ac6a3400003c,0.25,-0.0,1
bioasq_train,bioasq13b_533175add6d3ac6a3400003c,0.3,-0.0,1
bioasq_train,bioasq13b_53175f0bb166e2b80600000c,0.05,0.4096910013008056,3
bioasq_train,bioasq13b_53175f0bb166e2b80600000c,0.1,0.29228525323862886,2
bioasq_train,bioasq13b_53175f0bb166e2b80600000c,0.15,-0.0,1
bioasq_train,bioasq13b_53175f0bb166e2b80600000c,0.2,-0.0,1
bioasq_train,bioasq13b_53175f0bb166e2b80600000c,0.25,-0.0,1
bioasq_train,bioasq13b_53175f0bb166e2b80600000c,0.3,-0.0,1
bioasq_train,bioasq13b_56c234a4ef6e394741000059,0.05,-0.0,1
bioasq_train,bioasq13b_56c234a4ef6e394741000059,0.1,-0.0,1
bioasq_train,bioasq13b_56c234a4ef6e394741000059,0.15,-0.0,1
bioasq_train,bioasq13b_56c234a4ef6e394741000059,0.2,-0.0,1
bioasq_train,bioasq13b_56c234a4ef6e394741000059,0.25,-0.0,1
bioasq_train,bioasq13b_56c234a4ef6e394741000059,0.3,-0.0,1
bioasq_train,bioasq13b_533eba45c45e133714000014,0.05,0.4126972515042214,3
bioasq_train,bioasq13b_533eba45c45e133714000014,0.1,-0.0,1
bioasq_train,bioasq13b_533eba45c45e133714000014,0.15,-0.0,1
bioasq_train,bioasq13b_533eba45c45e133714000014,0.2,-0.0,1
bioasq_train,bioasq13b_533eba45c45e133714000014,0.25,-0.0,1
bioasq_train,bioasq13b_533eba45c45e133714000014,0.3,-0.0,1
bioasq_train,bioasq13b_54eded8c94afd6150400000c,0.05,0.2652949955741215,2
bioasq_train,bioasq13b_54eded8c94afd6150400000c,0.1,-0.0,1
bioasq_train,bioasq13b_54eded8c94afd6150400000c,0.15,-0.0,1
bioasq_train,bioasq13b_54eded8c94afd6150400000c,0.2,-0.0,1
bioasq_train,bioasq13b_54eded8c94afd6150400000c,0.25,-0.0,1
bioasq_train,bioasq13b_54eded8c94afd6150400000c,0.3,-0.0,1
bioasq_train,bioasq13b_55435a46ed966d112c000006,0.05,-0.0,1
bioasq_train,bioasq13b_55435a46ed966d112c000006,0.1,-0.0,1
bioasq_train,bioasq13b_55435a46ed966d112c000006,0.15,-0.0,1
bioasq_train,bioasq13b_55435a46ed966d112c000006,0.2,-0.0,1
bioasq_train,bioasq13b_55435a46ed966d112c000006,0.25,-0.0,1
bioasq_train,bioasq13b_55435a46ed966d112c000006,0.3,-0.0,1
bioasq_train,bioasq13b_54fc48bb6ea36a810c000002,0.05,-0.0,1
bioasq_train,bioasq13b_54fc48bb6ea36a810c000002,0.1,-0.0,1
bioasq_train,bioasq13b_54fc48bb6ea36a810c000002,0.15,-0.0,1
bioasq_train,bioasq13b_54fc48bb6ea36a810c000002,0.2,-0.0,1
bioasq_train,bioasq13b_54fc48bb6ea36a810c000002,0.25,-0.0,1
bioasq_train,bioasq13b_54fc48bb6ea36a810c000002,0.3,-0.0,1
bioasq_train,bioasq13b_532ad4b4d6d3ac6a34000012,0.05,0.8568636235841012,8
bioasq_train,bioasq13b_532ad4b4d6d3ac6a34000012,0.1,0.6535212480354062,5
bioasq_train,bioasq13b_532ad4b4d6d3ac6a34000012,0.15,0.29228525323862886,2
bioasq_train,bioasq13b_532ad4b4d6d3ac6a34000012,0.2,0.29228525323862886,2
bioasq_train,bioasq13b_532ad4b4d6d3ac6a34000012,0.25,-0.0,1
bioasq_train,bioasq13b_532ad4b4d6d3ac6a34000012,0.3,-0.0,1
bioasq_train,bioasq13b_56a3a6c9496b62f23f000008,0.05,-0.0,1
bioasq_train,bioasq13b_56a3a6c9496b62f23f000008,0.1,-0.0,1
bioasq_train,bioasq13b_56a3a6c9496b62f23f000008,0.15,-0.0,1
bioasq_train,bioasq13b_56a3a6c9496b62f23f000008,0.2,-0.0,1
bioasq_train,bioasq13b_56a3a6c9496b62f23f000008,0.25,-0.0,1
bioasq_train,bioasq13b_56a3a6c9496b62f23f000008,0.3,-0.0,1
bioasq_train,bioasq13b_56b469448525abca1e000007,0.05,-0.0,1
bioasq_train,bioasq13b_56b469448525abca1e000007,0.1,-0.0,1
bioasq_train,bioasq13b_56b469448525abca1e000007,0.15,-0.0,1
bioasq_train,bioasq13b_56b469448525abca1e000007,0.2,-0.0,1
bioasq_train,bioasq13b_56b469448525abca1e000007,0.25,-0.0,1
bioasq_train,bioasq13b_56b469448525abca1e000007,0.3,-0.0,1
bioasq_train,bioasq13b_57167625cb4ef8864c000006,0.05,-0.0,1
bioasq_train,bioasq13b_57167625cb4ef8864c000006,0.1,-0.0,1
bioasq_train,bioasq13b_57167625cb4ef8864c000006,0.15,-0.0,1
bioasq_train,bioasq13b_57167625cb4ef8864c000006,0.2,-0.0,1
bioasq_train,bioasq13b_57167625cb4ef8864c000006,0.25,-0.0,1
bioasq_train,bioasq13b_57167625cb4ef8864c000006,0.3,-0.0,1
bioasq_train,bioasq13b_54ede5a494afd61504000005,0.05,0.4126972515042214,3
bioasq_train,bioasq13b_54ede5a494afd61504000005,0.1,-0.0,1
bioasq_train,bioasq13b_54ede5a494afd61504000005,0.15,-0.0,1
bioasq_train,bioasq13b_54ede5a494afd61504000005,0.2,-0.0,1
bioasq_train,bioasq13b_54ede5a494afd61504000005,0.25,-0.0,1
bioasq_train,bioasq13b_54ede5a494afd61504000005,0.3,-0.0,1
bioasq_train,bioasq13b_52f385052059c6d71c000011,0.05,-0.0,1
bioasq_train,bioasq13b_52f385052059c6d71c000011,0.1,-0.0,1
bioasq_train,bioasq13b_52f385052059c6d71c000011,0.15,-0.0,1
bioasq_train,bioasq13b_52f385052059c6d71c000011,0.2,-0.0,1
bioasq_train,bioasq13b_52f385052059c6d71c000011,0.25,-0.0,1
bioasq_train,bioasq13b_52f385052059c6d71c000011,0.3,-0.0,1
bioasq_train,bioasq13b_52f88a062059c6d71c000032,0.05,0.44717262228329563,3
bioasq_train,bioasq13b_52f88a062059c6d71c000032,0.1,-0.0,1
bioasq_train,bioasq13b_52f88a062059c6d71c000032,0.15,-0.0,1
bioasq_train,bioasq13b_52f88a062059c6d71c000032,0.2,-0.0,1
bioasq_train,bioasq13b_52f88a062059c6d71c000032,0.25,-0.0,1
bioasq_train,bioasq13b_52f88a062059c6d71c000032,0.3,-0.0,1
bioasq_train,bioasq13b_530b7ae4970c65fa6b00000b,0.05,-0.0,1
bioasq_train,bioasq13b_530b7ae4970c65fa6b00000b,0.1,-0.0,1
bioasq_train,bioasq13b_530b7ae4970c65fa6b00000b,0.15,-0.0,1
bioasq_train,bioasq13b_530b7ae4970c65fa6b00000b,0.2,-0.0,1
bioasq_train,bioasq13b_530b7ae4970c65fa6b00000b,0.25,-0.0,1
bioasq_train,bioasq13b_530b7ae4970c65fa6b00000b,0.3,-0.0,1
bioasq_train,bioasq13b_5325b0419b2d7acc7e000026,0.05,-0.0,1
bioasq_train,bioasq13b_5325b0419b2d7acc7e000026,0.1,-0.0,1
bioasq_train,bioasq13b_5325b0419b2d7acc7e000026,0.15,-0.0,1
bioasq_train,bioasq13b_5325b0419b2d7acc7e000026,0.2,-0.0,1
bioasq_train,bioasq13b_5325b0419b2d7acc7e000026,0.25,-0.0,1
bioasq_train,bioasq13b_5325b0419b2d7acc7e000026,0.3,-0.0,1
bioasq_train,bioasq13b_56c2fbd91e69116444000001,0.05,0.29228525323862886,2
bioasq_train,bioasq13b_56c2fbd91e69116444000001,0.1,-0.0,1
bioasq_train,bioasq13b_56c2fbd91e69116444000001,0.15,-0.0,1
bioasq_train,bioasq13b_56c2fbd91e69116444000001,0.2,-0.0,1
bioasq_train,bioasq13b_56c2fbd91e69116444000001,0.25,-0.0,1
bioasq_train,bioasq13b_56c2fbd91e69116444000001,0.3,-0.0,1
bioasq_train,bioasq13b_5507fc114b2a315d41000003,0.05,0.14118174150460758,2
bioasq_train,bioasq13b_5507fc114b2a315d41000003,0.1,-0.0,1
bioasq_train,bioasq13b_5507fc114b2a315d41000003,0.15,-0.0,1
bioasq_train,bioasq13b_5507fc114b2a315d41000003,0.2,-0.0,1
bioasq_train,bioasq13b_5507fc114b2a315d41000003,0.25,-0.0,1
bioasq_train,bioasq13b_5507fc114b2a315d41000003,0.3,-0.0,1
bioasq_train,bioasq13b_54d8e59f4b1fd0d33c000001,0.05,-0.0,1
bioasq_train,bioasq13b_54d8e59f4b1fd0d33c000001,0.1,-0.0,1
bioasq_train,bioasq13b_54d8e59f4b1fd0d33c000001,0.15,-0.0,1
bioasq_train,bioasq13b_54d8e59f4b1fd0d33c000001,0.2,-0.0,1
bioasq_train,bioasq13b_54d8e59f4b1fd0d33c000001,0.25,-0.0,1
bioasq_train,bioasq13b_54d8e59f4b1fd0d33c000001,0.3,-0.0,1
bioasq_train,bioasq13b_57169a49cb4ef8864c00000a,0.05,0.2652949955741215,2
bioasq_train,bioasq13b_57169a49cb4ef8864c00000a,0.1,-0.0,1
bioasq_train,bioasq13b_57169a49cb4ef8864c00000a,0.15,-0.0,1
bioasq_train,bioasq13b_57169a49cb4ef8864c00000a,0.2,-0.0,1
bioasq_train,bioasq13b_57169a49cb4ef8864c00000a,0.25,-0.0,1
bioasq_train,bioasq13b_57169a49cb4ef8864c00000a,0.3,-0.0,1
bioasq_train,bioasq13b_54d8efb84b1fd0d33c000003,0.05,-0.0,1
bioasq_train,bioasq13b_54d8efb84b1fd0d33c000003,0.1,-0.0,1
bioasq_train,bioasq13b_54d8efb84b1fd0d33c000003,0.15,-0.0,1
bioasq_train,bioasq13b_54d8efb84b1fd0d33c000003,0.2,-0.0,1
bioasq_train,bioasq13b_54d8efb84b1fd0d33c000003,0.25,-0.0,1
bioasq_train,bioasq13b_54d8efb84b1fd0d33c000003,0.3,-0.0,1
bioasq_train,bioasq13b_54edf27e94afd61504000010,0.05,0.2652949955741215,2
bioasq_train,bioasq13b_54edf27e94afd61504000010,0.1,-0.0,1
bioasq_train,bioasq13b_54edf27e94afd61504000010,0.15,-0.0,1
bioasq_train,bioasq13b_54edf27e94afd61504000010,0.2,-0.0,1
bioasq_train,bioasq13b_54edf27e94afd61504000010,0.25,-0.0,1
bioasq_train,bioasq13b_54edf27e94afd61504000010,0.3,-0.0,1
bioasq_train,bioasq13b_52b2f1014003448f5500000a,0.05,0.30102999566398114,2
bioasq_train,bioasq13b_52b2f1014003448f5500000a,0.1,-0.0,1
bioasq_train,bioasq13b_52b2f1014003448f5500000a,0.15,-0.0,1
bioasq_train,bioasq13b_52b2f1014003448f5500000a,0.2,-0.0,1
bioasq_train,bioasq13b_52b2f1014003448f5500000a,0.25,-0.0,1
bioasq_train,bioasq13b_52b2f1014003448f5500000a,0.3,-0.0,1
bioasq_train,bioasq13b_54ede34694afd61504000004,0.05,-0.0,1
bioasq_train,bioasq13b_54ede34694afd61504000004,0.1,-0.0,1
bioasq_train,bioasq13b_54ede34694afd61504000004,0.15,-0.0,1
bioasq_train,bioasq13b_54ede34694afd61504000004,0.2,-0.0,1
bioasq_train,bioasq13b_54ede34694afd61504000004,0.25,-0.0,1
bioasq_train,bioasq13b_54ede34694afd61504000004,0.3,-0.0,1
bioasq_train,bioasq13b_5314ad66dae131f847000004,0.05,0.2652949955741215,2
bioasq_train,bioasq13b_5314ad66dae131f847000004,0.1,-0.0,1
bioasq_train,bioasq13b_5314ad66dae131f847000004,0.15,-0.0,1
bioasq_train,bioasq13b_5314ad66dae131f847000004,0.2,-0.0,1
bioasq_train,bioasq13b_5314ad66dae131f847000004,0.25,-0.0,1
bioasq_train,bioasq13b_5314ad66dae131f847000004,0.3,-0.0,1
bioasq_train,bioasq13b_56d1ddd267f0cb3d66000008,0.05,-0.0,1
bioasq_train,bioasq13b_56d1ddd267f0cb3d66000008,0.1,-0.0,1
bioasq_train,bioasq13b_56d1ddd267f0cb3d66000008,0.15,-0.0,1
bioasq_train,bioasq13b_56d1ddd267f0cb3d66000008,0.2,-0.0,1
bioasq_train,bioasq13b_56d1ddd267f0cb3d66000008,0.25,-0.0,1
bioasq_train,bioasq13b_56d1ddd267f0cb3d66000008,0.3,-0.0,1
bioasq_train,bioasq13b_553d0c1df321868558000014,0.05,-0.0,1
bioasq_train,bioasq13b_553d0c1df321868558000014,0.1,-0.0,1
bioasq_train,bioasq13b_553d0c1df321868558000014,0.15,-0.0,1
bioasq_train,bioasq13b_553d0c1df321868558000014,0.2,-0.0,1
bioasq_train,bioasq13b_553d0c1df321868558000014,0.25,-0.0,1
bioasq_train,bioasq13b_553d0c1df321868558000014,0.3,-0.0,1
bioasq_train,bioasq13b_552033206b348bb82c00001b,0.05,0.4096910013008056,3
bioasq_train,bioasq13b_552033206b348bb82c00001b,0.1,-0.0,1
bioasq_train,bioasq13b_552033206b348bb82c00001b,0.15,-0.0,1
bioasq_train,bioasq13b_552033206b348bb82c00001b,0.2,-0.0,1
bioasq_train,bioasq13b_552033206b348bb82c00001b,0.25,-0.0,1
bioasq_train,bioasq13b_552033206b348bb82c00001b,0.3,-0.0,1
bioasq_train,bioasq13b_56ae5a8a0a360a5e4500000b,0.05,-0.0,1
bioasq_train,bioasq13b_56ae5a8a0a360a5e4500000b,0.1,-0.0,1
bioasq_train,bioasq13b_56ae5a8a0a360a5e4500000b,0.15,-0.0,1
bioasq_train,bioasq13b_56ae5a8a0a360a5e4500000b,0.2,-0.0,1
bioasq_train,bioasq13b_56ae5a8a0a360a5e4500000b,0.25,-0.0,1
bioasq_train,bioasq13b_56ae5a8a0a360a5e4500000b,0.3,-0.0,1
bioasq_train,bioasq13b_5318813ab166e2b806000016,0.05,-0.0,1
bioasq_train,bioasq13b_5318813ab166e2b806000016,0.1,-0.0,1
bioasq_train,bioasq13b_5318813ab166e2b806000016,0.15,-0.0,1
bioasq_train,bioasq13b_5318813ab166e2b806000016,0.2,-0.0,1
bioasq_train,bioasq13b_5318813ab166e2b806000016,0.25,-0.0,1
bioasq_train,bioasq13b_5318813ab166e2b806000016,0.3,-0.0,1
bioasq_train,bioasq13b_55031406e9bde69634000021,0.05,0.21732201127364886,2
bioasq_train,bioasq13b_55031406e9bde69634000021,0.1,-0.0,1
bioasq_train,bioasq13b_55031406e9bde69634000021,0.15,-0.0,1
bioasq_train,bioasq13b_55031406e9bde69634000021,0.2,-0.0,1
bioasq_train,bioasq13b_55031406e9bde69634000021,0.25,-0.0,1
bioasq_train,bioasq13b_55031406e9bde69634000021,0.3,-0.0,1
bioasq_train,bioasq13b_571394701174fb175500000c,0.05,-0.0,1
bioasq_train,bioasq13b_571394701174fb175500000c,0.1,-0.0,1
bioasq_train,bioasq13b_571394701174fb175500000c,0.15,-0.0,1
bioasq_train,bioasq13b_571394701174fb175500000c,0.2,-0.0,1
bioasq_train,bioasq13b_571394701174fb175500000c,0.25,-0.0,1
bioasq_train,bioasq13b_571394701174fb175500000c,0.3,-0.0,1
bioasq_train,bioasq13b_551d8b3a6b348bb82c000011,0.05,-0.0,1
bioasq_train,bioasq13b_551d8b3a6b348bb82c000011,0.1,-0.0,1
bioasq_train,bioasq13b_551d8b3a6b348bb82c000011,0.15,-0.0,1
bioasq_train,bioasq13b_551d8b3a6b348bb82c000011,0.2,-0.0,1
bioasq_train,bioasq13b_551d8b3a6b348bb82c000011,0.25,-0.0,1
bioasq_train,bioasq13b_551d8b3a6b348bb82c000011,0.3,-0.0,1
bioasq_train,bioasq13b_551173c26a8cde6b72000004,0.05,-0.0,1
bioasq_train,bioasq13b_551173c26a8cde6b72000004,0.1,-0.0,1
bioasq_train,bioasq13b_551173c26a8cde6b72000004,0.15,-0.0,1
bioasq_train,bioasq13b_551173c26a8cde6b72000004,0.2,-0.0,1
bioasq_train,bioasq13b_551173c26a8cde6b72000004,0.25,-0.0,1
bioasq_train,bioasq13b_551173c26a8cde6b72000004,0.3,-0.0,1
bioasq_train,bioasq13b_56f82a39cf1c325851000001,0.05,-0.0,1
bioasq_train,bioasq13b_56f82a39cf1c325851000001,0.1,-0.0,1
bioasq_train,bioasq13b_56f82a39cf1c325851000001,0.15,-0.0,1
bioasq_train,bioasq13b_56f82a39cf1c325851000001,0.2,-0.0,1
bioasq_train,bioasq13b_56f82a39cf1c325851000001,0.25,-0.0,1
bioasq_train,bioasq13b_56f82a39cf1c325851000001,0.3,-0.0,1
bioasq_train,bioasq13b_530cf22aa177c6630c000001,0.05,0.4729032506370176,4
bioasq_train,bioasq13b_530cf22aa177c6630c000001,0.1,0.14118174150460758,2
bioasq_train,bioasq13b_530cf22aa177c6630c000001,0.15,-0.0,1
bioasq_train,bioasq13b_530cf22aa177c6630c000001,0.2,-0.0,1
bioasq_train,bioasq13b_530cf22aa177c6630c000001,0.25,-0.0,1
bioasq_train,bioasq13b_530cf22aa177c6630c000001,0.3,-0.0,1
bioasq_train,bioasq13b_56acda7c0a360a5e45000005,0.05,-0.0,1
bioasq_train,bioasq13b_56acda7c0a360a5e45000005,0.1,-0.0,1
bioasq_train,bioasq13b_56acda7c0a360a5e45000005,0.15,-0.0,1
bioasq_train,bioasq13b_56acda7c0a360a5e45000005,0.2,-0.0,1
bioasq_train,bioasq13b_56acda7c0a360a5e45000005,0.25,-0.0,1
bioasq_train,bioasq13b_56acda7c0a360a5e45000005,0.3,-0.0,1
bioasq_train,bioasq13b_55167dec46478f2f2c00000a,0.05,-0.0,1
bioasq_train,bioasq13b_55167dec46478f2f2c00000a,0.1,-0.0,1
bioasq_train,bioasq13b_55167dec46478f2f2c00000a,0.15,-0.0,1
bioasq_train,bioasq13b_55167dec46478f2f2c00000a,0.2,-0.0,1
bioasq_train,bioasq13b_55167dec46478f2f2c00000a,0.25,-0.0,1
bioasq_train,bioasq13b_55167dec46478f2f2c00000a,0.3,-0.0,1
bioasq_train,bioasq13b_532f06e6d6d3ac6a34000028,0.05,-0.0,1
bioasq_train,bioasq13b_532f06e6d6d3ac6a34000028,0.1,-0.0,1
bioasq_train,bioasq13b_532f06e6d6d3ac6a34000028,0.15,-0.0,1
bioasq_train,bioasq13b_532f06e6d6d3ac6a34000028,0.2,-0.0,1
bioasq_train,bioasq13b_532f06e6d6d3ac6a34000028,0.25,-0.0,1
bioasq_train,bioasq13b_532f06e6d6d3ac6a34000028,0.3,-0.0,1
bioasq_train,bioasq13b_54fd5dd86ad7dcbc12000008,0.05,0.29228525323862886,2
bioasq_train,bioasq13b_54fd5dd86ad7dcbc12000008,0.1,-0.0,1
bioasq_train,bioasq13b_54fd5dd86ad7dcbc12000008,0.15,-0.0,1
bioasq_train,bioasq13b_54fd5dd86ad7dcbc12000008,0.2,-0.0,1
bioasq_train,bioasq13b_54fd5dd86ad7dcbc12000008,0.25,-0.0,1
bioasq_train,bioasq13b_54fd5dd86ad7dcbc12000008,0.3,-0.0,1
bioasq_train,bioasq13b_54f08fa494afd61504000017,0.05,0.29228525323862886,2
bioasq_train,bioasq13b_54f08fa494afd61504000017,0.1,-0.0,1
bioasq_train,bioasq13b_54f08fa494afd61504000017,0.15,-0.0,1
bioasq_train,bioasq13b_54f08fa494afd61504000017,0.2,-0.0,1
bioasq_train,bioasq13b_54f08fa494afd61504000017,0.25,-0.0,1
bioasq_train,bioasq13b_54f08fa494afd61504000017,0.3,-0.0,1
bioasq_train,bioasq13b_54da21bf4b1fd0d33c00000d,0.05,0.21732201127364886,2
bioasq_train,bioasq13b_54da21bf4b1fd0d33c00000d,0.1,-0.0,1
bioasq_train,bioasq13b_54da21bf4b1fd0d33c00000d,0.15,-0.0,1
bioasq_train,bioasq13b_54da21bf4b1fd0d33c00000d,0.2,-0.0,1
bioasq_train,bioasq13b_54da21bf4b1fd0d33c00000d,0.25,-0.0,1
bioasq_train,bioasq13b_54da21bf4b1fd0d33c00000d,0.3,-0.0,1
bioasq_train,bioasq13b_55031d82e9bde6963400002c,0.05,0.2652949955741215,2
bioasq_train,bioasq13b_55031d82e9bde6963400002c,0.1,-0.0,1
bioasq_train,bioasq13b_55031d82e9bde6963400002c,0.15,-0.0,1
bioasq_train,bioasq13b_55031d82e9bde6963400002c,0.2,-0.0,1
bioasq_train,bioasq13b_55031d82e9bde6963400002c,0.25,-0.0,1
bioasq_train,bioasq13b_55031d82e9bde6963400002c,0.3,-0.0,1
bioasq_train,bioasq13b_55253d7087ecba3764000008,0.05,-0.0,1
bioasq_train,bioasq13b_55253d7087ecba3764000008,0.1,-0.0,1
bioasq_train,bioasq13b_55253d7087ecba3764000008,0.15,-0.0,1
bioasq_train,bioasq13b_55253d7087ecba3764000008,0.2,-0.0,1
bioasq_train,bioasq13b_55253d7087ecba3764000008,0.25,-0.0,1
bioasq_train,bioasq13b_55253d7087ecba3764000008,0.3,-0.0,1
bioasq_train,bioasq13b_56b77a866e3f8eaf4c000004,0.05,-0.0,1
bioasq_train,bioasq13b_56b77a866e3f8eaf4c000004,0.1,-0.0,1
bioasq_train,bioasq13b_56b77a866e3f8eaf4c000004,0.15,-0.0,1
bioasq_train,bioasq13b_56b77a866e3f8eaf4c000004,0.2,-0.0,1
bioasq_train,bioasq13b_56b77a866e3f8eaf4c000004,0.25,-0.0,1
bioasq_train,bioasq13b_56b77a866e3f8eaf4c000004,0.3,-0.0,1
bioasq_train,bioasq13b_56c8efef5795f9a73e000019,0.05,0.30102999566398114,2
bioasq_train,bioasq13b_56c8efef5795f9a73e000019,0.1,-0.0,1
bioasq_train,bioasq13b_56c8efef5795f9a73e000019,0.15,-0.0,1
bioasq_train,bioasq13b_56c8efef5795f9a73e000019,0.2,-0.0,1
bioasq_train,bioasq13b_56c8efef5795f9a73e000019,0.25,-0.0,1
bioasq_train,bioasq13b_56c8efef5795f9a73e000019,0.3,-0.0,1
bioasq_train,bioasq13b_5319a7f2b166e2b80600002a,0.05,-0.0,1
bioasq_train,bioasq13b_5319a7f2b166e2b80600002a,0.1,-0.0,1
bioasq_train,bioasq13b_5319a7f2b166e2b80600002a,0.15,-0.0,1
bioasq_train,bioasq13b_5319a7f2b166e2b80600002a,0.2,-0.0,1
bioasq_train,bioasq13b_5319a7f2b166e2b80600002a,0.25,-0.0,1
bioasq_train,bioasq13b_5319a7f2b166e2b80600002a,0.3,-0.0,1
bioasq_train,bioasq13b_53482bfcaeec6fbd07000010,0.05,-0.0,1
bioasq_train,bioasq13b_53482bfcaeec6fbd07000010,0.1,-0.0,1
bioasq_train,bioasq13b_53482bfcaeec6fbd07000010,0.15,-0.0,1
bioasq_train,bioasq13b_53482bfcaeec6fbd07000010,0.2,-0.0,1
bioasq_train,bioasq13b_53482bfcaeec6fbd07000010,0.25,-0.0,1
bioasq_train,bioasq13b_53482bfcaeec6fbd07000010,0.3,-0.0,1
bioasq_train,bioasq13b_5507ea9a0195c16935000008,0.05,-0.0,1
bioasq_train,bioasq13b_5507ea9a0195c16935000008,0.1,-0.0,1
bioasq_train,bioasq13b_5507ea9a0195c16935000008,0.15,-0.0,1
bioasq_train,bioasq13b_5507ea9a0195c16935000008,0.2,-0.0,1
bioasq_train,bioasq13b_5507ea9a0195c16935000008,0.25,-0.0,1
bioasq_train,bioasq13b_5507ea9a0195c16935000008,0.3,-0.0,1
bioasq_train,bioasq13b_56cdf4fe5795f9a73e000044,0.05,-0.0,1
bioasq_train,bioasq13b_56cdf4fe5795f9a73e000044,0.1,-0.0,1
bioasq_train,bioasq13b_56cdf4fe5795f9a73e000044,0.15,-0.0,1
bioasq_train,bioasq13b_56cdf4fe5795f9a73e000044,0.2,-0.0,1
bioasq_train,bioasq13b_56cdf4fe5795f9a73e000044,0.25,-0.0,1
bioasq_train,bioasq13b_56cdf4fe5795f9a73e000044,0.3,-0.0,1
bioasq_train,bioasq13b_553cf397f321868558000010,0.05,0.4729032506370176,4
bioasq_train,bioasq13b_553cf397f321868558000010,0.1,0.14118174150460758,2
bioasq_train,bioasq13b_553cf397f321868558000010,0.15,-0.0,1
bioasq_train,bioasq13b_553cf397f321868558000010,0.2,-0.0,1
bioasq_train,bioasq13b_553cf397f321868558000010,0.25,-0.0,1
bioasq_train,bioasq13b_553cf397f321868558000010,0.3,-0.0,1
bioasq_train,bioasq13b_531881acb166e2b806000017,0.05,0.34822537285722394,3
bioasq_train,bioasq13b_531881acb166e2b806000017,0.1,-0.0,1
bioasq_train,bioasq13b_531881acb166e2b806000017,0.15,-0.0,1
bioasq_train,bioasq13b_531881acb166e2b806000017,0.2,-0.0,1
bioasq_train,bioasq13b_531881acb166e2b806000017,0.25,-0.0,1
bioasq_train,bioasq13b_531881acb166e2b806000017,0.3,-0.0,1
bioasq_train,bioasq13b_553e07caf321868558000016,0.05,0.4126972515042214,3
bioasq_train,bioasq13b_553e07caf321868558000016,0.1,-0.0,1
bioasq_train,bioasq13b_553e07caf321868558000016,0.15,-0.0,1
bioasq_train,bioasq13b_553e07caf321868558000016,0.2,-0.0,1
bioasq_train,bioasq13b_553e07caf321868558000016,0.25,-0.0,1
bioasq_train,bioasq13b_553e07caf321868558000016,0.3,-0.0,1
bioasq_train,bioasq13b_56e844c442442bac75000002,0.05,-0.0,1
bioasq_train,bioasq13b_56e844c442442bac75000002,0.1,-0.0,1
bioasq_train,bioasq13b_56e844c442442bac75000002,0.15,-0.0,1
bioasq_train,bioasq13b_56e844c442442bac75000002,0.2,-0.0,1
bioasq_train,bioasq13b_56e844c442442bac75000002,0.25,-0.0,1
bioasq_train,bioasq13b_56e844c442442bac75000002,0.3,-0.0,1
bioasq_train,bioasq13b_56f403d009dd18d46b000004,0.05,0.14118174150460758,2
bioasq_train,bioasq13b_56f403d009dd18d46b000004,0.1,0.14118174150460758,2
bioasq_train,bioasq13b_56f403d009dd18d46b000004,0.15,-0.0,1
bioasq_train,bioasq13b_56f403d009dd18d46b000004,0.2,-0.0,1
bioasq_train,bioasq13b_56f403d009dd18d46b000004,0.25,-0.0,1
bioasq_train,bioasq13b_56f403d009dd18d46b000004,0.3,-0.0,1
bioasq_train,bioasq13b_56a3a8c7496b62f23f000009,0.05,-0.0,1
bioasq_train,bioasq13b_56a3a8c7496b62f23f000009,0.1,-0.0,1
bioasq_train,bioasq13b_56a3a8c7496b62f23f000009,0.15,-0.0,1
bioasq_train,bioasq13b_56a3a8c7496b62f23f000009,0.2,-0.0,1
bioasq_train,bioasq13b_56a3a8c7496b62f23f000009,0.25,-0.0,1
bioasq_train,bioasq13b_56a3a8c7496b62f23f000009,0.3,-0.0,1
bioasq_train,bioasq13b_52fb20a32059c6d71c00005d,0.05,-0.0,1
bioasq_train,bioasq13b_52fb20a32059c6d71c00005d,0.1,-0.0,1
bioasq_train,bioasq13b_52fb20a32059c6d71c00005d,0.15,-0.0,1
bioasq_train,bioasq13b_52fb20a32059c6d71c00005d,0.2,-0.0,1
bioasq_train,bioasq13b_52fb20a32059c6d71c00005d,0.25,-0.0,1
bioasq_train,bioasq13b_52fb20a32059c6d71c00005d,0.3,-0.0,1
bioasq_train,bioasq13b_52d783bf98d0239505000001,0.05,0.4096910013008056,3
bioasq_train,bioasq13b_52d783bf98d0239505000001,0.1,-0.0,1
bioasq_train,bioasq13b_52d783bf98d0239505000001,0.15,-0.0,1
bioasq_train,bioasq13b_52d783bf98d0239505000001,0.2,-0.0,1
bioasq_train,bioasq13b_52d783bf98d0239505000001,0.25,-0.0,1
bioasq_train,bioasq13b_52d783bf98d0239505000001,0.3,-0.0,1
bioasq_train,bioasq13b_56c1f00fef6e394741000040,0.05,0.55583362792012,4
bioasq_train,bioasq13b_56c1f00fef6e394741000040,0.1,-0.0,1
bioasq_train,bioasq13b_56c1f00fef6e394741000040,0.15,-0.0,1
bioasq_train,bioasq13b_56c1f00fef6e394741000040,0.2,-0.0,1
bioasq_train,bioasq13b_56c1f00fef6e394741000040,0.25,-0.0,1
bioasq_train,bioasq13b_56c1f00fef6e394741000040,0.3,-0.0,1
bioasq_train,bioasq13b_533c394ec45e13371400000c,0.05,0.14118174150460758,2
bioasq_train,bioasq13b_533c394ec45e13371400000c,0.1,-0.0,1
bioasq_train,bioasq13b_533c394ec45e13371400000c,0.15,-0.0,1
bioasq_train,bioasq13b_533c394ec45e13371400000c,0.2,-0.0,1
bioasq_train,bioasq13b_533c394ec45e13371400000c,0.25,-0.0,1
bioasq_train,bioasq13b_533c394ec45e13371400000c,0.3,-0.0,1
bioasq_train,bioasq13b_5319a80fb166e2b80600002b,0.05,0.14118174150460758,2
bioasq_train,bioasq13b_5319a80fb166e2b80600002b,0.1,0.14118174150460758,2
bioasq_train,bioasq13b_5319a80fb166e2b80600002b,0.15,-0.0,1
bioasq_train,bioasq13b_5319a80fb166e2b80600002b,0.2,-0.0,1
bioasq_train,bioasq13b_5319a80fb166e2b80600002b,0.25,-0.0,1
bioasq_train,bioasq13b_5319a80fb166e2b80600002b,0.3,-0.0,1
bioasq_train,bioasq13b_5312f0f0e3eabad02100000d,0.05,-0.0,1
bioasq_train,bioasq13b_5312f0f0e3eabad02100000d,0.1,-0.0,1
bioasq_train,bioasq13b_5312f0f0e3eabad02100000d,0.15,-0.0,1
bioasq_train,bioasq13b_5312f0f0e3eabad02100000d,0.2,-0.0,1
bioasq_train,bioasq13b_5312f0f0e3eabad02100000d,0.25,-0.0,1
bioasq_train,bioasq13b_5312f0f0e3eabad02100000d,0.3,-0.0,1
bioasq_train,bioasq13b_52f3a9ef2059c6d71c000012,0.05,-0.0,1
bioasq_train,bioasq13b_52f3a9ef2059c6d71c000012,0.1,-0.0,1
bioasq_train,bioasq13b_52f3a9ef2059c6d71c000012,0.15,-0.0,1
bioasq_train,bioasq13b_52f3a9ef2059c6d71c000012,0.2,-0.0,1
bioasq_train,bioasq13b_52f3a9ef2059c6d71c000012,0.25,-0.0,1
bioasq_train,bioasq13b_52f3a9ef2059c6d71c000012,0.3,-0.0,1
bioasq_train,bioasq13b_56d2ae19f22319765a000006,0.05,-0.0,1
bioasq_train,bioasq13b_56d2ae19f22319765a000006,0.1,-0.0,1
bioasq_train,bioasq13b_56d2ae19f22319765a000006,0.15,-0.0,1
bioasq_train,bioasq13b_56d2ae19f22319765a000006,0.2,-0.0,1
bioasq_train,bioasq13b_56d2ae19f22319765a000006,0.25,-0.0,1
bioasq_train,bioasq13b_56d2ae19f22319765a000006,0.3,-0.0,1
bioasq_train,bioasq13b_5722027a0fd6f91b68000014,0.05,-0.0,1
bioasq_train,bioasq13b_5722027a0fd6f91b68000014,0.1,-0.0,1
bioasq_train,bioasq13b_5722027a0fd6f91b68000014,0.15,-0.0,1
bioasq_train,bioasq13b_5722027a0fd6f91b68000014,0.2,-0.0,1
bioasq_train,bioasq13b_5722027a0fd6f91b68000014,0.25,-0.0,1
bioasq_train,bioasq13b_5722027a0fd6f91b68000014,0.3,-0.0,1
bioasq_train,bioasq13b_530d7e8a38c1322806000001,0.05,0.2652949955741215,2
bioasq_train,bioasq13b_530d7e8a38c1322806000001,0.1,-0.0,1
bioasq_train,bioasq13b_530d7e8a38c1322806000001,0.15,-0.0,1
bioasq_train,bioasq13b_530d7e8a38c1322806000001,0.2,-0.0,1
bioasq_train,bioasq13b_530d7e8a38c1322806000001,0.25,-0.0,1
bioasq_train,bioasq13b_530d7e8a38c1322806000001,0.3,-0.0,1
bioasq_train,bioasq13b_54e221f6ae9738404b000010,0.05,0.21732201127364886,2
bioasq_train,bioasq13b_54e221f6ae9738404b000010,0.1,-0.0,1
bioasq_train,bioasq13b_54e221f6ae9738404b000010,0.15,-0.0,1
bioasq_train,bioasq13b_54e221f6ae9738404b000010,0.2,-0.0,1
bioasq_train,bioasq13b_54e221f6ae9738404b000010,0.25,-0.0,1
bioasq_train,bioasq13b_54e221f6ae9738404b000010,0.3,-0.0,1
bioasq_train,bioasq13b_56c097deef6e394741000027,0.05,0.40843137199002016,4
bioasq_train,bioasq13b_56c097deef6e394741000027,0.1,0.2775280104064451,3
bioasq_train,bioasq13b_56c097deef6e394741000027,0.15,0.21732201127364886,2
bioasq_train,bioasq13b_56c097deef6e394741000027,0.2,-0.0,1
bioasq_train,bioasq13b_56c097deef6e394741000027,0.25,-0.0,1
bioasq_train,bioasq13b_56c097deef6e394741000027,0.3,-0.0,1
bioasq_train,bioasq13b_5318985eb166e2b80600001d,0.05,-0.0,1
bioasq_train,bioasq13b_5318985eb166e2b80600001d,0.1,-0.0,1
bioasq_train,bioasq13b_5318985eb166e2b80600001d,0.15,-0.0,1
bioasq_train,bioasq13b_5318985eb166e2b80600001d,0.2,-0.0,1
bioasq_train,bioasq13b_5318985eb166e2b80600001d,0.25,-0.0,1
bioasq_train,bioasq13b_5318985eb166e2b80600001d,0.3,-0.0,1
bioasq_train,bioasq13b_5508453a4b2a315d41000008,0.05,-0.0,1
bioasq_train,bioasq13b_5508453a4b2a315d41000008,0.1,-0.0,1
bioasq_train,bioasq13b_5508453a4b2a315d41000008,0.15,-0.0,1
bioasq_train,bioasq13b_5508453a4b2a315d41000008,0.2,-0.0,1
bioasq_train,bioasq13b_5508453a4b2a315d41000008,0.25,-0.0,1
bioasq_train,bioasq13b_5508453a4b2a315d41000008,0.3,-0.0,1
bioasq_train,bioasq13b_55414e4f472cfd8617000002,0.05,-0.0,1
bioasq_train,bioasq13b_55414e4f472cfd8617000002,0.1,-0.0,1
bioasq_train,bioasq13b_55414e4f472cfd8617000002,0.15,-0.0,1
bioasq_train,bioasq13b_55414e4f472cfd8617000002,0.2,-0.0,1
bioasq_train,bioasq13b_55414e4f472cfd8617000002,0.25,-0.0,1
bioasq_train,bioasq13b_55414e4f472cfd8617000002,0.3,-0.0,1
bioasq_train,bioasq13b_56afa7fd0a360a5e45000016,0.05,0.14118174150460758,2
bioasq_train,bioasq13b_56afa7fd0a360a5e45000016,0.1,-0.0,1
bioasq_train,bioasq13b_56afa7fd0a360a5e45000016,0.15,-0.0,1
bioasq_train,bioasq13b_56afa7fd0a360a5e45000016,0.2,-0.0,1
bioasq_train,bioasq13b_56afa7fd0a360a5e45000016,0.25,-0.0,1
bioasq_train,bioasq13b_56afa7fd0a360a5e45000016,0.3,-0.0,1
bioasq_train,bioasq13b_5710a51bcf1c325851000029,0.05,0.4096910013008056,3
bioasq_train,bioasq13b_5710a51bcf1c325851000029,0.1,-0.0,1
bioasq_train,bioasq13b_5710a51bcf1c325851000029,0.15,-0.0,1
bioasq_train,bioasq13b_5710a51bcf1c325851000029,0.2,-0.0,1
bioasq_train,bioasq13b_5710a51bcf1c325851000029,0.25,-0.0,1
bioasq_train,bioasq13b_5710a51bcf1c325851000029,0.3,-0.0,1
bioasq_train,bioasq13b_56c1d84aef6e394741000030,0.05,-0.0,1
bioasq_train,bioasq13b_56c1d84aef6e394741000030,0.1,-0.0,1
bioasq_train,bioasq13b_56c1d84aef6e394741000030,0.15,-0.0,1
bioasq_train,bioasq13b_56c1d84aef6e394741000030,0.2,-0.0,1
bioasq_train,bioasq13b_56c1d84aef6e394741000030,0.25,-0.0,1
bioasq_train,bioasq13b_56c1d84aef6e394741000030,0.3,-0.0,1
bioasq_train,bioasq13b_56c1d85fef6e394741000036,0.05,0.2775280104064451,3
bioasq_train,bioasq13b_56c1d85fef6e394741000036,0.1,-0.0,1
bioasq_train,bioasq13b_56c1d85fef6e394741000036,0.15,-0.0,1
bioasq_train,bioasq13b_56c1d85fef6e394741000036,0.2,-0.0,1
bioasq_train,bioasq13b_56c1d85fef6e394741000036,0.25,-0.0,1
bioasq_train,bioasq13b_56c1d85fef6e394741000036,0.3,-0.0,1
bioasq_train,bioasq13b_5172f8118ed59a060a000019,0.05,0.6387640052032225,5
bioasq_train,bioasq13b_5172f8118ed59a060a000019,0.1,0.29228525323862886,2
bioasq_train,bioasq13b_5172f8118ed59a060a000019,0.15,-0.0,1
bioasq_train,bioasq13b_5172f8118ed59a060a000019,0.2,-0.0,1
bioasq_train,bioasq13b_5172f8118ed59a060a000019,0.25,-0.0,1
bioasq_train,bioasq13b_5172f8118ed59a060a000019,0.3,-0.0,1
bioasq_train,bioasq13b_52d3cc5203868f1b06000037,0.05,0.5073786214160918,4
bioasq_train,bioasq13b_52d3cc5203868f1b06000037,0.1,-0.0,1
bioasq_train,bioasq13b_52d3cc5203868f1b06000037,0.15,-0.0,1
bioasq_train,bioasq13b_52d3cc5203868f1b06000037,0.2,-0.0,1
bioasq_train,bioasq13b_52d3cc5203868f1b06000037,0.25,-0.0,1
bioasq_train,bioasq13b_52d3cc5203868f1b06000037,0.3,-0.0,1
bioasq_train,bioasq13b_530e42bf5937551c09000005,0.05,-0.0,1
bioasq_train,bioasq13b_530e42bf5937551c09000005,0.1,-0.0,1
bioasq_train,bioasq13b_530e42bf5937551c09000005,0.15,-0.0,1
bioasq_train,bioasq13b_530e42bf5937551c09000005,0.2,-0.0,1
bioasq_train,bioasq13b_530e42bf5937551c09000005,0.25,-0.0,1
bioasq_train,bioasq13b_530e42bf5937551c09000005,0.3,-0.0,1
bioasq_train,bioasq13b_52f4f2082059c6d71c00001d,0.05,-0.0,1
bioasq_train,bioasq13b_52f4f2082059c6d71c00001d,0.1,-0.0,1
bioasq_train,bioasq13b_52f4f2082059c6d71c00001d,0.15,-0.0,1
bioasq_train,bioasq13b_52f4f2082059c6d71c00001d,0.2,-0.0,1
bioasq_train,bioasq13b_52f4f2082059c6d71c00001d,0.25,-0.0,1
bioasq_train,bioasq13b_52f4f2082059c6d71c00001d,0.3,-0.0,1
bioasq_train,bioasq13b_54d892ee014675820d000005,0.05,-0.0,1
bioasq_train,bioasq13b_54d892ee014675820d000005,0.1,-0.0,1
bioasq_train,bioasq13b_54d892ee014675820d000005,0.15,-0.0,1
bioasq_train,bioasq13b_54d892ee014675820d000005,0.2,-0.0,1
bioasq_train,bioasq13b_54d892ee014675820d000005,0.25,-0.0,1
bioasq_train,bioasq13b_54d892ee014675820d000005,0.3,-0.0,1
bioasq_train,bioasq13b_530cf54dab4de4de0c000009,0.05,-0.0,1
bioasq_train,bioasq13b_530cf54dab4de4de0c000009,0.1,-0.0,1
bioasq_train,bioasq13b_530cf54dab4de4de0c000009,0.15,-0.0,1
bioasq_train,bioasq13b_530cf54dab4de4de0c000009,0.2,-0.0,1
bioasq_train,bioasq13b_530cf54dab4de4de0c000009,0.25,-0.0,1
bioasq_train,bioasq13b_530cf54dab4de4de0c000009,0.3,-0.0,1
bioasq_train,bioasq13b_56c1f011ef6e394741000042,0.05,0.21732201127364886,2
bioasq_train,bioasq13b_56c1f011ef6e394741000042,0.1,-0.0,1
bioasq_train,bioasq13b_56c1f011ef6e394741000042,0.15,-0.0,1
bioasq_train,bioasq13b_56c1f011ef6e394741000042,0.2,-0.0,1
bioasq_train,bioasq13b_56c1f011ef6e394741000042,0.25,-0.0,1
bioasq_train,bioasq13b_56c1f011ef6e394741000042,0.3,-0.0,1
bioasq_train,bioasq13b_56e0813651531f7e33000010,0.05,0.2775280104064451,3
bioasq_train,bioasq13b_56e0813651531f7e33000010,0.1,-0.0,1
bioasq_train,bioasq13b_56e0813651531f7e33000010,0.15,-0.0,1
bioasq_train,bioasq13b_56e0813651531f7e33000010,0.2,-0.0,1
bioasq_train,bioasq13b_56e0813651531f7e33000010,0.25,-0.0,1
bioasq_train,bioasq13b_56e0813651531f7e33000010,0.3,-0.0,1
bioasq_train,bioasq13b_53355714d6d3ac6a34000045,0.05,0.38997287335391506,3
bioasq_train,bioasq13b_53355714d6d3ac6a34000045,0.1,-0.0,1
bioasq_train,bioasq13b_53355714d6d3ac6a34000045,0.15,-0.0,1
bioasq_train,bioasq13b_53355714d6d3ac6a34000045,0.2,-0.0,1
bioasq_train,bioasq13b_53355714d6d3ac6a34000045,0.25,-0.0,1
bioasq_train,bioasq13b_53355714d6d3ac6a34000045,0.3,-0.0,1
bioasq_train,bioasq13b_5509b6d22e93f0133a000005,0.05,0.4126972515042214,3
bioasq_train,bioasq13b_5509b6d22e93f0133a000005,0.1,0.21732201127364886,2
bioasq_train,bioasq13b_5509b6d22e93f0133a000005,0.15,-0.0,1
bioasq_train,bioasq13b_5509b6d22e93f0133a000005,0.2,-0.0,1
bioasq_train,bioasq13b_5509b6d22e93f0133a000005,0.25,-0.0,1
bioasq_train,bioasq13b_5509b6d22e93f0133a000005,0.3,-0.0,1
bioasq_train,bioasq13b_56c9f9d95795f9a73e00001e,0.05,-0.0,1
bioasq_train,bioasq13b_56c9f9d95795f9a73e00001e,0.1,-0.0,1
bioasq_train,bioasq13b_56c9f9d95795f9a73e00001e,0.15,-0.0,1
bioasq_train,bioasq13b_56c9f9d95795f9a73e00001e,0.2,-0.0,1
bioasq_train,bioasq13b_56c9f9d95795f9a73e00001e,0.25,-0.0,1
bioasq_train,bioasq13b_56c9f9d95795f9a73e00001e,0.3,-0.0,1
bioasq_train,bioasq13b_569e7e99ceceede94d000003,0.05,0.14118174150460758,2
bioasq_train,bioasq13b_569e7e99ceceede94d000003,0.1,-0.0,1
bioasq_train,bioasq13b_569e7e99ceceede94d000003,0.15,-0.0,1
bioasq_train,bioasq13b_569e7e99ceceede94d000003,0.2,-0.0,1
bioasq_train,bioasq13b_569e7e99ceceede94d000003,0.25,-0.0,1
bioasq_train,bioasq13b_569e7e99ceceede94d000003,0.3,-0.0,1
bioasq_train,bioasq13b_569e6c68ca240fa209000001,0.05,0.29228525323862886,2
bioasq_train,bioasq13b_569e6c68ca240fa209000001,0.1,-0.0,1
bioasq_train,bioasq13b_569e6c68ca240fa209000001,0.15,-0.0,1
bioasq_train,bioasq13b_569e6c68ca240fa209000001,0.2,-0.0,1
bioasq_train,bioasq13b_569e6c68ca240fa209000001,0.25,-0.0,1
bioasq_train,bioasq13b_569e6c68ca240fa209000001,0.3,-0.0,1
bioasq_train,bioasq13b_56c322d750c68dd416000004,0.05,-0.0,1
bioasq_train,bioasq13b_56c322d750c68dd416000004,0.1,-0.0,1
bioasq_train,bioasq13b_56c322d750c68dd416000004,0.15,-0.0,1
bioasq_train,bioasq13b_56c322d750c68dd416000004,0.2,-0.0,1
bioasq_train,bioasq13b_56c322d750c68dd416000004,0.25,-0.0,1
bioasq_train,bioasq13b_56c322d750c68dd416000004,0.3,-0.0,1
bioasq_train,bioasq13b_56c06ef5ef6e39474100001e,0.05,0.5301029995663982,4
bioasq_train,bioasq13b_56c06ef5ef6e39474100001e,0.1,-0.0,1
bioasq_train,bioasq13b_56c06ef5ef6e39474100001e,0.15,-0.0,1
bioasq_train,bioasq13b_56c06ef5ef6e39474100001e,0.2,-0.0,1
bioasq_train,bioasq13b_56c06ef5ef6e39474100001e,0.25,-0.0,1
bioasq_train,bioasq13b_56c06ef5ef6e39474100001e,0.3,-0.0,1
bioasq_train,bioasq13b_553a9aa3f321868558000004,0.05,-0.0,1
bioasq_train,bioasq13b_553a9aa3f321868558000004,0.1,-0.0,1
bioasq_train,bioasq13b_553a9aa3f321868558000004,0.15,-0.0,1
bioasq_train,bioasq13b_553a9aa3f321868558000004,0.2,-0.0,1
bioasq_train,bioasq13b_553a9aa3f321868558000004,0.25,-0.0,1
bioasq_train,bioasq13b_553a9aa3f321868558000004,0.3,-0.0,1
bioasq_train,bioasq13b_56b8a525156496395c000002,0.05,-0.0,1
bioasq_train,bioasq13b_56b8a525156496395c000002,0.1,-0.0,1
bioasq_train,bioasq13b_56b8a525156496395c000002,0.15,-0.0,1
bioasq_train,bioasq13b_56b8a525156496395c000002,0.2,-0.0,1
bioasq_train,bioasq13b_56b8a525156496395c000002,0.25,-0.0,1
bioasq_train,bioasq13b_56b8a525156496395c000002,0.3,-0.0,1
bioasq_train,bioasq13b_56f3eebd2ac5ed1459000016,0.05,-0.0,1
bioasq_train,bioasq13b_56f3eebd2ac5ed1459000016,0.1,-0.0,1
bioasq_train,bioasq13b_56f3eebd2ac5ed1459000016,0.15,-0.0,1
bioasq_train,bioasq13b_56f3eebd2ac5ed1459000016,0.2,-0.0,1
bioasq_train,bioasq13b_56f3eebd2ac5ed1459000016,0.25,-0.0,1
bioasq_train,bioasq13b_56f3eebd2ac5ed1459000016,0.3,-0.0,1
bioasq_train,bioasq13b_56ecffd62ac5ed1459000003,0.05,0.2652949955741215,2
bioasq_train,bioasq13b_56ecffd62ac5ed1459000003,0.1,-0.0,1
bioasq_train,bioasq13b_56ecffd62ac5ed1459000003,0.15,-0.0,1
bioasq_train,bioasq13b_56ecffd62ac5ed1459000003,0.2,-0.0,1
bioasq_train,bioasq13b_56ecffd62ac5ed1459000003,0.25,-0.0,1
bioasq_train,bioasq13b_56ecffd62ac5ed1459000003,0.3,-0.0,1
bioasq_train,bioasq13b_550331abe9bde69634000037,0.05,-0.0,1
bioasq_train,bioasq13b_550331abe9bde69634000037,0.1,-0.0,1
bioasq_train,bioasq13b_550331abe9bde69634000037,0.15,-0.0,1
bioasq_train,bioasq13b_550331abe9bde69634000037,0.2,-0.0,1
bioasq_train,bioasq13b_550331abe9bde69634000037,0.25,-0.0,1
bioasq_train,bioasq13b_550331abe9bde69634000037,0.3,-0.0,1
bioasq_train,bioasq13b_5525317687ecba3764000007,0.05,-0.0,1
bioasq_train,bioasq13b_5525317687ecba3764000007,0.1,-0.0,1
bioasq_train,bioasq13b_5525317687ecba3764000007,0.15,-0.0,1
bioasq_train,bioasq13b_5525317687ecba3764000007,0.2,-0.0,1
bioasq_train,bioasq13b_5525317687ecba3764000007,0.25,-0.0,1
bioasq_train,bioasq13b_5525317687ecba3764000007,0.3,-0.0,1
bioasq_train,bioasq13b_54fc4e2e6ea36a810c000003,0.05,-0.0,1
bioasq_train,bioasq13b_54fc4e2e6ea36a810c000003,0.1,-0.0,1
bioasq_train,bioasq13b_54fc4e2e6ea36a810c000003,0.15,-0.0,1
bioasq_train,bioasq13b_54fc4e2e6ea36a810c000003,0.2,-0.0,1
bioasq_train,bioasq13b_54fc4e2e6ea36a810c000003,0.25,-0.0,1
bioasq_train,bioasq13b_54fc4e2e6ea36a810c000003,0.3,-0.0,1
bioasq_train,bioasq13b_54dfcdf81388e8454a00000a,0.05,0.30102999566398114,2
bioasq_train,bioasq13b_54dfcdf81388e8454a00000a,0.1,-0.0,1
bioasq_train,bioasq13b_54dfcdf81388e8454a00000a,0.15,-0.0,1
bioasq_train,bioasq13b_54dfcdf81388e8454a00000a,0.2,-0.0,1
bioasq_train,bioasq13b_54dfcdf81388e8454a00000a,0.25,-0.0,1
bioasq_train,bioasq13b_54dfcdf81388e8454a00000a,0.3,-0.0,1
bioasq_train,bioasq13b_56accec70a360a5e45000003,0.05,-0.0,1
bioasq_train,bioasq13b_56accec70a360a5e45000003,0.1,-0.0,1
bioasq_train,bioasq13b_56accec70a360a5e45000003,0.15,-0.0,1
bioasq_train,bioasq13b_56accec70a360a5e45000003,0.2,-0.0,1
bioasq_train,bioasq13b_56accec70a360a5e45000003,0.25,-0.0,1
bioasq_train,bioasq13b_56accec70a360a5e45000003,0.3,-0.0,1
bioasq_train,bioasq13b_56cad5df5795f9a73e000020,0.05,-0.0,1
bioasq_train,bioasq13b_56cad5df5795f9a73e000020,0.1,-0.0,1
bioasq_train,bioasq13b_56cad5df5795f9a73e000020,0.15,-0.0,1
bioasq_train,bioasq13b_56cad5df5795f9a73e000020,0.2,-0.0,1
bioasq_train,bioasq13b_56cad5df5795f9a73e000020,0.25,-0.0,1
bioasq_train,bioasq13b_56cad5df5795f9a73e000020,0.3,-0.0,1
bioasq_train,bioasq13b_56f3f2072ac5ed1459000018,0.05,0.2775280104064451,3
bioasq_train,bioasq13b_56f3f2072ac5ed1459000018,0.1,-0.0,1
bioasq_train,bioasq13b_56f3f2072ac5ed1459000018,0.15,-0.0,1
bioasq_train,bioasq13b_56f3f2072ac5ed1459000018,0.2,-0.0,1
bioasq_train,bioasq13b_56f3f2072ac5ed1459000018,0.25,-0.0,1
bioasq_train,bioasq13b_56f3f2072ac5ed1459000018,0.3,-0.0,1
bioasq_train,bioasq13b_5713394af9287de436000001,0.05,0.21732201127364886,2
bioasq_train,bioasq13b_5713394af9287de436000001,0.1,-0.0,1
bioasq_train,bioasq13b_5713394af9287de436000001,0.15,-0.0,1
bioasq_train,bioasq13b_5713394af9287de436000001,0.2,-0.0,1
bioasq_train,bioasq13b_5713394af9287de436000001,0.25,-0.0,1
bioasq_train,bioasq13b_5713394af9287de436000001,0.3,-0.0,1
bioasq_train,bioasq13b_54e1c5d5ae9738404b00000b,0.05,-0.0,1
bioasq_train,bioasq13b_54e1c5d5ae9738404b00000b,0.1,-0.0,1
bioasq_train,bioasq13b_54e1c5d5ae9738404b00000b,0.15,-0.0,1
bioasq_train,bioasq13b_54e1c5d5ae9738404b00000b,0.2,-0.0,1
bioasq_train,bioasq13b_54e1c5d5ae9738404b00000b,0.25,-0.0,1
bioasq_train,bioasq13b_54e1c5d5ae9738404b00000b,0.3,-0.0,1
bioasq_train,bioasq13b_570906fecf1c325851000010,0.05,-0.0,1
bioasq_train,bioasq13b_570906fecf1c325851000010,0.1,-0.0,1
bioasq_train,bioasq13b_570906fecf1c325851000010,0.15,-0.0,1
bioasq_train,bioasq13b_570906fecf1c325851000010,0.2,-0.0,1
bioasq_train,bioasq13b_570906fecf1c325851000010,0.25,-0.0,1
bioasq_train,bioasq13b_570906fecf1c325851000010,0.3,-0.0,1
bioasq_train,bioasq13b_56f55cc809dd18d46b000008,0.05,0.2775280104064451,3
bioasq_train,bioasq13b_56f55cc809dd18d46b000008,0.1,0.14118174150460758,2
bioasq_train,bioasq13b_56f55cc809dd18d46b000008,0.15,-0.0,1
bioasq_train,bioasq13b_56f55cc809dd18d46b000008,0.2,-0.0,1
bioasq_train,bioasq13b_56f55cc809dd18d46b000008,0.25,-0.0,1
bioasq_train,bioasq13b_56f55cc809dd18d46b000008,0.3,-0.0,1
bioasq_train,bioasq13b_571f30c40fd6f91b68000002,0.05,0.14118174150460758,2
bioasq_train,bioasq13b_571f30c40fd6f91b68000002,0.1,0.14118174150460758,2
bioasq_train,bioasq13b_571f30c40fd6f91b68000002,0.15,-0.0,1
bioasq_train,bioasq13b_571f30c40fd6f91b68000002,0.2,-0.0,1
bioasq_train,bioasq13b_571f30c40fd6f91b68000002,0.25,-0.0,1
bioasq_train,bioasq13b_571f30c40fd6f91b68000002,0.3,-0.0,1
bioasq_train,bioasq13b_531e01ff267d7dd05300000e,0.05,-0.0,1
bioasq_train,bioasq13b_531e01ff267d7dd05300000e,0.1,-0.0,1
bioasq_train,bioasq13b_531e01ff267d7dd05300000e,0.15,-0.0,1
bioasq_train,bioasq13b_531e01ff267d7dd05300000e,0.2,-0.0,1
bioasq_train,bioasq13b_531e01ff267d7dd05300000e,0.25,-0.0,1
bioasq_train,bioasq13b_531e01ff267d7dd05300000e,0.3,-0.0,1
bioasq_train,bioasq13b_56d046813975bb303a00000f,0.05,0.34822537285722394,3
bioasq_train,bioasq13b_56d046813975bb303a00000f,0.1,0.14118174150460758,2
bioasq_train,bioasq13b_56d046813975bb303a00000f,0.15,-0.0,1
bioasq_train,bioasq13b_56d046813975bb303a00000f,0.2,-0.0,1
bioasq_train,bioasq13b_56d046813975bb303a00000f,0.25,-0.0,1
bioasq_train,bioasq13b_56d046813975bb303a00000f,0.3,-0.0,1
bioasq_train,bioasq13b_55391b2cbc4f83e828000017,0.05,-0.0,1
bioasq_train,bioasq13b_55391b2cbc4f83e828000017,0.1,-0.0,1
bioasq_train,bioasq13b_55391b2cbc4f83e828000017,0.15,-0.0,1
bioasq_train,bioasq13b_55391b2cbc4f83e828000017,0.2,-0.0,1
bioasq_train,bioasq13b_55391b2cbc4f83e828000017,0.25,-0.0,1
bioasq_train,bioasq13b_55391b2cbc4f83e828000017,0.3,-0.0,1
bioasq_train,bioasq13b_54dc8ed6c0bb8dce23000002,0.05,-0.0,1
bioasq_train,bioasq13b_54dc8ed6c0bb8dce23000002,0.1,-0.0,1
bioasq_train,bioasq13b_54dc8ed6c0bb8dce23000002,0.15,-0.0,1
bioasq_train,bioasq13b_54dc8ed6c0bb8dce23000002,0.2,-0.0,1
bioasq_train,bioasq13b_54dc8ed6c0bb8dce23000002,0.25,-0.0,1
bioasq_train,bioasq13b_54dc8ed6c0bb8dce23000002,0.3,-0.0,1
bioasq_train,bioasq13b_52bf1f5f03868f1b06000017,0.05,0.4729032506370176,4
bioasq_train,bioasq13b_52bf1f5f03868f1b06000017,0.1,0.14118174150460758,2
bioasq_train,bioasq13b_52bf1f5f03868f1b06000017,0.15,-0.0,1
bioasq_train,bioasq13b_52bf1f5f03868f1b06000017,0.2,-0.0,1
bioasq_train,bioasq13b_52bf1f5f03868f1b06000017,0.25,-0.0,1
bioasq_train,bioasq13b_52bf1f5f03868f1b06000017,0.3,-0.0,1
bioasq_train,bioasq13b_5518e7a7622b194345000002,0.05,-0.0,1
bioasq_train,bioasq13b_5518e7a7622b194345000002,0.1,-0.0,1
bioasq_train,bioasq13b_5518e7a7622b194345000002,0.15,-0.0,1
bioasq_train,bioasq13b_5518e7a7622b194345000002,0.2,-0.0,1
bioasq_train,bioasq13b_5518e7a7622b194345000002,0.25,-0.0,1
bioasq_train,bioasq13b_5518e7a7622b194345000002,0.3,-0.0,1
bioasq_train,bioasq13b_56eaf4e6107309bc2f000001,0.05,-0.0,1
bioasq_train,bioasq13b_56eaf4e6107309bc2f000001,0.1,-0.0,1
bioasq_train,bioasq13b_56eaf4e6107309bc2f000001,0.15,-0.0,1
bioasq_train,bioasq13b_56eaf4e6107309bc2f000001,0.2,-0.0,1
bioasq_train,bioasq13b_56eaf4e6107309bc2f000001,0.25,-0.0,1
bioasq_train,bioasq13b_56eaf4e6107309bc2f000001,0.3,-0.0,1
bioasq_train,bioasq13b_56b8ccc5156496395c000003,0.05,-0.0,1
bioasq_train,bioasq13b_56b8ccc5156496395c000003,0.1,-0.0,1
bioasq_train,bioasq13b_56b8ccc5156496395c000003,0.15,-0.0,1
bioasq_train,bioasq13b_56b8ccc5156496395c000003,0.2,-0.0,1
bioasq_train,bioasq13b_56b8ccc5156496395c000003,0.25,-0.0,1
bioasq_train,bioasq13b_56b8ccc5156496395c000003,0.3,-0.0,1
bioasq_train,bioasq13b_53175e68b166e2b806000009,0.05,0.34822537285722394,3
bioasq_train,bioasq13b_53175e68b166e2b806000009,0.1,-0.0,1
bioasq_train,bioasq13b_53175e68b166e2b806000009,0.15,-0.0,1
bioasq_train,bioasq13b_53175e68b166e2b806000009,0.2,-0.0,1
bioasq_train,bioasq13b_53175e68b166e2b806000009,0.25,-0.0,1
bioasq_train,bioasq13b_53175e68b166e2b806000009,0.3,-0.0,1
bioasq_train,bioasq13b_52ed264a98d023950500002f,0.05,0.4729032506370176,4
bioasq_train,bioasq13b_52ed264a98d023950500002f,0.1,0.2652949955741215,2
bioasq_train,bioasq13b_52ed264a98d023950500002f,0.15,-0.0,1
bioasq_train,bioasq13b_52ed264a98d023950500002f,0.2,-0.0,1
bioasq_train,bioasq13b_52ed264a98d023950500002f,0.25,-0.0,1
bioasq_train,bioasq13b_52ed264a98d023950500002f,0.3,-0.0,1
bioasq_train,bioasq13b_56f82f9acf1c325851000002,0.05,-0.0,1
bioasq_train,bioasq13b_56f82f9acf1c325851000002,0.1,-0.0,1
bioasq_train,bioasq13b_56f82f9acf1c325851000002,0.15,-0.0,1
bioasq_train,bioasq13b_56f82f9acf1c325851000002,0.2,-0.0,1
bioasq_train,bioasq13b_56f82f9acf1c325851000002,0.25,-0.0,1
bioasq_train,bioasq13b_56f82f9acf1c325851000002,0.3,-0.0,1
bioasq_train,bioasq13b_56bce63cd36b5da37800000b,0.05,-0.0,1
bioasq_train,bioasq13b_56bce63cd36b5da37800000b,0.1,-0.0,1
bioasq_train,bioasq13b_56bce63cd36b5da37800000b,0.15,-0.0,1
bioasq_train,bioasq13b_56bce63cd36b5da37800000b,0.2,-0.0,1
bioasq_train,bioasq13b_56bce63cd36b5da37800000b,0.25,-0.0,1
bioasq_train,bioasq13b_56bce63cd36b5da37800000b,0.3,-0.0,1
bioasq_train,bioasq13b_530a3f8a970c65fa6b000006,0.05,-0.0,1
bioasq_train,bioasq13b_530a3f8a970c65fa6b000006,0.1,-0.0,1
bioasq_train,bioasq13b_530a3f8a970c65fa6b000006,0.15,-0.0,1
bioasq_train,bioasq13b_530a3f8a970c65fa6b000006,0.2,-0.0,1
bioasq_train,bioasq13b_530a3f8a970c65fa6b000006,0.25,-0.0,1
bioasq_train,bioasq13b_530a3f8a970c65fa6b000006,0.3,-0.0,1
bioasq_train,bioasq13b_56e0869351531f7e33000011,0.05,-0.0,1
bioasq_train,bioasq13b_56e0869351531f7e33000011,0.1,-0.0,1
bioasq_train,bioasq13b_56e0869351531f7e33000011,0.15,-0.0,1
bioasq_train,bioasq13b_56e0869351531f7e33000011,0.2,-0.0,1
bioasq_train,bioasq13b_56e0869351531f7e33000011,0.25,-0.0,1
bioasq_train,bioasq13b_56e0869351531f7e33000011,0.3,-0.0,1
bioasq_train,bioasq13b_56b9cabbac7ad10019000002,0.05,-0.0,1
bioasq_train,bioasq13b_56b9cabbac7ad10019000002,0.1,-0.0,1
bioasq_train,bioasq13b_56b9cabbac7ad10019000002,0.15,-0.0,1
bioasq_train,bioasq13b_56b9cabbac7ad10019000002,0.2,-0.0,1
bioasq_train,bioasq13b_56b9cabbac7ad10019000002,0.25,-0.0,1
bioasq_train,bioasq13b_56b9cabbac7ad10019000002,0.3,-0.0,1
bioasq_train,bioasq13b_52fb19ab2059c6d71c00005c,0.05,-0.0,1
bioasq_train,bioasq13b_52fb19ab2059c6d71c00005c,0.1,-0.0,1
bioasq_train,bioasq13b_52fb19ab2059c6d71c00005c,0.15,-0.0,1
bioasq_train,bioasq13b_52fb19ab2059c6d71c00005c,0.2,-0.0,1
bioasq_train,bioasq13b_52fb19ab2059c6d71c00005c,0.25,-0.0,1
bioasq_train,bioasq13b_52fb19ab2059c6d71c00005c,0.3,-0.0,1
bioasq_train,bioasq13b_56c8f7445795f9a73e00001b,0.05,-0.0,1
bioasq_train,bioasq13b_56c8f7445795f9a73e00001b,0.1,-0.0,1
bioasq_train,bioasq13b_56c8f7445795f9a73e00001b,0.15,-0.0,1
bioasq_train,bioasq13b_56c8f7445795f9a73e00001b,0.2,-0.0,1
bioasq_train,bioasq13b_56c8f7445795f9a73e00001b,0.25,-0.0,1
bioasq_train,bioasq13b_56c8f7445795f9a73e00001b,0.3,-0.0,1
bioasq_train,bioasq13b_535d7c247d100faa09000006,0.05,0.8795880017344075,8
bioasq_train,bioasq13b_535d7c247d100faa09000006,0.1,0.2775280104064451,3
bioasq_train,bioasq13b_535d7c247d100faa09000006,0.15,0.14118174150460758,2
bioasq_train,bioasq13b_535d7c247d100faa09000006,0.2,-0.0,1
bioasq_train,bioasq13b_535d7c247d100faa09000006,0.25,-0.0,1
bioasq_train,bioasq13b_535d7c247d100faa09000006,0.3,-0.0,1
bioasq_train,bioasq13b_5318798bb166e2b806000014,0.05,0.14118174150460758,2
bioasq_train,bioasq13b_5318798bb166e2b806000014,0.1,-0.0,1
bioasq_train,bioasq13b_5318798bb166e2b806000014,0.15,-0.0,1
bioasq_train,bioasq13b_5318798bb166e2b806000014,0.2,-0.0,1
bioasq_train,bioasq13b_5318798bb166e2b806000014,0.25,-0.0,1
bioasq_train,bioasq13b_5318798bb166e2b806000014,0.3,-0.0,1
bioasq_train,bioasq13b_57152ebbcb4ef8864c000002,0.05,0.14118174150460758,2
bioasq_train,bioasq13b_57152ebbcb4ef8864c000002,0.1,0.14118174150460758,2
bioasq_train,bioasq13b_57152ebbcb4ef8864c000002,0.15,-0.0,1
bioasq_train,bioasq13b_57152ebbcb4ef8864c000002,0.2,-0.0,1
bioasq_train,bioasq13b_57152ebbcb4ef8864c000002,0.25,-0.0,1
bioasq_train,bioasq13b_57152ebbcb4ef8864c000002,0.3,-0.0,1
bioasq_train,bioasq13b_56acd7530a360a5e45000004,0.05,-0.0,1
bioasq_train,bioasq13b_56acd7530a360a5e45000004,0.1,-0.0,1
bioasq_train,bioasq13b_56acd7530a360a5e45000004,0.15,-0.0,1
bioasq_train,bioasq13b_56acd7530a360a5e45000004,0.2,-0.0,1
bioasq_train,bioasq13b_56acd7530a360a5e45000004,0.25,-0.0,1
bioasq_train,bioasq13b_56acd7530a360a5e45000004,0.3,-0.0,1
bioasq_train,bioasq13b_55479102f35db75526000004,0.05,-0.0,1
bioasq_train,bioasq13b_55479102f35db75526000004,0.1,-0.0,1
bioasq_train,bioasq13b_55479102f35db75526000004,0.15,-0.0,1
bioasq_train,bioasq13b_55479102f35db75526000004,0.2,-0.0,1
bioasq_train,bioasq13b_55479102f35db75526000004,0.25,-0.0,1
bioasq_train,bioasq13b_55479102f35db75526000004,0.3,-0.0,1
bioasq_train,bioasq13b_530f72fd329f5fcf1e000003,0.05,-0.0,1
bioasq_train,bioasq13b_530f72fd329f5fcf1e000003,0.1,-0.0,1
bioasq_train,bioasq13b_530f72fd329f5fcf1e000003,0.15,-0.0,1
bioasq_train,bioasq13b_530f72fd329f5fcf1e000003,0.2,-0.0,1
bioasq_train,bioasq13b_530f72fd329f5fcf1e000003,0.25,-0.0,1
bioasq_train,bioasq13b_530f72fd329f5fcf1e000003,0.3,-0.0,1
bioasq_train,bioasq13b_55391825bc4f83e828000016,0.05,-0.0,1
bioasq_train,bioasq13b_55391825bc4f83e828000016,0.1,-0.0,1
bioasq_train,bioasq13b_55391825bc4f83e828000016,0.15,-0.0,1
bioasq_train,bioasq13b_55391825bc4f83e828000016,0.2,-0.0,1
bioasq_train,bioasq13b_55391825bc4f83e828000016,0.25,-0.0,1
bioasq_train,bioasq13b_55391825bc4f83e828000016,0.3,-0.0,1
bioasq_train,bioasq13b_56f6d4ed09dd18d46b000010,0.05,-0.0,1
bioasq_train,bioasq13b_56f6d4ed09dd18d46b000010,0.1,-0.0,1
bioasq_train,bioasq13b_56f6d4ed09dd18d46b000010,0.15,-0.0,1
bioasq_train,bioasq13b_56f6d4ed09dd18d46b000010,0.2,-0.0,1
bioasq_train,bioasq13b_56f6d4ed09dd18d46b000010,0.25,-0.0,1
bioasq_train,bioasq13b_56f6d4ed09dd18d46b000010,0.3,-0.0,1
bioasq_train,bioasq13b_56c4bbfdb04e159d0e000002,0.05,0.30102999566398114,2
bioasq_train,bioasq13b_56c4bbfdb04e159d0e000002,0.1,-0.0,1
bioasq_train,bioasq13b_56c4bbfdb04e159d0e000002,0.15,-0.0,1
bioasq_train,bioasq13b_56c4bbfdb04e159d0e000002,0.2,-0.0,1
bioasq_train,bioasq13b_56c4bbfdb04e159d0e000002,0.25,-0.0,1
bioasq_train,bioasq13b_56c4bbfdb04e159d0e000002,0.3,-0.0,1
bioasq_train,bioasq13b_532f03e6d6d3ac6a34000022,0.05,0.30102999566398114,2
bioasq_train,bioasq13b_532f03e6d6d3ac6a34000022,0.1,0.30102999566398114,2
bioasq_train,bioasq13b_532f03e6d6d3ac6a34000022,0.15,-0.0,1
bioasq_train,bioasq13b_532f03e6d6d3ac6a34000022,0.2,-0.0,1
bioasq_train,bioasq13b_532f03e6d6d3ac6a34000022,0.25,-0.0,1
bioasq_train,bioasq13b_532f03e6d6d3ac6a34000022,0.3,-0.0,1
bioasq_train,bioasq13b_530e1b205937551c09000003,0.05,0.4729032506370176,4
bioasq_train,bioasq13b_530e1b205937551c09000003,0.1,0.21732201127364886,2
bioasq_train,bioasq13b_530e1b205937551c09000003,0.15,-0.0,1
bioasq_train,bioasq13b_530e1b205937551c09000003,0.2,-0.0,1
bioasq_train,bioasq13b_530e1b205937551c09000003,0.25,-0.0,1
bioasq_train,bioasq13b_530e1b205937551c09000003,0.3,-0.0,1
bioasq_train,bioasq13b_54d8e319014675820d000009,0.05,-0.0,1
bioasq_train,bioasq13b_54d8e319014675820d000009,0.1,-0.0,1
bioasq_train,bioasq13b_54d8e319014675820d000009,0.15,-0.0,1
bioasq_train,bioasq13b_54d8e319014675820d000009,0.2,-0.0,1
bioasq_train,bioasq13b_54d8e319014675820d000009,0.25,-0.0,1
bioasq_train,bioasq13b_54d8e319014675820d000009,0.3,-0.0,1
bioasq_train,bioasq13b_52f348542059c6d71c00000f,0.05,0.21732201127364886,2
bioasq_train,bioasq13b_52f348542059c6d71c00000f,0.1,-0.0,1
bioasq_train,bioasq13b_52f348542059c6d71c00000f,0.15,-0.0,1
bioasq_train,bioasq13b_52f348542059c6d71c00000f,0.2,-0.0,1
bioasq_train,bioasq13b_52f348542059c6d71c00000f,0.25,-0.0,1
bioasq_train,bioasq13b_52f348542059c6d71c00000f,0.3,-0.0,1
bioasq_train,bioasq13b_56c331aa50c68dd416000005,0.05,0.6989700043360187,6
bioasq_train,bioasq13b_56c331aa50c68dd416000005,0.1,0.38997287335391506,3
bioasq_train,bioasq13b_56c331aa50c68dd416000005,0.15,-0.0,1
bioasq_train,bioasq13b_56c331aa50c68dd416000005,0.2,-0.0,1
bioasq_train,bioasq13b_56c331aa50c68dd416000005,0.25,-0.0,1
bioasq_train,bioasq13b_56c331aa50c68dd416000005,0.3,-0.0,1
bioasq_train,bioasq13b_56c1f027ef6e394741000049,0.05,-0.0,1
bioasq_train,bioasq13b_56c1f027ef6e394741000049,0.1,-0.0,1
bioasq_train,bioasq13b_56c1f027ef6e394741000049,0.15,-0.0,1
bioasq_train,bioasq13b_56c1f027ef6e394741000049,0.2,-0.0,1
bioasq_train,bioasq13b_56c1f027ef6e394741000049,0.25,-0.0,1
bioasq_train,bioasq13b_56c1f027ef6e394741000049,0.3,-0.0,1
bioasq_train,bioasq13b_56bcd422d36b5da378000005,0.05,-0.0,1
bioasq_train,bioasq13b_56bcd422d36b5da378000005,0.1,-0.0,1
bioasq_train,bioasq13b_56bcd422d36b5da378000005,0.15,-0.0,1
bioasq_train,bioasq13b_56bcd422d36b5da378000005,0.2,-0.0,1
bioasq_train,bioasq13b_56bcd422d36b5da378000005,0.25,-0.0,1
bioasq_train,bioasq13b_56bcd422d36b5da378000005,0.3,-0.0,1
bioasq_train,bioasq13b_5549de44f35db7552600000c,0.05,-0.0,1
bioasq_train,bioasq13b_5549de44f35db7552600000c,0.1,-0.0,1
bioasq_train,bioasq13b_5549de44f35db7552600000c,0.15,-0.0,1
bioasq_train,bioasq13b_5549de44f35db7552600000c,0.2,-0.0,1
bioasq_train,bioasq13b_5549de44f35db7552600000c,0.25,-0.0,1
bioasq_train,bioasq13b_5549de44f35db7552600000c,0.3,-0.0,1
bioasq_train,bioasq13b_5541297f182542114d000001,0.05,-0.0,1
bioasq_train,bioasq13b_5541297f182542114d000001,0.1,-0.0,1
bioasq_train,bioasq13b_5541297f182542114d000001,0.15,-0.0,1
bioasq_train,bioasq13b_5541297f182542114d000001,0.2,-0.0,1
bioasq_train,bioasq13b_5541297f182542114d000001,0.25,-0.0,1
bioasq_train,bioasq13b_5541297f182542114d000001,0.3,-0.0,1
bioasq_train,bioasq13b_56d2adc5f22319765a000005,0.05,0.30102999566398114,2
bioasq_train,bioasq13b_56d2adc5f22319765a000005,0.1,-0.0,1
bioasq_train,bioasq13b_56d2adc5f22319765a000005,0.15,-0.0,1
bioasq_train,bioasq13b_56d2adc5f22319765a000005,0.2,-0.0,1
bioasq_train,bioasq13b_56d2adc5f22319765a000005,0.25,-0.0,1
bioasq_train,bioasq13b_56d2adc5f22319765a000005,0.3,-0.0,1
bioasq_train,bioasq13b_571f2e8e0fd6f91b68000001,0.05,-0.0,1
bioasq_train,bioasq13b_571f2e8e0fd6f91b68000001,0.1,-0.0,1
bioasq_train,bioasq13b_571f2e8e0fd6f91b68000001,0.15,-0.0,1
bioasq_train,bioasq13b_571f2e8e0fd6f91b68000001,0.2,-0.0,1
bioasq_train,bioasq13b_571f2e8e0fd6f91b68000001,0.25,-0.0,1
bioasq_train,bioasq13b_571f2e8e0fd6f91b68000001,0.3,-0.0,1
bioasq_train,bioasq13b_5710ed19a5ed216440000003,0.05,-0.0,1
bioasq_train,bioasq13b_5710ed19a5ed216440000003,0.1,-0.0,1
bioasq_train,bioasq13b_5710ed19a5ed216440000003,0.15,-0.0,1
bioasq_train,bioasq13b_5710ed19a5ed216440000003,0.2,-0.0,1
bioasq_train,bioasq13b_5710ed19a5ed216440000003,0.25,-0.0,1
bioasq_train,bioasq13b_5710ed19a5ed216440000003,0.3,-0.0,1
bioasq_train,bioasq13b_550300fce9bde6963400000a,0.05,0.14118174150460758,2
bioasq_train,bioasq13b_550300fce9bde6963400000a,0.1,-0.0,1
bioasq_train,bioasq13b_550300fce9bde6963400000a,0.15,-0.0,1
bioasq_train,bioasq13b_550300fce9bde6963400000a,0.2,-0.0,1
bioasq_train,bioasq13b_550300fce9bde6963400000a,0.25,-0.0,1
bioasq_train,bioasq13b_550300fce9bde6963400000a,0.3,-0.0,1
bioasq_train,bioasq13b_5502fe13e9bde69634000009,0.05,0.44717262228329563,3
bioasq_train,bioasq13b_5502fe13e9bde69634000009,0.1,-0.0,1
bioasq_train,bioasq13b_5502fe13e9bde69634000009,0.15,-0.0,1
bioasq_train,bioasq13b_5502fe13e9bde69634000009,0.2,-0.0,1
bioasq_train,bioasq13b_5502fe13e9bde69634000009,0.25,-0.0,1
bioasq_train,bioasq13b_5502fe13e9bde69634000009,0.3,-0.0,1
bioasq_train,bioasq13b_54fc27a896abe38008000002,0.05,-0.0,1
bioasq_train,bioasq13b_54fc27a896abe38008000002,0.1,-0.0,1
bioasq_train,bioasq13b_54fc27a896abe38008000002,0.15,-0.0,1
bioasq_train,bioasq13b_54fc27a896abe38008000002,0.2,-0.0,1
bioasq_train,bioasq13b_54fc27a896abe38008000002,0.25,-0.0,1
bioasq_train,bioasq13b_54fc27a896abe38008000002,0.3,-0.0,1
bioasq_train,bioasq13b_5335c938d6d3ac6a34000052,0.05,-0.0,1
bioasq_train,bioasq13b_5335c938d6d3ac6a34000052,0.1,-0.0,1
bioasq_train,bioasq13b_5335c938d6d3ac6a34000052,0.15,-0.0,1
bioasq_train,bioasq13b_5335c938d6d3ac6a34000052,0.2,-0.0,1
bioasq_train,bioasq13b_5335c938d6d3ac6a34000052,0.25,-0.0,1
bioasq_train,bioasq13b_5335c938d6d3ac6a34000052,0.3,-0.0,1
bioasq_train,bioasq13b_5717e0717de986d80d000002,0.05,0.2652949955741215,2
bioasq_train,bioasq13b_5717e0717de986d80d000002,0.1,-0.0,1
bioasq_train,bioasq13b_5717e0717de986d80d000002,0.15,-0.0,1
bioasq_train,bioasq13b_5717e0717de986d80d000002,0.2,-0.0,1
bioasq_train,bioasq13b_5717e0717de986d80d000002,0.25,-0.0,1
bioasq_train,bioasq13b_5717e0717de986d80d000002,0.3,-0.0,1
bioasq_train,bioasq13b_5713506d1174fb1755000003,0.05,-0.0,1
bioasq_train,bioasq13b_5713506d1174fb1755000003,0.1,-0.0,1
bioasq_train,bioasq13b_5713506d1174fb1755000003,0.15,-0.0,1
bioasq_train,bioasq13b_5713506d1174fb1755000003,0.2,-0.0,1
bioasq_train,bioasq13b_5713506d1174fb1755000003,0.25,-0.0,1
bioasq_train,bioasq13b_5713506d1174fb1755000003,0.3,-0.0,1
bioasq_train,bioasq13b_52f65f372059c6d71c000027,0.05,-0.0,1
bioasq_train,bioasq13b_52f65f372059c6d71c000027,0.1,-0.0,1
bioasq_train,bioasq13b_52f65f372059c6d71c000027,0.15,-0.0,1
bioasq_train,bioasq13b_52f65f372059c6d71c000027,0.2,-0.0,1
bioasq_train,bioasq13b_52f65f372059c6d71c000027,0.25,-0.0,1
bioasq_train,bioasq13b_52f65f372059c6d71c000027,0.3,-0.0,1
bioasq_train,bioasq13b_53442472aeec6fbd07000008,0.05,-0.0,1
bioasq_train,bioasq13b_53442472aeec6fbd07000008,0.1,-0.0,1
bioasq_train,bioasq13b_53442472aeec6fbd07000008,0.15,-0.0,1
bioasq_train,bioasq13b_53442472aeec6fbd07000008,0.2,-0.0,1
bioasq_train,bioasq13b_53442472aeec6fbd07000008,0.25,-0.0,1
bioasq_train,bioasq13b_53442472aeec6fbd07000008,0.3,-0.0,1
bioasq_train,bioasq13b_55074fa8bde8548216000003,0.05,-0.0,1
bioasq_train,bioasq13b_55074fa8bde8548216000003,0.1,-0.0,1
bioasq_train,bioasq13b_55074fa8bde8548216000003,0.15,-0.0,1
bioasq_train,bioasq13b_55074fa8bde8548216000003,0.2,-0.0,1
bioasq_train,bioasq13b_55074fa8bde8548216000003,0.25,-0.0,1
bioasq_train,bioasq13b_55074fa8bde8548216000003,0.3,-0.0,1
bioasq_train,bioasq13b_570a8dcfcf1c325851000027,0.05,0.21732201127364886,2
bioasq_train,bioasq13b_570a8dcfcf1c325851000027,0.1,-0.0,1
bioasq_train,bioasq13b_570a8dcfcf1c325851000027,0.15,-0.0,1
bioasq_train,bioasq13b_570a8dcfcf1c325851000027,0.2,-0.0,1
bioasq_train,bioasq13b_570a8dcfcf1c325851000027,0.25,-0.0,1
bioasq_train,bioasq13b_570a8dcfcf1c325851000027,0.3,-0.0,1
bioasq_train,bioasq13b_552446612c8b63434a00000c,0.05,-0.0,1
bioasq_train,bioasq13b_552446612c8b63434a00000c,0.1,-0.0,1
bioasq_train,bioasq13b_552446612c8b63434a00000c,0.15,-0.0,1
bioasq_train,bioasq13b_552446612c8b63434a00000c,0.2,-0.0,1
bioasq_train,bioasq13b_552446612c8b63434a00000c,0.25,-0.0,1
bioasq_train,bioasq13b_552446612c8b63434a00000c,0.3,-0.0,1
bioasq_train,bioasq13b_553f5a20ab98a37113000006,0.05,0.21732201127364886,2
bioasq_train,bioasq13b_553f5a20ab98a37113000006,0.1,-0.0,1
bioasq_train,bioasq13b_553f5a20ab98a37113000006,0.15,-0.0,1
bioasq_train,bioasq13b_553f5a20ab98a37113000006,0.2,-0.0,1
bioasq_train,bioasq13b_553f5a20ab98a37113000006,0.25,-0.0,1
bioasq_train,bioasq13b_553f5a20ab98a37113000006,0.3,-0.0,1
bioasq_train,bioasq13b_56c904745795f9a73e00001c,0.05,-0.0,1
bioasq_train,bioasq13b_56c904745795f9a73e00001c,0.1,-0.0,1
bioasq_train,bioasq13b_56c904745795f9a73e00001c,0.15,-0.0,1
bioasq_train,bioasq13b_56c904745795f9a73e00001c,0.2,-0.0,1
bioasq_train,bioasq13b_56c904745795f9a73e00001c,0.25,-0.0,1
bioasq_train,bioasq13b_56c904745795f9a73e00001c,0.3,-0.0,1
bioasq_train,bioasq13b_5503167be9bde69634000028,0.05,-0.0,1
bioasq_train,bioasq13b_5503167be9bde69634000028,0.1,-0.0,1
bioasq_train,bioasq13b_5503167be9bde69634000028,0.15,-0.0,1
bioasq_train,bioasq13b_5503167be9bde69634000028,0.2,-0.0,1
bioasq_train,bioasq13b_5503167be9bde69634000028,0.25,-0.0,1
bioasq_train,bioasq13b_5503167be9bde69634000028,0.3,-0.0,1
bioasq_train,bioasq13b_56c036afef6e394741000019,0.05,-0.0,1
bioasq_train,bioasq13b_56c036afef6e394741000019,0.1,-0.0,1
bioasq_train,bioasq13b_56c036afef6e394741000019,0.15,-0.0,1
bioasq_train,bioasq13b_56c036afef6e394741000019,0.2,-0.0,1
bioasq_train,bioasq13b_56c036afef6e394741000019,0.25,-0.0,1
bioasq_train,bioasq13b_56c036afef6e394741000019,0.3,-0.0,1
bioasq_train,bioasq13b_5710eec5a5ed216440000004,0.05,0.7364516253185087,6
bioasq_train,bioasq13b_5710eec5a5ed216440000004,0.1,-0.0,1
bioasq_train,bioasq13b_5710eec5a5ed216440000004,0.15,-0.0,1
bioasq_train,bioasq13b_5710eec5a5ed216440000004,0.2,-0.0,1
bioasq_train,bioasq13b_5710eec5a5ed216440000004,0.25,-0.0,1
bioasq_train,bioasq13b_5710eec5a5ed216440000004,0.3,-0.0,1
bioasq_train,bioasq13b_551ae73b6b348bb82c000001,0.05,-0.0,1
bioasq_train,bioasq13b_551ae73b6b348bb82c000001,0.1,-0.0,1
bioasq_train,bioasq13b_551ae73b6b348bb82c000001,0.15,-0.0,1
bioasq_train,bioasq13b_551ae73b6b348bb82c000001,0.2,-0.0,1
bioasq_train,bioasq13b_551ae73b6b348bb82c000001,0.25,-0.0,1
bioasq_train,bioasq13b_551ae73b6b348bb82c000001,0.3,-0.0,1
bioasq_train,bioasq13b_54f2f81664850a5854000003,0.05,-0.0,1
bioasq_train,bioasq13b_54f2f81664850a5854000003,0.1,-0.0,1
bioasq_train,bioasq13b_54f2f81664850a5854000003,0.15,-0.0,1
bioasq_train,bioasq13b_54f2f81664850a5854000003,0.2,-0.0,1
bioasq_train,bioasq13b_54f2f81664850a5854000003,0.25,-0.0,1
bioasq_train,bioasq13b_54f2f81664850a5854000003,0.3,-0.0,1
bioasq_train,bioasq13b_56c1f031ef6e39474100004e,0.05,-0.0,1
bioasq_train,bioasq13b_56c1f031ef6e39474100004e,0.1,-0.0,1
bioasq_train,bioasq13b_56c1f031ef6e39474100004e,0.15,-0.0,1
bioasq_train,bioasq13b_56c1f031ef6e39474100004e,0.2,-0.0,1
bioasq_train,bioasq13b_56c1f031ef6e39474100004e,0.25,-0.0,1
bioasq_train,bioasq13b_56c1f031ef6e39474100004e,0.3,-0.0,1
bioasq_train,bioasq13b_535917f3c95abccd6f000001,0.05,-0.0,1
bioasq_train,bioasq13b_535917f3c95abccd6f000001,0.1,-0.0,1
bioasq_train,bioasq13b_535917f3c95abccd6f000001,0.15,-0.0,1
bioasq_train,bioasq13b_535917f3c95abccd6f000001,0.2,-0.0,1
bioasq_train,bioasq13b_535917f3c95abccd6f000001,0.25,-0.0,1
bioasq_train,bioasq13b_535917f3c95abccd6f000001,0.3,-0.0,1
bioasq_train,bioasq13b_5544e4635beec11c10000007,0.05,0.14118174150460758,2
bioasq_train,bioasq13b_5544e4635beec11c10000007,0.1,-0.0,1
bioasq_train,bioasq13b_5544e4635beec11c10000007,0.15,-0.0,1
bioasq_train,bioasq13b_5544e4635beec11c10000007,0.2,-0.0,1
bioasq_train,bioasq13b_5544e4635beec11c10000007,0.25,-0.0,1
bioasq_train,bioasq13b_5544e4635beec11c10000007,0.3,-0.0,1
bioasq_train,bioasq13b_56af573b0a360a5e45000011,0.05,-0.0,1
bioasq_train,bioasq13b_56af573b0a360a5e45000011,0.1,-0.0,1
bioasq_train,bioasq13b_56af573b0a360a5e45000011,0.15,-0.0,1
bioasq_train,bioasq13b_56af573b0a360a5e45000011,0.2,-0.0,1
bioasq_train,bioasq13b_56af573b0a360a5e45000011,0.25,-0.0,1
bioasq_train,bioasq13b_56af573b0a360a5e45000011,0.3,-0.0,1
bioasq_train,bioasq13b_553ccbaef32186855800000f,0.05,0.4096910013008056,3
bioasq_train,bioasq13b_553ccbaef32186855800000f,0.1,0.30102999566398114,2
bioasq_train,bioasq13b_553ccbaef32186855800000f,0.15,-0.0,1
bioasq_train,bioasq13b_553ccbaef32186855800000f,0.2,-0.0,1
bioasq_train,bioasq13b_553ccbaef32186855800000f,0.25,-0.0,1
bioasq_train,bioasq13b_553ccbaef32186855800000f,0.3,-0.0,1
bioasq_train,bioasq13b_56c0ea0aef6e394741000029,0.05,-0.0,1
bioasq_train,bioasq13b_56c0ea0aef6e394741000029,0.1,-0.0,1
bioasq_train,bioasq13b_56c0ea0aef6e394741000029,0.15,-0.0,1
bioasq_train,bioasq13b_56c0ea0aef6e394741000029,0.2,-0.0,1
bioasq_train,bioasq13b_56c0ea0aef6e394741000029,0.25,-0.0,1
bioasq_train,bioasq13b_56c0ea0aef6e394741000029,0.3,-0.0,1
bioasq_train,bioasq13b_56a38f9b496b62f23f000004,0.05,-0.0,1
bioasq_train,bioasq13b_56a38f9b496b62f23f000004,0.1,-0.0,1
bioasq_train,bioasq13b_56a38f9b496b62f23f000004,0.15,-0.0,1
bioasq_train,bioasq13b_56a38f9b496b62f23f000004,0.2,-0.0,1
bioasq_train,bioasq13b_56a38f9b496b62f23f000004,0.25,-0.0,1
bioasq_train,bioasq13b_56a38f9b496b62f23f000004,0.3,-0.0,1
bioasq_train,bioasq13b_5324d0429b2d7acc7e000023,0.05,0.30102999566398114,2
bioasq_train,bioasq13b_5324d0429b2d7acc7e000023,0.1,-0.0,1
bioasq_train,bioasq13b_5324d0429b2d7acc7e000023,0.15,-0.0,1
bioasq_train,bioasq13b_5324d0429b2d7acc7e000023,0.2,-0.0,1
bioasq_train,bioasq13b_5324d0429b2d7acc7e000023,0.25,-0.0,1
bioasq_train,bioasq13b_5324d0429b2d7acc7e000023,0.3,-0.0,1
bioasq_train,bioasq13b_56be14c7ef6e39474100000a,0.05,0.2775280104064451,3
bioasq_train,bioasq13b_56be14c7ef6e39474100000a,0.1,-0.0,1
bioasq_train,bioasq13b_56be14c7ef6e39474100000a,0.15,-0.0,1
bioasq_train,bioasq13b_56be14c7ef6e39474100000a,0.2,-0.0,1
bioasq_train,bioasq13b_56be14c7ef6e39474100000a,0.25,-0.0,1
bioasq_train,bioasq13b_56be14c7ef6e39474100000a,0.3,-0.0,1
bioasq_train,bioasq13b_54fc58df6ea36a810c000004,0.05,-0.0,1
bioasq_train,bioasq13b_54fc58df6ea36a810c000004,0.1,-0.0,1
bioasq_train,bioasq13b_54fc58df6ea36a810c000004,0.15,-0.0,1
bioasq_train,bioasq13b_54fc58df6ea36a810c000004,0.2,-0.0,1
bioasq_train,bioasq13b_54fc58df6ea36a810c000004,0.25,-0.0,1
bioasq_train,bioasq13b_54fc58df6ea36a810c000004,0.3,-0.0,1
bioasq_train,bioasq13b_56bf4035ef6e394741000010,0.05,0.38997287335391506,3
bioasq_train,bioasq13b_56bf4035ef6e394741000010,0.1,-0.0,1
bioasq_train,bioasq13b_56bf4035ef6e394741000010,0.15,-0.0,1
bioasq_train,bioasq13b_56bf4035ef6e394741000010,0.2,-0.0,1
bioasq_train,bioasq13b_56bf4035ef6e394741000010,0.25,-0.0,1
bioasq_train,bioasq13b_56bf4035ef6e394741000010,0.3,-0.0,1
bioasq_train,bioasq13b_52fc94932059c6d71c000072,0.05,-0.0,1
bioasq_train,bioasq13b_52fc94932059c6d71c000072,0.1,-0.0,1
bioasq_train,bioasq13b_52fc94932059c6d71c000072,0.15,-0.0,1
bioasq_train,bioasq13b_52fc94932059c6d71c000072,0.2,-0.0,1
bioasq_train,bioasq13b_52fc94932059c6d71c000072,0.25,-0.0,1
bioasq_train,bioasq13b_52fc94932059c6d71c000072,0.3,-0.0,1
bioasq_train,bioasq13b_55032785e9bde69634000031,0.05,0.38997287335391506,3
bioasq_train,bioasq13b_55032785e9bde69634000031,0.1,0.29228525323862886,2
bioasq_train,bioasq13b_55032785e9bde69634000031,0.15,-0.0,1
bioasq_train,bioasq13b_55032785e9bde69634000031,0.2,-0.0,1
bioasq_train,bioasq13b_55032785e9bde69634000031,0.25,-0.0,1
bioasq_train,bioasq13b_55032785e9bde69634000031,0.3,-0.0,1
bioasq_train,bioasq13b_533ada5efd9a95ea0d000001,0.05,0.4729032506370176,4
bioasq_train,bioasq13b_533ada5efd9a95ea0d000001,0.1,-0.0,1
bioasq_train,bioasq13b_533ada5efd9a95ea0d000001,0.15,-0.0,1
bioasq_train,bioasq13b_533ada5efd9a95ea0d000001,0.2,-0.0,1
bioasq_train,bioasq13b_533ada5efd9a95ea0d000001,0.25,-0.0,1
bioasq_train,bioasq13b_533ada5efd9a95ea0d000001,0.3,-0.0,1
bioasq_train,bioasq13b_54f48cb74e9bf3263f000001,0.05,-0.0,1
bioasq_train,bioasq13b_54f48cb74e9bf3263f000001,0.1,-0.0,1
bioasq_train,bioasq13b_54f48cb74e9bf3263f000001,0.15,-0.0,1
bioasq_train,bioasq13b_54f48cb74e9bf3263f000001,0.2,-0.0,1
bioasq_train,bioasq13b_54f48cb74e9bf3263f000001,0.25,-0.0,1
bioasq_train,bioasq13b_54f48cb74e9bf3263f000001,0.3,-0.0,1
bioasq_train,bioasq13b_532f043ed6d3ac6a34000023,0.05,0.29228525323862886,2
bioasq_train,bioasq13b_532f043ed6d3ac6a34000023,0.1,-0.0,1
bioasq_train,bioasq13b_532f043ed6d3ac6a34000023,0.15,-0.0,1
bioasq_train,bioasq13b_532f043ed6d3ac6a34000023,0.2,-0.0,1
bioasq_train,bioasq13b_532f043ed6d3ac6a34000023,0.25,-0.0,1
bioasq_train,bioasq13b_532f043ed6d3ac6a34000023,0.3,-0.0,1
bioasq_train,bioasq13b_5545d847bf90a13052000006,0.05,-0.0,1
bioasq_train,bioasq13b_5545d847bf90a13052000006,0.1,-0.0,1
bioasq_train,bioasq13b_5545d847bf90a13052000006,0.15,-0.0,1
bioasq_train,bioasq13b_5545d847bf90a13052000006,0.2,-0.0,1
bioasq_train,bioasq13b_5545d847bf90a13052000006,0.25,-0.0,1
bioasq_train,bioasq13b_5545d847bf90a13052000006,0.3,-0.0,1
bioasq_train,bioasq13b_5541ffc3472cfd8617000004,0.05,0.6989700043360187,6
bioasq_train,bioasq13b_5541ffc3472cfd8617000004,0.1,0.2652949955741215,2
bioasq_train,bioasq13b_5541ffc3472cfd8617000004,0.15,-0.0,1
bioasq_train,bioasq13b_5541ffc3472cfd8617000004,0.2,-0.0,1
bioasq_train,bioasq13b_5541ffc3472cfd8617000004,0.25,-0.0,1
bioasq_train,bioasq13b_5541ffc3472cfd8617000004,0.3,-0.0,1
bioasq_train,bioasq13b_54f0985994afd6150400001a,0.05,0.21732201127364886,2
bioasq_train,bioasq13b_54f0985994afd6150400001a,0.1,0.21732201127364886,2
bioasq_train,bioasq13b_54f0985994afd6150400001a,0.15,-0.0,1
bioasq_train,bioasq13b_54f0985994afd6150400001a,0.2,-0.0,1
bioasq_train,bioasq13b_54f0985994afd6150400001a,0.25,-0.0,1
bioasq_train,bioasq13b_54f0985994afd6150400001a,0.3,-0.0,1
bioasq_train,bioasq13b_56af7b820a360a5e45000014,0.05,-0.0,1
bioasq_train,bioasq13b_56af7b820a360a5e45000014,0.1,-0.0,1
bioasq_train,bioasq13b_56af7b820a360a5e45000014,0.15,-0.0,1
bioasq_train,bioasq13b_56af7b820a360a5e45000014,0.2,-0.0,1
bioasq_train,bioasq13b_56af7b820a360a5e45000014,0.25,-0.0,1
bioasq_train,bioasq13b_56af7b820a360a5e45000014,0.3,-0.0,1
bioasq_train,bioasq13b_5709f646cf1c325851000021,0.05,0.21732201127364886,2
bioasq_train,bioasq13b_5709f646cf1c325851000021,0.1,-0.0,1
bioasq_train,bioasq13b_5709f646cf1c325851000021,0.15,-0.0,1
bioasq_train,bioasq13b_5709f646cf1c325851000021,0.2,-0.0,1
bioasq_train,bioasq13b_5709f646cf1c325851000021,0.25,-0.0,1
bioasq_train,bioasq13b_5709f646cf1c325851000021,0.3,-0.0,1
bioasq_train,bioasq13b_5509ba931180f13250000001,0.05,0.796657624451305,7
bioasq_train,bioasq13b_5509ba931180f13250000001,0.1,0.38997287335391506,3
bioasq_train,bioasq13b_5509ba931180f13250000001,0.15,0.14118174150460758,2
bioasq_train,bioasq13b_5509ba931180f13250000001,0.2,0.14118174150460758,2
bioasq_train,bioasq13b_5509ba931180f13250000001,0.25,0.14118174150460758,2
bioasq_train,bioasq13b_5509ba931180f13250000001,0.3,0.14118174150460758,2
bioasq_train,bioasq13b_5325a1a69b2d7acc7e000025,0.05,-0.0,1
bioasq_train,bioasq13b_5325a1a69b2d7acc7e000025,0.1,-0.0,1
bioasq_train,bioasq13b_5325a1a69b2d7acc7e000025,0.15,-0.0,1
bioasq_train,bioasq13b_5325a1a69b2d7acc7e000025,0.2,-0.0,1
bioasq_train,bioasq13b_5325a1a69b2d7acc7e000025,0.25,-0.0,1
bioasq_train,bioasq13b_5325a1a69b2d7acc7e000025,0.3,-0.0,1
bioasq_train,bioasq13b_54f1e4d0c409818c32000002,0.05,-0.0,1
bioasq_train,bioasq13b_54f1e4d0c409818c32000002,0.1,-0.0,1
bioasq_train,bioasq13b_54f1e4d0c409818c32000002,0.15,-0.0,1
bioasq_train,bioasq13b_54f1e4d0c409818c32000002,0.2,-0.0,1
bioasq_train,bioasq13b_54f1e4d0c409818c32000002,0.25,-0.0,1
bioasq_train,bioasq13b_54f1e4d0c409818c32000002,0.3,-0.0,1
bioasq_train,bioasq13b_56bf5b0cef6e394741000014,0.05,0.21732201127364886,2
bioasq_train,bioasq13b_56bf5b0cef6e394741000014,0.1,-0.0,1
bioasq_train,bioasq13b_56bf5b0cef6e394741000014,0.15,-0.0,1
bioasq_train,bioasq13b_56bf5b0cef6e394741000014,0.2,-0.0,1
bioasq_train,bioasq13b_56bf5b0cef6e394741000014,0.25,-0.0,1
bioasq_train,bioasq13b_56bf5b0cef6e394741000014,0.3,-0.0,1
bioasq_train,bioasq13b_56c3104c50c68dd416000001,0.05,-0.0,1
bioasq_train,bioasq13b_56c3104c50c68dd416000001,0.1,-0.0,1
bioasq_train,bioasq13b_56c3104c50c68dd416000001,0.15,-0.0,1
bioasq_train,bioasq13b_56c3104c50c68dd416000001,0.2,-0.0,1
bioasq_train,bioasq13b_56c3104c50c68dd416000001,0.25,-0.0,1
bioasq_train,bioasq13b_56c3104c50c68dd416000001,0.3,-0.0,1
bioasq_train,bioasq13b_56c07ef5ef6e394741000023,0.05,0.55583362792012,4
bioasq_train,bioasq13b_56c07ef5ef6e394741000023,0.1,0.30102999566398114,2
bioasq_train,bioasq13b_56c07ef5ef6e394741000023,0.15,-0.0,1
bioasq_train,bioasq13b_56c07ef5ef6e394741000023,0.2,-0.0,1
bioasq_train,bioasq13b_56c07ef5ef6e394741000023,0.25,-0.0,1
bioasq_train,bioasq13b_56c07ef5ef6e394741000023,0.3,-0.0,1
bioasq_train,bioasq13b_52f89a002059c6d71c00004c,0.05,0.14118174150460758,2
bioasq_train,bioasq13b_52f89a002059c6d71c00004c,0.1,-0.0,1
bioasq_train,bioasq13b_52f89a002059c6d71c00004c,0.15,-0.0,1
bioasq_train,bioasq13b_52f89a002059c6d71c00004c,0.2,-0.0,1
bioasq_train,bioasq13b_52f89a002059c6d71c00004c,0.25,-0.0,1
bioasq_train,bioasq13b_52f89a002059c6d71c00004c,0.3,-0.0,1
bioasq_train,bioasq13b_56c1f033ef6e39474100004f,0.05,0.29228525323862886,2
bioasq_train,bioasq13b_56c1f033ef6e39474100004f,0.1,-0.0,1
bioasq_train,bioasq13b_56c1f033ef6e39474100004f,0.15,-0.0,1
bioasq_train,bioasq13b_56c1f033ef6e39474100004f,0.2,-0.0,1
bioasq_train,bioasq13b_56c1f033ef6e39474100004f,0.25,-0.0,1
bioasq_train,bioasq13b_56c1f033ef6e39474100004f,0.3,-0.0,1
bioasq_train,bioasq13b_54cf42bdf693c3b16b000007,0.05,0.14118174150460758,2
bioasq_train,bioasq13b_54cf42bdf693c3b16b000007,0.1,-0.0,1
bioasq_train,bioasq13b_54cf42bdf693c3b16b000007,0.15,-0.0,1
bioasq_train,bioasq13b_54cf42bdf693c3b16b000007,0.2,-0.0,1
bioasq_train,bioasq13b_54cf42bdf693c3b16b000007,0.25,-0.0,1
bioasq_train,bioasq13b_54cf42bdf693c3b16b000007,0.3,-0.0,1
bioasq_train,bioasq13b_530f7d7fe3eabad021000002,0.05,-0.0,1
bioasq_train,bioasq13b_530f7d7fe3eabad021000002,0.1,-0.0,1
bioasq_train,bioasq13b_530f7d7fe3eabad021000002,0.15,-0.0,1
bioasq_train,bioasq13b_530f7d7fe3eabad021000002,0.2,-0.0,1
bioasq_train,bioasq13b_530f7d7fe3eabad021000002,0.25,-0.0,1
bioasq_train,bioasq13b_530f7d7fe3eabad021000002,0.3,-0.0,1
bioasq_train,bioasq13b_5544da8f5beec11c10000004,0.05,-0.0,1
bioasq_train,bioasq13b_5544da8f5beec11c10000004,0.1,-0.0,1
bioasq_train,bioasq13b_5544da8f5beec11c10000004,0.15,-0.0,1
bioasq_train,bioasq13b_5544da8f5beec11c10000004,0.2,-0.0,1
bioasq_train,bioasq13b_5544da8f5beec11c10000004,0.25,-0.0,1
bioasq_train,bioasq13b_5544da8f5beec11c10000004,0.3,-0.0,1
bioasq_train,bioasq13b_56ebee26107309bc2f000002,0.05,0.4126972515042214,3
bioasq_train,bioasq13b_56ebee26107309bc2f000002,0.1,-0.0,1
bioasq_train,bioasq13b_56ebee26107309bc2f000002,0.15,-0.0,1
bioasq_train,bioasq13b_56ebee26107309bc2f000002,0.2,-0.0,1
bioasq_train,bioasq13b_56ebee26107309bc2f000002,0.25,-0.0,1
bioasq_train,bioasq13b_56ebee26107309bc2f000002,0.3,-0.0,1
bioasq_train,bioasq13b_52f7c91f2059c6d71c00002e,0.05,-0.0,1
bioasq_train,bioasq13b_52f7c91f2059c6d71c00002e,0.1,-0.0,1
bioasq_train,bioasq13b_52f7c91f2059c6d71c00002e,0.15,-0.0,1
bioasq_train,bioasq13b_52f7c91f2059c6d71c00002e,0.2,-0.0,1
bioasq_train,bioasq13b_52f7c91f2059c6d71c00002e,0.25,-0.0,1
bioasq_train,bioasq13b_52f7c91f2059c6d71c00002e,0.3,-0.0,1
bioasq_train,bioasq13b_54d7b457e19bba8909000004,0.05,-0.0,1
bioasq_train,bioasq13b_54d7b457e19bba8909000004,0.1,-0.0,1
bioasq_train,bioasq13b_54d7b457e19bba8909000004,0.15,-0.0,1
bioasq_train,bioasq13b_54d7b457e19bba8909000004,0.2,-0.0,1
bioasq_train,bioasq13b_54d7b457e19bba8909000004,0.25,-0.0,1
bioasq_train,bioasq13b_54d7b457e19bba8909000004,0.3,-0.0,1
bioasq_train,bioasq13b_54dfce9b1388e8454a00000b,0.05,0.21732201127364886,2
bioasq_train,bioasq13b_54dfce9b1388e8454a00000b,0.1,-0.0,1
bioasq_train,bioasq13b_54dfce9b1388e8454a00000b,0.15,-0.0,1
bioasq_train,bioasq13b_54dfce9b1388e8454a00000b,0.2,-0.0,1
bioasq_train,bioasq13b_54dfce9b1388e8454a00000b,0.25,-0.0,1
bioasq_train,bioasq13b_54dfce9b1388e8454a00000b,0.3,-0.0,1
bioasq_train,bioasq13b_553ba7b7f321868558000006,0.05,-0.0,1
bioasq_train,bioasq13b_553ba7b7f321868558000006,0.1,-0.0,1
bioasq_train,bioasq13b_553ba7b7f321868558000006,0.15,-0.0,1
bioasq_train,bioasq13b_553ba7b7f321868558000006,0.2,-0.0,1
bioasq_train,bioasq13b_553ba7b7f321868558000006,0.25,-0.0,1
bioasq_train,bioasq13b_553ba7b7f321868558000006,0.3,-0.0,1
bioasq_train,bioasq13b_532f05a5d6d3ac6a34000025,0.05,0.30102999566398114,2
bioasq_train,bioasq13b_532f05a5d6d3ac6a34000025,0.1,-0.0,1
bioasq_train,bioasq13b_532f05a5d6d3ac6a34000025,0.15,-0.0,1
bioasq_train,bioasq13b_532f05a5d6d3ac6a34000025,0.2,-0.0,1
bioasq_train,bioasq13b_532f05a5d6d3ac6a34000025,0.25,-0.0,1
bioasq_train,bioasq13b_532f05a5d6d3ac6a34000025,0.3,-0.0,1
bioasq_train,bioasq13b_553c8fd1f32186855800000a,0.05,0.14118174150460758,2
bioasq_train,bioasq13b_553c8fd1f32186855800000a,0.1,-0.0,1
bioasq_train,bioasq13b_553c8fd1f32186855800000a,0.15,-0.0,1
bioasq_train,bioasq13b_553c8fd1f32186855800000a,0.2,-0.0,1
bioasq_train,bioasq13b_553c8fd1f32186855800000a,0.25,-0.0,1
bioasq_train,bioasq13b_553c8fd1f32186855800000a,0.3,-0.0,1
bioasq_train,bioasq13b_57092f9bcf1c32585100001b,0.05,0.2652949955741215,2
bioasq_train,bioasq13b_57092f9bcf1c32585100001b,0.1,-0.0,1
bioasq_train,bioasq13b_57092f9bcf1c32585100001b,0.15,-0.0,1
bioasq_train,bioasq13b_57092f9bcf1c32585100001b,0.2,-0.0,1
bioasq_train,bioasq13b_57092f9bcf1c32585100001b,0.25,-0.0,1
bioasq_train,bioasq13b_57092f9bcf1c32585100001b,0.3,-0.0,1
bioasq_train,bioasq13b_553a761cf321868558000001,0.05,0.21732201127364886,2
bioasq_train,bioasq13b_553a761cf321868558000001,0.1,-0.0,1
bioasq_train,bioasq13b_553a761cf321868558000001,0.15,-0.0,1
bioasq_train,bioasq13b_553a761cf321868558000001,0.2,-0.0,1
bioasq_train,bioasq13b_553a761cf321868558000001,0.25,-0.0,1
bioasq_train,bioasq13b_553a761cf321868558000001,0.3,-0.0,1
bioasq_train,bioasq13b_54edf1ee94afd6150400000f,0.05,-0.0,1
bioasq_train,bioasq13b_54edf1ee94afd6150400000f,0.1,-0.0,1
bioasq_train,bioasq13b_54edf1ee94afd6150400000f,0.15,-0.0,1
bioasq_train,bioasq13b_54edf1ee94afd6150400000f,0.2,-0.0,1
bioasq_train,bioasq13b_54edf1ee94afd6150400000f,0.25,-0.0,1
bioasq_train,bioasq13b_54edf1ee94afd6150400000f,0.3,-0.0,1
bioasq_train,bioasq13b_571f356f0fd6f91b68000006,0.05,-0.0,1
bioasq_train,bioasq13b_571f356f0fd6f91b68000006,0.1,-0.0,1
bioasq_train,bioasq13b_571f356f0fd6f91b68000006,0.15,-0.0,1
bioasq_train,bioasq13b_571f356f0fd6f91b68000006,0.2,-0.0,1
bioasq_train,bioasq13b_571f356f0fd6f91b68000006,0.25,-0.0,1
bioasq_train,bioasq13b_571f356f0fd6f91b68000006,0.3,-0.0,1
bioasq_train,bioasq13b_56bce51cd36b5da37800000a,0.05,0.44717262228329563,3
bioasq_train,bioasq13b_56bce51cd36b5da37800000a,0.1,0.2652949955741215,2
bioasq_train,bioasq13b_56bce51cd36b5da37800000a,0.15,-0.0,1
bioasq_train,bioasq13b_56bce51cd36b5da37800000a,0.2,-0.0,1
bioasq_train,bioasq13b_56bce51cd36b5da37800000a,0.25,-0.0,1
bioasq_train,bioasq13b_56bce51cd36b5da37800000a,0.3,-0.0,1
bioasq_train,bioasq13b_5324d12b9b2d7acc7e000024,0.05,-0.0,1
bioasq_train,bioasq13b_5324d12b9b2d7acc7e000024,0.1,-0.0,1
bioasq_train,bioasq13b_5324d12b9b2d7acc7e000024,0.15,-0.0,1
bioasq_train,bioasq13b_5324d12b9b2d7acc7e000024,0.2,-0.0,1
bioasq_train,bioasq13b_5324d12b9b2d7acc7e000024,0.25,-0.0,1
bioasq_train,bioasq13b_5324d12b9b2d7acc7e000024,0.3,-0.0,1
bioasq_train,bioasq13b_5319a83bb166e2b80600002c,0.05,0.7591760034688151,6
bioasq_train,bioasq13b_5319a83bb166e2b80600002c,0.1,-0.0,1
bioasq_train,bioasq13b_5319a83bb166e2b80600002c,0.15,-0.0,1
bioasq_train,bioasq13b_5319a83bb166e2b80600002c,0.2,-0.0,1
bioasq_train,bioasq13b_5319a83bb166e2b80600002c,0.25,-0.0,1
bioasq_train,bioasq13b_5319a83bb166e2b80600002c,0.3,-0.0,1
bioasq_train,bioasq13b_52ed27c098d0239505000030,0.05,-0.0,1
bioasq_train,bioasq13b_52ed27c098d0239505000030,0.1,-0.0,1
bioasq_train,bioasq13b_52ed27c098d0239505000030,0.15,-0.0,1
bioasq_train,bioasq13b_52ed27c098d0239505000030,0.2,-0.0,1
bioasq_train,bioasq13b_52ed27c098d0239505000030,0.25,-0.0,1
bioasq_train,bioasq13b_52ed27c098d0239505000030,0.3,-0.0,1
bioasq_train,bioasq13b_551af9106b348bb82c000002,0.05,0.14118174150460758,2
bioasq_train,bioasq13b_551af9106b348bb82c000002,0.1,-0.0,1
bioasq_train,bioasq13b_551af9106b348bb82c000002,0.15,-0.0,1
bioasq_train,bioasq13b_551af9106b348bb82c000002,0.2,-0.0,1
bioasq_train,bioasq13b_551af9106b348bb82c000002,0.25,-0.0,1
bioasq_train,bioasq13b_551af9106b348bb82c000002,0.3,-0.0,1
bioasq_train,bioasq13b_54edeb4394afd6150400000b,0.05,0.21732201127364886,2
bioasq_train,bioasq13b_54edeb4394afd6150400000b,0.1,-0.0,1
bioasq_train,bioasq13b_54edeb4394afd6150400000b,0.15,-0.0,1
bioasq_train,bioasq13b_54edeb4394afd6150400000b,0.2,-0.0,1
bioasq_train,bioasq13b_54edeb4394afd6150400000b,0.25,-0.0,1
bioasq_train,bioasq13b_54edeb4394afd6150400000b,0.3,-0.0,1
bioasq_train,bioasq13b_52f1287d2059c6d71c000008,0.05,-0.0,1
bioasq_train,bioasq13b_52f1287d2059c6d71c000008,0.1,-0.0,1
bioasq_train,bioasq13b_52f1287d2059c6d71c000008,0.15,-0.0,1
bioasq_train,bioasq13b_52f1287d2059c6d71c000008,0.2,-0.0,1
bioasq_train,bioasq13b_52f1287d2059c6d71c000008,0.25,-0.0,1
bioasq_train,bioasq13b_52f1287d2059c6d71c000008,0.3,-0.0,1
bioasq_train,bioasq13b_550889db098a1b487b000005,0.05,-0.0,1
bioasq_train,bioasq13b_550889db098a1b487b000005,0.1,-0.0,1
bioasq_train,bioasq13b_550889db098a1b487b000005,0.15,-0.0,1
bioasq_train,bioasq13b_550889db098a1b487b000005,0.2,-0.0,1
bioasq_train,bioasq13b_550889db098a1b487b000005,0.25,-0.0,1
bioasq_train,bioasq13b_550889db098a1b487b000005,0.3,-0.0,1
bioasq_train,bioasq13b_554500065beec11c1000000b,0.05,0.14118174150460758,2
bioasq_train,bioasq13b_554500065beec11c1000000b,0.1,-0.0,1
bioasq_train,bioasq13b_554500065beec11c1000000b,0.15,-0.0,1
bioasq_train,bioasq13b_554500065beec11c1000000b,0.2,-0.0,1
bioasq_train,bioasq13b_554500065beec11c1000000b,0.25,-0.0,1
bioasq_train,bioasq13b_554500065beec11c1000000b,0.3,-0.0,1
bioasq_train,bioasq13b_56d03a4d3975bb303a00000c,0.05,-0.0,1
bioasq_train,bioasq13b_56d03a4d3975bb303a00000c,0.1,-0.0,1
bioasq_train,bioasq13b_56d03a4d3975bb303a00000c,0.15,-0.0,1
bioasq_train,bioasq13b_56d03a4d3975bb303a00000c,0.2,-0.0,1
bioasq_train,bioasq13b_56d03a4d3975bb303a00000c,0.25,-0.0,1
bioasq_train,bioasq13b_56d03a4d3975bb303a00000c,0.3,-0.0,1
bioasq_train,bioasq13b_5539062dbc4f83e828000013,0.05,-0.0,1
bioasq_train,bioasq13b_5539062dbc4f83e828000013,0.1,-0.0,1
bioasq_train,bioasq13b_5539062dbc4f83e828000013,0.15,-0.0,1
bioasq_train,bioasq13b_5539062dbc4f83e828000013,0.2,-0.0,1
bioasq_train,bioasq13b_5539062dbc4f83e828000013,0.25,-0.0,1
bioasq_train,bioasq13b_5539062dbc4f83e828000013,0.3,-0.0,1
bioasq_train,bioasq13b_54f616cd5f206a0c0600000c,0.05,-0.0,1
bioasq_train,bioasq13b_54f616cd5f206a0c0600000c,0.1,-0.0,1
bioasq_train,bioasq13b_54f616cd5f206a0c0600000c,0.15,-0.0,1
bioasq_train,bioasq13b_54f616cd5f206a0c0600000c,0.2,-0.0,1
bioasq_train,bioasq13b_54f616cd5f206a0c0600000c,0.25,-0.0,1
bioasq_train,bioasq13b_54f616cd5f206a0c0600000c,0.3,-0.0,1
bioasq_train,bioasq13b_56c5ade15795f9a73e000003,0.05,0.29228525323862886,2
bioasq_train,bioasq13b_56c5ade15795f9a73e000003,0.1,-0.0,1
bioasq_train,bioasq13b_56c5ade15795f9a73e000003,0.15,-0.0,1
bioasq_train,bioasq13b_56c5ade15795f9a73e000003,0.2,-0.0,1
bioasq_train,bioasq13b_56c5ade15795f9a73e000003,0.25,-0.0,1
bioasq_train,bioasq13b_56c5ade15795f9a73e000003,0.3,-0.0,1
bioasq_train,bioasq13b_56f157a52ac5ed1459000011,0.05,0.29228525323862886,2
bioasq_train,bioasq13b_56f157a52ac5ed1459000011,0.1,-0.0,1
bioasq_train,bioasq13b_56f157a52ac5ed1459000011,0.15,-0.0,1
bioasq_train,bioasq13b_56f157a52ac5ed1459000011,0.2,-0.0,1
bioasq_train,bioasq13b_56f157a52ac5ed1459000011,0.25,-0.0,1
bioasq_train,bioasq13b_56f157a52ac5ed1459000011,0.3,-0.0,1
bioasq_train,bioasq13b_56cafca85795f9a73e000030,0.05,0.2652949955741215,2
bioasq_train,bioasq13b_56cafca85795f9a73e000030,0.1,-0.0,1
bioasq_train,bioasq13b_56cafca85795f9a73e000030,0.15,-0.0,1
bioasq_train,bioasq13b_56cafca85795f9a73e000030,0.2,-0.0,1
bioasq_train,bioasq13b_56cafca85795f9a73e000030,0.25,-0.0,1
bioasq_train,bioasq13b_56cafca85795f9a73e000030,0.3,-0.0,1
bioasq_train,bioasq13b_532ad531d6d3ac6a34000013,0.05,0.14118174150460758,2
bioasq_train,bioasq13b_532ad531d6d3ac6a34000013,0.1,-0.0,1
bioasq_train,bioasq13b_532ad531d6d3ac6a34000013,0.15,-0.0,1
bioasq_train,bioasq13b_532ad531d6d3ac6a34000013,0.2,-0.0,1
bioasq_train,bioasq13b_532ad531d6d3ac6a34000013,0.25,-0.0,1
bioasq_train,bioasq13b_532ad531d6d3ac6a34000013,0.3,-0.0,1
bioasq_train,bioasq13b_57092635cf1c325851000019,0.05,0.2652949955741215,2
bioasq_train,bioasq13b_57092635cf1c325851000019,0.1,-0.0,1
bioasq_train,bioasq13b_57092635cf1c325851000019,0.15,-0.0,1
bioasq_train,bioasq13b_57092635cf1c325851000019,0.2,-0.0,1
bioasq_train,bioasq13b_57092635cf1c325851000019,0.25,-0.0,1
bioasq_train,bioasq13b_57092635cf1c325851000019,0.3,-0.0,1
bioasq_train,bioasq13b_56cd765b5795f9a73e000038,0.05,0.29228525323862886,2
bioasq_train,bioasq13b_56cd765b5795f9a73e000038,0.1,-0.0,1
bioasq_train,bioasq13b_56cd765b5795f9a73e000038,0.15,-0.0,1
bioasq_train,bioasq13b_56cd765b5795f9a73e000038,0.2,-0.0,1
bioasq_train,bioasq13b_56cd765b5795f9a73e000038,0.25,-0.0,1
bioasq_train,bioasq13b_56cd765b5795f9a73e000038,0.3,-0.0,1
bioasq_train,bioasq13b_5509ce9ec2af5d5b70000001,0.05,0.30102999566398114,2
bioasq_train,bioasq13b_5509ce9ec2af5d5b70000001,0.1,-0.0,1
bioasq_train,bioasq13b_5509ce9ec2af5d5b70000001,0.15,-0.0,1
bioasq_train,bioasq13b_5509ce9ec2af5d5b70000001,0.2,-0.0,1
bioasq_train,bioasq13b_5509ce9ec2af5d5b70000001,0.25,-0.0,1
bioasq_train,bioasq13b_5509ce9ec2af5d5b70000001,0.3,-0.0,1
bioasq_train,bioasq13b_56d12d643975bb303a000014,0.05,-0.0,1
bioasq_train,bioasq13b_56d12d643975bb303a000014,0.1,-0.0,1
bioasq_train,bioasq13b_56d12d643975bb303a000014,0.15,-0.0,1
bioasq_train,bioasq13b_56d12d643975bb303a000014,0.2,-0.0,1
bioasq_train,bioasq13b_56d12d643975bb303a000014,0.25,-0.0,1
bioasq_train,bioasq13b_56d12d643975bb303a000014,0.3,-0.0,1
bioasq_train,bioasq13b_5319a73cb166e2b806000026,0.05,-0.0,1
bioasq_train,bioasq13b_5319a73cb166e2b806000026,0.1,-0.0,1
bioasq_train,bioasq13b_5319a73cb166e2b806000026,0.15,-0.0,1
bioasq_train,bioasq13b_5319a73cb166e2b806000026,0.2,-0.0,1
bioasq_train,bioasq13b_5319a73cb166e2b806000026,0.25,-0.0,1
bioasq_train,bioasq13b_5319a73cb166e2b806000026,0.3,-0.0,1
bioasq_train,bioasq13b_54d776453706e89528000018,0.05,0.29228525323862886,2
bioasq_train,bioasq13b_54d776453706e89528000018,0.1,-0.0,1
bioasq_train,bioasq13b_54d776453706e89528000018,0.15,-0.0,1
bioasq_train,bioasq13b_54d776453706e89528000018,0.2,-0.0,1
bioasq_train,bioasq13b_54d776453706e89528000018,0.25,-0.0,1
bioasq_train,bioasq13b_54d776453706e89528000018,0.3,-0.0,1
bioasq_train,bioasq13b_534289851eccfd0633000001,0.05,-0.0,1
bioasq_train,bioasq13b_534289851eccfd0633000001,0.1,-0.0,1
bioasq_train,bioasq13b_534289851eccfd0633000001,0.15,-0.0,1
bioasq_train,bioasq13b_534289851eccfd0633000001,0.2,-0.0,1
bioasq_train,bioasq13b_534289851eccfd0633000001,0.25,-0.0,1
bioasq_train,bioasq13b_534289851eccfd0633000001,0.3,-0.0,1
bioasq_train,bioasq13b_52f124a12059c6d71c000006,0.05,0.45814600780483383,3
bioasq_train,bioasq13b_52f124a12059c6d71c000006,0.1,-0.0,1
bioasq_train,bioasq13b_52f124a12059c6d71c000006,0.15,-0.0,1
bioasq_train,bioasq13b_52f124a12059c6d71c000006,0.2,-0.0,1
bioasq_train,bioasq13b_52f124a12059c6d71c000006,0.25,-0.0,1
bioasq_train,bioasq13b_52f124a12059c6d71c000006,0.3,-0.0,1
bioasq_train,bioasq13b_587f57f692a5b8ad44000002,0.05,0.29228525323862886,2
bioasq_train,bioasq13b_587f57f692a5b8ad44000002,0.1,-0.0,1
bioasq_train,bioasq13b_587f57f692a5b8ad44000002,0.15,-0.0,1
bioasq_train,bioasq13b_587f57f692a5b8ad44000002,0.2,-0.0,1
bioasq_train,bioasq13b_587f57f692a5b8ad44000002,0.25,-0.0,1
bioasq_train,bioasq13b_587f57f692a5b8ad44000002,0.3,-0.0,1
bioasq_train,bioasq13b_5881f0f1713cbdfd3d000004,0.05,0.30102999566398114,2
bioasq_train,bioasq13b_5881f0f1713cbdfd3d000004,0.1,-0.0,1
bioasq_train,bioasq13b_5881f0f1713cbdfd3d000004,0.15,-0.0,1
bioasq_train,bioasq13b_5881f0f1713cbdfd3d000004,0.2,-0.0,1
bioasq_train,bioasq13b_5881f0f1713cbdfd3d000004,0.25,-0.0,1
bioasq_train,bioasq13b_5881f0f1713cbdfd3d000004,0.3,-0.0,1
bioasq_train,bioasq13b_58a5d7ef60087bc10a000026,0.05,-0.0,1
bioasq_train,bioasq13b_58a5d7ef60087bc10a000026,0.1,-0.0,1
bioasq_train,bioasq13b_58a5d7ef60087bc10a000026,0.15,-0.0,1
bioasq_train,bioasq13b_58a5d7ef60087bc10a000026,0.2,-0.0,1
bioasq_train,bioasq13b_58a5d7ef60087bc10a000026,0.25,-0.0,1
bioasq_train,bioasq13b_58a5d7ef60087bc10a000026,0.3,-0.0,1
bioasq_train,bioasq13b_58a874c338c171fb5b000003,0.05,-0.0,1
bioasq_train,bioasq13b_58a874c338c171fb5b000003,0.1,-0.0,1
bioasq_train,bioasq13b_58a874c338c171fb5b000003,0.15,-0.0,1
bioasq_train,bioasq13b_58a874c338c171fb5b000003,0.2,-0.0,1
bioasq_train,bioasq13b_58a874c338c171fb5b000003,0.25,-0.0,1
bioasq_train,bioasq13b_58a874c338c171fb5b000003,0.3,-0.0,1
bioasq_train,bioasq13b_58a3160d60087bc10a00000a,0.05,-0.0,1
bioasq_train,bioasq13b_58a3160d60087bc10a00000a,0.1,-0.0,1
bioasq_train,bioasq13b_58a3160d60087bc10a00000a,0.15,-0.0,1
bioasq_train,bioasq13b_58a3160d60087bc10a00000a,0.2,-0.0,1
bioasq_train,bioasq13b_58a3160d60087bc10a00000a,0.25,-0.0,1
bioasq_train,bioasq13b_58a3160d60087bc10a00000a,0.3,-0.0,1
bioasq_train,bioasq13b_58837dd72305cd7e21000003,0.05,-0.0,1
bioasq_train,bioasq13b_58837dd72305cd7e21000003,0.1,-0.0,1
bioasq_train,bioasq13b_58837dd72305cd7e21000003,0.15,-0.0,1
bioasq_train,bioasq13b_58837dd72305cd7e21000003,0.2,-0.0,1
bioasq_train,bioasq13b_58837dd72305cd7e21000003,0.25,-0.0,1
bioasq_train,bioasq13b_58837dd72305cd7e21000003,0.3,-0.0,1
bioasq_train,bioasq13b_58962dac78275d0c4a000005,0.05,-0.0,1
bioasq_train,bioasq13b_58962dac78275d0c4a000005,0.1,-0.0,1
bioasq_train,bioasq13b_58962dac78275d0c4a000005,0.15,-0.0,1
bioasq_train,bioasq13b_58962dac78275d0c4a000005,0.2,-0.0,1
bioasq_train,bioasq13b_58962dac78275d0c4a000005,0.25,-0.0,1
bioasq_train,bioasq13b_58962dac78275d0c4a000005,0.3,-0.0,1
bioasq_train,bioasq13b_58a3261e60087bc10a00000c,0.05,-0.0,1
bioasq_train,bioasq13b_58a3261e60087bc10a00000c,0.1,-0.0,1
bioasq_train,bioasq13b_58a3261e60087bc10a00000c,0.15,-0.0,1
bioasq_train,bioasq13b_58a3261e60087bc10a00000c,0.2,-0.0,1
bioasq_train,bioasq13b_58a3261e60087bc10a00000c,0.25,-0.0,1
bioasq_train,bioasq13b_58a3261e60087bc10a00000c,0.3,-0.0,1
bioasq_train,bioasq13b_5889f0ed3b87a8a73800000c,0.05,-0.0,1
bioasq_train,bioasq13b_5889f0ed3b87a8a73800000c,0.1,-0.0,1
bioasq_train,bioasq13b_5889f0ed3b87a8a73800000c,0.15,-0.0,1
bioasq_train,bioasq13b_5889f0ed3b87a8a73800000c,0.2,-0.0,1
bioasq_train,bioasq13b_5889f0ed3b87a8a73800000c,0.25,-0.0,1
bioasq_train,bioasq13b_5889f0ed3b87a8a73800000c,0.3,-0.0,1
bioasq_train,bioasq13b_5880acbb0a76a87357000003,0.05,-0.0,1
bioasq_train,bioasq13b_5880acbb0a76a87357000003,0.1,-0.0,1
bioasq_train,bioasq13b_5880acbb0a76a87357000003,0.15,-0.0,1
bioasq_train,bioasq13b_5880acbb0a76a87357000003,0.2,-0.0,1
bioasq_train,bioasq13b_5880acbb0a76a87357000003,0.25,-0.0,1
bioasq_train,bioasq13b_5880acbb0a76a87357000003,0.3,-0.0,1
bioasq_train,bioasq13b_58a989571978bbde22000002,0.05,0.38997287335391506,3
bioasq_train,bioasq13b_58a989571978bbde22000002,0.1,-0.0,1
bioasq_train,bioasq13b_58a989571978bbde22000002,0.15,-0.0,1
bioasq_train,bioasq13b_58a989571978bbde22000002,0.2,-0.0,1
bioasq_train,bioasq13b_58a989571978bbde22000002,0.25,-0.0,1
bioasq_train,bioasq13b_58a989571978bbde22000002,0.3,-0.0,1
bioasq_train,bioasq13b_589afa6978275d0c4a000039,0.05,0.14118174150460758,2
bioasq_train,bioasq13b_589afa6978275d0c4a000039,0.1,-0.0,1
bioasq_train,bioasq13b_589afa6978275d0c4a000039,0.15,-0.0,1
bioasq_train,bioasq13b_589afa6978275d0c4a000039,0.2,-0.0,1
bioasq_train,bioasq13b_589afa6978275d0c4a000039,0.25,-0.0,1
bioasq_train,bioasq13b_589afa6978275d0c4a000039,0.3,-0.0,1
bioasq_train,bioasq13b_58a5d54860087bc10a000025,0.05,0.14118174150460758,2
bioasq_train,bioasq13b_58a5d54860087bc10a000025,0.1,-0.0,1
bioasq_train,bioasq13b_58a5d54860087bc10a000025,0.15,-0.0,1
bioasq_train,bioasq13b_58a5d54860087bc10a000025,0.2,-0.0,1
bioasq_train,bioasq13b_58a5d54860087bc10a000025,0.25,-0.0,1
bioasq_train,bioasq13b_58a5d54860087bc10a000025,0.3,-0.0,1
bioasq_train,bioasq13b_5895fc7e78275d0c4a000003,0.05,-0.0,1
bioasq_train,bioasq13b_5895fc7e78275d0c4a000003,0.1,-0.0,1
bioasq_train,bioasq13b_5895fc7e78275d0c4a000003,0.15,-0.0,1
bioasq_train,bioasq13b_5895fc7e78275d0c4a000003,0.2,-0.0,1
bioasq_train,bioasq13b_5895fc7e78275d0c4a000003,0.25,-0.0,1
bioasq_train,bioasq13b_5895fc7e78275d0c4a000003,0.3,-0.0,1
bioasq_train,bioasq13b_587e42032420191125000004,0.05,-0.0,1
bioasq_train,bioasq13b_587e42032420191125000004,0.1,-0.0,1
bioasq_train,bioasq13b_587e42032420191125000004,0.15,-0.0,1
bioasq_train,bioasq13b_587e42032420191125000004,0.2,-0.0,1
bioasq_train,bioasq13b_587e42032420191125000004,0.25,-0.0,1
bioasq_train,bioasq13b_587e42032420191125000004,0.3,-0.0,1
bioasq_train,bioasq13b_58a5723c60087bc10a00001e,0.05,-0.0,1
bioasq_train,bioasq13b_58a5723c60087bc10a00001e,0.1,-0.0,1
bioasq_train,bioasq13b_58a5723c60087bc10a00001e,0.15,-0.0,1
bioasq_train,bioasq13b_58a5723c60087bc10a00001e,0.2,-0.0,1
bioasq_train,bioasq13b_58a5723c60087bc10a00001e,0.25,-0.0,1
bioasq_train,bioasq13b_58a5723c60087bc10a00001e,0.3,-0.0,1
bioasq_train,bioasq13b_58a3264e60087bc10a00000d,0.05,0.30102999566398114,2
bioasq_train,bioasq13b_58a3264e60087bc10a00000d,0.1,0.30102999566398114,2
bioasq_train,bioasq13b_58a3264e60087bc10a00000d,0.15,-0.0,1
bioasq_train,bioasq13b_58a3264e60087bc10a00000d,0.2,-0.0,1
bioasq_train,bioasq13b_58a3264e60087bc10a00000d,0.25,-0.0,1
bioasq_train,bioasq13b_58a3264e60087bc10a00000d,0.3,-0.0,1
bioasq_train,bioasq13b_58a0f95c78275d0c4a000055,0.05,-0.0,1
bioasq_train,bioasq13b_58a0f95c78275d0c4a000055,0.1,-0.0,1
bioasq_train,bioasq13b_58a0f95c78275d0c4a000055,0.15,-0.0,1
bioasq_train,bioasq13b_58a0f95c78275d0c4a000055,0.2,-0.0,1
bioasq_train,bioasq13b_58a0f95c78275d0c4a000055,0.25,-0.0,1
bioasq_train,bioasq13b_58a0f95c78275d0c4a000055,0.3,-0.0,1
bioasq_train,bioasq13b_5883868b2305cd7e21000005,0.05,-0.0,1
bioasq_train,bioasq13b_5883868b2305cd7e21000005,0.1,-0.0,1
bioasq_train,bioasq13b_5883868b2305cd7e21000005,0.15,-0.0,1
bioasq_train,bioasq13b_5883868b2305cd7e21000005,0.2,-0.0,1
bioasq_train,bioasq13b_5883868b2305cd7e21000005,0.25,-0.0,1
bioasq_train,bioasq13b_5883868b2305cd7e21000005,0.3,-0.0,1
bioasq_train,bioasq13b_58a3423e60087bc10a000019,0.05,-0.0,1
bioasq_train,bioasq13b_58a3423e60087bc10a000019,0.1,-0.0,1
bioasq_train,bioasq13b_58a3423e60087bc10a000019,0.15,-0.0,1
bioasq_train,bioasq13b_58a3423e60087bc10a000019,0.2,-0.0,1
bioasq_train,bioasq13b_58a3423e60087bc10a000019,0.25,-0.0,1
bioasq_train,bioasq13b_58a3423e60087bc10a000019,0.3,-0.0,1
bioasq_train,bioasq13b_5895b9ae7d9090f35300000a,0.05,0.14118174150460758,2
bioasq_train,bioasq13b_5895b9ae7d9090f35300000a,0.1,-0.0,1
bioasq_train,bioasq13b_5895b9ae7d9090f35300000a,0.15,-0.0,1
bioasq_train,bioasq13b_5895b9ae7d9090f35300000a,0.2,-0.0,1
bioasq_train,bioasq13b_5895b9ae7d9090f35300000a,0.25,-0.0,1
bioasq_train,bioasq13b_5895b9ae7d9090f35300000a,0.3,-0.0,1
bioasq_train,bioasq13b_589c8ef878275d0c4a000042,0.05,0.14118174150460758,2
bioasq_train,bioasq13b_589c8ef878275d0c4a000042,0.1,-0.0,1
bioasq_train,bioasq13b_589c8ef878275d0c4a000042,0.15,-0.0,1
bioasq_train,bioasq13b_589c8ef878275d0c4a000042,0.2,-0.0,1
bioasq_train,bioasq13b_589c8ef878275d0c4a000042,0.25,-0.0,1
bioasq_train,bioasq13b_589c8ef878275d0c4a000042,0.3,-0.0,1
bioasq_train,bioasq13b_58a9d3cd396a458e50000004,0.05,-0.0,1
bioasq_train,bioasq13b_58a9d3cd396a458e50000004,0.1,-0.0,1
bioasq_train,bioasq13b_58a9d3cd396a458e50000004,0.15,-0.0,1
bioasq_train,bioasq13b_58a9d3cd396a458e50000004,0.2,-0.0,1
bioasq_train,bioasq13b_58a9d3cd396a458e50000004,0.25,-0.0,1
bioasq_train,bioasq13b_58a9d3cd396a458e50000004,0.3,-0.0,1
bioasq_train,bioasq13b_587d3873ae41fa4569000002,0.05,0.14118174150460758,2
bioasq_train,bioasq13b_587d3873ae41fa4569000002,0.1,-0.0,1
bioasq_train,bioasq13b_587d3873ae41fa4569000002,0.15,-0.0,1
bioasq_train,bioasq13b_587d3873ae41fa4569000002,0.2,-0.0,1
bioasq_train,bioasq13b_587d3873ae41fa4569000002,0.25,-0.0,1
bioasq_train,bioasq13b_587d3873ae41fa4569000002,0.3,-0.0,1
bioasq_train,bioasq13b_587f857b8ce3255b64000001,0.05,-0.0,1
bioasq_train,bioasq13b_587f857b8ce3255b64000001,0.1,-0.0,1
bioasq_train,bioasq13b_587f857b8ce3255b64000001,0.15,-0.0,1
bioasq_train,bioasq13b_587f857b8ce3255b64000001,0.2,-0.0,1
bioasq_train,bioasq13b_587f857b8ce3255b64000001,0.25,-0.0,1
bioasq_train,bioasq13b_587f857b8ce3255b64000001,0.3,-0.0,1
bioasq_train,bioasq13b_58a8a51b7f77222767000001,0.05,-0.0,1
bioasq_train,bioasq13b_58a8a51b7f77222767000001,0.1,-0.0,1
bioasq_train,bioasq13b_58a8a51b7f77222767000001,0.15,-0.0,1
bioasq_train,bioasq13b_58a8a51b7f77222767000001,0.2,-0.0,1
bioasq_train,bioasq13b_58a8a51b7f77222767000001,0.25,-0.0,1
bioasq_train,bioasq13b_58a8a51b7f77222767000001,0.3,-0.0,1
bioasq_train,bioasq13b_58a9cd03396a458e50000003,0.05,-0.0,1
bioasq_train,bioasq13b_58a9cd03396a458e50000003,0.1,-0.0,1
bioasq_train,bioasq13b_58a9cd03396a458e50000003,0.15,-0.0,1
bioasq_train,bioasq13b_58a9cd03396a458e50000003,0.2,-0.0,1
bioasq_train,bioasq13b_58a9cd03396a458e50000003,0.25,-0.0,1
bioasq_train,bioasq13b_58a9cd03396a458e50000003,0.3,-0.0,1
bioasq_train,bioasq13b_587e2a0cc32c812009000001,0.05,-0.0,1
bioasq_train,bioasq13b_587e2a0cc32c812009000001,0.1,-0.0,1
bioasq_train,bioasq13b_587e2a0cc32c812009000001,0.15,-0.0,1
bioasq_train,bioasq13b_587e2a0cc32c812009000001,0.2,-0.0,1
bioasq_train,bioasq13b_587e2a0cc32c812009000001,0.25,-0.0,1
bioasq_train,bioasq13b_587e2a0cc32c812009000001,0.3,-0.0,1
bioasq_train,bioasq13b_58a3275960087bc10a00000f,0.05,-0.0,1
bioasq_train,bioasq13b_58a3275960087bc10a00000f,0.1,-0.0,1
bioasq_train,bioasq13b_58a3275960087bc10a00000f,0.15,-0.0,1
bioasq_train,bioasq13b_58a3275960087bc10a00000f,0.2,-0.0,1
bioasq_train,bioasq13b_58a3275960087bc10a00000f,0.25,-0.0,1
bioasq_train,bioasq13b_58a3275960087bc10a00000f,0.3,-0.0,1
bioasq_train,bioasq13b_589ae59c78275d0c4a000036,0.05,-0.0,1
bioasq_train,bioasq13b_589ae59c78275d0c4a000036,0.1,-0.0,1
bioasq_train,bioasq13b_589ae59c78275d0c4a000036,0.15,-0.0,1
bioasq_train,bioasq13b_589ae59c78275d0c4a000036,0.2,-0.0,1
bioasq_train,bioasq13b_589ae59c78275d0c4a000036,0.25,-0.0,1
bioasq_train,bioasq13b_589ae59c78275d0c4a000036,0.3,-0.0,1
bioasq_train,bioasq13b_58a2ccec60087bc10a000003,0.05,-0.0,1
bioasq_train,bioasq13b_58a2ccec60087bc10a000003,0.1,-0.0,1
bioasq_train,bioasq13b_58a2ccec60087bc10a000003,0.15,-0.0,1
bioasq_train,bioasq13b_58a2ccec60087bc10a000003,0.2,-0.0,1
bioasq_train,bioasq13b_58a2ccec60087bc10a000003,0.25,-0.0,1
bioasq_train,bioasq13b_58a2ccec60087bc10a000003,0.3,-0.0,1
bioasq_train,bioasq13b_588533cee56acf5176000014,0.05,-0.0,1
bioasq_train,bioasq13b_588533cee56acf5176000014,0.1,-0.0,1
bioasq_train,bioasq13b_588533cee56acf5176000014,0.15,-0.0,1
bioasq_train,bioasq13b_588533cee56acf5176000014,0.2,-0.0,1
bioasq_train,bioasq13b_588533cee56acf5176000014,0.25,-0.0,1
bioasq_train,bioasq13b_588533cee56acf5176000014,0.3,-0.0,1
bioasq_train,bioasq13b_589a246578275d0c4a00002e,0.05,-0.0,1
bioasq_train,bioasq13b_589a246578275d0c4a00002e,0.1,-0.0,1
bioasq_train,bioasq13b_589a246578275d0c4a00002e,0.15,-0.0,1
bioasq_train,bioasq13b_589a246578275d0c4a00002e,0.2,-0.0,1
bioasq_train,bioasq13b_589a246578275d0c4a00002e,0.25,-0.0,1
bioasq_train,bioasq13b_589a246578275d0c4a00002e,0.3,-0.0,1
bioasq_train,bioasq13b_58b6a42522d300530900000b,0.05,-0.0,1
bioasq_train,bioasq13b_58b6a42522d300530900000b,0.1,-0.0,1
bioasq_train,bioasq13b_58b6a42522d300530900000b,0.15,-0.0,1
bioasq_train,bioasq13b_58b6a42522d300530900000b,0.2,-0.0,1
bioasq_train,bioasq13b_58b6a42522d300530900000b,0.25,-0.0,1
bioasq_train,bioasq13b_58b6a42522d300530900000b,0.3,-0.0,1
bioasq_train,bioasq13b_58a87bd338c171fb5b000005,0.05,-0.0,1
bioasq_train,bioasq13b_58a87bd338c171fb5b000005,0.1,-0.0,1
bioasq_train,bioasq13b_58a87bd338c171fb5b000005,0.15,-0.0,1
bioasq_train,bioasq13b_58a87bd338c171fb5b000005,0.2,-0.0,1
bioasq_train,bioasq13b_58a87bd338c171fb5b000005,0.25,-0.0,1
bioasq_train,bioasq13b_58a87bd338c171fb5b000005,0.3,-0.0,1
bioasq_train,bioasq13b_5895db407d9090f35300000e,0.05,-0.0,1
bioasq_train,bioasq13b_5895db407d9090f35300000e,0.1,-0.0,1
bioasq_train,bioasq13b_5895db407d9090f35300000e,0.15,-0.0,1
bioasq_train,bioasq13b_5895db407d9090f35300000e,0.2,-0.0,1
bioasq_train,bioasq13b_5895db407d9090f35300000e,0.25,-0.0,1
bioasq_train,bioasq13b_5895db407d9090f35300000e,0.3,-0.0,1
bioasq_train,bioasq13b_58b576b622d3005309000008,0.05,-0.0,1
bioasq_train,bioasq13b_58b576b622d3005309000008,0.1,-0.0,1
bioasq_train,bioasq13b_58b576b622d3005309000008,0.15,-0.0,1
bioasq_train,bioasq13b_58b576b622d3005309000008,0.2,-0.0,1
bioasq_train,bioasq13b_58b576b622d3005309000008,0.25,-0.0,1
bioasq_train,bioasq13b_58b576b622d3005309000008,0.3,-0.0,1
bioasq_train,bioasq13b_58bc8e5002b8c60953000006,0.05,-0.0,1
bioasq_train,bioasq13b_58bc8e5002b8c60953000006,0.1,-0.0,1
bioasq_train,bioasq13b_58bc8e5002b8c60953000006,0.15,-0.0,1
bioasq_train,bioasq13b_58bc8e5002b8c60953000006,0.2,-0.0,1
bioasq_train,bioasq13b_58bc8e5002b8c60953000006,0.25,-0.0,1
bioasq_train,bioasq13b_58bc8e5002b8c60953000006,0.3,-0.0,1
bioasq_train,bioasq13b_588800f43b87a8a738000009,0.05,-0.0,1
bioasq_train,bioasq13b_588800f43b87a8a738000009,0.1,-0.0,1
bioasq_train,bioasq13b_588800f43b87a8a738000009,0.15,-0.0,1
bioasq_train,bioasq13b_588800f43b87a8a738000009,0.2,-0.0,1
bioasq_train,bioasq13b_588800f43b87a8a738000009,0.25,-0.0,1
bioasq_train,bioasq13b_588800f43b87a8a738000009,0.3,-0.0,1
bioasq_train,bioasq13b_58bca3eb02b8c6095300000d,0.05,-0.0,1
bioasq_train,bioasq13b_58bca3eb02b8c6095300000d,0.1,-0.0,1
bioasq_train,bioasq13b_58bca3eb02b8c6095300000d,0.15,-0.0,1
bioasq_train,bioasq13b_58bca3eb02b8c6095300000d,0.2,-0.0,1
bioasq_train,bioasq13b_58bca3eb02b8c6095300000d,0.25,-0.0,1
bioasq_train,bioasq13b_58bca3eb02b8c6095300000d,0.3,-0.0,1
bioasq_train,bioasq13b_587d36ab859bf79568000001,0.05,-0.0,1
bioasq_train,bioasq13b_587d36ab859bf79568000001,0.1,-0.0,1
bioasq_train,bioasq13b_587d36ab859bf79568000001,0.15,-0.0,1
bioasq_train,bioasq13b_587d36ab859bf79568000001,0.2,-0.0,1
bioasq_train,bioasq13b_587d36ab859bf79568000001,0.25,-0.0,1
bioasq_train,bioasq13b_587d36ab859bf79568000001,0.3,-0.0,1
bioasq_train,bioasq13b_58848822e56acf517600000c,0.05,0.29228525323862886,2
bioasq_train,bioasq13b_58848822e56acf517600000c,0.1,-0.0,1
bioasq_train,bioasq13b_58848822e56acf517600000c,0.15,-0.0,1
bioasq_train,bioasq13b_58848822e56acf517600000c,0.2,-0.0,1
bioasq_train,bioasq13b_58848822e56acf517600000c,0.25,-0.0,1
bioasq_train,bioasq13b_58848822e56acf517600000c,0.3,-0.0,1
bioasq_train,bioasq13b_58bcb83d02b8c6095300000f,0.05,-0.0,1
bioasq_train,bioasq13b_58bcb83d02b8c6095300000f,0.1,-0.0,1
bioasq_train,bioasq13b_58bcb83d02b8c6095300000f,0.15,-0.0,1
bioasq_train,bioasq13b_58bcb83d02b8c6095300000f,0.2,-0.0,1
bioasq_train,bioasq13b_58bcb83d02b8c6095300000f,0.25,-0.0,1
bioasq_train,bioasq13b_58bcb83d02b8c6095300000f,0.3,-0.0,1
bioasq_train,bioasq13b_58b95ea222d3005309000011,0.05,-0.0,1
bioasq_train,bioasq13b_58b95ea222d3005309000011,0.1,-0.0,1
bioasq_train,bioasq13b_58b95ea222d3005309000011,0.15,-0.0,1
bioasq_train,bioasq13b_58b95ea222d3005309000011,0.2,-0.0,1
bioasq_train,bioasq13b_58b95ea222d3005309000011,0.25,-0.0,1
bioasq_train,bioasq13b_58b95ea222d3005309000011,0.3,-0.0,1
bioasq_train,bioasq13b_58a1c6b678275d0c4a000057,0.05,0.55583362792012,4
bioasq_train,bioasq13b_58a1c6b678275d0c4a000057,0.1,0.29228525323862886,2
bioasq_train,bioasq13b_58a1c6b678275d0c4a000057,0.15,-0.0,1
bioasq_train,bioasq13b_58a1c6b678275d0c4a000057,0.2,-0.0,1
bioasq_train,bioasq13b_58a1c6b678275d0c4a000057,0.25,-0.0,1
bioasq_train,bioasq13b_58a1c6b678275d0c4a000057,0.3,-0.0,1
bioasq_train,bioasq13b_58bc640002b8c60953000003,0.05,-0.0,1
bioasq_train,bioasq13b_58bc640002b8c60953000003,0.1,-0.0,1
bioasq_train,bioasq13b_58bc640002b8c60953000003,0.15,-0.0,1
bioasq_train,bioasq13b_58bc640002b8c60953000003,0.2,-0.0,1
bioasq_train,bioasq13b_58bc640002b8c60953000003,0.25,-0.0,1
bioasq_train,bioasq13b_58bc640002b8c60953000003,0.3,-0.0,1
bioasq_train,bioasq13b_5895ee638707e6ea39000001,0.05,-0.0,1
bioasq_train,bioasq13b_5895ee638707e6ea39000001,0.1,-0.0,1
bioasq_train,bioasq13b_5895ee638707e6ea39000001,0.15,-0.0,1
bioasq_train,bioasq13b_5895ee638707e6ea39000001,0.2,-0.0,1
bioasq_train,bioasq13b_5895ee638707e6ea39000001,0.25,-0.0,1
bioasq_train,bioasq13b_5895ee638707e6ea39000001,0.3,-0.0,1
bioasq_train,bioasq13b_58bbbf3722d300530900001b,0.05,-0.0,1
bioasq_train,bioasq13b_58bbbf3722d300530900001b,0.1,-0.0,1
bioasq_train,bioasq13b_58bbbf3722d300530900001b,0.15,-0.0,1
bioasq_train,bioasq13b_58bbbf3722d300530900001b,0.2,-0.0,1
bioasq_train,bioasq13b_58bbbf3722d300530900001b,0.25,-0.0,1
bioasq_train,bioasq13b_58bbbf3722d300530900001b,0.3,-0.0,1
bioasq_train,bioasq13b_58bbb64422d3005309000014,0.05,-0.0,1
bioasq_train,bioasq13b_58bbb64422d3005309000014,0.1,-0.0,1
bioasq_train,bioasq13b_58bbb64422d3005309000014,0.15,-0.0,1
bioasq_train,bioasq13b_58bbb64422d3005309000014,0.2,-0.0,1
bioasq_train,bioasq13b_58bbb64422d3005309000014,0.25,-0.0,1
bioasq_train,bioasq13b_58bbb64422d3005309000014,0.3,-0.0,1
bioasq_train,bioasq13b_589af57a78275d0c4a000038,0.05,-0.0,1
bioasq_train,bioasq13b_589af57a78275d0c4a000038,0.1,-0.0,1
bioasq_train,bioasq13b_589af57a78275d0c4a000038,0.15,-0.0,1
bioasq_train,bioasq13b_589af57a78275d0c4a000038,0.2,-0.0,1
bioasq_train,bioasq13b_589af57a78275d0c4a000038,0.25,-0.0,1
bioasq_train,bioasq13b_589af57a78275d0c4a000038,0.3,-0.0,1
bioasq_train,bioasq13b_58a22eb460087bc10a000001,0.05,-0.0,1
bioasq_train,bioasq13b_58a22eb460087bc10a000001,0.1,-0.0,1
bioasq_train,bioasq13b_58a22eb460087bc10a000001,0.15,-0.0,1
bioasq_train,bioasq13b_58a22eb460087bc10a000001,0.2,-0.0,1
bioasq_train,bioasq13b_58a22eb460087bc10a000001,0.25,-0.0,1
bioasq_train,bioasq13b_58a22eb460087bc10a000001,0.3,-0.0,1
bioasq_train,bioasq13b_58b558d522d3005309000006,0.05,0.21732201127364886,2
bioasq_train,bioasq13b_58b558d522d3005309000006,0.1,-0.0,1
bioasq_train,bioasq13b_58b558d522d3005309000006,0.15,-0.0,1
bioasq_train,bioasq13b_58b558d522d3005309000006,0.2,-0.0,1
bioasq_train,bioasq13b_58b558d522d3005309000006,0.25,-0.0,1
bioasq_train,bioasq13b_58b558d522d3005309000006,0.3,-0.0,1
bioasq_train,bioasq13b_5895e2567d9090f353000011,0.05,-0.0,1
bioasq_train,bioasq13b_5895e2567d9090f353000011,0.1,-0.0,1
bioasq_train,bioasq13b_5895e2567d9090f353000011,0.15,-0.0,1
bioasq_train,bioasq13b_5895e2567d9090f353000011,0.2,-0.0,1
bioasq_train,bioasq13b_5895e2567d9090f353000011,0.25,-0.0,1
bioasq_train,bioasq13b_5895e2567d9090f353000011,0.3,-0.0,1
bioasq_train,bioasq13b_58bc696b02b8c60953000005,0.05,-0.0,1
bioasq_train,bioasq13b_58bc696b02b8c60953000005,0.1,-0.0,1
bioasq_train,bioasq13b_58bc696b02b8c60953000005,0.15,-0.0,1
bioasq_train,bioasq13b_58bc696b02b8c60953000005,0.2,-0.0,1
bioasq_train,bioasq13b_58bc696b02b8c60953000005,0.25,-0.0,1
bioasq_train,bioasq13b_58bc696b02b8c60953000005,0.3,-0.0,1
bioasq_train,bioasq13b_58a327bf60087bc10a000011,0.05,-0.0,1
bioasq_train,bioasq13b_58a327bf60087bc10a000011,0.1,-0.0,1
bioasq_train,bioasq13b_58a327bf60087bc10a000011,0.15,-0.0,1
bioasq_train,bioasq13b_58a327bf60087bc10a000011,0.2,-0.0,1
bioasq_train,bioasq13b_58a327bf60087bc10a000011,0.25,-0.0,1
bioasq_train,bioasq13b_58a327bf60087bc10a000011,0.3,-0.0,1
bioasq_train,bioasq13b_58bc9dbb02b8c60953000009,0.05,0.29228525323862886,2
bioasq_train,bioasq13b_58bc9dbb02b8c60953000009,0.1,-0.0,1
bioasq_train,bioasq13b_58bc9dbb02b8c60953000009,0.15,-0.0,1
bioasq_train,bioasq13b_58bc9dbb02b8c60953000009,0.2,-0.0,1
bioasq_train,bioasq13b_58bc9dbb02b8c60953000009,0.25,-0.0,1
bioasq_train,bioasq13b_58bc9dbb02b8c60953000009,0.3,-0.0,1
bioasq_train,bioasq13b_588f365194c1512c50000003,0.05,-0.0,1
bioasq_train,bioasq13b_588f365194c1512c50000003,0.1,-0.0,1
bioasq_train,bioasq13b_588f365194c1512c50000003,0.15,-0.0,1
bioasq_train,bioasq13b_588f365194c1512c50000003,0.2,-0.0,1
bioasq_train,bioasq13b_588f365194c1512c50000003,0.25,-0.0,1
bioasq_train,bioasq13b_588f365194c1512c50000003,0.3,-0.0,1
bioasq_train,bioasq13b_58ca746d02b8c6095300002d,0.05,-0.0,1
bioasq_train,bioasq13b_58ca746d02b8c6095300002d,0.1,-0.0,1
bioasq_train,bioasq13b_58ca746d02b8c6095300002d,0.15,-0.0,1
bioasq_train,bioasq13b_58ca746d02b8c6095300002d,0.2,-0.0,1
bioasq_train,bioasq13b_58ca746d02b8c6095300002d,0.25,-0.0,1
bioasq_train,bioasq13b_58ca746d02b8c6095300002d,0.3,-0.0,1
bioasq_train,bioasq13b_58861f8b3b87a8a738000003,0.05,-0.0,1
bioasq_train,bioasq13b_58861f8b3b87a8a738000003,0.1,-0.0,1
bioasq_train,bioasq13b_58861f8b3b87a8a738000003,0.15,-0.0,1
bioasq_train,bioasq13b_58861f8b3b87a8a738000003,0.2,-0.0,1
bioasq_train,bioasq13b_58861f8b3b87a8a738000003,0.25,-0.0,1
bioasq_train,bioasq13b_58861f8b3b87a8a738000003,0.3,-0.0,1
bioasq_train,bioasq13b_58ab1e19396a458e5000000f,0.05,0.34822537285722394,3
bioasq_train,bioasq13b_58ab1e19396a458e5000000f,0.1,0.2652949955741215,2
bioasq_train,bioasq13b_58ab1e19396a458e5000000f,0.15,-0.0,1
bioasq_train,bioasq13b_58ab1e19396a458e5000000f,0.2,-0.0,1
bioasq_train,bioasq13b_58ab1e19396a458e5000000f,0.25,-0.0,1
bioasq_train,bioasq13b_58ab1e19396a458e5000000f,0.3,-0.0,1
bioasq_train,bioasq13b_5896381a78275d0c4a00000a,0.05,-0.0,1
bioasq_train,bioasq13b_5896381a78275d0c4a00000a,0.1,-0.0,1
bioasq_train,bioasq13b_5896381a78275d0c4a00000a,0.15,-0.0,1
bioasq_train,bioasq13b_5896381a78275d0c4a00000a,0.2,-0.0,1
bioasq_train,bioasq13b_5896381a78275d0c4a00000a,0.25,-0.0,1
bioasq_train,bioasq13b_5896381a78275d0c4a00000a,0.3,-0.0,1
bioasq_train,bioasq13b_58cdb38f02b8c60953000041,0.05,-0.0,1
bioasq_train,bioasq13b_58cdb38f02b8c60953000041,0.1,-0.0,1
bioasq_train,bioasq13b_58cdb38f02b8c60953000041,0.15,-0.0,1
bioasq_train,bioasq13b_58cdb38f02b8c60953000041,0.2,-0.0,1
bioasq_train,bioasq13b_58cdb38f02b8c60953000041,0.25,-0.0,1
bioasq_train,bioasq13b_58cdb38f02b8c60953000041,0.3,-0.0,1
bioasq_train,bioasq13b_58cd729502b8c6095300003d,0.05,0.14118174150460758,2
bioasq_train,bioasq13b_58cd729502b8c6095300003d,0.1,-0.0,1
bioasq_train,bioasq13b_58cd729502b8c6095300003d,0.15,-0.0,1
bioasq_train,bioasq13b_58cd729502b8c6095300003d,0.2,-0.0,1
bioasq_train,bioasq13b_58cd729502b8c6095300003d,0.25,-0.0,1
bioasq_train,bioasq13b_58cd729502b8c6095300003d,0.3,-0.0,1
bioasq_train,bioasq13b_58ab1f209ef3c34033000001,0.05,0.14118174150460758,2
bioasq_train,bioasq13b_58ab1f209ef3c34033000001,0.1,-0.0,1
bioasq_train,bioasq13b_58ab1f209ef3c34033000001,0.15,-0.0,1
bioasq_train,bioasq13b_58ab1f209ef3c34033000001,0.2,-0.0,1
bioasq_train,bioasq13b_58ab1f209ef3c34033000001,0.25,-0.0,1
bioasq_train,bioasq13b_58ab1f209ef3c34033000001,0.3,-0.0,1
bioasq_train,bioasq13b_58c66a4b02b8c60953000025,0.05,0.40843137199002016,4
bioasq_train,bioasq13b_58c66a4b02b8c60953000025,0.1,0.2775280104064451,3
bioasq_train,bioasq13b_58c66a4b02b8c60953000025,0.15,-0.0,1
bioasq_train,bioasq13b_58c66a4b02b8c60953000025,0.2,-0.0,1
bioasq_train,bioasq13b_58c66a4b02b8c60953000025,0.25,-0.0,1
bioasq_train,bioasq13b_58c66a4b02b8c60953000025,0.3,-0.0,1
bioasq_train,bioasq13b_58bd6c5802b8c60953000012,0.05,-0.0,1
bioasq_train,bioasq13b_58bd6c5802b8c60953000012,0.1,-0.0,1
bioasq_train,bioasq13b_58bd6c5802b8c60953000012,0.15,-0.0,1
bioasq_train,bioasq13b_58bd6c5802b8c60953000012,0.2,-0.0,1
bioasq_train,bioasq13b_58bd6c5802b8c60953000012,0.25,-0.0,1
bioasq_train,bioasq13b_58bd6c5802b8c60953000012,0.3,-0.0,1
bioasq_train,bioasq13b_588f9756ed9bbee70d000001,0.05,-0.0,1
bioasq_train,bioasq13b_588f9756ed9bbee70d000001,0.1,-0.0,1
bioasq_train,bioasq13b_588f9756ed9bbee70d000001,0.15,-0.0,1
bioasq_train,bioasq13b_588f9756ed9bbee70d000001,0.2,-0.0,1
bioasq_train,bioasq13b_588f9756ed9bbee70d000001,0.25,-0.0,1
bioasq_train,bioasq13b_588f9756ed9bbee70d000001,0.3,-0.0,1
bioasq_train,bioasq13b_589a245e78275d0c4a000029,0.05,-0.0,1
bioasq_train,bioasq13b_589a245e78275d0c4a000029,0.1,-0.0,1
bioasq_train,bioasq13b_589a245e78275d0c4a000029,0.15,-0.0,1
bioasq_train,bioasq13b_589a245e78275d0c4a000029,0.2,-0.0,1
bioasq_train,bioasq13b_589a245e78275d0c4a000029,0.25,-0.0,1
bioasq_train,bioasq13b_589a245e78275d0c4a000029,0.3,-0.0,1
bioasq_train,bioasq13b_58d4d7578acda34529000007,0.05,0.14118174150460758,2
bioasq_train,bioasq13b_58d4d7578acda34529000007,0.1,-0.0,1
bioasq_train,bioasq13b_58d4d7578acda34529000007,0.15,-0.0,1
bioasq_train,bioasq13b_58d4d7578acda34529000007,0.2,-0.0,1
bioasq_train,bioasq13b_58d4d7578acda34529000007,0.25,-0.0,1
bioasq_train,bioasq13b_58d4d7578acda34529000007,0.3,-0.0,1
bioasq_train,bioasq13b_58cbf1f402b8c60953000036,0.05,-0.0,1
bioasq_train,bioasq13b_58cbf1f402b8c60953000036,0.1,-0.0,1
bioasq_train,bioasq13b_58cbf1f402b8c60953000036,0.15,-0.0,1
bioasq_train,bioasq13b_58cbf1f402b8c60953000036,0.2,-0.0,1
bioasq_train,bioasq13b_58cbf1f402b8c60953000036,0.25,-0.0,1
bioasq_train,bioasq13b_58cbf1f402b8c60953000036,0.3,-0.0,1
bioasq_train,bioasq13b_587f60f892a5b8ad44000004,0.05,-0.0,1
bioasq_train,bioasq13b_587f60f892a5b8ad44000004,0.1,-0.0,1
bioasq_train,bioasq13b_587f60f892a5b8ad44000004,0.15,-0.0,1
bioasq_train,bioasq13b_587f60f892a5b8ad44000004,0.2,-0.0,1
bioasq_train,bioasq13b_587f60f892a5b8ad44000004,0.25,-0.0,1
bioasq_train,bioasq13b_587f60f892a5b8ad44000004,0.3,-0.0,1
bioasq_train,bioasq13b_589a246778275d0c4a00002f,0.05,-0.0,1
bioasq_train,bioasq13b_589a246778275d0c4a00002f,0.1,-0.0,1
bioasq_train,bioasq13b_589a246778275d0c4a00002f,0.15,-0.0,1
bioasq_train,bioasq13b_589a246778275d0c4a00002f,0.2,-0.0,1
bioasq_train,bioasq13b_589a246778275d0c4a00002f,0.25,-0.0,1
bioasq_train,bioasq13b_589a246778275d0c4a00002f,0.3,-0.0,1
bioasq_train,bioasq13b_58c2556302b8c6095300001f,0.05,-0.0,1
bioasq_train,bioasq13b_58c2556302b8c6095300001f,0.1,-0.0,1
bioasq_train,bioasq13b_58c2556302b8c6095300001f,0.15,-0.0,1
bioasq_train,bioasq13b_58c2556302b8c6095300001f,0.2,-0.0,1
bioasq_train,bioasq13b_58c2556302b8c6095300001f,0.25,-0.0,1
bioasq_train,bioasq13b_58c2556302b8c6095300001f,0.3,-0.0,1
bioasq_train,bioasq13b_5890f4ab621ea6ff7e000008,0.05,0.2652949955741215,2
bioasq_train,bioasq13b_5890f4ab621ea6ff7e000008,0.1,-0.0,1
bioasq_train,bioasq13b_5890f4ab621ea6ff7e000008,0.15,-0.0,1
bioasq_train,bioasq13b_5890f4ab621ea6ff7e000008,0.2,-0.0,1
bioasq_train,bioasq13b_5890f4ab621ea6ff7e000008,0.25,-0.0,1
bioasq_train,bioasq13b_5890f4ab621ea6ff7e000008,0.3,-0.0,1
bioasq_train,bioasq13b_58cd633c02b8c6095300003a,0.05,-0.0,1
bioasq_train,bioasq13b_58cd633c02b8c6095300003a,0.1,-0.0,1
bioasq_train,bioasq13b_58cd633c02b8c6095300003a,0.15,-0.0,1
bioasq_train,bioasq13b_58cd633c02b8c6095300003a,0.2,-0.0,1
bioasq_train,bioasq13b_58cd633c02b8c6095300003a,0.25,-0.0,1
bioasq_train,bioasq13b_58cd633c02b8c6095300003a,0.3,-0.0,1
bioasq_train,bioasq13b_58cdbaf302b8c60953000044,0.05,0.4126972515042214,3
bioasq_train,bioasq13b_58cdbaf302b8c60953000044,0.1,-0.0,1
bioasq_train,bioasq13b_58cdbaf302b8c60953000044,0.15,-0.0,1
bioasq_train,bioasq13b_58cdbaf302b8c60953000044,0.2,-0.0,1
bioasq_train,bioasq13b_58cdbaf302b8c60953000044,0.25,-0.0,1
bioasq_train,bioasq13b_58cdbaf302b8c60953000044,0.3,-0.0,1
bioasq_train,bioasq13b_589474467d9090f353000006,0.05,-0.0,1
bioasq_train,bioasq13b_589474467d9090f353000006,0.1,-0.0,1
bioasq_train,bioasq13b_589474467d9090f353000006,0.15,-0.0,1
bioasq_train,bioasq13b_589474467d9090f353000006,0.2,-0.0,1
bioasq_train,bioasq13b_589474467d9090f353000006,0.25,-0.0,1
bioasq_train,bioasq13b_589474467d9090f353000006,0.3,-0.0,1
bioasq_train,bioasq13b_5891c754621ea6ff7e000011,0.05,-0.0,1
bioasq_train,bioasq13b_5891c754621ea6ff7e000011,0.1,-0.0,1
bioasq_train,bioasq13b_5891c754621ea6ff7e000011,0.15,-0.0,1
bioasq_train,bioasq13b_5891c754621ea6ff7e000011,0.2,-0.0,1
bioasq_train,bioasq13b_5891c754621ea6ff7e000011,0.25,-0.0,1
bioasq_train,bioasq13b_5891c754621ea6ff7e000011,0.3,-0.0,1
bioasq_train,bioasq13b_5890dcba621ea6ff7e000003,0.05,-0.0,1
bioasq_train,bioasq13b_5890dcba621ea6ff7e000003,0.1,-0.0,1
bioasq_train,bioasq13b_5890dcba621ea6ff7e000003,0.15,-0.0,1
bioasq_train,bioasq13b_5890dcba621ea6ff7e000003,0.2,-0.0,1
bioasq_train,bioasq13b_5890dcba621ea6ff7e000003,0.25,-0.0,1
bioasq_train,bioasq13b_5890dcba621ea6ff7e000003,0.3,-0.0,1
bioasq_train,bioasq13b_58cea0768acda34529000001,0.05,-0.0,1
bioasq_train,bioasq13b_58cea0768acda34529000001,0.1,-0.0,1
bioasq_train,bioasq13b_58cea0768acda34529000001,0.15,-0.0,1
bioasq_train,bioasq13b_58cea0768acda34529000001,0.2,-0.0,1
bioasq_train,bioasq13b_58cea0768acda34529000001,0.25,-0.0,1
bioasq_train,bioasq13b_58cea0768acda34529000001,0.3,-0.0,1
bioasq_train,bioasq13b_58cb305c02b8c60953000032,0.05,-0.0,1
bioasq_train,bioasq13b_58cb305c02b8c60953000032,0.1,-0.0,1
bioasq_train,bioasq13b_58cb305c02b8c60953000032,0.15,-0.0,1
bioasq_train,bioasq13b_58cb305c02b8c60953000032,0.2,-0.0,1
bioasq_train,bioasq13b_58cb305c02b8c60953000032,0.25,-0.0,1
bioasq_train,bioasq13b_58cb305c02b8c60953000032,0.3,-0.0,1
bioasq_train,bioasq13b_58ca5cba02b8c6095300002b,0.05,-0.0,1
bioasq_train,bioasq13b_58ca5cba02b8c6095300002b,0.1,-0.0,1
bioasq_train,bioasq13b_58ca5cba02b8c6095300002b,0.15,-0.0,1
bioasq_train,bioasq13b_58ca5cba02b8c6095300002b,0.2,-0.0,1
bioasq_train,bioasq13b_58ca5cba02b8c6095300002b,0.25,-0.0,1
bioasq_train,bioasq13b_58ca5cba02b8c6095300002b,0.3,-0.0,1
bioasq_train,bioasq13b_58e115d66fddd3e83e00000a,0.05,-0.0,1
bioasq_train,bioasq13b_58e115d66fddd3e83e00000a,0.1,-0.0,1
bioasq_train,bioasq13b_58e115d66fddd3e83e00000a,0.15,-0.0,1
bioasq_train,bioasq13b_58e115d66fddd3e83e00000a,0.2,-0.0,1
bioasq_train,bioasq13b_58e115d66fddd3e83e00000a,0.25,-0.0,1
bioasq_train,bioasq13b_58e115d66fddd3e83e00000a,0.3,-0.0,1
bioasq_train,bioasq13b_58d90b968acda3452900000e,0.05,0.2652949955741215,2
bioasq_train,bioasq13b_58d90b968acda3452900000e,0.1,-0.0,1
bioasq_train,bioasq13b_58d90b968acda3452900000e,0.15,-0.0,1
bioasq_train,bioasq13b_58d90b968acda3452900000e,0.2,-0.0,1
bioasq_train,bioasq13b_58d90b968acda3452900000e,0.25,-0.0,1
bioasq_train,bioasq13b_58d90b968acda3452900000e,0.3,-0.0,1
bioasq_train,bioasq13b_58e12ea66fddd3e83e00000e,0.05,0.2775280104064451,3
bioasq_train,bioasq13b_58e12ea66fddd3e83e00000e,0.1,-0.0,1
bioasq_train,bioasq13b_58e12ea66fddd3e83e00000e,0.15,-0.0,1
bioasq_train,bioasq13b_58e12ea66fddd3e83e00000e,0.2,-0.0,1
bioasq_train,bioasq13b_58e12ea66fddd3e83e00000e,0.25,-0.0,1
bioasq_train,bioasq13b_58e12ea66fddd3e83e00000e,0.3,-0.0,1
bioasq_train,bioasq13b_58c67bf302b8c60953000026,0.05,-0.0,1
bioasq_train,bioasq13b_58c67bf302b8c60953000026,0.1,-0.0,1
bioasq_train,bioasq13b_58c67bf302b8c60953000026,0.15,-0.0,1
bioasq_train,bioasq13b_58c67bf302b8c60953000026,0.2,-0.0,1
bioasq_train,bioasq13b_58c67bf302b8c60953000026,0.25,-0.0,1
bioasq_train,bioasq13b_58c67bf302b8c60953000026,0.3,-0.0,1
bioasq_train,bioasq13b_58837ba62305cd7e21000002,0.05,0.21732201127364886,2
bioasq_train,bioasq13b_58837ba62305cd7e21000002,0.1,-0.0,1
bioasq_train,bioasq13b_58837ba62305cd7e21000002,0.15,-0.0,1
bioasq_train,bioasq13b_58837ba62305cd7e21000002,0.2,-0.0,1
bioasq_train,bioasq13b_58837ba62305cd7e21000002,0.25,-0.0,1
bioasq_train,bioasq13b_58837ba62305cd7e21000002,0.3,-0.0,1
bioasq_train,bioasq13b_58d388958acda34529000006,0.05,-0.0,1
bioasq_train,bioasq13b_58d388958acda34529000006,0.1,-0.0,1
bioasq_train,bioasq13b_58d388958acda34529000006,0.15,-0.0,1
bioasq_train,bioasq13b_58d388958acda34529000006,0.2,-0.0,1
bioasq_train,bioasq13b_58d388958acda34529000006,0.25,-0.0,1
bioasq_train,bioasq13b_58d388958acda34529000006,0.3,-0.0,1
bioasq_train,bioasq13b_588f9b7eed9bbee70d000003,0.05,-0.0,1
bioasq_train,bioasq13b_588f9b7eed9bbee70d000003,0.1,-0.0,1
bioasq_train,bioasq13b_588f9b7eed9bbee70d000003,0.15,-0.0,1
bioasq_train,bioasq13b_588f9b7eed9bbee70d000003,0.2,-0.0,1
bioasq_train,bioasq13b_588f9b7eed9bbee70d000003,0.25,-0.0,1
bioasq_train,bioasq13b_588f9b7eed9bbee70d000003,0.3,-0.0,1
bioasq_train,bioasq13b_589a246a78275d0c4a000031,0.05,-0.0,1
bioasq_train,bioasq13b_589a246a78275d0c4a000031,0.1,-0.0,1
bioasq_train,bioasq13b_589a246a78275d0c4a000031,0.15,-0.0,1
bioasq_train,bioasq13b_589a246a78275d0c4a000031,0.2,-0.0,1
bioasq_train,bioasq13b_589a246a78275d0c4a000031,0.25,-0.0,1
bioasq_train,bioasq13b_589a246a78275d0c4a000031,0.3,-0.0,1
bioasq_train,bioasq13b_58dc2c698acda3452900001f,0.05,-0.0,1
bioasq_train,bioasq13b_58dc2c698acda3452900001f,0.1,-0.0,1
bioasq_train,bioasq13b_58dc2c698acda3452900001f,0.15,-0.0,1
bioasq_train,bioasq13b_58dc2c698acda3452900001f,0.2,-0.0,1
bioasq_train,bioasq13b_58dc2c698acda3452900001f,0.25,-0.0,1
bioasq_train,bioasq13b_58dc2c698acda3452900001f,0.3,-0.0,1
bioasq_train,bioasq13b_58e2467a6fddd3e83e000012,0.05,-0.0,1
bioasq_train,bioasq13b_58e2467a6fddd3e83e000012,0.1,-0.0,1
bioasq_train,bioasq13b_58e2467a6fddd3e83e000012,0.15,-0.0,1
bioasq_train,bioasq13b_58e2467a6fddd3e83e000012,0.2,-0.0,1
bioasq_train,bioasq13b_58e2467a6fddd3e83e000012,0.25,-0.0,1
bioasq_train,bioasq13b_58e2467a6fddd3e83e000012,0.3,-0.0,1
bioasq_train,bioasq13b_587d016ed673c3eb14000002,0.05,-0.0,1
bioasq_train,bioasq13b_587d016ed673c3eb14000002,0.1,-0.0,1
bioasq_train,bioasq13b_587d016ed673c3eb14000002,0.15,-0.0,1
bioasq_train,bioasq13b_587d016ed673c3eb14000002,0.2,-0.0,1
bioasq_train,bioasq13b_587d016ed673c3eb14000002,0.25,-0.0,1
bioasq_train,bioasq13b_587d016ed673c3eb14000002,0.3,-0.0,1
bioasq_train,bioasq13b_58dff3f06fddd3e83e000007,0.05,-0.0,1
bioasq_train,bioasq13b_58dff3f06fddd3e83e000007,0.1,-0.0,1
bioasq_train,bioasq13b_58dff3f06fddd3e83e000007,0.15,-0.0,1
bioasq_train,bioasq13b_58dff3f06fddd3e83e000007,0.2,-0.0,1
bioasq_train,bioasq13b_58dff3f06fddd3e83e000007,0.25,-0.0,1
bioasq_train,bioasq13b_58dff3f06fddd3e83e000007,0.3,-0.0,1
bioasq_train,bioasq13b_588fd7cded9bbee70d000009,0.05,-0.0,1
bioasq_train,bioasq13b_588fd7cded9bbee70d000009,0.1,-0.0,1
bioasq_train,bioasq13b_588fd7cded9bbee70d000009,0.15,-0.0,1
bioasq_train,bioasq13b_588fd7cded9bbee70d000009,0.2,-0.0,1
bioasq_train,bioasq13b_588fd7cded9bbee70d000009,0.25,-0.0,1
bioasq_train,bioasq13b_588fd7cded9bbee70d000009,0.3,-0.0,1
bioasq_train,bioasq13b_58af14ae717cd3f655000001,0.05,0.55583362792012,4
bioasq_train,bioasq13b_58af14ae717cd3f655000001,0.1,0.29228525323862886,2
bioasq_train,bioasq13b_58af14ae717cd3f655000001,0.15,-0.0,1
bioasq_train,bioasq13b_58af14ae717cd3f655000001,0.2,-0.0,1
bioasq_train,bioasq13b_58af14ae717cd3f655000001,0.25,-0.0,1
bioasq_train,bioasq13b_58af14ae717cd3f655000001,0.3,-0.0,1
bioasq_train,bioasq13b_58d131218acda34529000005,0.05,0.55583362792012,4
bioasq_train,bioasq13b_58d131218acda34529000005,0.1,-0.0,1
bioasq_train,bioasq13b_58d131218acda34529000005,0.15,-0.0,1
bioasq_train,bioasq13b_58d131218acda34529000005,0.2,-0.0,1
bioasq_train,bioasq13b_58d131218acda34529000005,0.25,-0.0,1
bioasq_train,bioasq13b_58d131218acda34529000005,0.3,-0.0,1
bioasq_train,bioasq13b_58cdbbd102b8c60953000045,0.05,0.29228525323862886,2
bioasq_train,bioasq13b_58cdbbd102b8c60953000045,0.1,-0.0,1
bioasq_train,bioasq13b_58cdbbd102b8c60953000045,0.15,-0.0,1
bioasq_train,bioasq13b_58cdbbd102b8c60953000045,0.2,-0.0,1
bioasq_train,bioasq13b_58cdbbd102b8c60953000045,0.25,-0.0,1
bioasq_train,bioasq13b_58cdbbd102b8c60953000045,0.3,-0.0,1
bioasq_train,bioasq13b_58e2651c6fddd3e83e000013,0.05,-0.0,1
bioasq_train,bioasq13b_58e2651c6fddd3e83e000013,0.1,-0.0,1
bioasq_train,bioasq13b_58e2651c6fddd3e83e000013,0.15,-0.0,1
bioasq_train,bioasq13b_58e2651c6fddd3e83e000013,0.2,-0.0,1
bioasq_train,bioasq13b_58e2651c6fddd3e83e000013,0.25,-0.0,1
bioasq_train,bioasq13b_58e2651c6fddd3e83e000013,0.3,-0.0,1
bioasq_train,bioasq13b_587d13c0d673c3eb14000004,0.05,-0.0,1
bioasq_train,bioasq13b_587d13c0d673c3eb14000004,0.1,-0.0,1
bioasq_train,bioasq13b_587d13c0d673c3eb14000004,0.15,-0.0,1
bioasq_train,bioasq13b_587d13c0d673c3eb14000004,0.2,-0.0,1
bioasq_train,bioasq13b_587d13c0d673c3eb14000004,0.25,-0.0,1
bioasq_train,bioasq13b_587d13c0d673c3eb14000004,0.3,-0.0,1
bioasq_train,bioasq13b_588623153b87a8a738000006,0.05,-0.0,1
bioasq_train,bioasq13b_588623153b87a8a738000006,0.1,-0.0,1
bioasq_train,bioasq13b_588623153b87a8a738000006,0.15,-0.0,1
bioasq_train,bioasq13b_588623153b87a8a738000006,0.2,-0.0,1
bioasq_train,bioasq13b_588623153b87a8a738000006,0.25,-0.0,1
bioasq_train,bioasq13b_588623153b87a8a738000006,0.3,-0.0,1
bioasq_train,bioasq13b_58af11e67125859353000001,0.05,0.21732201127364886,2
bioasq_train,bioasq13b_58af11e67125859353000001,0.1,-0.0,1
bioasq_train,bioasq13b_58af11e67125859353000001,0.15,-0.0,1
bioasq_train,bioasq13b_58af11e67125859353000001,0.2,-0.0,1
bioasq_train,bioasq13b_58af11e67125859353000001,0.25,-0.0,1
bioasq_train,bioasq13b_58af11e67125859353000001,0.3,-0.0,1
bioasq_train,bioasq13b_58965c5578275d0c4a00000f,0.05,-0.0,1
bioasq_train,bioasq13b_58965c5578275d0c4a00000f,0.1,-0.0,1
bioasq_train,bioasq13b_58965c5578275d0c4a00000f,0.15,-0.0,1
bioasq_train,bioasq13b_58965c5578275d0c4a00000f,0.2,-0.0,1
bioasq_train,bioasq13b_58965c5578275d0c4a00000f,0.25,-0.0,1
bioasq_train,bioasq13b_58965c5578275d0c4a00000f,0.3,-0.0,1
bioasq_train,bioasq13b_58946d6e7d9090f353000005,0.05,-0.0,1
bioasq_train,bioasq13b_58946d6e7d9090f353000005,0.1,-0.0,1
bioasq_train,bioasq13b_58946d6e7d9090f353000005,0.15,-0.0,1
bioasq_train,bioasq13b_58946d6e7d9090f353000005,0.2,-0.0,1
bioasq_train,bioasq13b_58946d6e7d9090f353000005,0.25,-0.0,1
bioasq_train,bioasq13b_58946d6e7d9090f353000005,0.3,-0.0,1
bioasq_train,bioasq13b_588fa24fed9bbee70d000005,0.05,-0.0,1
bioasq_train,bioasq13b_588fa24fed9bbee70d000005,0.1,-0.0,1
bioasq_train,bioasq13b_588fa24fed9bbee70d000005,0.15,-0.0,1
bioasq_train,bioasq13b_588fa24fed9bbee70d000005,0.2,-0.0,1
bioasq_train,bioasq13b_588fa24fed9bbee70d000005,0.25,-0.0,1
bioasq_train,bioasq13b_588fa24fed9bbee70d000005,0.3,-0.0,1
bioasq_train,bioasq13b_58dd0c608acda34529000026,0.05,-0.0,1
bioasq_train,bioasq13b_58dd0c608acda34529000026,0.1,-0.0,1
bioasq_train,bioasq13b_58dd0c608acda34529000026,0.15,-0.0,1
bioasq_train,bioasq13b_58dd0c608acda34529000026,0.2,-0.0,1
bioasq_train,bioasq13b_58dd0c608acda34529000026,0.25,-0.0,1
bioasq_train,bioasq13b_58dd0c608acda34529000026,0.3,-0.0,1
bioasq_train,bioasq13b_58efa66070f9fc6f0f000005,0.05,0.38997287335391506,3
bioasq_train,bioasq13b_58efa66070f9fc6f0f000005,0.1,-0.0,1
bioasq_train,bioasq13b_58efa66070f9fc6f0f000005,0.15,-0.0,1
bioasq_train,bioasq13b_58efa66070f9fc6f0f000005,0.2,-0.0,1
bioasq_train,bioasq13b_58efa66070f9fc6f0f000005,0.25,-0.0,1
bioasq_train,bioasq13b_58efa66070f9fc6f0f000005,0.3,-0.0,1
bioasq_train,bioasq13b_58ea521d3e8b6dc87c00000f,0.05,0.30102999566398114,2
bioasq_train,bioasq13b_58ea521d3e8b6dc87c00000f,0.1,0.30102999566398114,2
bioasq_train,bioasq13b_58ea521d3e8b6dc87c00000f,0.15,-0.0,1
bioasq_train,bioasq13b_58ea521d3e8b6dc87c00000f,0.2,-0.0,1
bioasq_train,bioasq13b_58ea521d3e8b6dc87c00000f,0.25,-0.0,1
bioasq_train,bioasq13b_58ea521d3e8b6dc87c00000f,0.3,-0.0,1
bioasq_train,bioasq13b_58eb984aeda5a57672000008,0.05,-0.0,1
bioasq_train,bioasq13b_58eb984aeda5a57672000008,0.1,-0.0,1
bioasq_train,bioasq13b_58eb984aeda5a57672000008,0.15,-0.0,1
bioasq_train,bioasq13b_58eb984aeda5a57672000008,0.2,-0.0,1
bioasq_train,bioasq13b_58eb984aeda5a57672000008,0.25,-0.0,1
bioasq_train,bioasq13b_58eb984aeda5a57672000008,0.3,-0.0,1
bioasq_train,bioasq13b_5880a46d3d0145644d000001,0.05,-0.0,1
bioasq_train,bioasq13b_5880a46d3d0145644d000001,0.1,-0.0,1
bioasq_train,bioasq13b_5880a46d3d0145644d000001,0.15,-0.0,1
bioasq_train,bioasq13b_5880a46d3d0145644d000001,0.2,-0.0,1
bioasq_train,bioasq13b_5880a46d3d0145644d000001,0.25,-0.0,1
bioasq_train,bioasq13b_5880a46d3d0145644d000001,0.3,-0.0,1
bioasq_train,bioasq13b_58ea6c3eeda5a57672000001,0.05,-0.0,1
bioasq_train,bioasq13b_58ea6c3eeda5a57672000001,0.1,-0.0,1
bioasq_train,bioasq13b_58ea6c3eeda5a57672000001,0.15,-0.0,1
bioasq_train,bioasq13b_58ea6c3eeda5a57672000001,0.2,-0.0,1
bioasq_train,bioasq13b_58ea6c3eeda5a57672000001,0.25,-0.0,1
bioasq_train,bioasq13b_58ea6c3eeda5a57672000001,0.3,-0.0,1
bioasq_train,bioasq13b_58815f26713cbdfd3d000002,0.05,0.4096910013008056,3
bioasq_train,bioasq13b_58815f26713cbdfd3d000002,0.1,-0.0,1
bioasq_train,bioasq13b_58815f26713cbdfd3d000002,0.15,-0.0,1
bioasq_train,bioasq13b_58815f26713cbdfd3d000002,0.2,-0.0,1
bioasq_train,bioasq13b_58815f26713cbdfd3d000002,0.25,-0.0,1
bioasq_train,bioasq13b_58815f26713cbdfd3d000002,0.3,-0.0,1
bioasq_train,bioasq13b_58f3c8f470f9fc6f0f00000c,0.05,-0.0,1
bioasq_train,bioasq13b_58f3c8f470f9fc6f0f00000c,0.1,-0.0,1
bioasq_train,bioasq13b_58f3c8f470f9fc6f0f00000c,0.15,-0.0,1
bioasq_train,bioasq13b_58f3c8f470f9fc6f0f00000c,0.2,-0.0,1
bioasq_train,bioasq13b_58f3c8f470f9fc6f0f00000c,0.25,-0.0,1
bioasq_train,bioasq13b_58f3c8f470f9fc6f0f00000c,0.3,-0.0,1
bioasq_train,bioasq13b_5891c2e7621ea6ff7e00000f,0.05,-0.0,1
bioasq_train,bioasq13b_5891c2e7621ea6ff7e00000f,0.1,-0.0,1
bioasq_train,bioasq13b_5891c2e7621ea6ff7e00000f,0.15,-0.0,1
bioasq_train,bioasq13b_5891c2e7621ea6ff7e00000f,0.2,-0.0,1
bioasq_train,bioasq13b_5891c2e7621ea6ff7e00000f,0.25,-0.0,1
bioasq_train,bioasq13b_5891c2e7621ea6ff7e00000f,0.3,-0.0,1
bioasq_train,bioasq13b_58dcd0338acda34529000022,0.05,0.4729032506370176,4
bioasq_train,bioasq13b_58dcd0338acda34529000022,0.1,-0.0,1
bioasq_train,bioasq13b_58dcd0338acda34529000022,0.15,-0.0,1
bioasq_train,bioasq13b_58dcd0338acda34529000022,0.2,-0.0,1
bioasq_train,bioasq13b_58dcd0338acda34529000022,0.25,-0.0,1
bioasq_train,bioasq13b_58dcd0338acda34529000022,0.3,-0.0,1
bioasq_train,bioasq13b_5880b036c872c95565000002,0.05,-0.0,1
bioasq_train,bioasq13b_5880b036c872c95565000002,0.1,-0.0,1
bioasq_train,bioasq13b_5880b036c872c95565000002,0.15,-0.0,1
bioasq_train,bioasq13b_5880b036c872c95565000002,0.2,-0.0,1
bioasq_train,bioasq13b_5880b036c872c95565000002,0.25,-0.0,1
bioasq_train,bioasq13b_5880b036c872c95565000002,0.3,-0.0,1
bioasq_train,bioasq13b_58f4c09f70f9fc6f0f000017,0.05,-0.0,1
bioasq_train,bioasq13b_58f4c09f70f9fc6f0f000017,0.1,-0.0,1
bioasq_train,bioasq13b_58f4c09f70f9fc6f0f000017,0.15,-0.0,1
bioasq_train,bioasq13b_58f4c09f70f9fc6f0f000017,0.2,-0.0,1
bioasq_train,bioasq13b_58f4c09f70f9fc6f0f000017,0.25,-0.0,1
bioasq_train,bioasq13b_58f4c09f70f9fc6f0f000017,0.3,-0.0,1
bioasq_train,bioasq13b_58f4b3ee70f9fc6f0f000013,0.05,-0.0,1
bioasq_train,bioasq13b_58f4b3ee70f9fc6f0f000013,0.1,-0.0,1
bioasq_train,bioasq13b_58f4b3ee70f9fc6f0f000013,0.15,-0.0,1
bioasq_train,bioasq13b_58f4b3ee70f9fc6f0f000013,0.2,-0.0,1
bioasq_train,bioasq13b_58f4b3ee70f9fc6f0f000013,0.25,-0.0,1
bioasq_train,bioasq13b_58f4b3ee70f9fc6f0f000013,0.3,-0.0,1
bioasq_train,bioasq13b_58edfaf4eda5a57672000012,0.05,-0.0,1
bioasq_train,bioasq13b_58edfaf4eda5a57672000012,0.1,-0.0,1
bioasq_train,bioasq13b_58edfaf4eda5a57672000012,0.15,-0.0,1
bioasq_train,bioasq13b_58edfaf4eda5a57672000012,0.2,-0.0,1
bioasq_train,bioasq13b_58edfaf4eda5a57672000012,0.25,-0.0,1
bioasq_train,bioasq13b_58edfaf4eda5a57672000012,0.3,-0.0,1
bioasq_train,bioasq13b_5916f14070f9fc6f0f00001f,0.05,0.30102999566398114,2
bioasq_train,bioasq13b_5916f14070f9fc6f0f00001f,0.1,-0.0,1
bioasq_train,bioasq13b_5916f14070f9fc6f0f00001f,0.15,-0.0,1
bioasq_train,bioasq13b_5916f14070f9fc6f0f00001f,0.2,-0.0,1
bioasq_train,bioasq13b_5916f14070f9fc6f0f00001f,0.25,-0.0,1
bioasq_train,bioasq13b_5916f14070f9fc6f0f00001f,0.3,-0.0,1
bioasq_train,bioasq13b_59d09a0cbc32f93e6d000001,0.05,-0.0,1
bioasq_train,bioasq13b_59d09a0cbc32f93e6d000001,0.1,-0.0,1
bioasq_train,bioasq13b_59d09a0cbc32f93e6d000001,0.15,-0.0,1
bioasq_train,bioasq13b_59d09a0cbc32f93e6d000001,0.2,-0.0,1
bioasq_train,bioasq13b_59d09a0cbc32f93e6d000001,0.25,-0.0,1
bioasq_train,bioasq13b_59d09a0cbc32f93e6d000001,0.3,-0.0,1
bioasq_train,bioasq13b_5a7345792dc08e987e000019,0.05,-0.0,1
bioasq_train,bioasq13b_5a7345792dc08e987e000019,0.1,-0.0,1
bioasq_train,bioasq13b_5a7345792dc08e987e000019,0.15,-0.0,1
bioasq_train,bioasq13b_5a7345792dc08e987e000019,0.2,-0.0,1
bioasq_train,bioasq13b_5a7345792dc08e987e000019,0.25,-0.0,1
bioasq_train,bioasq13b_5a7345792dc08e987e000019,0.3,-0.0,1
bioasq_train,bioasq13b_5a6e3299b750ff4455000040,0.05,-0.0,1
bioasq_train,bioasq13b_5a6e3299b750ff4455000040,0.1,-0.0,1
bioasq_train,bioasq13b_5a6e3299b750ff4455000040,0.15,-0.0,1
bioasq_train,bioasq13b_5a6e3299b750ff4455000040,0.2,-0.0,1
bioasq_train,bioasq13b_5a6e3299b750ff4455000040,0.25,-0.0,1
bioasq_train,bioasq13b_5a6e3299b750ff4455000040,0.3,-0.0,1
bioasq_train,bioasq13b_5a855585faa1ab7d2e000029,0.05,-0.0,1
bioasq_train,bioasq13b_5a855585faa1ab7d2e000029,0.1,-0.0,1
bioasq_train,bioasq13b_5a855585faa1ab7d2e000029,0.15,-0.0,1
bioasq_train,bioasq13b_5a855585faa1ab7d2e000029,0.2,-0.0,1
bioasq_train,bioasq13b_5a855585faa1ab7d2e000029,0.25,-0.0,1
bioasq_train,bioasq13b_5a855585faa1ab7d2e000029,0.3,-0.0,1
bioasq_train,bioasq13b_5a82fc89faa1ab7d2e000028,0.05,-0.0,1
bioasq_train,bioasq13b_5a82fc89faa1ab7d2e000028,0.1,-0.0,1
bioasq_train,bioasq13b_5a82fc89faa1ab7d2e000028,0.15,-0.0,1
bioasq_train,bioasq13b_5a82fc89faa1ab7d2e000028,0.2,-0.0,1
bioasq_train,bioasq13b_5a82fc89faa1ab7d2e000028,0.25,-0.0,1
bioasq_train,bioasq13b_5a82fc89faa1ab7d2e000028,0.3,-0.0,1
bioasq_train,bioasq13b_58ee217feda5a57672000015,0.05,0.34822537285722394,3
bioasq_train,bioasq13b_58ee217feda5a57672000015,0.1,0.14118174150460758,2
bioasq_train,bioasq13b_58ee217feda5a57672000015,0.15,-0.0,1
bioasq_train,bioasq13b_58ee217feda5a57672000015,0.2,-0.0,1
bioasq_train,bioasq13b_58ee217feda5a57672000015,0.25,-0.0,1
bioasq_train,bioasq13b_58ee217feda5a57672000015,0.3,-0.0,1
bioasq_train,bioasq13b_5a859184faa1ab7d2e000031,0.05,0.30102999566398114,2
bioasq_train,bioasq13b_5a859184faa1ab7d2e000031,0.1,-0.0,1
bioasq_train,bioasq13b_5a859184faa1ab7d2e000031,0.15,-0.0,1
bioasq_train,bioasq13b_5a859184faa1ab7d2e000031,0.2,-0.0,1
bioasq_train,bioasq13b_5a859184faa1ab7d2e000031,0.25,-0.0,1
bioasq_train,bioasq13b_5a859184faa1ab7d2e000031,0.3,-0.0,1
bioasq_train,bioasq13b_5a774240faa1ab7d2e000003,0.05,-0.0,1
bioasq_train,bioasq13b_5a774240faa1ab7d2e000003,0.1,-0.0,1
bioasq_train,bioasq13b_5a774240faa1ab7d2e000003,0.15,-0.0,1
bioasq_train,bioasq13b_5a774240faa1ab7d2e000003,0.2,-0.0,1
bioasq_train,bioasq13b_5a774240faa1ab7d2e000003,0.25,-0.0,1
bioasq_train,bioasq13b_5a774240faa1ab7d2e000003,0.3,-0.0,1
bioasq_train,bioasq13b_5a87e95461bb38fb2400000c,0.05,0.14118174150460758,2
bioasq_train,bioasq13b_5a87e95461bb38fb2400000c,0.1,-0.0,1
bioasq_train,bioasq13b_5a87e95461bb38fb2400000c,0.15,-0.0,1
bioasq_train,bioasq13b_5a87e95461bb38fb2400000c,0.2,-0.0,1
bioasq_train,bioasq13b_5a87e95461bb38fb2400000c,0.25,-0.0,1
bioasq_train,bioasq13b_5a87e95461bb38fb2400000c,0.3,-0.0,1
bioasq_train,bioasq13b_5a6f8baeb750ff4455000057,0.05,-0.0,1
bioasq_train,bioasq13b_5a6f8baeb750ff4455000057,0.1,-0.0,1
bioasq_train,bioasq13b_5a6f8baeb750ff4455000057,0.15,-0.0,1
bioasq_train,bioasq13b_5a6f8baeb750ff4455000057,0.2,-0.0,1
bioasq_train,bioasq13b_5a6f8baeb750ff4455000057,0.25,-0.0,1
bioasq_train,bioasq13b_5a6f8baeb750ff4455000057,0.3,-0.0,1
bioasq_train,bioasq13b_5a886da58cb19eca6b000004,0.05,0.2652949955741215,2
bioasq_train,bioasq13b_5a886da58cb19eca6b000004,0.1,-0.0,1
bioasq_train,bioasq13b_5a886da58cb19eca6b000004,0.15,-0.0,1
bioasq_train,bioasq13b_5a886da58cb19eca6b000004,0.2,-0.0,1
bioasq_train,bioasq13b_5a886da58cb19eca6b000004,0.25,-0.0,1
bioasq_train,bioasq13b_5a886da58cb19eca6b000004,0.3,-0.0,1
bioasq_train,bioasq13b_5a43a933966455904c00000b,0.05,0.44717262228329563,3
bioasq_train,bioasq13b_5a43a933966455904c00000b,0.1,0.21732201127364886,2
bioasq_train,bioasq13b_5a43a933966455904c00000b,0.15,-0.0,1
bioasq_train,bioasq13b_5a43a933966455904c00000b,0.2,-0.0,1
bioasq_train,bioasq13b_5a43a933966455904c00000b,0.25,-0.0,1
bioasq_train,bioasq13b_5a43a933966455904c00000b,0.3,-0.0,1
bioasq_train,bioasq13b_5a003e0a966455904c000001,0.05,0.4096910013008056,3
bioasq_train,bioasq13b_5a003e0a966455904c000001,0.1,-0.0,1
bioasq_train,bioasq13b_5a003e0a966455904c000001,0.15,-0.0,1
bioasq_train,bioasq13b_5a003e0a966455904c000001,0.2,-0.0,1
bioasq_train,bioasq13b_5a003e0a966455904c000001,0.25,-0.0,1
bioasq_train,bioasq13b_5a003e0a966455904c000001,0.3,-0.0,1
bioasq_train,bioasq13b_58ede257eda5a57672000010,0.05,0.30102999566398114,2
bioasq_train,bioasq13b_58ede257eda5a57672000010,0.1,-0.0,1
bioasq_train,bioasq13b_58ede257eda5a57672000010,0.15,-0.0,1
bioasq_train,bioasq13b_58ede257eda5a57672000010,0.2,-0.0,1
bioasq_train,bioasq13b_58ede257eda5a57672000010,0.25,-0.0,1
bioasq_train,bioasq13b_58ede257eda5a57672000010,0.3,-0.0,1
bioasq_train,bioasq13b_5a76039b83b0d9ea66000010,0.05,-0.0,1
bioasq_train,bioasq13b_5a76039b83b0d9ea66000010,0.1,-0.0,1
bioasq_train,bioasq13b_5a76039b83b0d9ea66000010,0.15,-0.0,1
bioasq_train,bioasq13b_5a76039b83b0d9ea66000010,0.2,-0.0,1
bioasq_train,bioasq13b_5a76039b83b0d9ea66000010,0.25,-0.0,1
bioasq_train,bioasq13b_5a76039b83b0d9ea66000010,0.3,-0.0,1
bioasq_train,bioasq13b_5a6e5df6b750ff445500004e,0.05,-0.0,1
bioasq_train,bioasq13b_5a6e5df6b750ff445500004e,0.1,-0.0,1
bioasq_train,bioasq13b_5a6e5df6b750ff445500004e,0.15,-0.0,1
bioasq_train,bioasq13b_5a6e5df6b750ff445500004e,0.2,-0.0,1
bioasq_train,bioasq13b_5a6e5df6b750ff445500004e,0.25,-0.0,1
bioasq_train,bioasq13b_5a6e5df6b750ff445500004e,0.3,-0.0,1
bioasq_train,bioasq13b_5a37df1c966455904c000004,0.05,0.40843137199002016,4
bioasq_train,bioasq13b_5a37df1c966455904c000004,0.1,-0.0,1
bioasq_train,bioasq13b_5a37df1c966455904c000004,0.15,-0.0,1
bioasq_train,bioasq13b_5a37df1c966455904c000004,0.2,-0.0,1
bioasq_train,bioasq13b_5a37df1c966455904c000004,0.25,-0.0,1
bioasq_train,bioasq13b_5a37df1c966455904c000004,0.3,-0.0,1
bioasq_train,bioasq13b_5a774585faa1ab7d2e000005,0.05,-0.0,1
bioasq_train,bioasq13b_5a774585faa1ab7d2e000005,0.1,-0.0,1
bioasq_train,bioasq13b_5a774585faa1ab7d2e000005,0.15,-0.0,1
bioasq_train,bioasq13b_5a774585faa1ab7d2e000005,0.2,-0.0,1
bioasq_train,bioasq13b_5a774585faa1ab7d2e000005,0.25,-0.0,1
bioasq_train,bioasq13b_5a774585faa1ab7d2e000005,0.3,-0.0,1
bioasq_train,bioasq13b_5a74e6eb0384be9551000009,0.05,-0.0,1
bioasq_train,bioasq13b_5a74e6eb0384be9551000009,0.1,-0.0,1
bioasq_train,bioasq13b_5a74e6eb0384be9551000009,0.15,-0.0,1
bioasq_train,bioasq13b_5a74e6eb0384be9551000009,0.2,-0.0,1
bioasq_train,bioasq13b_5a74e6eb0384be9551000009,0.25,-0.0,1
bioasq_train,bioasq13b_5a74e6eb0384be9551000009,0.3,-0.0,1
bioasq_train,bioasq13b_5a897729fcd1d6a10c000009,0.05,-0.0,1
bioasq_train,bioasq13b_5a897729fcd1d6a10c000009,0.1,-0.0,1
bioasq_train,bioasq13b_5a897729fcd1d6a10c000009,0.15,-0.0,1
bioasq_train,bioasq13b_5a897729fcd1d6a10c000009,0.2,-0.0,1
bioasq_train,bioasq13b_5a897729fcd1d6a10c000009,0.25,-0.0,1
bioasq_train,bioasq13b_5a897729fcd1d6a10c000009,0.3,-0.0,1
bioasq_train,bioasq13b_5a774431faa1ab7d2e000004,0.05,-0.0,1
bioasq_train,bioasq13b_5a774431faa1ab7d2e000004,0.1,-0.0,1
bioasq_train,bioasq13b_5a774431faa1ab7d2e000004,0.15,-0.0,1
bioasq_train,bioasq13b_5a774431faa1ab7d2e000004,0.2,-0.0,1
bioasq_train,bioasq13b_5a774431faa1ab7d2e000004,0.25,-0.0,1
bioasq_train,bioasq13b_5a774431faa1ab7d2e000004,0.3,-0.0,1
bioasq_train,bioasq13b_5a67c8c4b750ff4455000013,0.05,-0.0,1
bioasq_train,bioasq13b_5a67c8c4b750ff4455000013,0.1,-0.0,1
bioasq_train,bioasq13b_5a67c8c4b750ff4455000013,0.15,-0.0,1
bioasq_train,bioasq13b_5a67c8c4b750ff4455000013,0.2,-0.0,1
bioasq_train,bioasq13b_5a67c8c4b750ff4455000013,0.25,-0.0,1
bioasq_train,bioasq13b_5a67c8c4b750ff4455000013,0.3,-0.0,1
bioasq_train,bioasq13b_5a7d535ffaa1ab7d2e000018,0.05,-0.0,1
bioasq_train,bioasq13b_5a7d535ffaa1ab7d2e000018,0.1,-0.0,1
bioasq_train,bioasq13b_5a7d535ffaa1ab7d2e000018,0.15,-0.0,1
bioasq_train,bioasq13b_5a7d535ffaa1ab7d2e000018,0.2,-0.0,1
bioasq_train,bioasq13b_5a7d535ffaa1ab7d2e000018,0.25,-0.0,1
bioasq_train,bioasq13b_5a7d535ffaa1ab7d2e000018,0.3,-0.0,1
bioasq_train,bioasq13b_5a76dd749e632bc066000008,0.05,-0.0,1
bioasq_train,bioasq13b_5a76dd749e632bc066000008,0.1,-0.0,1
bioasq_train,bioasq13b_5a76dd749e632bc066000008,0.15,-0.0,1
bioasq_train,bioasq13b_5a76dd749e632bc066000008,0.2,-0.0,1
bioasq_train,bioasq13b_5a76dd749e632bc066000008,0.25,-0.0,1
bioasq_train,bioasq13b_5a76dd749e632bc066000008,0.3,-0.0,1
bioasq_train,bioasq13b_5a760a4183b0d9ea66000016,0.05,-0.0,1
bioasq_train,bioasq13b_5a760a4183b0d9ea66000016,0.1,-0.0,1
bioasq_train,bioasq13b_5a760a4183b0d9ea66000016,0.15,-0.0,1
bioasq_train,bioasq13b_5a760a4183b0d9ea66000016,0.2,-0.0,1
bioasq_train,bioasq13b_5a760a4183b0d9ea66000016,0.25,-0.0,1
bioasq_train,bioasq13b_5a760a4183b0d9ea66000016,0.3,-0.0,1
bioasq_train,bioasq13b_5a6e1db0b750ff4455000039,0.05,-0.0,1
bioasq_train,bioasq13b_5a6e1db0b750ff4455000039,0.1,-0.0,1
bioasq_train,bioasq13b_5a6e1db0b750ff4455000039,0.15,-0.0,1
bioasq_train,bioasq13b_5a6e1db0b750ff4455000039,0.2,-0.0,1
bioasq_train,bioasq13b_5a6e1db0b750ff4455000039,0.25,-0.0,1
bioasq_train,bioasq13b_5a6e1db0b750ff4455000039,0.3,-0.0,1
bioasq_train,bioasq13b_5a74d9980384be9551000008,0.05,-0.0,1
bioasq_train,bioasq13b_5a74d9980384be9551000008,0.1,-0.0,1
bioasq_train,bioasq13b_5a74d9980384be9551000008,0.15,-0.0,1
bioasq_train,bioasq13b_5a74d9980384be9551000008,0.2,-0.0,1
bioasq_train,bioasq13b_5a74d9980384be9551000008,0.25,-0.0,1
bioasq_train,bioasq13b_5a74d9980384be9551000008,0.3,-0.0,1
bioasq_train,bioasq13b_5a8aa253fcd1d6a10c00001b,0.05,-0.0,1
bioasq_train,bioasq13b_5a8aa253fcd1d6a10c00001b,0.1,-0.0,1
bioasq_train,bioasq13b_5a8aa253fcd1d6a10c00001b,0.15,-0.0,1
bioasq_train,bioasq13b_5a8aa253fcd1d6a10c00001b,0.2,-0.0,1
bioasq_train,bioasq13b_5a8aa253fcd1d6a10c00001b,0.25,-0.0,1
bioasq_train,bioasq13b_5a8aa253fcd1d6a10c00001b,0.3,-0.0,1
bioasq_train,bioasq13b_5a895a96fcd1d6a10c000003,0.05,0.38997287335391506,3
bioasq_train,bioasq13b_5a895a96fcd1d6a10c000003,0.1,0.38997287335391506,3
bioasq_train,bioasq13b_5a895a96fcd1d6a10c000003,0.15,0.14118174150460758,2
bioasq_train,bioasq13b_5a895a96fcd1d6a10c000003,0.2,0.14118174150460758,2
bioasq_train,bioasq13b_5a895a96fcd1d6a10c000003,0.25,-0.0,1
bioasq_train,bioasq13b_5a895a96fcd1d6a10c000003,0.3,-0.0,1
bioasq_train,bioasq13b_5a89528dfcd1d6a10c000001,0.05,-0.0,1
bioasq_train,bioasq13b_5a89528dfcd1d6a10c000001,0.1,-0.0,1
bioasq_train,bioasq13b_5a89528dfcd1d6a10c000001,0.15,-0.0,1
bioasq_train,bioasq13b_5a89528dfcd1d6a10c000001,0.2,-0.0,1
bioasq_train,bioasq13b_5a89528dfcd1d6a10c000001,0.25,-0.0,1
bioasq_train,bioasq13b_5a89528dfcd1d6a10c000001,0.3,-0.0,1
bioasq_train,bioasq13b_5a6d13fbb750ff445500002f,0.05,0.14118174150460758,2
bioasq_train,bioasq13b_5a6d13fbb750ff445500002f,0.1,-0.0,1
bioasq_train,bioasq13b_5a6d13fbb750ff445500002f,0.15,-0.0,1
bioasq_train,bioasq13b_5a6d13fbb750ff445500002f,0.2,-0.0,1
bioasq_train,bioasq13b_5a6d13fbb750ff445500002f,0.25,-0.0,1
bioasq_train,bioasq13b_5a6d13fbb750ff445500002f,0.3,-0.0,1
bioasq_train,bioasq13b_5a87124561bb38fb24000001,0.05,-0.0,1
bioasq_train,bioasq13b_5a87124561bb38fb24000001,0.1,-0.0,1
bioasq_train,bioasq13b_5a87124561bb38fb24000001,0.15,-0.0,1
bioasq_train,bioasq13b_5a87124561bb38fb24000001,0.2,-0.0,1
bioasq_train,bioasq13b_5a87124561bb38fb24000001,0.25,-0.0,1
bioasq_train,bioasq13b_5a87124561bb38fb24000001,0.3,-0.0,1
bioasq_train,bioasq13b_5a7361d83b9d13c708000005,0.05,-0.0,1
bioasq_train,bioasq13b_5a7361d83b9d13c708000005,0.1,-0.0,1
bioasq_train,bioasq13b_5a7361d83b9d13c708000005,0.15,-0.0,1
bioasq_train,bioasq13b_5a7361d83b9d13c708000005,0.2,-0.0,1
bioasq_train,bioasq13b_5a7361d83b9d13c708000005,0.25,-0.0,1
bioasq_train,bioasq13b_5a7361d83b9d13c708000005,0.3,-0.0,1
bioasq_train,bioasq13b_5a67b152b750ff445500000e,0.05,-0.0,1
bioasq_train,bioasq13b_5a67b152b750ff445500000e,0.1,-0.0,1
bioasq_train,bioasq13b_5a67b152b750ff445500000e,0.15,-0.0,1
bioasq_train,bioasq13b_5a67b152b750ff445500000e,0.2,-0.0,1
bioasq_train,bioasq13b_5a67b152b750ff445500000e,0.25,-0.0,1
bioasq_train,bioasq13b_5a67b152b750ff445500000e,0.3,-0.0,1
bioasq_train,bioasq13b_5a6f8dc6b750ff4455000058,0.05,0.34822537285722394,3
bioasq_train,bioasq13b_5a6f8dc6b750ff4455000058,0.1,0.21732201127364886,2
bioasq_train,bioasq13b_5a6f8dc6b750ff4455000058,0.15,-0.0,1
bioasq_train,bioasq13b_5a6f8dc6b750ff4455000058,0.2,-0.0,1
bioasq_train,bioasq13b_5a6f8dc6b750ff4455000058,0.25,-0.0,1
bioasq_train,bioasq13b_5a6f8dc6b750ff4455000058,0.3,-0.0,1
bioasq_train,bioasq13b_5a7610ca83b0d9ea6600001b,0.05,-0.0,1
bioasq_train,bioasq13b_5a7610ca83b0d9ea6600001b,0.1,-0.0,1
bioasq_train,bioasq13b_5a7610ca83b0d9ea6600001b,0.15,-0.0,1
bioasq_train,bioasq13b_5a7610ca83b0d9ea6600001b,0.2,-0.0,1
bioasq_train,bioasq13b_5a7610ca83b0d9ea6600001b,0.25,-0.0,1
bioasq_train,bioasq13b_5a7610ca83b0d9ea6600001b,0.3,-0.0,1
bioasq_train,bioasq13b_5a7602be83b0d9ea6600000f,0.05,0.2652949955741215,2
bioasq_train,bioasq13b_5a7602be83b0d9ea6600000f,0.1,-0.0,1
bioasq_train,bioasq13b_5a7602be83b0d9ea6600000f,0.15,-0.0,1
bioasq_train,bioasq13b_5a7602be83b0d9ea6600000f,0.2,-0.0,1
bioasq_train,bioasq13b_5a7602be83b0d9ea6600000f,0.25,-0.0,1
bioasq_train,bioasq13b_5a7602be83b0d9ea6600000f,0.3,-0.0,1
bioasq_train,bioasq13b_5a6e4592b750ff4455000047,0.05,-0.0,1
bioasq_train,bioasq13b_5a6e4592b750ff4455000047,0.1,-0.0,1
bioasq_train,bioasq13b_5a6e4592b750ff4455000047,0.15,-0.0,1
bioasq_train,bioasq13b_5a6e4592b750ff4455000047,0.2,-0.0,1
bioasq_train,bioasq13b_5a6e4592b750ff4455000047,0.25,-0.0,1
bioasq_train,bioasq13b_5a6e4592b750ff4455000047,0.3,-0.0,1
bioasq_train,bioasq13b_5a6a7869b750ff4455000028,0.05,-0.0,1
bioasq_train,bioasq13b_5a6a7869b750ff4455000028,0.1,-0.0,1
bioasq_train,bioasq13b_5a6a7869b750ff4455000028,0.15,-0.0,1
bioasq_train,bioasq13b_5a6a7869b750ff4455000028,0.2,-0.0,1
bioasq_train,bioasq13b_5a6a7869b750ff4455000028,0.25,-0.0,1
bioasq_train,bioasq13b_5a6a7869b750ff4455000028,0.3,-0.0,1
bioasq_train,bioasq13b_5a6cfe27b750ff4455000029,0.05,-0.0,1
bioasq_train,bioasq13b_5a6cfe27b750ff4455000029,0.1,-0.0,1
bioasq_train,bioasq13b_5a6cfe27b750ff4455000029,0.15,-0.0,1
bioasq_train,bioasq13b_5a6cfe27b750ff4455000029,0.2,-0.0,1
bioasq_train,bioasq13b_5a6cfe27b750ff4455000029,0.25,-0.0,1
bioasq_train,bioasq13b_5a6cfe27b750ff4455000029,0.3,-0.0,1
bioasq_train,bioasq13b_5a6fa417b750ff445500005f,0.05,0.29228525323862886,2
bioasq_train,bioasq13b_5a6fa417b750ff445500005f,0.1,-0.0,1
bioasq_train,bioasq13b_5a6fa417b750ff445500005f,0.15,-0.0,1
bioasq_train,bioasq13b_5a6fa417b750ff445500005f,0.2,-0.0,1
bioasq_train,bioasq13b_5a6fa417b750ff445500005f,0.25,-0.0,1
bioasq_train,bioasq13b_5a6fa417b750ff445500005f,0.3,-0.0,1
bioasq_train,bioasq13b_5a87140a61bb38fb24000003,0.05,-0.0,1
bioasq_train,bioasq13b_5a87140a61bb38fb24000003,0.1,-0.0,1
bioasq_train,bioasq13b_5a87140a61bb38fb24000003,0.15,-0.0,1
bioasq_train,bioasq13b_5a87140a61bb38fb24000003,0.2,-0.0,1
bioasq_train,bioasq13b_5a87140a61bb38fb24000003,0.25,-0.0,1
bioasq_train,bioasq13b_5a87140a61bb38fb24000003,0.3,-0.0,1
bioasq_train,bioasq13b_5a77072c9e632bc06600000a,0.05,-0.0,1
bioasq_train,bioasq13b_5a77072c9e632bc06600000a,0.1,-0.0,1
bioasq_train,bioasq13b_5a77072c9e632bc06600000a,0.15,-0.0,1
bioasq_train,bioasq13b_5a77072c9e632bc06600000a,0.2,-0.0,1
bioasq_train,bioasq13b_5a77072c9e632bc06600000a,0.25,-0.0,1
bioasq_train,bioasq13b_5a77072c9e632bc06600000a,0.3,-0.0,1
bioasq_train,bioasq13b_5a897601fcd1d6a10c000008,0.05,0.2652949955741215,2
bioasq_train,bioasq13b_5a897601fcd1d6a10c000008,0.1,-0.0,1
bioasq_train,bioasq13b_5a897601fcd1d6a10c000008,0.15,-0.0,1
bioasq_train,bioasq13b_5a897601fcd1d6a10c000008,0.2,-0.0,1
bioasq_train,bioasq13b_5a897601fcd1d6a10c000008,0.25,-0.0,1
bioasq_train,bioasq13b_5a897601fcd1d6a10c000008,0.3,-0.0,1
bioasq_train,bioasq13b_5a6f940bb750ff445500005a,0.05,-0.0,1
bioasq_train,bioasq13b_5a6f940bb750ff445500005a,0.1,-0.0,1
bioasq_train,bioasq13b_5a6f940bb750ff445500005a,0.15,-0.0,1
bioasq_train,bioasq13b_5a6f940bb750ff445500005a,0.2,-0.0,1
bioasq_train,bioasq13b_5a6f940bb750ff445500005a,0.25,-0.0,1
bioasq_train,bioasq13b_5a6f940bb750ff445500005a,0.3,-0.0,1
bioasq_train,bioasq13b_5aa4f47cd6d6b54f7900000a,0.05,0.44717262228329563,3
bioasq_train,bioasq13b_5aa4f47cd6d6b54f7900000a,0.1,-0.0,1
bioasq_train,bioasq13b_5aa4f47cd6d6b54f7900000a,0.15,-0.0,1
bioasq_train,bioasq13b_5aa4f47cd6d6b54f7900000a,0.2,-0.0,1
bioasq_train,bioasq13b_5aa4f47cd6d6b54f7900000a,0.25,-0.0,1
bioasq_train,bioasq13b_5aa4f47cd6d6b54f7900000a,0.3,-0.0,1
bioasq_train,bioasq13b_5a9924ea1d1251d03b000008,0.05,-0.0,1
bioasq_train,bioasq13b_5a9924ea1d1251d03b000008,0.1,-0.0,1
bioasq_train,bioasq13b_5a9924ea1d1251d03b000008,0.15,-0.0,1
bioasq_train,bioasq13b_5a9924ea1d1251d03b000008,0.2,-0.0,1
bioasq_train,bioasq13b_5a9924ea1d1251d03b000008,0.25,-0.0,1
bioasq_train,bioasq13b_5a9924ea1d1251d03b000008,0.3,-0.0,1
bioasq_train,bioasq13b_5a9d7caa1d1251d03b00001e,0.05,-0.0,1
bioasq_train,bioasq13b_5a9d7caa1d1251d03b00001e,0.1,-0.0,1
bioasq_train,bioasq13b_5a9d7caa1d1251d03b00001e,0.15,-0.0,1
bioasq_train,bioasq13b_5a9d7caa1d1251d03b00001e,0.2,-0.0,1
bioasq_train,bioasq13b_5a9d7caa1d1251d03b00001e,0.25,-0.0,1
bioasq_train,bioasq13b_5a9d7caa1d1251d03b00001e,0.3,-0.0,1
bioasq_train,bioasq13b_5aa38f75d6d6b54f79000005,0.05,-0.0,1
bioasq_train,bioasq13b_5aa38f75d6d6b54f79000005,0.1,-0.0,1
bioasq_train,bioasq13b_5aa38f75d6d6b54f79000005,0.15,-0.0,1
bioasq_train,bioasq13b_5aa38f75d6d6b54f79000005,0.2,-0.0,1
bioasq_train,bioasq13b_5aa38f75d6d6b54f79000005,0.25,-0.0,1
bioasq_train,bioasq13b_5aa38f75d6d6b54f79000005,0.3,-0.0,1
bioasq_train,bioasq13b_5a9929ed1d1251d03b000009,0.05,-0.0,1
bioasq_train,bioasq13b_5a9929ed1d1251d03b000009,0.1,-0.0,1
bioasq_train,bioasq13b_5a9929ed1d1251d03b000009,0.15,-0.0,1
bioasq_train,bioasq13b_5a9929ed1d1251d03b000009,0.2,-0.0,1
bioasq_train,bioasq13b_5a9929ed1d1251d03b000009,0.25,-0.0,1
bioasq_train,bioasq13b_5a9929ed1d1251d03b000009,0.3,-0.0,1
bioasq_train,bioasq13b_5a775182faa1ab7d2e000009,0.05,-0.0,1
bioasq_train,bioasq13b_5a775182faa1ab7d2e000009,0.1,-0.0,1
bioasq_train,bioasq13b_5a775182faa1ab7d2e000009,0.15,-0.0,1
bioasq_train,bioasq13b_5a775182faa1ab7d2e000009,0.2,-0.0,1
bioasq_train,bioasq13b_5a775182faa1ab7d2e000009,0.25,-0.0,1
bioasq_train,bioasq13b_5a775182faa1ab7d2e000009,0.3,-0.0,1
bioasq_train,bioasq13b_5aa0495bd6d6b54f79000002,0.05,-0.0,1
bioasq_train,bioasq13b_5aa0495bd6d6b54f79000002,0.1,-0.0,1
bioasq_train,bioasq13b_5aa0495bd6d6b54f79000002,0.15,-0.0,1
bioasq_train,bioasq13b_5aa0495bd6d6b54f79000002,0.2,-0.0,1
bioasq_train,bioasq13b_5aa0495bd6d6b54f79000002,0.25,-0.0,1
bioasq_train,bioasq13b_5aa0495bd6d6b54f79000002,0.3,-0.0,1
bioasq_train,bioasq13b_5aacd83ffcf4565872000008,0.05,-0.0,1
bioasq_train,bioasq13b_5aacd83ffcf4565872000008,0.1,-0.0,1
bioasq_train,bioasq13b_5aacd83ffcf4565872000008,0.15,-0.0,1
bioasq_train,bioasq13b_5aacd83ffcf4565872000008,0.2,-0.0,1
bioasq_train,bioasq13b_5aacd83ffcf4565872000008,0.25,-0.0,1
bioasq_train,bioasq13b_5aacd83ffcf4565872000008,0.3,-0.0,1
bioasq_train,bioasq13b_5a9d8ffe1d1251d03b000022,0.05,-0.0,1
bioasq_train,bioasq13b_5a9d8ffe1d1251d03b000022,0.1,-0.0,1
bioasq_train,bioasq13b_5a9d8ffe1d1251d03b000022,0.15,-0.0,1
bioasq_train,bioasq13b_5a9d8ffe1d1251d03b000022,0.2,-0.0,1
bioasq_train,bioasq13b_5a9d8ffe1d1251d03b000022,0.25,-0.0,1
bioasq_train,bioasq13b_5a9d8ffe1d1251d03b000022,0.3,-0.0,1
bioasq_train,bioasq13b_5aad547efcf456587200000b,0.05,0.14118174150460758,2
bioasq_train,bioasq13b_5aad547efcf456587200000b,0.1,-0.0,1
bioasq_train,bioasq13b_5aad547efcf456587200000b,0.15,-0.0,1
bioasq_train,bioasq13b_5aad547efcf456587200000b,0.2,-0.0,1
bioasq_train,bioasq13b_5aad547efcf456587200000b,0.25,-0.0,1
bioasq_train,bioasq13b_5aad547efcf456587200000b,0.3,-0.0,1
bioasq_train,bioasq13b_5aa393b3d6d6b54f79000006,0.05,-0.0,1
bioasq_train,bioasq13b_5aa393b3d6d6b54f79000006,0.1,-0.0,1
bioasq_train,bioasq13b_5aa393b3d6d6b54f79000006,0.15,-0.0,1
bioasq_train,bioasq13b_5aa393b3d6d6b54f79000006,0.2,-0.0,1
bioasq_train,bioasq13b_5aa393b3d6d6b54f79000006,0.25,-0.0,1
bioasq_train,bioasq13b_5aa393b3d6d6b54f79000006,0.3,-0.0,1
bioasq_train,bioasq13b_5aa82388fcf4565872000001,0.05,0.21732201127364886,2
bioasq_train,bioasq13b_5aa82388fcf4565872000001,0.1,-0.0,1
bioasq_train,bioasq13b_5aa82388fcf4565872000001,0.15,-0.0,1
bioasq_train,bioasq13b_5aa82388fcf4565872000001,0.2,-0.0,1
bioasq_train,bioasq13b_5aa82388fcf4565872000001,0.25,-0.0,1
bioasq_train,bioasq13b_5aa82388fcf4565872000001,0.3,-0.0,1
bioasq_train,bioasq13b_5a76420c9e632bc066000007,0.05,-0.0,1
bioasq_train,bioasq13b_5a76420c9e632bc066000007,0.1,-0.0,1
bioasq_train,bioasq13b_5a76420c9e632bc066000007,0.15,-0.0,1
bioasq_train,bioasq13b_5a76420c9e632bc066000007,0.2,-0.0,1
bioasq_train,bioasq13b_5a76420c9e632bc066000007,0.25,-0.0,1
bioasq_train,bioasq13b_5a76420c9e632bc066000007,0.3,-0.0,1
bioasq_train,bioasq13b_5a9d2a8f1d1251d03b000019,0.05,-0.0,1
bioasq_train,bioasq13b_5a9d2a8f1d1251d03b000019,0.1,-0.0,1
bioasq_train,bioasq13b_5a9d2a8f1d1251d03b000019,0.15,-0.0,1
bioasq_train,bioasq13b_5a9d2a8f1d1251d03b000019,0.2,-0.0,1
bioasq_train,bioasq13b_5a9d2a8f1d1251d03b000019,0.25,-0.0,1
bioasq_train,bioasq13b_5a9d2a8f1d1251d03b000019,0.3,-0.0,1
bioasq_train,bioasq13b_5a9acc7b1d1251d03b000015,0.05,-0.0,1
bioasq_train,bioasq13b_5a9acc7b1d1251d03b000015,0.1,-0.0,1
bioasq_train,bioasq13b_5a9acc7b1d1251d03b000015,0.15,-0.0,1
bioasq_train,bioasq13b_5a9acc7b1d1251d03b000015,0.2,-0.0,1
bioasq_train,bioasq13b_5a9acc7b1d1251d03b000015,0.25,-0.0,1
bioasq_train,bioasq13b_5a9acc7b1d1251d03b000015,0.3,-0.0,1
bioasq_train,bioasq13b_5a7376e33b9d13c708000009,0.05,-0.0,1
bioasq_train,bioasq13b_5a7376e33b9d13c708000009,0.1,-0.0,1
bioasq_train,bioasq13b_5a7376e33b9d13c708000009,0.15,-0.0,1
bioasq_train,bioasq13b_5a7376e33b9d13c708000009,0.2,-0.0,1
bioasq_train,bioasq13b_5a7376e33b9d13c708000009,0.25,-0.0,1
bioasq_train,bioasq13b_5a7376e33b9d13c708000009,0.3,-0.0,1
bioasq_train,bioasq13b_5ab908d4fcf456587200001a,0.05,-0.0,1
bioasq_train,bioasq13b_5ab908d4fcf456587200001a,0.1,-0.0,1
bioasq_train,bioasq13b_5ab908d4fcf456587200001a,0.15,-0.0,1
bioasq_train,bioasq13b_5ab908d4fcf456587200001a,0.2,-0.0,1
bioasq_train,bioasq13b_5ab908d4fcf456587200001a,0.25,-0.0,1
bioasq_train,bioasq13b_5ab908d4fcf456587200001a,0.3,-0.0,1
bioasq_train,bioasq13b_5ad3aa47133db5eb78000004,0.05,-0.0,1
bioasq_train,bioasq13b_5ad3aa47133db5eb78000004,0.1,-0.0,1
bioasq_train,bioasq13b_5ad3aa47133db5eb78000004,0.15,-0.0,1
bioasq_train,bioasq13b_5ad3aa47133db5eb78000004,0.2,-0.0,1
bioasq_train,bioasq13b_5ad3aa47133db5eb78000004,0.25,-0.0,1
bioasq_train,bioasq13b_5ad3aa47133db5eb78000004,0.3,-0.0,1
bioasq_train,bioasq13b_5ace3e3f0340b9f058000012,0.05,-0.0,1
bioasq_train,bioasq13b_5ace3e3f0340b9f058000012,0.1,-0.0,1
bioasq_train,bioasq13b_5ace3e3f0340b9f058000012,0.15,-0.0,1
bioasq_train,bioasq13b_5ace3e3f0340b9f058000012,0.2,-0.0,1
bioasq_train,bioasq13b_5ace3e3f0340b9f058000012,0.25,-0.0,1
bioasq_train,bioasq13b_5ace3e3f0340b9f058000012,0.3,-0.0,1
bioasq_train,bioasq13b_5ab9050bfcf4565872000019,0.05,-0.0,1
bioasq_train,bioasq13b_5ab9050bfcf4565872000019,0.1,-0.0,1
bioasq_train,bioasq13b_5ab9050bfcf4565872000019,0.15,-0.0,1
bioasq_train,bioasq13b_5ab9050bfcf4565872000019,0.2,-0.0,1
bioasq_train,bioasq13b_5ab9050bfcf4565872000019,0.25,-0.0,1
bioasq_train,bioasq13b_5ab9050bfcf4565872000019,0.3,-0.0,1
bioasq_train,bioasq13b_5ad4f4f5133db5eb7800000a,0.05,0.14118174150460758,2
bioasq_train,bioasq13b_5ad4f4f5133db5eb7800000a,0.1,-0.0,1
bioasq_train,bioasq13b_5ad4f4f5133db5eb7800000a,0.15,-0.0,1
bioasq_train,bioasq13b_5ad4f4f5133db5eb7800000a,0.2,-0.0,1
bioasq_train,bioasq13b_5ad4f4f5133db5eb7800000a,0.25,-0.0,1
bioasq_train,bioasq13b_5ad4f4f5133db5eb7800000a,0.3,-0.0,1
bioasq_train,bioasq13b_5ac28c0c95d006272400000a,0.05,-0.0,1
bioasq_train,bioasq13b_5ac28c0c95d006272400000a,0.1,-0.0,1
bioasq_train,bioasq13b_5ac28c0c95d006272400000a,0.15,-0.0,1
bioasq_train,bioasq13b_5ac28c0c95d006272400000a,0.2,-0.0,1
bioasq_train,bioasq13b_5ac28c0c95d006272400000a,0.25,-0.0,1
bioasq_train,bioasq13b_5ac28c0c95d006272400000a,0.3,-0.0,1
bioasq_train,bioasq13b_5abc9157fcf456587200001e,0.05,0.30102999566398114,2
bioasq_train,bioasq13b_5abc9157fcf456587200001e,0.1,-0.0,1
bioasq_train,bioasq13b_5abc9157fcf456587200001e,0.15,-0.0,1
bioasq_train,bioasq13b_5abc9157fcf456587200001e,0.2,-0.0,1
bioasq_train,bioasq13b_5abc9157fcf456587200001e,0.25,-0.0,1
bioasq_train,bioasq13b_5abc9157fcf456587200001e,0.3,-0.0,1
bioasq_train,bioasq13b_5aa67b4fd6d6b54f7900000f,0.05,0.2652949955741215,2
bioasq_train,bioasq13b_5aa67b4fd6d6b54f7900000f,0.1,-0.0,1
bioasq_train,bioasq13b_5aa67b4fd6d6b54f7900000f,0.15,-0.0,1
bioasq_train,bioasq13b_5aa67b4fd6d6b54f7900000f,0.2,-0.0,1
bioasq_train,bioasq13b_5aa67b4fd6d6b54f7900000f,0.25,-0.0,1
bioasq_train,bioasq13b_5aa67b4fd6d6b54f7900000f,0.3,-0.0,1
bioasq_train,bioasq13b_5abc9c1efcf4565872000020,0.05,0.7364516253185087,6
bioasq_train,bioasq13b_5abc9c1efcf4565872000020,0.1,0.34822537285722394,3
bioasq_train,bioasq13b_5abc9c1efcf4565872000020,0.15,0.21732201127364886,2
bioasq_train,bioasq13b_5abc9c1efcf4565872000020,0.2,-0.0,1
bioasq_train,bioasq13b_5abc9c1efcf4565872000020,0.25,-0.0,1
bioasq_train,bioasq13b_5abc9c1efcf4565872000020,0.3,-0.0,1
bioasq_train,bioasq13b_5ab8fb5bfcf4565872000017,0.05,-0.0,1
bioasq_train,bioasq13b_5ab8fb5bfcf4565872000017,0.1,-0.0,1
bioasq_train,bioasq13b_5ab8fb5bfcf4565872000017,0.15,-0.0,1
bioasq_train,bioasq13b_5ab8fb5bfcf4565872000017,0.2,-0.0,1
bioasq_train,bioasq13b_5ab8fb5bfcf4565872000017,0.25,-0.0,1
bioasq_train,bioasq13b_5ab8fb5bfcf4565872000017,0.3,-0.0,1
bioasq_train,bioasq13b_5abd31e0fcf456587200002c,0.05,-0.0,1
bioasq_train,bioasq13b_5abd31e0fcf456587200002c,0.1,-0.0,1
bioasq_train,bioasq13b_5abd31e0fcf456587200002c,0.15,-0.0,1
bioasq_train,bioasq13b_5abd31e0fcf456587200002c,0.2,-0.0,1
bioasq_train,bioasq13b_5abd31e0fcf456587200002c,0.25,-0.0,1
bioasq_train,bioasq13b_5abd31e0fcf456587200002c,0.3,-0.0,1
bioasq_train,bioasq13b_5aae651ffcf456587200000d,0.05,0.2775280104064451,3
bioasq_train,bioasq13b_5aae651ffcf456587200000d,0.1,-0.0,1
bioasq_train,bioasq13b_5aae651ffcf456587200000d,0.15,-0.0,1
bioasq_train,bioasq13b_5aae651ffcf456587200000d,0.2,-0.0,1
bioasq_train,bioasq13b_5aae651ffcf456587200000d,0.25,-0.0,1
bioasq_train,bioasq13b_5aae651ffcf456587200000d,0.3,-0.0,1
bioasq_train,bioasq13b_5abcf6b9fcf4565872000027,0.05,0.21732201127364886,2
bioasq_train,bioasq13b_5abcf6b9fcf4565872000027,0.1,-0.0,1
bioasq_train,bioasq13b_5abcf6b9fcf4565872000027,0.15,-0.0,1
bioasq_train,bioasq13b_5abcf6b9fcf4565872000027,0.2,-0.0,1
bioasq_train,bioasq13b_5abcf6b9fcf4565872000027,0.25,-0.0,1
bioasq_train,bioasq13b_5abcf6b9fcf4565872000027,0.3,-0.0,1
bioasq_train,bioasq13b_5ac0fccf19833b0d7b000007,0.05,-0.0,1
bioasq_train,bioasq13b_5ac0fccf19833b0d7b000007,0.1,-0.0,1
bioasq_train,bioasq13b_5ac0fccf19833b0d7b000007,0.15,-0.0,1
bioasq_train,bioasq13b_5ac0fccf19833b0d7b000007,0.2,-0.0,1
bioasq_train,bioasq13b_5ac0fccf19833b0d7b000007,0.25,-0.0,1
bioasq_train,bioasq13b_5ac0fccf19833b0d7b000007,0.3,-0.0,1
bioasq_train,bioasq13b_5abcf108fcf4565872000025,0.05,-0.0,1
bioasq_train,bioasq13b_5abcf108fcf4565872000025,0.1,-0.0,1
bioasq_train,bioasq13b_5abcf108fcf4565872000025,0.15,-0.0,1
bioasq_train,bioasq13b_5abcf108fcf4565872000025,0.2,-0.0,1
bioasq_train,bioasq13b_5abcf108fcf4565872000025,0.25,-0.0,1
bioasq_train,bioasq13b_5abcf108fcf4565872000025,0.3,-0.0,1
bioasq_train,bioasq13b_5ace2d600340b9f05800000e,0.05,0.7364516253185087,6
bioasq_train,bioasq13b_5ace2d600340b9f05800000e,0.1,0.40843137199002016,4
bioasq_train,bioasq13b_5ace2d600340b9f05800000e,0.15,0.2775280104064451,3
bioasq_train,bioasq13b_5ace2d600340b9f05800000e,0.2,-0.0,1
bioasq_train,bioasq13b_5ace2d600340b9f05800000e,0.25,-0.0,1
bioasq_train,bioasq13b_5ace2d600340b9f05800000e,0.3,-0.0,1
bioasq_train,bioasq13b_5ac08478d0c506ce46000002,0.05,-0.0,1
bioasq_train,bioasq13b_5ac08478d0c506ce46000002,0.1,-0.0,1
bioasq_train,bioasq13b_5ac08478d0c506ce46000002,0.15,-0.0,1
bioasq_train,bioasq13b_5ac08478d0c506ce46000002,0.2,-0.0,1
bioasq_train,bioasq13b_5ac08478d0c506ce46000002,0.25,-0.0,1
bioasq_train,bioasq13b_5ac08478d0c506ce46000002,0.3,-0.0,1
bioasq_train,bioasq13b_5a9da37e4e03427e73000004,0.05,-0.0,1
bioasq_train,bioasq13b_5a9da37e4e03427e73000004,0.1,-0.0,1
bioasq_train,bioasq13b_5a9da37e4e03427e73000004,0.15,-0.0,1
bioasq_train,bioasq13b_5a9da37e4e03427e73000004,0.2,-0.0,1
bioasq_train,bioasq13b_5a9da37e4e03427e73000004,0.25,-0.0,1
bioasq_train,bioasq13b_5a9da37e4e03427e73000004,0.3,-0.0,1
bioasq_train,bioasq13b_5c5207377e3cb0e231000002,0.05,-0.0,1
bioasq_train,bioasq13b_5c5207377e3cb0e231000002,0.1,-0.0,1
bioasq_train,bioasq13b_5c5207377e3cb0e231000002,0.15,-0.0,1
bioasq_train,bioasq13b_5c5207377e3cb0e231000002,0.2,-0.0,1
bioasq_train,bioasq13b_5c5207377e3cb0e231000002,0.25,-0.0,1
bioasq_train,bioasq13b_5c5207377e3cb0e231000002,0.3,-0.0,1
bioasq_train,bioasq13b_5ad3130c0340b9f05800001d,0.05,-0.0,1
bioasq_train,bioasq13b_5ad3130c0340b9f05800001d,0.1,-0.0,1
bioasq_train,bioasq13b_5ad3130c0340b9f05800001d,0.15,-0.0,1
bioasq_train,bioasq13b_5ad3130c0340b9f05800001d,0.2,-0.0,1
bioasq_train,bioasq13b_5ad3130c0340b9f05800001d,0.25,-0.0,1
bioasq_train,bioasq13b_5ad3130c0340b9f05800001d,0.3,-0.0,1
bioasq_train,bioasq13b_5c522b487e3cb0e231000008,0.05,-0.0,1
bioasq_train,bioasq13b_5c522b487e3cb0e231000008,0.1,-0.0,1
bioasq_train,bioasq13b_5c522b487e3cb0e231000008,0.15,-0.0,1
bioasq_train,bioasq13b_5c522b487e3cb0e231000008,0.2,-0.0,1
bioasq_train,bioasq13b_5c522b487e3cb0e231000008,0.25,-0.0,1
bioasq_train,bioasq13b_5c522b487e3cb0e231000008,0.3,-0.0,1
bioasq_train,bioasq13b_5be94c90133db5eb78000021,0.05,-0.0,1
bioasq_train,bioasq13b_5be94c90133db5eb78000021,0.1,-0.0,1
bioasq_train,bioasq13b_5be94c90133db5eb78000021,0.15,-0.0,1
bioasq_train,bioasq13b_5be94c90133db5eb78000021,0.2,-0.0,1
bioasq_train,bioasq13b_5be94c90133db5eb78000021,0.25,-0.0,1
bioasq_train,bioasq13b_5be94c90133db5eb78000021,0.3,-0.0,1
bioasq_train,bioasq13b_5c34b45eda8336e21a000008,0.05,-0.0,1
bioasq_train,bioasq13b_5c34b45eda8336e21a000008,0.1,-0.0,1
bioasq_train,bioasq13b_5c34b45eda8336e21a000008,0.15,-0.0,1
bioasq_train,bioasq13b_5c34b45eda8336e21a000008,0.2,-0.0,1
bioasq_train,bioasq13b_5c34b45eda8336e21a000008,0.25,-0.0,1
bioasq_train,bioasq13b_5c34b45eda8336e21a000008,0.3,-0.0,1
bioasq_train,bioasq13b_5c597a5086df2b9174000016,0.05,-0.0,1
bioasq_train,bioasq13b_5c597a5086df2b9174000016,0.1,-0.0,1
bioasq_train,bioasq13b_5c597a5086df2b9174000016,0.15,-0.0,1
bioasq_train,bioasq13b_5c597a5086df2b9174000016,0.2,-0.0,1
bioasq_train,bioasq13b_5c597a5086df2b9174000016,0.25,-0.0,1
bioasq_train,bioasq13b_5c597a5086df2b9174000016,0.3,-0.0,1
bioasq_train,bioasq13b_5c53242b7e3cb0e231000019,0.05,-0.0,1
bioasq_train,bioasq13b_5c53242b7e3cb0e231000019,0.1,-0.0,1
bioasq_train,bioasq13b_5c53242b7e3cb0e231000019,0.15,-0.0,1
bioasq_train,bioasq13b_5c53242b7e3cb0e231000019,0.2,-0.0,1
bioasq_train,bioasq13b_5c53242b7e3cb0e231000019,0.25,-0.0,1
bioasq_train,bioasq13b_5c53242b7e3cb0e231000019,0.3,-0.0,1
bioasq_train,bioasq13b_5c52ca7c7e3cb0e23100000d,0.05,0.44717262228329563,3
bioasq_train,bioasq13b_5c52ca7c7e3cb0e23100000d,0.1,-0.0,1
bioasq_train,bioasq13b_5c52ca7c7e3cb0e23100000d,0.15,-0.0,1
bioasq_train,bioasq13b_5c52ca7c7e3cb0e23100000d,0.2,-0.0,1
bioasq_train,bioasq13b_5c52ca7c7e3cb0e23100000d,0.25,-0.0,1
bioasq_train,bioasq13b_5c52ca7c7e3cb0e23100000d,0.3,-0.0,1
bioasq_train,bioasq13b_5c3479dcda8336e21a000002,0.05,-0.0,1
bioasq_train,bioasq13b_5c3479dcda8336e21a000002,0.1,-0.0,1
bioasq_train,bioasq13b_5c3479dcda8336e21a000002,0.15,-0.0,1
bioasq_train,bioasq13b_5c3479dcda8336e21a000002,0.2,-0.0,1
bioasq_train,bioasq13b_5c3479dcda8336e21a000002,0.25,-0.0,1
bioasq_train,bioasq13b_5c3479dcda8336e21a000002,0.3,-0.0,1
bioasq_train,bioasq13b_5c54496907647bbc4b000002,0.05,-0.0,1
bioasq_train,bioasq13b_5c54496907647bbc4b000002,0.1,-0.0,1
bioasq_train,bioasq13b_5c54496907647bbc4b000002,0.15,-0.0,1
bioasq_train,bioasq13b_5c54496907647bbc4b000002,0.2,-0.0,1
bioasq_train,bioasq13b_5c54496907647bbc4b000002,0.25,-0.0,1
bioasq_train,bioasq13b_5c54496907647bbc4b000002,0.3,-0.0,1
bioasq_train,bioasq13b_5c5f0d861a4c55d80b000011,0.05,0.34822537285722394,3
bioasq_train,bioasq13b_5c5f0d861a4c55d80b000011,0.1,-0.0,1
bioasq_train,bioasq13b_5c5f0d861a4c55d80b000011,0.15,-0.0,1
bioasq_train,bioasq13b_5c5f0d861a4c55d80b000011,0.2,-0.0,1
bioasq_train,bioasq13b_5c5f0d861a4c55d80b000011,0.25,-0.0,1
bioasq_train,bioasq13b_5c5f0d861a4c55d80b000011,0.3,-0.0,1
bioasq_train,bioasq13b_5c58a92386df2b917400000e,0.05,-0.0,1
bioasq_train,bioasq13b_5c58a92386df2b917400000e,0.1,-0.0,1
bioasq_train,bioasq13b_5c58a92386df2b917400000e,0.15,-0.0,1
bioasq_train,bioasq13b_5c58a92386df2b917400000e,0.2,-0.0,1
bioasq_train,bioasq13b_5c58a92386df2b917400000e,0.25,-0.0,1
bioasq_train,bioasq13b_5c58a92386df2b917400000e,0.3,-0.0,1
bioasq_train,bioasq13b_5c54600207647bbc4b000004,0.05,-0.0,1
bioasq_train,bioasq13b_5c54600207647bbc4b000004,0.1,-0.0,1
bioasq_train,bioasq13b_5c54600207647bbc4b000004,0.15,-0.0,1
bioasq_train,bioasq13b_5c54600207647bbc4b000004,0.2,-0.0,1
bioasq_train,bioasq13b_5c54600207647bbc4b000004,0.25,-0.0,1
bioasq_train,bioasq13b_5c54600207647bbc4b000004,0.3,-0.0,1
bioasq_train,bioasq13b_5ad3072a0340b9f05800001b,0.05,-0.0,1
bioasq_train,bioasq13b_5ad3072a0340b9f05800001b,0.1,-0.0,1
bioasq_train,bioasq13b_5ad3072a0340b9f05800001b,0.15,-0.0,1
bioasq_train,bioasq13b_5ad3072a0340b9f05800001b,0.2,-0.0,1
bioasq_train,bioasq13b_5ad3072a0340b9f05800001b,0.25,-0.0,1
bioasq_train,bioasq13b_5ad3072a0340b9f05800001b,0.3,-0.0,1
bioasq_train,bioasq13b_5c76e20f7c78d694710000ab,0.05,-0.0,1
bioasq_train,bioasq13b_5c76e20f7c78d694710000ab,0.1,-0.0,1
bioasq_train,bioasq13b_5c76e20f7c78d694710000ab,0.15,-0.0,1
bioasq_train,bioasq13b_5c76e20f7c78d694710000ab,0.2,-0.0,1
bioasq_train,bioasq13b_5c76e20f7c78d694710000ab,0.25,-0.0,1
bioasq_train,bioasq13b_5c76e20f7c78d694710000ab,0.3,-0.0,1
bioasq_train,bioasq13b_5c70001f7c78d6947100005c,0.05,-0.0,1
bioasq_train,bioasq13b_5c70001f7c78d6947100005c,0.1,-0.0,1
bioasq_train,bioasq13b_5c70001f7c78d6947100005c,0.15,-0.0,1
bioasq_train,bioasq13b_5c70001f7c78d6947100005c,0.2,-0.0,1
bioasq_train,bioasq13b_5c70001f7c78d6947100005c,0.25,-0.0,1
bioasq_train,bioasq13b_5c70001f7c78d6947100005c,0.3,-0.0,1
bioasq_train,bioasq13b_5c76d31c7c78d694710000a9,0.05,0.38997287335391506,3
bioasq_train,bioasq13b_5c76d31c7c78d694710000a9,0.1,0.29228525323862886,2
bioasq_train,bioasq13b_5c76d31c7c78d694710000a9,0.15,-0.0,1
bioasq_train,bioasq13b_5c76d31c7c78d694710000a9,0.2,-0.0,1
bioasq_train,bioasq13b_5c76d31c7c78d694710000a9,0.25,-0.0,1
bioasq_train,bioasq13b_5c76d31c7c78d694710000a9,0.3,-0.0,1
bioasq_train,bioasq13b_5c6585097c78d69471000003,0.05,0.21732201127364886,2
bioasq_train,bioasq13b_5c6585097c78d69471000003,0.1,-0.0,1
bioasq_train,bioasq13b_5c6585097c78d69471000003,0.15,-0.0,1
bioasq_train,bioasq13b_5c6585097c78d69471000003,0.2,-0.0,1
bioasq_train,bioasq13b_5c6585097c78d69471000003,0.25,-0.0,1
bioasq_train,bioasq13b_5c6585097c78d69471000003,0.3,-0.0,1
bioasq_train,bioasq13b_5c66d6167c78d69471000018,0.05,-0.0,1
bioasq_train,bioasq13b_5c66d6167c78d69471000018,0.1,-0.0,1
bioasq_train,bioasq13b_5c66d6167c78d69471000018,0.15,-0.0,1
bioasq_train,bioasq13b_5c66d6167c78d69471000018,0.2,-0.0,1
bioasq_train,bioasq13b_5c66d6167c78d69471000018,0.25,-0.0,1
bioasq_train,bioasq13b_5c66d6167c78d69471000018,0.3,-0.0,1
bioasq_train,bioasq13b_5c6636c57c78d69471000011,0.05,0.21732201127364886,2
bioasq_train,bioasq13b_5c6636c57c78d69471000011,0.1,-0.0,1
bioasq_train,bioasq13b_5c6636c57c78d69471000011,0.15,-0.0,1
bioasq_train,bioasq13b_5c6636c57c78d69471000011,0.2,-0.0,1
bioasq_train,bioasq13b_5c6636c57c78d69471000011,0.25,-0.0,1
bioasq_train,bioasq13b_5c6636c57c78d69471000011,0.3,-0.0,1
bioasq_train,bioasq13b_5c6ffde47c78d69471000059,0.05,-0.0,1
bioasq_train,bioasq13b_5c6ffde47c78d69471000059,0.1,-0.0,1
bioasq_train,bioasq13b_5c6ffde47c78d69471000059,0.15,-0.0,1
bioasq_train,bioasq13b_5c6ffde47c78d69471000059,0.2,-0.0,1
bioasq_train,bioasq13b_5c6ffde47c78d69471000059,0.25,-0.0,1
bioasq_train,bioasq13b_5c6ffde47c78d69471000059,0.3,-0.0,1
bioasq_train,bioasq13b_5c6548d4e842deac67000020,0.05,-0.0,1
bioasq_train,bioasq13b_5c6548d4e842deac67000020,0.1,-0.0,1
bioasq_train,bioasq13b_5c6548d4e842deac67000020,0.15,-0.0,1
bioasq_train,bioasq13b_5c6548d4e842deac67000020,0.2,-0.0,1
bioasq_train,bioasq13b_5c6548d4e842deac67000020,0.25,-0.0,1
bioasq_train,bioasq13b_5c6548d4e842deac67000020,0.3,-0.0,1
bioasq_train,bioasq13b_5c654aede842deac67000023,0.05,-0.0,1
bioasq_train,bioasq13b_5c654aede842deac67000023,0.1,-0.0,1
bioasq_train,bioasq13b_5c654aede842deac67000023,0.15,-0.0,1
bioasq_train,bioasq13b_5c654aede842deac67000023,0.2,-0.0,1
bioasq_train,bioasq13b_5c654aede842deac67000023,0.25,-0.0,1
bioasq_train,bioasq13b_5c654aede842deac67000023,0.3,-0.0,1
bioasq_train,bioasq13b_5c5f18501a4c55d80b000017,0.05,-0.0,1
bioasq_train,bioasq13b_5c5f18501a4c55d80b000017,0.1,-0.0,1
bioasq_train,bioasq13b_5c5f18501a4c55d80b000017,0.15,-0.0,1
bioasq_train,bioasq13b_5c5f18501a4c55d80b000017,0.2,-0.0,1
bioasq_train,bioasq13b_5c5f18501a4c55d80b000017,0.25,-0.0,1
bioasq_train,bioasq13b_5c5f18501a4c55d80b000017,0.3,-0.0,1
bioasq_train,bioasq13b_5c5f218a1a4c55d80b00001b,0.05,-0.0,1
bioasq_train,bioasq13b_5c5f218a1a4c55d80b00001b,0.1,-0.0,1
bioasq_train,bioasq13b_5c5f218a1a4c55d80b00001b,0.15,-0.0,1
bioasq_train,bioasq13b_5c5f218a1a4c55d80b00001b,0.2,-0.0,1
bioasq_train,bioasq13b_5c5f218a1a4c55d80b00001b,0.25,-0.0,1
bioasq_train,bioasq13b_5c5f218a1a4c55d80b00001b,0.3,-0.0,1
bioasq_train,bioasq13b_5c5245b57e3cb0e23100000a,0.05,-0.0,1
bioasq_train,bioasq13b_5c5245b57e3cb0e23100000a,0.1,-0.0,1
bioasq_train,bioasq13b_5c5245b57e3cb0e23100000a,0.15,-0.0,1
bioasq_train,bioasq13b_5c5245b57e3cb0e23100000a,0.2,-0.0,1
bioasq_train,bioasq13b_5c5245b57e3cb0e23100000a,0.25,-0.0,1
bioasq_train,bioasq13b_5c5245b57e3cb0e23100000a,0.3,-0.0,1
bioasq_train,bioasq13b_5c66329e7c78d6947100000f,0.05,-0.0,1
bioasq_train,bioasq13b_5c66329e7c78d6947100000f,0.1,-0.0,1
bioasq_train,bioasq13b_5c66329e7c78d6947100000f,0.15,-0.0,1
bioasq_train,bioasq13b_5c66329e7c78d6947100000f,0.2,-0.0,1
bioasq_train,bioasq13b_5c66329e7c78d6947100000f,0.25,-0.0,1
bioasq_train,bioasq13b_5c66329e7c78d6947100000f,0.3,-0.0,1
bioasq_train,bioasq13b_5c6fff2e7c78d6947100005b,0.05,-0.0,1
bioasq_train,bioasq13b_5c6fff2e7c78d6947100005b,0.1,-0.0,1
bioasq_train,bioasq13b_5c6fff2e7c78d6947100005b,0.15,-0.0,1
bioasq_train,bioasq13b_5c6fff2e7c78d6947100005b,0.2,-0.0,1
bioasq_train,bioasq13b_5c6fff2e7c78d6947100005b,0.25,-0.0,1
bioasq_train,bioasq13b_5c6fff2e7c78d6947100005b,0.3,-0.0,1
bioasq_train,bioasq13b_5c011bbf133db5eb7800002c,0.05,0.55583362792012,4
bioasq_train,bioasq13b_5c011bbf133db5eb7800002c,0.1,0.14118174150460758,2
bioasq_train,bioasq13b_5c011bbf133db5eb7800002c,0.15,0.14118174150460758,2
bioasq_train,bioasq13b_5c011bbf133db5eb7800002c,0.2,-0.0,1
bioasq_train,bioasq13b_5c011bbf133db5eb7800002c,0.25,-0.0,1
bioasq_train,bioasq13b_5c011bbf133db5eb7800002c,0.3,-0.0,1
bioasq_train,bioasq13b_5c66d3977c78d69471000017,0.05,-0.0,1
bioasq_train,bioasq13b_5c66d3977c78d69471000017,0.1,-0.0,1
bioasq_train,bioasq13b_5c66d3977c78d69471000017,0.15,-0.0,1
bioasq_train,bioasq13b_5c66d3977c78d69471000017,0.2,-0.0,1
bioasq_train,bioasq13b_5c66d3977c78d69471000017,0.25,-0.0,1
bioasq_train,bioasq13b_5c66d3977c78d69471000017,0.3,-0.0,1
bioasq_train,bioasq13b_5c60382ac01990ff41000002,0.05,0.14118174150460758,2
bioasq_train,bioasq13b_5c60382ac01990ff41000002,0.1,0.14118174150460758,2
bioasq_train,bioasq13b_5c60382ac01990ff41000002,0.15,-0.0,1
bioasq_train,bioasq13b_5c60382ac01990ff41000002,0.2,-0.0,1
bioasq_train,bioasq13b_5c60382ac01990ff41000002,0.25,-0.0,1
bioasq_train,bioasq13b_5c60382ac01990ff41000002,0.3,-0.0,1
bioasq_train,bioasq13b_5c780caf7c78d694710000af,0.05,-0.0,1
bioasq_train,bioasq13b_5c780caf7c78d694710000af,0.1,-0.0,1
bioasq_train,bioasq13b_5c780caf7c78d694710000af,0.15,-0.0,1
bioasq_train,bioasq13b_5c780caf7c78d694710000af,0.2,-0.0,1
bioasq_train,bioasq13b_5c780caf7c78d694710000af,0.25,-0.0,1
bioasq_train,bioasq13b_5c780caf7c78d694710000af,0.3,-0.0,1
bioasq_train,bioasq13b_5c5f2d5a1a4c55d80b000023,0.05,0.14118174150460758,2
bioasq_train,bioasq13b_5c5f2d5a1a4c55d80b000023,0.1,-0.0,1
bioasq_train,bioasq13b_5c5f2d5a1a4c55d80b000023,0.15,-0.0,1
bioasq_train,bioasq13b_5c5f2d5a1a4c55d80b000023,0.2,-0.0,1
bioasq_train,bioasq13b_5c5f2d5a1a4c55d80b000023,0.25,-0.0,1
bioasq_train,bioasq13b_5c5f2d5a1a4c55d80b000023,0.3,-0.0,1
bioasq_train,bioasq13b_5c5410647e3cb0e23100001e,0.05,-0.0,1
bioasq_train,bioasq13b_5c5410647e3cb0e23100001e,0.1,-0.0,1
bioasq_train,bioasq13b_5c5410647e3cb0e23100001e,0.15,-0.0,1
bioasq_train,bioasq13b_5c5410647e3cb0e23100001e,0.2,-0.0,1
bioasq_train,bioasq13b_5c5410647e3cb0e23100001e,0.25,-0.0,1
bioasq_train,bioasq13b_5c5410647e3cb0e23100001e,0.3,-0.0,1
bioasq_train,bioasq13b_5c6bedd57c78d69471000034,0.05,-0.0,1
bioasq_train,bioasq13b_5c6bedd57c78d69471000034,0.1,-0.0,1
bioasq_train,bioasq13b_5c6bedd57c78d69471000034,0.15,-0.0,1
bioasq_train,bioasq13b_5c6bedd57c78d69471000034,0.2,-0.0,1
bioasq_train,bioasq13b_5c6bedd57c78d69471000034,0.25,-0.0,1
bioasq_train,bioasq13b_5c6bedd57c78d69471000034,0.3,-0.0,1
bioasq_train,bioasq13b_5c6ffc5b7c78d69471000057,0.05,-0.0,1
bioasq_train,bioasq13b_5c6ffc5b7c78d69471000057,0.1,-0.0,1
bioasq_train,bioasq13b_5c6ffc5b7c78d69471000057,0.15,-0.0,1
bioasq_train,bioasq13b_5c6ffc5b7c78d69471000057,0.2,-0.0,1
bioasq_train,bioasq13b_5c6ffc5b7c78d69471000057,0.25,-0.0,1
bioasq_train,bioasq13b_5c6ffc5b7c78d69471000057,0.3,-0.0,1
bioasq_train,bioasq13b_5c58db1386df2b9174000014,0.05,0.21732201127364886,2
bioasq_train,bioasq13b_5c58db1386df2b9174000014,0.1,-0.0,1
bioasq_train,bioasq13b_5c58db1386df2b9174000014,0.15,-0.0,1
bioasq_train,bioasq13b_5c58db1386df2b9174000014,0.2,-0.0,1
bioasq_train,bioasq13b_5c58db1386df2b9174000014,0.25,-0.0,1
bioasq_train,bioasq13b_5c58db1386df2b9174000014,0.3,-0.0,1
bioasq_train,bioasq13b_5c53143b7e3cb0e231000013,0.05,-0.0,1
bioasq_train,bioasq13b_5c53143b7e3cb0e231000013,0.1,-0.0,1
bioasq_train,bioasq13b_5c53143b7e3cb0e231000013,0.15,-0.0,1
bioasq_train,bioasq13b_5c53143b7e3cb0e231000013,0.2,-0.0,1
bioasq_train,bioasq13b_5c53143b7e3cb0e231000013,0.25,-0.0,1
bioasq_train,bioasq13b_5c53143b7e3cb0e231000013,0.3,-0.0,1
bioasq_train,bioasq13b_5c5317e77e3cb0e231000015,0.05,0.14118174150460758,2
bioasq_train,bioasq13b_5c5317e77e3cb0e231000015,0.1,-0.0,1
bioasq_train,bioasq13b_5c5317e77e3cb0e231000015,0.15,-0.0,1
bioasq_train,bioasq13b_5c5317e77e3cb0e231000015,0.2,-0.0,1
bioasq_train,bioasq13b_5c5317e77e3cb0e231000015,0.25,-0.0,1
bioasq_train,bioasq13b_5c5317e77e3cb0e231000015,0.3,-0.0,1
bioasq_train,bioasq13b_5c72b4897c78d69471000071,0.05,0.2775280104064451,3
bioasq_train,bioasq13b_5c72b4897c78d69471000071,0.1,0.21732201127364886,2
bioasq_train,bioasq13b_5c72b4897c78d69471000071,0.15,-0.0,1
bioasq_train,bioasq13b_5c72b4897c78d69471000071,0.2,-0.0,1
bioasq_train,bioasq13b_5c72b4897c78d69471000071,0.25,-0.0,1
bioasq_train,bioasq13b_5c72b4897c78d69471000071,0.3,-0.0,1
bioasq_train,bioasq13b_5c8436f875a4a5d219000002,0.05,0.14118174150460758,2
bioasq_train,bioasq13b_5c8436f875a4a5d219000002,0.1,-0.0,1
bioasq_train,bioasq13b_5c8436f875a4a5d219000002,0.15,-0.0,1
bioasq_train,bioasq13b_5c8436f875a4a5d219000002,0.2,-0.0,1
bioasq_train,bioasq13b_5c8436f875a4a5d219000002,0.25,-0.0,1
bioasq_train,bioasq13b_5c8436f875a4a5d219000002,0.3,-0.0,1
bioasq_train,bioasq13b_5c88593d75a4a5d21900000a,0.05,-0.0,1
bioasq_train,bioasq13b_5c88593d75a4a5d21900000a,0.1,-0.0,1
bioasq_train,bioasq13b_5c88593d75a4a5d21900000a,0.15,-0.0,1
bioasq_train,bioasq13b_5c88593d75a4a5d21900000a,0.2,-0.0,1
bioasq_train,bioasq13b_5c88593d75a4a5d21900000a,0.25,-0.0,1
bioasq_train,bioasq13b_5c88593d75a4a5d21900000a,0.3,-0.0,1
bioasq_train,bioasq13b_5c83ff91617e120c34000005,0.05,0.14118174150460758,2
bioasq_train,bioasq13b_5c83ff91617e120c34000005,0.1,-0.0,1
bioasq_train,bioasq13b_5c83ff91617e120c34000005,0.15,-0.0,1
bioasq_train,bioasq13b_5c83ff91617e120c34000005,0.2,-0.0,1
bioasq_train,bioasq13b_5c83ff91617e120c34000005,0.25,-0.0,1
bioasq_train,bioasq13b_5c83ff91617e120c34000005,0.3,-0.0,1
bioasq_train,bioasq13b_5c642fbce842deac67000014,0.05,-0.0,1
bioasq_train,bioasq13b_5c642fbce842deac67000014,0.1,-0.0,1
bioasq_train,bioasq13b_5c642fbce842deac67000014,0.15,-0.0,1
bioasq_train,bioasq13b_5c642fbce842deac67000014,0.2,-0.0,1
bioasq_train,bioasq13b_5c642fbce842deac67000014,0.25,-0.0,1
bioasq_train,bioasq13b_5c642fbce842deac67000014,0.3,-0.0,1
bioasq_train,bioasq13b_5c8962e8d558e5f232000001,0.05,-0.0,1
bioasq_train,bioasq13b_5c8962e8d558e5f232000001,0.1,-0.0,1
bioasq_train,bioasq13b_5c8962e8d558e5f232000001,0.15,-0.0,1
bioasq_train,bioasq13b_5c8962e8d558e5f232000001,0.2,-0.0,1
bioasq_train,bioasq13b_5c8962e8d558e5f232000001,0.25,-0.0,1
bioasq_train,bioasq13b_5c8962e8d558e5f232000001,0.3,-0.0,1
bioasq_train,bioasq13b_5c8d0a980101eac870000008,0.05,-0.0,1
bioasq_train,bioasq13b_5c8d0a980101eac870000008,0.1,-0.0,1
bioasq_train,bioasq13b_5c8d0a980101eac870000008,0.15,-0.0,1
bioasq_train,bioasq13b_5c8d0a980101eac870000008,0.2,-0.0,1
bioasq_train,bioasq13b_5c8d0a980101eac870000008,0.25,-0.0,1
bioasq_train,bioasq13b_5c8d0a980101eac870000008,0.3,-0.0,1
bioasq_train,bioasq13b_5c84394375a4a5d219000003,0.05,0.14118174150460758,2
bioasq_train,bioasq13b_5c84394375a4a5d219000003,0.1,-0.0,1
bioasq_train,bioasq13b_5c84394375a4a5d219000003,0.15,-0.0,1
bioasq_train,bioasq13b_5c84394375a4a5d219000003,0.2,-0.0,1
bioasq_train,bioasq13b_5c84394375a4a5d219000003,0.25,-0.0,1
bioasq_train,bioasq13b_5c84394375a4a5d219000003,0.3,-0.0,1
bioasq_train,bioasq13b_5c8feae70101eac87000000e,0.05,-0.0,1
bioasq_train,bioasq13b_5c8feae70101eac87000000e,0.1,-0.0,1
bioasq_train,bioasq13b_5c8feae70101eac87000000e,0.15,-0.0,1
bioasq_train,bioasq13b_5c8feae70101eac87000000e,0.2,-0.0,1
bioasq_train,bioasq13b_5c8feae70101eac87000000e,0.25,-0.0,1
bioasq_train,bioasq13b_5c8feae70101eac87000000e,0.3,-0.0,1
bioasq_train,bioasq13b_5c928303ecadf2e73f000014,0.05,-0.0,1
bioasq_train,bioasq13b_5c928303ecadf2e73f000014,0.1,-0.0,1
bioasq_train,bioasq13b_5c928303ecadf2e73f000014,0.15,-0.0,1
bioasq_train,bioasq13b_5c928303ecadf2e73f000014,0.2,-0.0,1
bioasq_train,bioasq13b_5c928303ecadf2e73f000014,0.25,-0.0,1
bioasq_train,bioasq13b_5c928303ecadf2e73f000014,0.3,-0.0,1
bioasq_train,bioasq13b_5c72bfcd7c78d6947100007a,0.05,-0.0,1
bioasq_train,bioasq13b_5c72bfcd7c78d6947100007a,0.1,-0.0,1
bioasq_train,bioasq13b_5c72bfcd7c78d6947100007a,0.15,-0.0,1
bioasq_train,bioasq13b_5c72bfcd7c78d6947100007a,0.2,-0.0,1
bioasq_train,bioasq13b_5c72bfcd7c78d6947100007a,0.25,-0.0,1
bioasq_train,bioasq13b_5c72bfcd7c78d6947100007a,0.3,-0.0,1
bioasq_train,bioasq13b_5c900a9becadf2e73f000003,0.05,-0.0,1
bioasq_train,bioasq13b_5c900a9becadf2e73f000003,0.1,-0.0,1
bioasq_train,bioasq13b_5c900a9becadf2e73f000003,0.15,-0.0,1
bioasq_train,bioasq13b_5c900a9becadf2e73f000003,0.2,-0.0,1
bioasq_train,bioasq13b_5c900a9becadf2e73f000003,0.25,-0.0,1
bioasq_train,bioasq13b_5c900a9becadf2e73f000003,0.3,-0.0,1
bioasq_train,bioasq13b_5c910813ecadf2e73f000006,0.05,-0.0,1
bioasq_train,bioasq13b_5c910813ecadf2e73f000006,0.1,-0.0,1
bioasq_train,bioasq13b_5c910813ecadf2e73f000006,0.15,-0.0,1
bioasq_train,bioasq13b_5c910813ecadf2e73f000006,0.2,-0.0,1
bioasq_train,bioasq13b_5c910813ecadf2e73f000006,0.25,-0.0,1
bioasq_train,bioasq13b_5c910813ecadf2e73f000006,0.3,-0.0,1
bioasq_train,bioasq13b_5c915ca7ecadf2e73f00000b,0.05,-0.0,1
bioasq_train,bioasq13b_5c915ca7ecadf2e73f00000b,0.1,-0.0,1
bioasq_train,bioasq13b_5c915ca7ecadf2e73f00000b,0.15,-0.0,1
bioasq_train,bioasq13b_5c915ca7ecadf2e73f00000b,0.2,-0.0,1
bioasq_train,bioasq13b_5c915ca7ecadf2e73f00000b,0.25,-0.0,1
bioasq_train,bioasq13b_5c915ca7ecadf2e73f00000b,0.3,-0.0,1
bioasq_train,bioasq13b_5ca60a77ecadf2e73f00004d,0.05,-0.0,1
bioasq_train,bioasq13b_5ca60a77ecadf2e73f00004d,0.1,-0.0,1
bioasq_train,bioasq13b_5ca60a77ecadf2e73f00004d,0.15,-0.0,1
bioasq_train,bioasq13b_5ca60a77ecadf2e73f00004d,0.2,-0.0,1
bioasq_train,bioasq13b_5ca60a77ecadf2e73f00004d,0.25,-0.0,1
bioasq_train,bioasq13b_5ca60a77ecadf2e73f00004d,0.3,-0.0,1
bioasq_train,bioasq13b_5c88b8a275a4a5d21900000b,0.05,-0.0,1
bioasq_train,bioasq13b_5c88b8a275a4a5d21900000b,0.1,-0.0,1
bioasq_train,bioasq13b_5c88b8a275a4a5d21900000b,0.15,-0.0,1
bioasq_train,bioasq13b_5c88b8a275a4a5d21900000b,0.2,-0.0,1
bioasq_train,bioasq13b_5c88b8a275a4a5d21900000b,0.25,-0.0,1
bioasq_train,bioasq13b_5c88b8a275a4a5d21900000b,0.3,-0.0,1
bioasq_train,bioasq13b_5ca9f5e4ecadf2e73f000052,0.05,0.38997287335391506,3
bioasq_train,bioasq13b_5ca9f5e4ecadf2e73f000052,0.1,-0.0,1
bioasq_train,bioasq13b_5ca9f5e4ecadf2e73f000052,0.15,-0.0,1
bioasq_train,bioasq13b_5ca9f5e4ecadf2e73f000052,0.2,-0.0,1
bioasq_train,bioasq13b_5ca9f5e4ecadf2e73f000052,0.25,-0.0,1
bioasq_train,bioasq13b_5ca9f5e4ecadf2e73f000052,0.3,-0.0,1
bioasq_train,bioasq13b_5c895e5ef9c2ba6b28000002,0.05,-0.0,1
bioasq_train,bioasq13b_5c895e5ef9c2ba6b28000002,0.1,-0.0,1
bioasq_train,bioasq13b_5c895e5ef9c2ba6b28000002,0.15,-0.0,1
bioasq_train,bioasq13b_5c895e5ef9c2ba6b28000002,0.2,-0.0,1
bioasq_train,bioasq13b_5c895e5ef9c2ba6b28000002,0.25,-0.0,1
bioasq_train,bioasq13b_5c895e5ef9c2ba6b28000002,0.3,-0.0,1
bioasq_train,bioasq13b_5c960afaecadf2e73f00001e,0.05,-0.0,1
bioasq_train,bioasq13b_5c960afaecadf2e73f00001e,0.1,-0.0,1
bioasq_train,bioasq13b_5c960afaecadf2e73f00001e,0.15,-0.0,1
bioasq_train,bioasq13b_5c960afaecadf2e73f00001e,0.2,-0.0,1
bioasq_train,bioasq13b_5c960afaecadf2e73f00001e,0.25,-0.0,1
bioasq_train,bioasq13b_5c960afaecadf2e73f00001e,0.3,-0.0,1
bioasq_train,bioasq13b_5c978924ecadf2e73f000023,0.05,0.21732201127364886,2
bioasq_train,bioasq13b_5c978924ecadf2e73f000023,0.1,-0.0,1
bioasq_train,bioasq13b_5c978924ecadf2e73f000023,0.15,-0.0,1
bioasq_train,bioasq13b_5c978924ecadf2e73f000023,0.2,-0.0,1
bioasq_train,bioasq13b_5c978924ecadf2e73f000023,0.25,-0.0,1
bioasq_train,bioasq13b_5c978924ecadf2e73f000023,0.3,-0.0,1
bioasq_train,bioasq13b_5c8960a6f9c2ba6b28000003,0.05,-0.0,1
bioasq_train,bioasq13b_5c8960a6f9c2ba6b28000003,0.1,-0.0,1
bioasq_train,bioasq13b_5c8960a6f9c2ba6b28000003,0.15,-0.0,1
bioasq_train,bioasq13b_5c8960a6f9c2ba6b28000003,0.2,-0.0,1
bioasq_train,bioasq13b_5c8960a6f9c2ba6b28000003,0.25,-0.0,1
bioasq_train,bioasq13b_5c8960a6f9c2ba6b28000003,0.3,-0.0,1
bioasq_train,bioasq13b_5c896ce0d558e5f232000002,0.05,-0.0,1
bioasq_train,bioasq13b_5c896ce0d558e5f232000002,0.1,-0.0,1
bioasq_train,bioasq13b_5c896ce0d558e5f232000002,0.15,-0.0,1
bioasq_train,bioasq13b_5c896ce0d558e5f232000002,0.2,-0.0,1
bioasq_train,bioasq13b_5c896ce0d558e5f232000002,0.25,-0.0,1
bioasq_train,bioasq13b_5c896ce0d558e5f232000002,0.3,-0.0,1
bioasq_train,bioasq13b_5c8a8f56d558e5f23200000b,0.05,-0.0,1
bioasq_train,bioasq13b_5c8a8f56d558e5f23200000b,0.1,-0.0,1
bioasq_train,bioasq13b_5c8a8f56d558e5f23200000b,0.15,-0.0,1
bioasq_train,bioasq13b_5c8a8f56d558e5f23200000b,0.2,-0.0,1
bioasq_train,bioasq13b_5c8a8f56d558e5f23200000b,0.25,-0.0,1
bioasq_train,bioasq13b_5c8a8f56d558e5f23200000b,0.3,-0.0,1
bioasq_train,bioasq13b_5c98fcf0ecadf2e73f00002c,0.05,0.38997287335391506,3
bioasq_train,bioasq13b_5c98fcf0ecadf2e73f00002c,0.1,-0.0,1
bioasq_train,bioasq13b_5c98fcf0ecadf2e73f00002c,0.15,-0.0,1
bioasq_train,bioasq13b_5c98fcf0ecadf2e73f00002c,0.2,-0.0,1
bioasq_train,bioasq13b_5c98fcf0ecadf2e73f00002c,0.25,-0.0,1
bioasq_train,bioasq13b_5c98fcf0ecadf2e73f00002c,0.3,-0.0,1
bioasq_train,bioasq13b_5ca9f932ecadf2e73f000054,0.05,-0.0,1
bioasq_train,bioasq13b_5ca9f932ecadf2e73f000054,0.1,-0.0,1
bioasq_train,bioasq13b_5ca9f932ecadf2e73f000054,0.15,-0.0,1
bioasq_train,bioasq13b_5ca9f932ecadf2e73f000054,0.2,-0.0,1
bioasq_train,bioasq13b_5ca9f932ecadf2e73f000054,0.25,-0.0,1
bioasq_train,bioasq13b_5ca9f932ecadf2e73f000054,0.3,-0.0,1
bioasq_train,bioasq13b_5ca3bfd7ecadf2e73f00004b,0.05,0.14118174150460758,2
bioasq_train,bioasq13b_5ca3bfd7ecadf2e73f00004b,0.1,-0.0,1
bioasq_train,bioasq13b_5ca3bfd7ecadf2e73f00004b,0.15,-0.0,1
bioasq_train,bioasq13b_5ca3bfd7ecadf2e73f00004b,0.2,-0.0,1
bioasq_train,bioasq13b_5ca3bfd7ecadf2e73f00004b,0.25,-0.0,1
bioasq_train,bioasq13b_5ca3bfd7ecadf2e73f00004b,0.3,-0.0,1
bioasq_train,bioasq13b_5c922bc3ecadf2e73f000013,0.05,-0.0,1
bioasq_train,bioasq13b_5c922bc3ecadf2e73f000013,0.1,-0.0,1
bioasq_train,bioasq13b_5c922bc3ecadf2e73f000013,0.15,-0.0,1
bioasq_train,bioasq13b_5c922bc3ecadf2e73f000013,0.2,-0.0,1
bioasq_train,bioasq13b_5c922bc3ecadf2e73f000013,0.25,-0.0,1
bioasq_train,bioasq13b_5c922bc3ecadf2e73f000013,0.3,-0.0,1
bioasq_train,bioasq13b_5c9d170cecadf2e73f000032,0.05,-0.0,1
bioasq_train,bioasq13b_5c9d170cecadf2e73f000032,0.1,-0.0,1
bioasq_train,bioasq13b_5c9d170cecadf2e73f000032,0.15,-0.0,1
bioasq_train,bioasq13b_5c9d170cecadf2e73f000032,0.2,-0.0,1
bioasq_train,bioasq13b_5c9d170cecadf2e73f000032,0.25,-0.0,1
bioasq_train,bioasq13b_5c9d170cecadf2e73f000032,0.3,-0.0,1
bioasq_train,bioasq13b_5c9fb2aaecadf2e73f00003f,0.05,-0.0,1
bioasq_train,bioasq13b_5c9fb2aaecadf2e73f00003f,0.1,-0.0,1
bioasq_train,bioasq13b_5c9fb2aaecadf2e73f00003f,0.15,-0.0,1
bioasq_train,bioasq13b_5c9fb2aaecadf2e73f00003f,0.2,-0.0,1
bioasq_train,bioasq13b_5c9fb2aaecadf2e73f00003f,0.25,-0.0,1
bioasq_train,bioasq13b_5c9fb2aaecadf2e73f00003f,0.3,-0.0,1
bioasq_train,bioasq13b_5e7f5eaa835f4e4777000018,0.05,-0.0,1
bioasq_train,bioasq13b_5e7f5eaa835f4e4777000018,0.1,-0.0,1
bioasq_train,bioasq13b_5e7f5eaa835f4e4777000018,0.15,-0.0,1
bioasq_train,bioasq13b_5e7f5eaa835f4e4777000018,0.2,-0.0,1
bioasq_train,bioasq13b_5e7f5eaa835f4e4777000018,0.25,-0.0,1
bioasq_train,bioasq13b_5e7f5eaa835f4e4777000018,0.3,-0.0,1
bioasq_train,bioasq13b_5e6ea5b9c6a8763d23000008,0.05,0.2652949955741215,2
bioasq_train,bioasq13b_5e6ea5b9c6a8763d23000008,0.1,-0.0,1
bioasq_train,bioasq13b_5e6ea5b9c6a8763d23000008,0.15,-0.0,1
bioasq_train,bioasq13b_5e6ea5b9c6a8763d23000008,0.2,-0.0,1
bioasq_train,bioasq13b_5e6ea5b9c6a8763d23000008,0.25,-0.0,1
bioasq_train,bioasq13b_5e6ea5b9c6a8763d23000008,0.3,-0.0,1
bioasq_train,bioasq13b_5d386d66a1e1595105000003,0.05,-0.0,1
bioasq_train,bioasq13b_5d386d66a1e1595105000003,0.1,-0.0,1
bioasq_train,bioasq13b_5d386d66a1e1595105000003,0.15,-0.0,1
bioasq_train,bioasq13b_5d386d66a1e1595105000003,0.2,-0.0,1
bioasq_train,bioasq13b_5d386d66a1e1595105000003,0.25,-0.0,1
bioasq_train,bioasq13b_5d386d66a1e1595105000003,0.3,-0.0,1
bioasq_train,bioasq13b_5e776c98835f4e477700000f,0.05,0.14118174150460758,2
bioasq_train,bioasq13b_5e776c98835f4e477700000f,0.1,-0.0,1
bioasq_train,bioasq13b_5e776c98835f4e477700000f,0.15,-0.0,1
bioasq_train,bioasq13b_5e776c98835f4e477700000f,0.2,-0.0,1
bioasq_train,bioasq13b_5e776c98835f4e477700000f,0.25,-0.0,1
bioasq_train,bioasq13b_5e776c98835f4e477700000f,0.3,-0.0,1
bioasq_train,bioasq13b_5e6de9441af46fc130000023,0.05,0.34822537285722394,3
bioasq_train,bioasq13b_5e6de9441af46fc130000023,0.1,-0.0,1
bioasq_train,bioasq13b_5e6de9441af46fc130000023,0.15,-0.0,1
bioasq_train,bioasq13b_5e6de9441af46fc130000023,0.2,-0.0,1
bioasq_train,bioasq13b_5e6de9441af46fc130000023,0.25,-0.0,1
bioasq_train,bioasq13b_5e6de9441af46fc130000023,0.3,-0.0,1
bioasq_train,bioasq13b_5d36c0e37bc3fee31f00000b,0.05,0.38997287335391506,3
bioasq_train,bioasq13b_5d36c0e37bc3fee31f00000b,0.1,-0.0,1
bioasq_train,bioasq13b_5d36c0e37bc3fee31f00000b,0.15,-0.0,1
bioasq_train,bioasq13b_5d36c0e37bc3fee31f00000b,0.2,-0.0,1
bioasq_train,bioasq13b_5d36c0e37bc3fee31f00000b,0.25,-0.0,1
bioasq_train,bioasq13b_5d36c0e37bc3fee31f00000b,0.3,-0.0,1
bioasq_train,bioasq13b_5e37183cb5b409ea53000014,0.05,0.2652949955741215,2
bioasq_train,bioasq13b_5e37183cb5b409ea53000014,0.1,-0.0,1
bioasq_train,bioasq13b_5e37183cb5b409ea53000014,0.15,-0.0,1
bioasq_train,bioasq13b_5e37183cb5b409ea53000014,0.2,-0.0,1
bioasq_train,bioasq13b_5e37183cb5b409ea53000014,0.25,-0.0,1
bioasq_train,bioasq13b_5e37183cb5b409ea53000014,0.3,-0.0,1
bioasq_train,bioasq13b_5d3840257bc3fee31f000011,0.05,0.4126972515042214,3
bioasq_train,bioasq13b_5d3840257bc3fee31f000011,0.1,-0.0,1
bioasq_train,bioasq13b_5d3840257bc3fee31f000011,0.15,-0.0,1
bioasq_train,bioasq13b_5d3840257bc3fee31f000011,0.2,-0.0,1
bioasq_train,bioasq13b_5d3840257bc3fee31f000011,0.25,-0.0,1
bioasq_train,bioasq13b_5d3840257bc3fee31f000011,0.3,-0.0,1
bioasq_train,bioasq13b_5e81d6c6835f4e4777000030,0.05,0.21732201127364886,2
bioasq_train,bioasq13b_5e81d6c6835f4e4777000030,0.1,-0.0,1
bioasq_train,bioasq13b_5e81d6c6835f4e4777000030,0.15,-0.0,1
bioasq_train,bioasq13b_5e81d6c6835f4e4777000030,0.2,-0.0,1
bioasq_train,bioasq13b_5e81d6c6835f4e4777000030,0.25,-0.0,1
bioasq_train,bioasq13b_5e81d6c6835f4e4777000030,0.3,-0.0,1
bioasq_train,bioasq13b_5d3802a27bc3fee31f00000e,0.05,0.5301029995663982,4
bioasq_train,bioasq13b_5d3802a27bc3fee31f00000e,0.1,-0.0,1
bioasq_train,bioasq13b_5d3802a27bc3fee31f00000e,0.15,-0.0,1
bioasq_train,bioasq13b_5d3802a27bc3fee31f00000e,0.2,-0.0,1
bioasq_train,bioasq13b_5d3802a27bc3fee31f00000e,0.25,-0.0,1
bioasq_train,bioasq13b_5d3802a27bc3fee31f00000e,0.3,-0.0,1
bioasq_train,bioasq13b_5e3e8b1c48dab47f26000008,0.05,-0.0,1
bioasq_train,bioasq13b_5e3e8b1c48dab47f26000008,0.1,-0.0,1
bioasq_train,bioasq13b_5e3e8b1c48dab47f26000008,0.15,-0.0,1
bioasq_train,bioasq13b_5e3e8b1c48dab47f26000008,0.2,-0.0,1
bioasq_train,bioasq13b_5e3e8b1c48dab47f26000008,0.25,-0.0,1
bioasq_train,bioasq13b_5e3e8b1c48dab47f26000008,0.3,-0.0,1
bioasq_train,bioasq13b_5d38542b7bc3fee31f000015,0.05,-0.0,1
bioasq_train,bioasq13b_5d38542b7bc3fee31f000015,0.1,-0.0,1
bioasq_train,bioasq13b_5d38542b7bc3fee31f000015,0.15,-0.0,1
bioasq_train,bioasq13b_5d38542b7bc3fee31f000015,0.2,-0.0,1
bioasq_train,bioasq13b_5d38542b7bc3fee31f000015,0.25,-0.0,1
bioasq_train,bioasq13b_5d38542b7bc3fee31f000015,0.3,-0.0,1
bioasq_train,bioasq13b_5d383af27bc3fee31f000010,0.05,0.14118174150460758,2
bioasq_train,bioasq13b_5d383af27bc3fee31f000010,0.1,0.14118174150460758,2
bioasq_train,bioasq13b_5d383af27bc3fee31f000010,0.15,-0.0,1
bioasq_train,bioasq13b_5d383af27bc3fee31f000010,0.2,-0.0,1
bioasq_train,bioasq13b_5d383af27bc3fee31f000010,0.25,-0.0,1
bioasq_train,bioasq13b_5d383af27bc3fee31f000010,0.3,-0.0,1
bioasq_train,bioasq13b_5e80669e835f4e4777000025,0.05,0.14118174150460758,2
bioasq_train,bioasq13b_5e80669e835f4e4777000025,0.1,0.14118174150460758,2
bioasq_train,bioasq13b_5e80669e835f4e4777000025,0.15,-0.0,1
bioasq_train,bioasq13b_5e80669e835f4e4777000025,0.2,-0.0,1
bioasq_train,bioasq13b_5e80669e835f4e4777000025,0.25,-0.0,1
bioasq_train,bioasq13b_5e80669e835f4e4777000025,0.3,-0.0,1
bioasq_train,bioasq13b_5e774660835f4e4777000007,0.05,-0.0,1
bioasq_train,bioasq13b_5e774660835f4e4777000007,0.1,-0.0,1
bioasq_train,bioasq13b_5e774660835f4e4777000007,0.15,-0.0,1
bioasq_train,bioasq13b_5e774660835f4e4777000007,0.2,-0.0,1
bioasq_train,bioasq13b_5e774660835f4e4777000007,0.25,-0.0,1
bioasq_train,bioasq13b_5e774660835f4e4777000007,0.3,-0.0,1
bioasq_train,bioasq13b_5e6e767e51b80c9423000006,0.05,-0.0,1
bioasq_train,bioasq13b_5e6e767e51b80c9423000006,0.1,-0.0,1
bioasq_train,bioasq13b_5e6e767e51b80c9423000006,0.15,-0.0,1
bioasq_train,bioasq13b_5e6e767e51b80c9423000006,0.2,-0.0,1
bioasq_train,bioasq13b_5e6e767e51b80c9423000006,0.25,-0.0,1
bioasq_train,bioasq13b_5e6e767e51b80c9423000006,0.3,-0.0,1
bioasq_train,bioasq13b_5e3c83c548dab47f26000001,0.05,-0.0,1
bioasq_train,bioasq13b_5e3c83c548dab47f26000001,0.1,-0.0,1
bioasq_train,bioasq13b_5e3c83c548dab47f26000001,0.15,-0.0,1
bioasq_train,bioasq13b_5e3c83c548dab47f26000001,0.2,-0.0,1
bioasq_train,bioasq13b_5e3c83c548dab47f26000001,0.25,-0.0,1
bioasq_train,bioasq13b_5e3c83c548dab47f26000001,0.3,-0.0,1
bioasq_train,bioasq13b_5e807578835f4e4777000028,0.05,-0.0,1
bioasq_train,bioasq13b_5e807578835f4e4777000028,0.1,-0.0,1
bioasq_train,bioasq13b_5e807578835f4e4777000028,0.15,-0.0,1
bioasq_train,bioasq13b_5e807578835f4e4777000028,0.2,-0.0,1
bioasq_train,bioasq13b_5e807578835f4e4777000028,0.25,-0.0,1
bioasq_train,bioasq13b_5e807578835f4e4777000028,0.3,-0.0,1
bioasq_train,bioasq13b_5e7f5f1a835f4e4777000019,0.05,-0.0,1
bioasq_train,bioasq13b_5e7f5f1a835f4e4777000019,0.1,-0.0,1
bioasq_train,bioasq13b_5e7f5f1a835f4e4777000019,0.15,-0.0,1
bioasq_train,bioasq13b_5e7f5f1a835f4e4777000019,0.2,-0.0,1
bioasq_train,bioasq13b_5e7f5f1a835f4e4777000019,0.25,-0.0,1
bioasq_train,bioasq13b_5e7f5f1a835f4e4777000019,0.3,-0.0,1
bioasq_train,bioasq13b_5d387e24a1e1595105000011,0.05,-0.0,1
bioasq_train,bioasq13b_5d387e24a1e1595105000011,0.1,-0.0,1
bioasq_train,bioasq13b_5d387e24a1e1595105000011,0.15,-0.0,1
bioasq_train,bioasq13b_5d387e24a1e1595105000011,0.2,-0.0,1
bioasq_train,bioasq13b_5d387e24a1e1595105000011,0.25,-0.0,1
bioasq_train,bioasq13b_5d387e24a1e1595105000011,0.3,-0.0,1
bioasq_train,bioasq13b_5e81cb50835f4e477700002f,0.05,-0.0,1
bioasq_train,bioasq13b_5e81cb50835f4e477700002f,0.1,-0.0,1
bioasq_train,bioasq13b_5e81cb50835f4e477700002f,0.15,-0.0,1
bioasq_train,bioasq13b_5e81cb50835f4e477700002f,0.2,-0.0,1
bioasq_train,bioasq13b_5e81cb50835f4e477700002f,0.25,-0.0,1
bioasq_train,bioasq13b_5e81cb50835f4e477700002f,0.3,-0.0,1
bioasq_train,bioasq13b_5d3880eea1e1595105000014,0.05,-0.0,1
bioasq_train,bioasq13b_5d3880eea1e1595105000014,0.1,-0.0,1
bioasq_train,bioasq13b_5d3880eea1e1595105000014,0.15,-0.0,1
bioasq_train,bioasq13b_5d3880eea1e1595105000014,0.2,-0.0,1
bioasq_train,bioasq13b_5d3880eea1e1595105000014,0.25,-0.0,1
bioasq_train,bioasq13b_5d3880eea1e1595105000014,0.3,-0.0,1
bioasq_train,bioasq13b_5e7f6138835f4e477700001b,0.05,-0.0,1
bioasq_train,bioasq13b_5e7f6138835f4e477700001b,0.1,-0.0,1
bioasq_train,bioasq13b_5e7f6138835f4e477700001b,0.15,-0.0,1
bioasq_train,bioasq13b_5e7f6138835f4e477700001b,0.2,-0.0,1
bioasq_train,bioasq13b_5e7f6138835f4e477700001b,0.25,-0.0,1
bioasq_train,bioasq13b_5e7f6138835f4e477700001b,0.3,-0.0,1
bioasq_train,bioasq13b_5e6e9348c6a8763d23000005,0.05,-0.0,1
bioasq_train,bioasq13b_5e6e9348c6a8763d23000005,0.1,-0.0,1
bioasq_train,bioasq13b_5e6e9348c6a8763d23000005,0.15,-0.0,1
bioasq_train,bioasq13b_5e6e9348c6a8763d23000005,0.2,-0.0,1
bioasq_train,bioasq13b_5e6e9348c6a8763d23000005,0.25,-0.0,1
bioasq_train,bioasq13b_5e6e9348c6a8763d23000005,0.3,-0.0,1
bioasq_train,bioasq13b_5d3858a97bc3fee31f000018,0.05,-0.0,1
bioasq_train,bioasq13b_5d3858a97bc3fee31f000018,0.1,-0.0,1
bioasq_train,bioasq13b_5d3858a97bc3fee31f000018,0.15,-0.0,1
bioasq_train,bioasq13b_5d3858a97bc3fee31f000018,0.2,-0.0,1
bioasq_train,bioasq13b_5d3858a97bc3fee31f000018,0.25,-0.0,1
bioasq_train,bioasq13b_5d3858a97bc3fee31f000018,0.3,-0.0,1
bioasq_train,bioasq13b_5e543704b761aafe09000001,0.05,-0.0,1
bioasq_train,bioasq13b_5e543704b761aafe09000001,0.1,-0.0,1
bioasq_train,bioasq13b_5e543704b761aafe09000001,0.15,-0.0,1
bioasq_train,bioasq13b_5e543704b761aafe09000001,0.2,-0.0,1
bioasq_train,bioasq13b_5e543704b761aafe09000001,0.25,-0.0,1
bioasq_train,bioasq13b_5e543704b761aafe09000001,0.3,-0.0,1
bioasq_train,bioasq13b_5e7f61ed835f4e477700001c,0.05,0.14118174150460758,2
bioasq_train,bioasq13b_5e7f61ed835f4e477700001c,0.1,-0.0,1
bioasq_train,bioasq13b_5e7f61ed835f4e477700001c,0.15,-0.0,1
bioasq_train,bioasq13b_5e7f61ed835f4e477700001c,0.2,-0.0,1
bioasq_train,bioasq13b_5e7f61ed835f4e477700001c,0.25,-0.0,1
bioasq_train,bioasq13b_5e7f61ed835f4e477700001c,0.3,-0.0,1
bioasq_train,bioasq13b_5d387e74a1e1595105000012,0.05,0.34822537285722394,3
bioasq_train,bioasq13b_5d387e74a1e1595105000012,0.1,-0.0,1
bioasq_train,bioasq13b_5d387e74a1e1595105000012,0.15,-0.0,1
bioasq_train,bioasq13b_5d387e74a1e1595105000012,0.2,-0.0,1
bioasq_train,bioasq13b_5d387e74a1e1595105000012,0.25,-0.0,1
bioasq_train,bioasq13b_5d387e74a1e1595105000012,0.3,-0.0,1
bioasq_train,bioasq13b_5cf7835fa49efeb44c000011,0.05,0.55583362792012,4
bioasq_train,bioasq13b_5cf7835fa49efeb44c000011,0.1,-0.0,1
bioasq_train,bioasq13b_5cf7835fa49efeb44c000011,0.15,-0.0,1
bioasq_train,bioasq13b_5cf7835fa49efeb44c000011,0.2,-0.0,1
bioasq_train,bioasq13b_5cf7835fa49efeb44c000011,0.25,-0.0,1
bioasq_train,bioasq13b_5cf7835fa49efeb44c000011,0.3,-0.0,1
bioasq_train,bioasq13b_5e36dbdbb5b409ea5300000c,0.05,-0.0,1
bioasq_train,bioasq13b_5e36dbdbb5b409ea5300000c,0.1,-0.0,1
bioasq_train,bioasq13b_5e36dbdbb5b409ea5300000c,0.15,-0.0,1
bioasq_train,bioasq13b_5e36dbdbb5b409ea5300000c,0.2,-0.0,1
bioasq_train,bioasq13b_5e36dbdbb5b409ea5300000c,0.25,-0.0,1
bioasq_train,bioasq13b_5e36dbdbb5b409ea5300000c,0.3,-0.0,1
bioasq_train,bioasq13b_5d3883a0a1e1595105000017,0.05,0.5301029995663982,4
bioasq_train,bioasq13b_5d3883a0a1e1595105000017,0.1,-0.0,1
bioasq_train,bioasq13b_5d3883a0a1e1595105000017,0.15,-0.0,1
bioasq_train,bioasq13b_5d3883a0a1e1595105000017,0.2,-0.0,1
bioasq_train,bioasq13b_5d3883a0a1e1595105000017,0.25,-0.0,1
bioasq_train,bioasq13b_5d3883a0a1e1595105000017,0.3,-0.0,1
bioasq_train,bioasq13b_5e4705753f54159529000017,0.05,0.4729032506370176,3
bioasq_train,bioasq13b_5e4705753f54159529000017,0.1,0.2652949955741215,2
bioasq_train,bioasq13b_5e4705753f54159529000017,0.15,-0.0,1
bioasq_train,bioasq13b_5e4705753f54159529000017,0.2,-0.0,1
bioasq_train,bioasq13b_5e4705753f54159529000017,0.25,-0.0,1
bioasq_train,bioasq13b_5e4705753f54159529000017,0.3,-0.0,1
bioasq_train,bioasq13b_5cf4eb6aa49efeb44c00000e,0.05,-0.0,1
bioasq_train,bioasq13b_5cf4eb6aa49efeb44c00000e,0.1,-0.0,1
bioasq_train,bioasq13b_5cf4eb6aa49efeb44c00000e,0.15,-0.0,1
bioasq_train,bioasq13b_5cf4eb6aa49efeb44c00000e,0.2,-0.0,1
bioasq_train,bioasq13b_5cf4eb6aa49efeb44c00000e,0.25,-0.0,1
bioasq_train,bioasq13b_5cf4eb6aa49efeb44c00000e,0.3,-0.0,1
bioasq_train,bioasq13b_5cf619a8a49efeb44c000010,0.05,-0.0,1
bioasq_train,bioasq13b_5cf619a8a49efeb44c000010,0.1,-0.0,1
bioasq_train,bioasq13b_5cf619a8a49efeb44c000010,0.15,-0.0,1
bioasq_train,bioasq13b_5cf619a8a49efeb44c000010,0.2,-0.0,1
bioasq_train,bioasq13b_5cf619a8a49efeb44c000010,0.25,-0.0,1
bioasq_train,bioasq13b_5cf619a8a49efeb44c000010,0.3,-0.0,1
bioasq_train,bioasq13b_5e2dbe17fbd6abf43b000019,0.05,-0.0,1
bioasq_train,bioasq13b_5e2dbe17fbd6abf43b000019,0.1,-0.0,1
bioasq_train,bioasq13b_5e2dbe17fbd6abf43b000019,0.15,-0.0,1
bioasq_train,bioasq13b_5e2dbe17fbd6abf43b000019,0.2,-0.0,1
bioasq_train,bioasq13b_5e2dbe17fbd6abf43b000019,0.25,-0.0,1
bioasq_train,bioasq13b_5e2dbe17fbd6abf43b000019,0.3,-0.0,1
bioasq_train,bioasq13b_5e2dc047fbd6abf43b00001b,0.05,0.29228525323862886,2
bioasq_train,bioasq13b_5e2dc047fbd6abf43b00001b,0.1,-0.0,1
bioasq_train,bioasq13b_5e2dc047fbd6abf43b00001b,0.15,-0.0,1
bioasq_train,bioasq13b_5e2dc047fbd6abf43b00001b,0.2,-0.0,1
bioasq_train,bioasq13b_5e2dc047fbd6abf43b00001b,0.25,-0.0,1
bioasq_train,bioasq13b_5e2dc047fbd6abf43b00001b,0.3,-0.0,1
bioasq_train,bioasq13b_5cebe907a49efeb44c000008,0.05,0.34822537285722394,3
bioasq_train,bioasq13b_5cebe907a49efeb44c000008,0.1,-0.0,1
bioasq_train,bioasq13b_5cebe907a49efeb44c000008,0.15,-0.0,1
bioasq_train,bioasq13b_5cebe907a49efeb44c000008,0.2,-0.0,1
bioasq_train,bioasq13b_5cebe907a49efeb44c000008,0.25,-0.0,1
bioasq_train,bioasq13b_5cebe907a49efeb44c000008,0.3,-0.0,1
bioasq_train,bioasq13b_5e2dfb52fbd6abf43b00001e,0.05,-0.0,1
bioasq_train,bioasq13b_5e2dfb52fbd6abf43b00001e,0.1,-0.0,1
bioasq_train,bioasq13b_5e2dfb52fbd6abf43b00001e,0.15,-0.0,1
bioasq_train,bioasq13b_5e2dfb52fbd6abf43b00001e,0.2,-0.0,1
bioasq_train,bioasq13b_5e2dfb52fbd6abf43b00001e,0.25,-0.0,1
bioasq_train,bioasq13b_5e2dfb52fbd6abf43b00001e,0.3,-0.0,1
bioasq_train,bioasq13b_5e4b4be26d0a27794100001a,0.05,-0.0,1
bioasq_train,bioasq13b_5e4b4be26d0a27794100001a,0.1,-0.0,1
bioasq_train,bioasq13b_5e4b4be26d0a27794100001a,0.15,-0.0,1
bioasq_train,bioasq13b_5e4b4be26d0a27794100001a,0.2,-0.0,1
bioasq_train,bioasq13b_5e4b4be26d0a27794100001a,0.25,-0.0,1
bioasq_train,bioasq13b_5e4b4be26d0a27794100001a,0.3,-0.0,1
bioasq_train,bioasq13b_5cf4ea83a49efeb44c00000d,0.05,0.14118174150460758,2
bioasq_train,bioasq13b_5cf4ea83a49efeb44c00000d,0.1,-0.0,1
bioasq_train,bioasq13b_5cf4ea83a49efeb44c00000d,0.15,-0.0,1
bioasq_train,bioasq13b_5cf4ea83a49efeb44c00000d,0.2,-0.0,1
bioasq_train,bioasq13b_5cf4ea83a49efeb44c00000d,0.25,-0.0,1
bioasq_train,bioasq13b_5cf4ea83a49efeb44c00000d,0.3,-0.0,1
bioasq_train,bioasq13b_5e49bcce6d0a27794100000f,0.05,-0.0,1
bioasq_train,bioasq13b_5e49bcce6d0a27794100000f,0.1,-0.0,1
bioasq_train,bioasq13b_5e49bcce6d0a27794100000f,0.15,-0.0,1
bioasq_train,bioasq13b_5e49bcce6d0a27794100000f,0.2,-0.0,1
bioasq_train,bioasq13b_5e49bcce6d0a27794100000f,0.25,-0.0,1
bioasq_train,bioasq13b_5e49bcce6d0a27794100000f,0.3,-0.0,1
bioasq_train,bioasq13b_5e36de90b5b409ea5300000e,0.05,-0.0,1
bioasq_train,bioasq13b_5e36de90b5b409ea5300000e,0.1,-0.0,1
bioasq_train,bioasq13b_5e36de90b5b409ea5300000e,0.15,-0.0,1
bioasq_train,bioasq13b_5e36de90b5b409ea5300000e,0.2,-0.0,1
bioasq_train,bioasq13b_5e36de90b5b409ea5300000e,0.25,-0.0,1
bioasq_train,bioasq13b_5e36de90b5b409ea5300000e,0.3,-0.0,1
bioasq_train,bioasq13b_5e5b9b96752ebcdc7a000005,0.05,-0.0,1
bioasq_train,bioasq13b_5e5b9b96752ebcdc7a000005,0.1,-0.0,1
bioasq_train,bioasq13b_5e5b9b96752ebcdc7a000005,0.15,-0.0,1
bioasq_train,bioasq13b_5e5b9b96752ebcdc7a000005,0.2,-0.0,1
bioasq_train,bioasq13b_5e5b9b96752ebcdc7a000005,0.25,-0.0,1
bioasq_train,bioasq13b_5e5b9b96752ebcdc7a000005,0.3,-0.0,1
bioasq_train,bioasq13b_5e4700e03f54159529000015,0.05,-0.0,1
bioasq_train,bioasq13b_5e4700e03f54159529000015,0.1,-0.0,1
bioasq_train,bioasq13b_5e4700e03f54159529000015,0.15,-0.0,1
bioasq_train,bioasq13b_5e4700e03f54159529000015,0.2,-0.0,1
bioasq_train,bioasq13b_5e4700e03f54159529000015,0.25,-0.0,1
bioasq_train,bioasq13b_5e4700e03f54159529000015,0.3,-0.0,1
bioasq_train,bioasq13b_5e2db427fbd6abf43b000015,0.05,-0.0,1
bioasq_train,bioasq13b_5e2db427fbd6abf43b000015,0.1,-0.0,1
bioasq_train,bioasq13b_5e2db427fbd6abf43b000015,0.15,-0.0,1
bioasq_train,bioasq13b_5e2db427fbd6abf43b000015,0.2,-0.0,1
bioasq_train,bioasq13b_5e2db427fbd6abf43b000015,0.25,-0.0,1
bioasq_train,bioasq13b_5e2db427fbd6abf43b000015,0.3,-0.0,1
bioasq_train,bioasq13b_5e482f08d14c9f295d00000d,0.05,-0.0,1
bioasq_train,bioasq13b_5e482f08d14c9f295d00000d,0.1,-0.0,1
bioasq_train,bioasq13b_5e482f08d14c9f295d00000d,0.15,-0.0,1
bioasq_train,bioasq13b_5e482f08d14c9f295d00000d,0.2,-0.0,1
bioasq_train,bioasq13b_5e482f08d14c9f295d00000d,0.25,-0.0,1
bioasq_train,bioasq13b_5e482f08d14c9f295d00000d,0.3,-0.0,1
bioasq_train,bioasq13b_5e2dae57fbd6abf43b000012,0.05,-0.0,1
bioasq_train,bioasq13b_5e2dae57fbd6abf43b000012,0.1,-0.0,1
bioasq_train,bioasq13b_5e2dae57fbd6abf43b000012,0.15,-0.0,1
bioasq_train,bioasq13b_5e2dae57fbd6abf43b000012,0.2,-0.0,1
bioasq_train,bioasq13b_5e2dae57fbd6abf43b000012,0.25,-0.0,1
bioasq_train,bioasq13b_5e2dae57fbd6abf43b000012,0.3,-0.0,1
bioasq_train,bioasq13b_5e2900368b3851296d000001,0.05,-0.0,1
bioasq_train,bioasq13b_5e2900368b3851296d000001,0.1,-0.0,1
bioasq_train,bioasq13b_5e2900368b3851296d000001,0.15,-0.0,1
bioasq_train,bioasq13b_5e2900368b3851296d000001,0.2,-0.0,1
bioasq_train,bioasq13b_5e2900368b3851296d000001,0.25,-0.0,1
bioasq_train,bioasq13b_5e2900368b3851296d000001,0.3,-0.0,1
bioasq_train,bioasq13b_5e48136dd14c9f295d000008,0.05,0.14118174150460758,2
bioasq_train,bioasq13b_5e48136dd14c9f295d000008,0.1,-0.0,1
bioasq_train,bioasq13b_5e48136dd14c9f295d000008,0.15,-0.0,1
bioasq_train,bioasq13b_5e48136dd14c9f295d000008,0.2,-0.0,1
bioasq_train,bioasq13b_5e48136dd14c9f295d000008,0.25,-0.0,1
bioasq_train,bioasq13b_5e48136dd14c9f295d000008,0.3,-0.0,1
bioasq_train,bioasq13b_5e2a0a02aa19d7443100000b,0.05,-0.0,1
bioasq_train,bioasq13b_5e2a0a02aa19d7443100000b,0.1,-0.0,1
bioasq_train,bioasq13b_5e2a0a02aa19d7443100000b,0.15,-0.0,1
bioasq_train,bioasq13b_5e2a0a02aa19d7443100000b,0.2,-0.0,1
bioasq_train,bioasq13b_5e2a0a02aa19d7443100000b,0.25,-0.0,1
bioasq_train,bioasq13b_5e2a0a02aa19d7443100000b,0.3,-0.0,1
bioasq_train,bioasq13b_5e35c4ea9be68b5512000002,0.05,-0.0,1
bioasq_train,bioasq13b_5e35c4ea9be68b5512000002,0.1,-0.0,1
bioasq_train,bioasq13b_5e35c4ea9be68b5512000002,0.15,-0.0,1
bioasq_train,bioasq13b_5e35c4ea9be68b5512000002,0.2,-0.0,1
bioasq_train,bioasq13b_5e35c4ea9be68b5512000002,0.25,-0.0,1
bioasq_train,bioasq13b_5e35c4ea9be68b5512000002,0.3,-0.0,1
bioasq_train,bioasq13b_5e490d276d0a277941000001,0.05,-0.0,1
bioasq_train,bioasq13b_5e490d276d0a277941000001,0.1,-0.0,1
bioasq_train,bioasq13b_5e490d276d0a277941000001,0.15,-0.0,1
bioasq_train,bioasq13b_5e490d276d0a277941000001,0.2,-0.0,1
bioasq_train,bioasq13b_5e490d276d0a277941000001,0.25,-0.0,1
bioasq_train,bioasq13b_5e490d276d0a277941000001,0.3,-0.0,1
bioasq_train,bioasq13b_5e48f90bf8b2df0d49000006,0.05,-0.0,1
bioasq_train,bioasq13b_5e48f90bf8b2df0d49000006,0.1,-0.0,1
bioasq_train,bioasq13b_5e48f90bf8b2df0d49000006,0.15,-0.0,1
bioasq_train,bioasq13b_5e48f90bf8b2df0d49000006,0.2,-0.0,1
bioasq_train,bioasq13b_5e48f90bf8b2df0d49000006,0.25,-0.0,1
bioasq_train,bioasq13b_5e48f90bf8b2df0d49000006,0.3,-0.0,1
bioasq_train,bioasq13b_5e4981e96d0a277941000009,0.05,0.2652949955741215,2
bioasq_train,bioasq13b_5e4981e96d0a277941000009,0.1,-0.0,1
bioasq_train,bioasq13b_5e4981e96d0a277941000009,0.15,-0.0,1
bioasq_train,bioasq13b_5e4981e96d0a277941000009,0.2,-0.0,1
bioasq_train,bioasq13b_5e4981e96d0a277941000009,0.25,-0.0,1
bioasq_train,bioasq13b_5e4981e96d0a277941000009,0.3,-0.0,1
bioasq_train,bioasq13b_5c700c607c78d6947100005e,0.05,0.2652949955741215,2
bioasq_train,bioasq13b_5c700c607c78d6947100005e,0.1,-0.0,1
bioasq_train,bioasq13b_5c700c607c78d6947100005e,0.15,-0.0,1
bioasq_train,bioasq13b_5c700c607c78d6947100005e,0.2,-0.0,1
bioasq_train,bioasq13b_5c700c607c78d6947100005e,0.25,-0.0,1
bioasq_train,bioasq13b_5c700c607c78d6947100005e,0.3,-0.0,1
bioasq_train,bioasq13b_5e48339fd14c9f295d00000e,0.05,0.14118174150460758,2
bioasq_train,bioasq13b_5e48339fd14c9f295d00000e,0.1,-0.0,1
bioasq_train,bioasq13b_5e48339fd14c9f295d00000e,0.15,-0.0,1
bioasq_train,bioasq13b_5e48339fd14c9f295d00000e,0.2,-0.0,1
bioasq_train,bioasq13b_5e48339fd14c9f295d00000e,0.25,-0.0,1
bioasq_train,bioasq13b_5e48339fd14c9f295d00000e,0.3,-0.0,1
bioasq_train,bioasq13b_5cc0817da49efeb44c000002,0.05,-0.0,1
bioasq_train,bioasq13b_5cc0817da49efeb44c000002,0.1,-0.0,1
bioasq_train,bioasq13b_5cc0817da49efeb44c000002,0.15,-0.0,1
bioasq_train,bioasq13b_5cc0817da49efeb44c000002,0.2,-0.0,1
bioasq_train,bioasq13b_5cc0817da49efeb44c000002,0.25,-0.0,1
bioasq_train,bioasq13b_5cc0817da49efeb44c000002,0.3,-0.0,1
bioasq_train,bioasq13b_5e2a120c76af173751000001,0.05,0.34822537285722394,3
bioasq_train,bioasq13b_5e2a120c76af173751000001,0.1,0.2652949955741215,2
bioasq_train,bioasq13b_5e2a120c76af173751000001,0.15,-0.0,1
bioasq_train,bioasq13b_5e2a120c76af173751000001,0.2,-0.0,1
bioasq_train,bioasq13b_5e2a120c76af173751000001,0.25,-0.0,1
bioasq_train,bioasq13b_5e2a120c76af173751000001,0.3,-0.0,1
bioasq_train,bioasq13b_5e29fc57aa19d74431000006,0.05,-0.0,1
bioasq_train,bioasq13b_5e29fc57aa19d74431000006,0.1,-0.0,1
bioasq_train,bioasq13b_5e29fc57aa19d74431000006,0.15,-0.0,1
bioasq_train,bioasq13b_5e29fc57aa19d74431000006,0.2,-0.0,1
bioasq_train,bioasq13b_5e29fc57aa19d74431000006,0.25,-0.0,1
bioasq_train,bioasq13b_5e29fc57aa19d74431000006,0.3,-0.0,1
bioasq_train,bioasq13b_5d35ef8a7bc3fee31f000002,0.05,0.29228525323862886,2
bioasq_train,bioasq13b_5d35ef8a7bc3fee31f000002,0.1,-0.0,1
bioasq_train,bioasq13b_5d35ef8a7bc3fee31f000002,0.15,-0.0,1
bioasq_train,bioasq13b_5d35ef8a7bc3fee31f000002,0.2,-0.0,1
bioasq_train,bioasq13b_5d35ef8a7bc3fee31f000002,0.25,-0.0,1
bioasq_train,bioasq13b_5d35ef8a7bc3fee31f000002,0.3,-0.0,1
bioasq_train,bioasq13b_5d35e114b3a638076300000c,0.05,-0.0,1
bioasq_train,bioasq13b_5d35e114b3a638076300000c,0.1,-0.0,1
bioasq_train,bioasq13b_5d35e114b3a638076300000c,0.15,-0.0,1
bioasq_train,bioasq13b_5d35e114b3a638076300000c,0.2,-0.0,1
bioasq_train,bioasq13b_5d35e114b3a638076300000c,0.25,-0.0,1
bioasq_train,bioasq13b_5d35e114b3a638076300000c,0.3,-0.0,1
bioasq_train,bioasq13b_5e76384fc6a8763d2300000e,0.05,-0.0,1
bioasq_train,bioasq13b_5e76384fc6a8763d2300000e,0.1,-0.0,1
bioasq_train,bioasq13b_5e76384fc6a8763d2300000e,0.15,-0.0,1
bioasq_train,bioasq13b_5e76384fc6a8763d2300000e,0.2,-0.0,1
bioasq_train,bioasq13b_5e76384fc6a8763d2300000e,0.25,-0.0,1
bioasq_train,bioasq13b_5e76384fc6a8763d2300000e,0.3,-0.0,1
bioasq_train,bioasq13b_5e550b5db761aafe09000007,0.05,-0.0,1
bioasq_train,bioasq13b_5e550b5db761aafe09000007,0.1,-0.0,1
bioasq_train,bioasq13b_5e550b5db761aafe09000007,0.15,-0.0,1
bioasq_train,bioasq13b_5e550b5db761aafe09000007,0.2,-0.0,1
bioasq_train,bioasq13b_5e550b5db761aafe09000007,0.25,-0.0,1
bioasq_train,bioasq13b_5e550b5db761aafe09000007,0.3,-0.0,1
bioasq_train,bioasq13b_5d36b5087bc3fee31f000008,0.05,-0.0,1
bioasq_train,bioasq13b_5d36b5087bc3fee31f000008,0.1,-0.0,1
bioasq_train,bioasq13b_5d36b5087bc3fee31f000008,0.15,-0.0,1
bioasq_train,bioasq13b_5d36b5087bc3fee31f000008,0.2,-0.0,1
bioasq_train,bioasq13b_5d36b5087bc3fee31f000008,0.25,-0.0,1
bioasq_train,bioasq13b_5d36b5087bc3fee31f000008,0.3,-0.0,1
bioasq_train,bioasq13b_5d35ebe7b3a6380763000010,0.05,0.14118174150460758,2
bioasq_train,bioasq13b_5d35ebe7b3a6380763000010,0.1,-0.0,1
bioasq_train,bioasq13b_5d35ebe7b3a6380763000010,0.15,-0.0,1
bioasq_train,bioasq13b_5d35ebe7b3a6380763000010,0.2,-0.0,1
bioasq_train,bioasq13b_5d35ebe7b3a6380763000010,0.25,-0.0,1
bioasq_train,bioasq13b_5d35ebe7b3a6380763000010,0.3,-0.0,1
bioasq_train,bioasq13b_5e763366c6a8763d2300000b,0.05,-0.0,1
bioasq_train,bioasq13b_5e763366c6a8763d2300000b,0.1,-0.0,1
bioasq_train,bioasq13b_5e763366c6a8763d2300000b,0.15,-0.0,1
bioasq_train,bioasq13b_5e763366c6a8763d2300000b,0.2,-0.0,1
bioasq_train,bioasq13b_5e763366c6a8763d2300000b,0.25,-0.0,1
bioasq_train,bioasq13b_5e763366c6a8763d2300000b,0.3,-0.0,1
bioasq_train,bioasq13b_5e5d2b4c1af46fc130000008,0.05,-0.0,1
bioasq_train,bioasq13b_5e5d2b4c1af46fc130000008,0.1,-0.0,1
bioasq_train,bioasq13b_5e5d2b4c1af46fc130000008,0.15,-0.0,1
bioasq_train,bioasq13b_5e5d2b4c1af46fc130000008,0.2,-0.0,1
bioasq_train,bioasq13b_5e5d2b4c1af46fc130000008,0.25,-0.0,1
bioasq_train,bioasq13b_5e5d2b4c1af46fc130000008,0.3,-0.0,1
bioasq_train,bioasq13b_5d35f07b7bc3fee31f000003,0.05,0.14118174150460758,2
bioasq_train,bioasq13b_5d35f07b7bc3fee31f000003,0.1,-0.0,1
bioasq_train,bioasq13b_5d35f07b7bc3fee31f000003,0.15,-0.0,1
bioasq_train,bioasq13b_5d35f07b7bc3fee31f000003,0.2,-0.0,1
bioasq_train,bioasq13b_5d35f07b7bc3fee31f000003,0.25,-0.0,1
bioasq_train,bioasq13b_5d35f07b7bc3fee31f000003,0.3,-0.0,1
bioasq_train,bioasq13b_5e499e0a6d0a27794100000b,0.05,-0.0,1
bioasq_train,bioasq13b_5e499e0a6d0a27794100000b,0.1,-0.0,1
bioasq_train,bioasq13b_5e499e0a6d0a27794100000b,0.15,-0.0,1
bioasq_train,bioasq13b_5e499e0a6d0a27794100000b,0.2,-0.0,1
bioasq_train,bioasq13b_5e499e0a6d0a27794100000b,0.25,-0.0,1
bioasq_train,bioasq13b_5e499e0a6d0a27794100000b,0.3,-0.0,1
bioasq_train,bioasq13b_5e550758b761aafe09000005,0.05,-0.0,1
bioasq_train,bioasq13b_5e550758b761aafe09000005,0.1,-0.0,1
bioasq_train,bioasq13b_5e550758b761aafe09000005,0.15,-0.0,1
bioasq_train,bioasq13b_5e550758b761aafe09000005,0.2,-0.0,1
bioasq_train,bioasq13b_5e550758b761aafe09000005,0.25,-0.0,1
bioasq_train,bioasq13b_5e550758b761aafe09000005,0.3,-0.0,1
bioasq_train,bioasq13b_5d35c070b3a6380763000006,0.05,0.4126972515042214,3
bioasq_train,bioasq13b_5d35c070b3a6380763000006,0.1,-0.0,1
bioasq_train,bioasq13b_5d35c070b3a6380763000006,0.15,-0.0,1
bioasq_train,bioasq13b_5d35c070b3a6380763000006,0.2,-0.0,1
bioasq_train,bioasq13b_5d35c070b3a6380763000006,0.25,-0.0,1
bioasq_train,bioasq13b_5d35c070b3a6380763000006,0.3,-0.0,1
bioasq_train,bioasq13b_5e4f2aeb6d0a277941000032,0.05,-0.0,1
bioasq_train,bioasq13b_5e4f2aeb6d0a277941000032,0.1,-0.0,1
bioasq_train,bioasq13b_5e4f2aeb6d0a277941000032,0.15,-0.0,1
bioasq_train,bioasq13b_5e4f2aeb6d0a277941000032,0.2,-0.0,1
bioasq_train,bioasq13b_5e4f2aeb6d0a277941000032,0.25,-0.0,1
bioasq_train,bioasq13b_5e4f2aeb6d0a277941000032,0.3,-0.0,1
bioasq_train,bioasq13b_5d35ca5eb3a6380763000008,0.05,0.14118174150460758,2
bioasq_train,bioasq13b_5d35ca5eb3a6380763000008,0.1,-0.0,1
bioasq_train,bioasq13b_5d35ca5eb3a6380763000008,0.15,-0.0,1
bioasq_train,bioasq13b_5d35ca5eb3a6380763000008,0.2,-0.0,1
bioasq_train,bioasq13b_5d35ca5eb3a6380763000008,0.25,-0.0,1
bioasq_train,bioasq13b_5d35ca5eb3a6380763000008,0.3,-0.0,1
bioasq_train,bioasq13b_5d35d03ab3a6380763000009,0.05,0.21732201127364886,2
bioasq_train,bioasq13b_5d35d03ab3a6380763000009,0.1,-0.0,1
bioasq_train,bioasq13b_5d35d03ab3a6380763000009,0.15,-0.0,1
bioasq_train,bioasq13b_5d35d03ab3a6380763000009,0.2,-0.0,1
bioasq_train,bioasq13b_5d35d03ab3a6380763000009,0.25,-0.0,1
bioasq_train,bioasq13b_5d35d03ab3a6380763000009,0.3,-0.0,1
bioasq_train,bioasq13b_5e3df59348dab47f26000006,0.05,-0.0,1
bioasq_train,bioasq13b_5e3df59348dab47f26000006,0.1,-0.0,1
bioasq_train,bioasq13b_5e3df59348dab47f26000006,0.15,-0.0,1
bioasq_train,bioasq13b_5e3df59348dab47f26000006,0.2,-0.0,1
bioasq_train,bioasq13b_5e3df59348dab47f26000006,0.25,-0.0,1
bioasq_train,bioasq13b_5e3df59348dab47f26000006,0.3,-0.0,1
bioasq_train,bioasq13b_5fdb4364a43ad31278000029,0.05,-0.0,1
bioasq_train,bioasq13b_5fdb4364a43ad31278000029,0.1,-0.0,1
bioasq_train,bioasq13b_5fdb4364a43ad31278000029,0.15,-0.0,1
bioasq_train,bioasq13b_5fdb4364a43ad31278000029,0.2,-0.0,1
bioasq_train,bioasq13b_5fdb4364a43ad31278000029,0.25,-0.0,1
bioasq_train,bioasq13b_5fdb4364a43ad31278000029,0.3,-0.0,1
bioasq_train,bioasq13b_601c13be1cb411341a00000d,0.05,-0.0,1
bioasq_train,bioasq13b_601c13be1cb411341a00000d,0.1,-0.0,1
bioasq_train,bioasq13b_601c13be1cb411341a00000d,0.15,-0.0,1
bioasq_train,bioasq13b_601c13be1cb411341a00000d,0.2,-0.0,1
bioasq_train,bioasq13b_601c13be1cb411341a00000d,0.25,-0.0,1
bioasq_train,bioasq13b_601c13be1cb411341a00000d,0.3,-0.0,1
bioasq_train,bioasq13b_5e722812c6a8763d2300000a,0.05,0.34822537285722394,3
bioasq_train,bioasq13b_5e722812c6a8763d2300000a,0.1,-0.0,1
bioasq_train,bioasq13b_5e722812c6a8763d2300000a,0.15,-0.0,1
bioasq_train,bioasq13b_5e722812c6a8763d2300000a,0.2,-0.0,1
bioasq_train,bioasq13b_5e722812c6a8763d2300000a,0.25,-0.0,1
bioasq_train,bioasq13b_5e722812c6a8763d2300000a,0.3,-0.0,1
bioasq_train,bioasq13b_5e4752933f54159529000018,0.05,-0.0,1
bioasq_train,bioasq13b_5e4752933f54159529000018,0.1,-0.0,1
bioasq_train,bioasq13b_5e4752933f54159529000018,0.15,-0.0,1
bioasq_train,bioasq13b_5e4752933f54159529000018,0.2,-0.0,1
bioasq_train,bioasq13b_5e4752933f54159529000018,0.25,-0.0,1
bioasq_train,bioasq13b_5e4752933f54159529000018,0.3,-0.0,1
bioasq_train,bioasq13b_5fdb2e91a43ad3127800000e,0.05,-0.0,1
bioasq_train,bioasq13b_5fdb2e91a43ad3127800000e,0.1,-0.0,1
bioasq_train,bioasq13b_5fdb2e91a43ad3127800000e,0.15,-0.0,1
bioasq_train,bioasq13b_5fdb2e91a43ad3127800000e,0.2,-0.0,1
bioasq_train,bioasq13b_5fdb2e91a43ad3127800000e,0.25,-0.0,1
bioasq_train,bioasq13b_5fdb2e91a43ad3127800000e,0.3,-0.0,1
bioasq_train,bioasq13b_601d72a31cb411341a000037,0.05,0.2775280104064451,3
bioasq_train,bioasq13b_601d72a31cb411341a000037,0.1,-0.0,1
bioasq_train,bioasq13b_601d72a31cb411341a000037,0.15,-0.0,1
bioasq_train,bioasq13b_601d72a31cb411341a000037,0.2,-0.0,1
bioasq_train,bioasq13b_601d72a31cb411341a000037,0.25,-0.0,1
bioasq_train,bioasq13b_601d72a31cb411341a000037,0.3,-0.0,1
bioasq_train,bioasq13b_5e3393e1fbd6abf43b000063,0.05,-0.0,1
bioasq_train,bioasq13b_5e3393e1fbd6abf43b000063,0.1,-0.0,1
bioasq_train,bioasq13b_5e3393e1fbd6abf43b000063,0.15,-0.0,1
bioasq_train,bioasq13b_5e3393e1fbd6abf43b000063,0.2,-0.0,1
bioasq_train,bioasq13b_5e3393e1fbd6abf43b000063,0.25,-0.0,1
bioasq_train,bioasq13b_5e3393e1fbd6abf43b000063,0.3,-0.0,1
bioasq_train,bioasq13b_601d35111cb411341a00002f,0.05,-0.0,1
bioasq_train,bioasq13b_601d35111cb411341a00002f,0.1,-0.0,1
bioasq_train,bioasq13b_601d35111cb411341a00002f,0.15,-0.0,1
bioasq_train,bioasq13b_601d35111cb411341a00002f,0.2,-0.0,1
bioasq_train,bioasq13b_601d35111cb411341a00002f,0.25,-0.0,1
bioasq_train,bioasq13b_601d35111cb411341a00002f,0.3,-0.0,1
bioasq_train,bioasq13b_5e48bb12d14c9f295d000016,0.05,-0.0,1
bioasq_train,bioasq13b_5e48bb12d14c9f295d000016,0.1,-0.0,1
bioasq_train,bioasq13b_5e48bb12d14c9f295d000016,0.15,-0.0,1
bioasq_train,bioasq13b_5e48bb12d14c9f295d000016,0.2,-0.0,1
bioasq_train,bioasq13b_5e48bb12d14c9f295d000016,0.25,-0.0,1
bioasq_train,bioasq13b_5e48bb12d14c9f295d000016,0.3,-0.0,1
bioasq_train,bioasq13b_5e920ddf2d3121100d00000d,0.05,-0.0,1
bioasq_train,bioasq13b_5e920ddf2d3121100d00000d,0.1,-0.0,1
bioasq_train,bioasq13b_5e920ddf2d3121100d00000d,0.15,-0.0,1
bioasq_train,bioasq13b_5e920ddf2d3121100d00000d,0.2,-0.0,1
bioasq_train,bioasq13b_5e920ddf2d3121100d00000d,0.25,-0.0,1
bioasq_train,bioasq13b_5e920ddf2d3121100d00000d,0.3,-0.0,1
bioasq_train,bioasq13b_5e6e751351b80c9423000005,0.05,-0.0,1
bioasq_train,bioasq13b_5e6e751351b80c9423000005,0.1,-0.0,1
bioasq_train,bioasq13b_5e6e751351b80c9423000005,0.15,-0.0,1
bioasq_train,bioasq13b_5e6e751351b80c9423000005,0.2,-0.0,1
bioasq_train,bioasq13b_5e6e751351b80c9423000005,0.25,-0.0,1
bioasq_train,bioasq13b_5e6e751351b80c9423000005,0.3,-0.0,1
bioasq_train,bioasq13b_5fdb8309a43ad3127800002f,0.05,0.21732201127364886,2
bioasq_train,bioasq13b_5fdb8309a43ad3127800002f,0.1,-0.0,1
bioasq_train,bioasq13b_5fdb8309a43ad3127800002f,0.15,-0.0,1
bioasq_train,bioasq13b_5fdb8309a43ad3127800002f,0.2,-0.0,1
bioasq_train,bioasq13b_5fdb8309a43ad3127800002f,0.25,-0.0,1
bioasq_train,bioasq13b_5fdb8309a43ad3127800002f,0.3,-0.0,1
bioasq_train,bioasq13b_5e67cce31af46fc13000001d,0.05,-0.0,1
bioasq_train,bioasq13b_5e67cce31af46fc13000001d,0.1,-0.0,1
bioasq_train,bioasq13b_5e67cce31af46fc13000001d,0.15,-0.0,1
bioasq_train,bioasq13b_5e67cce31af46fc13000001d,0.2,-0.0,1
bioasq_train,bioasq13b_5e67cce31af46fc13000001d,0.25,-0.0,1
bioasq_train,bioasq13b_5e67cce31af46fc13000001d,0.3,-0.0,1
bioasq_train,bioasq13b_5e339202fbd6abf43b000062,0.05,-0.0,1
bioasq_train,bioasq13b_5e339202fbd6abf43b000062,0.1,-0.0,1
bioasq_train,bioasq13b_5e339202fbd6abf43b000062,0.15,-0.0,1
bioasq_train,bioasq13b_5e339202fbd6abf43b000062,0.2,-0.0,1
bioasq_train,bioasq13b_5e339202fbd6abf43b000062,0.25,-0.0,1
bioasq_train,bioasq13b_5e339202fbd6abf43b000062,0.3,-0.0,1
bioasq_train,bioasq13b_5e67b8bb1af46fc13000001b,0.05,0.21732201127364886,2
bioasq_train,bioasq13b_5e67b8bb1af46fc13000001b,0.1,-0.0,1
bioasq_train,bioasq13b_5e67b8bb1af46fc13000001b,0.15,-0.0,1
bioasq_train,bioasq13b_5e67b8bb1af46fc13000001b,0.2,-0.0,1
bioasq_train,bioasq13b_5e67b8bb1af46fc13000001b,0.25,-0.0,1
bioasq_train,bioasq13b_5e67b8bb1af46fc13000001b,0.3,-0.0,1
bioasq_train,bioasq13b_5e6d1c271af46fc130000020,0.05,-0.0,1
bioasq_train,bioasq13b_5e6d1c271af46fc130000020,0.1,-0.0,1
bioasq_train,bioasq13b_5e6d1c271af46fc130000020,0.15,-0.0,1
bioasq_train,bioasq13b_5e6d1c271af46fc130000020,0.2,-0.0,1
bioasq_train,bioasq13b_5e6d1c271af46fc130000020,0.25,-0.0,1
bioasq_train,bioasq13b_5e6d1c271af46fc130000020,0.3,-0.0,1
bioasq_train,bioasq13b_601d2ec01cb411341a00002d,0.05,-0.0,1
bioasq_train,bioasq13b_601d2ec01cb411341a00002d,0.1,-0.0,1
bioasq_train,bioasq13b_601d2ec01cb411341a00002d,0.15,-0.0,1
bioasq_train,bioasq13b_601d2ec01cb411341a00002d,0.2,-0.0,1
bioasq_train,bioasq13b_601d2ec01cb411341a00002d,0.25,-0.0,1
bioasq_train,bioasq13b_601d2ec01cb411341a00002d,0.3,-0.0,1
bioasq_train,bioasq13b_60259b661cb411341a0000b2,0.05,-0.0,1
bioasq_train,bioasq13b_60259b661cb411341a0000b2,0.1,-0.0,1
bioasq_train,bioasq13b_60259b661cb411341a0000b2,0.15,-0.0,1
bioasq_train,bioasq13b_60259b661cb411341a0000b2,0.2,-0.0,1
bioasq_train,bioasq13b_60259b661cb411341a0000b2,0.25,-0.0,1
bioasq_train,bioasq13b_60259b661cb411341a0000b2,0.3,-0.0,1
bioasq_train,bioasq13b_5e64eef51af46fc130000016,0.05,-0.0,1
bioasq_train,bioasq13b_5e64eef51af46fc130000016,0.1,-0.0,1
bioasq_train,bioasq13b_5e64eef51af46fc130000016,0.15,-0.0,1
bioasq_train,bioasq13b_5e64eef51af46fc130000016,0.2,-0.0,1
bioasq_train,bioasq13b_5e64eef51af46fc130000016,0.25,-0.0,1
bioasq_train,bioasq13b_5e64eef51af46fc130000016,0.3,-0.0,1
bioasq_train,bioasq13b_5e2b2d4afbd6abf43b000008,0.05,-0.0,1
bioasq_train,bioasq13b_5e2b2d4afbd6abf43b000008,0.1,-0.0,1
bioasq_train,bioasq13b_5e2b2d4afbd6abf43b000008,0.15,-0.0,1
bioasq_train,bioasq13b_5e2b2d4afbd6abf43b000008,0.2,-0.0,1
bioasq_train,bioasq13b_5e2b2d4afbd6abf43b000008,0.25,-0.0,1
bioasq_train,bioasq13b_5e2b2d4afbd6abf43b000008,0.3,-0.0,1
bioasq_train,bioasq13b_601c13a91cb411341a00000a,0.05,-0.0,1
bioasq_train,bioasq13b_601c13a91cb411341a00000a,0.1,-0.0,1
bioasq_train,bioasq13b_601c13a91cb411341a00000a,0.15,-0.0,1
bioasq_train,bioasq13b_601c13a91cb411341a00000a,0.2,-0.0,1
bioasq_train,bioasq13b_601c13a91cb411341a00000a,0.25,-0.0,1
bioasq_train,bioasq13b_601c13a91cb411341a00000a,0.3,-0.0,1
bioasq_train,bioasq13b_5fe31306a43ad3127800003c,0.05,-0.0,1
bioasq_train,bioasq13b_5fe31306a43ad3127800003c,0.1,-0.0,1
bioasq_train,bioasq13b_5fe31306a43ad3127800003c,0.15,-0.0,1
bioasq_train,bioasq13b_5fe31306a43ad3127800003c,0.2,-0.0,1
bioasq_train,bioasq13b_5fe31306a43ad3127800003c,0.25,-0.0,1
bioasq_train,bioasq13b_5fe31306a43ad3127800003c,0.3,-0.0,1
bioasq_train,bioasq13b_5fdb2e3ea43ad3127800000b,0.05,-0.0,1
bioasq_train,bioasq13b_5fdb2e3ea43ad3127800000b,0.1,-0.0,1
bioasq_train,bioasq13b_5fdb2e3ea43ad3127800000b,0.15,-0.0,1
bioasq_train,bioasq13b_5fdb2e3ea43ad3127800000b,0.2,-0.0,1
bioasq_train,bioasq13b_5fdb2e3ea43ad3127800000b,0.25,-0.0,1
bioasq_train,bioasq13b_5fdb2e3ea43ad3127800000b,0.3,-0.0,1
bioasq_train,bioasq13b_5eb9a7f60d431b5f7300000c,0.05,-0.0,1
bioasq_train,bioasq13b_5eb9a7f60d431b5f7300000c,0.1,-0.0,1
bioasq_train,bioasq13b_5eb9a7f60d431b5f7300000c,0.15,-0.0,1
bioasq_train,bioasq13b_5eb9a7f60d431b5f7300000c,0.2,-0.0,1
bioasq_train,bioasq13b_5eb9a7f60d431b5f7300000c,0.25,-0.0,1
bioasq_train,bioasq13b_5eb9a7f60d431b5f7300000c,0.3,-0.0,1
bioasq_train,bioasq13b_5fdb43c2a43ad3127800002c,0.05,0.38997287335391506,3
bioasq_train,bioasq13b_5fdb43c2a43ad3127800002c,0.1,0.38997287335391506,3
bioasq_train,bioasq13b_5fdb43c2a43ad3127800002c,0.15,-0.0,1
bioasq_train,bioasq13b_5fdb43c2a43ad3127800002c,0.2,-0.0,1
bioasq_train,bioasq13b_5fdb43c2a43ad3127800002c,0.25,-0.0,1
bioasq_train,bioasq13b_5fdb43c2a43ad3127800002c,0.3,-0.0,1
bioasq_train,bioasq13b_5fdb43d4a43ad3127800002d,0.05,0.5331092497698138,5
bioasq_train,bioasq13b_5fdb43d4a43ad3127800002d,0.1,-0.0,1
bioasq_train,bioasq13b_5fdb43d4a43ad3127800002d,0.15,-0.0,1
bioasq_train,bioasq13b_5fdb43d4a43ad3127800002d,0.2,-0.0,1
bioasq_train,bioasq13b_5fdb43d4a43ad3127800002d,0.25,-0.0,1
bioasq_train,bioasq13b_5fdb43d4a43ad3127800002d,0.3,-0.0,1
bioasq_train,bioasq13b_5fdb4231a43ad31278000020,0.05,0.4096910013008056,3
bioasq_train,bioasq13b_5fdb4231a43ad31278000020,0.1,-0.0,1
bioasq_train,bioasq13b_5fdb4231a43ad31278000020,0.15,-0.0,1
bioasq_train,bioasq13b_5fdb4231a43ad31278000020,0.2,-0.0,1
bioasq_train,bioasq13b_5fdb4231a43ad31278000020,0.25,-0.0,1
bioasq_train,bioasq13b_5fdb4231a43ad31278000020,0.3,-0.0,1
bioasq_train,bioasq13b_6020ae4c1cb411341a000083,0.05,-0.0,1
bioasq_train,bioasq13b_6020ae4c1cb411341a000083,0.1,-0.0,1
bioasq_train,bioasq13b_6020ae4c1cb411341a000083,0.15,-0.0,1
bioasq_train,bioasq13b_6020ae4c1cb411341a000083,0.2,-0.0,1
bioasq_train,bioasq13b_6020ae4c1cb411341a000083,0.25,-0.0,1
bioasq_train,bioasq13b_6020ae4c1cb411341a000083,0.3,-0.0,1
bioasq_train,bioasq13b_6024a5891cb411341a0000a3,0.05,0.2652949955741215,2
bioasq_train,bioasq13b_6024a5891cb411341a0000a3,0.1,-0.0,1
bioasq_train,bioasq13b_6024a5891cb411341a0000a3,0.15,-0.0,1
bioasq_train,bioasq13b_6024a5891cb411341a0000a3,0.2,-0.0,1
bioasq_train,bioasq13b_6024a5891cb411341a0000a3,0.25,-0.0,1
bioasq_train,bioasq13b_6024a5891cb411341a0000a3,0.3,-0.0,1
bioasq_train,bioasq13b_602c1fcc1cb411341a000120,0.05,-0.0,1
bioasq_train,bioasq13b_602c1fcc1cb411341a000120,0.1,-0.0,1
bioasq_train,bioasq13b_602c1fcc1cb411341a000120,0.15,-0.0,1
bioasq_train,bioasq13b_602c1fcc1cb411341a000120,0.2,-0.0,1
bioasq_train,bioasq13b_602c1fcc1cb411341a000120,0.25,-0.0,1
bioasq_train,bioasq13b_602c1fcc1cb411341a000120,0.3,-0.0,1
bioasq_train,bioasq13b_60327f331cb411341a00013f,0.05,-0.0,1
bioasq_train,bioasq13b_60327f331cb411341a00013f,0.1,-0.0,1
bioasq_train,bioasq13b_60327f331cb411341a00013f,0.15,-0.0,1
bioasq_train,bioasq13b_60327f331cb411341a00013f,0.2,-0.0,1
bioasq_train,bioasq13b_60327f331cb411341a00013f,0.25,-0.0,1
bioasq_train,bioasq13b_60327f331cb411341a00013f,0.3,-0.0,1
bioasq_train,bioasq13b_6053c11094d57fd87900001a,0.05,-0.0,1
bioasq_train,bioasq13b_6053c11094d57fd87900001a,0.1,-0.0,1
bioasq_train,bioasq13b_6053c11094d57fd87900001a,0.15,-0.0,1
bioasq_train,bioasq13b_6053c11094d57fd87900001a,0.2,-0.0,1
bioasq_train,bioasq13b_6053c11094d57fd87900001a,0.25,-0.0,1
bioasq_train,bioasq13b_6053c11094d57fd87900001a,0.3,-0.0,1
bioasq_train,bioasq13b_60550d2994d57fd87900001b,0.05,0.2652949955741215,2
bioasq_train,bioasq13b_60550d2994d57fd87900001b,0.1,-0.0,1
bioasq_train,bioasq13b_60550d2994d57fd87900001b,0.15,-0.0,1
bioasq_train,bioasq13b_60550d2994d57fd87900001b,0.2,-0.0,1
bioasq_train,bioasq13b_60550d2994d57fd87900001b,0.25,-0.0,1
bioasq_train,bioasq13b_60550d2994d57fd87900001b,0.3,-0.0,1
bioasq_train,bioasq13b_60527fc794d57fd879000013,0.05,-0.0,1
bioasq_train,bioasq13b_60527fc794d57fd879000013,0.1,-0.0,1
bioasq_train,bioasq13b_60527fc794d57fd879000013,0.15,-0.0,1
bioasq_train,bioasq13b_60527fc794d57fd879000013,0.2,-0.0,1
bioasq_train,bioasq13b_60527fc794d57fd879000013,0.25,-0.0,1
bioasq_train,bioasq13b_60527fc794d57fd879000013,0.3,-0.0,1
bioasq_train,bioasq13b_604cda0994d57fd879000002,0.05,0.38997287335391506,3
bioasq_train,bioasq13b_604cda0994d57fd879000002,0.1,0.14118174150460758,2
bioasq_train,bioasq13b_604cda0994d57fd879000002,0.15,-0.0,1
bioasq_train,bioasq13b_604cda0994d57fd879000002,0.2,-0.0,1
bioasq_train,bioasq13b_604cda0994d57fd879000002,0.25,-0.0,1
bioasq_train,bioasq13b_604cda0994d57fd879000002,0.3,-0.0,1
bioasq_train,bioasq13b_604cda2f94d57fd879000004,0.05,-0.0,1
bioasq_train,bioasq13b_604cda2f94d57fd879000004,0.1,-0.0,1
bioasq_train,bioasq13b_604cda2f94d57fd879000004,0.15,-0.0,1
bioasq_train,bioasq13b_604cda2f94d57fd879000004,0.2,-0.0,1
bioasq_train,bioasq13b_604cda2f94d57fd879000004,0.25,-0.0,1
bioasq_train,bioasq13b_604cda2f94d57fd879000004,0.3,-0.0,1
bioasq_train,bioasq13b_6057a3bf94d57fd879000030,0.05,-0.0,1
bioasq_train,bioasq13b_6057a3bf94d57fd879000030,0.1,-0.0,1
bioasq_train,bioasq13b_6057a3bf94d57fd879000030,0.15,-0.0,1
bioasq_train,bioasq13b_6057a3bf94d57fd879000030,0.2,-0.0,1
bioasq_train,bioasq13b_6057a3bf94d57fd879000030,0.25,-0.0,1
bioasq_train,bioasq13b_6057a3bf94d57fd879000030,0.3,-0.0,1
bioasq_train,bioasq13b_5e9ef62f0d431b5f73000006,0.05,-0.0,1
bioasq_train,bioasq13b_5e9ef62f0d431b5f73000006,0.1,-0.0,1
bioasq_train,bioasq13b_5e9ef62f0d431b5f73000006,0.15,-0.0,1
bioasq_train,bioasq13b_5e9ef62f0d431b5f73000006,0.2,-0.0,1
bioasq_train,bioasq13b_5e9ef62f0d431b5f73000006,0.25,-0.0,1
bioasq_train,bioasq13b_5e9ef62f0d431b5f73000006,0.3,-0.0,1
bioasq_train,bioasq13b_602969061cb411341a000114,0.05,-0.0,1
bioasq_train,bioasq13b_602969061cb411341a000114,0.1,-0.0,1
bioasq_train,bioasq13b_602969061cb411341a000114,0.15,-0.0,1
bioasq_train,bioasq13b_602969061cb411341a000114,0.2,-0.0,1
bioasq_train,bioasq13b_602969061cb411341a000114,0.25,-0.0,1
bioasq_train,bioasq13b_602969061cb411341a000114,0.3,-0.0,1
bioasq_train,bioasq13b_60321c531cb411341a000135,0.05,-0.0,1
bioasq_train,bioasq13b_60321c531cb411341a000135,0.1,-0.0,1
bioasq_train,bioasq13b_60321c531cb411341a000135,0.15,-0.0,1
bioasq_train,bioasq13b_60321c531cb411341a000135,0.2,-0.0,1
bioasq_train,bioasq13b_60321c531cb411341a000135,0.25,-0.0,1
bioasq_train,bioasq13b_60321c531cb411341a000135,0.3,-0.0,1
bioasq_train,bioasq13b_601ebe451cb411341a00005e,0.05,-0.0,1
bioasq_train,bioasq13b_601ebe451cb411341a00005e,0.1,-0.0,1
bioasq_train,bioasq13b_601ebe451cb411341a00005e,0.15,-0.0,1
bioasq_train,bioasq13b_601ebe451cb411341a00005e,0.2,-0.0,1
bioasq_train,bioasq13b_601ebe451cb411341a00005e,0.25,-0.0,1
bioasq_train,bioasq13b_601ebe451cb411341a00005e,0.3,-0.0,1
bioasq_train,bioasq13b_5e4bf7876d0a27794100002c,0.05,0.7364516253185087,6
bioasq_train,bioasq13b_5e4bf7876d0a27794100002c,0.1,0.30102999566398114,2
bioasq_train,bioasq13b_5e4bf7876d0a27794100002c,0.15,-0.0,1
bioasq_train,bioasq13b_5e4bf7876d0a27794100002c,0.2,-0.0,1
bioasq_train,bioasq13b_5e4bf7876d0a27794100002c,0.25,-0.0,1
bioasq_train,bioasq13b_5e4bf7876d0a27794100002c,0.3,-0.0,1
bioasq_train,bioasq13b_602c21501cb411341a000121,0.05,0.14118174150460758,2
bioasq_train,bioasq13b_602c21501cb411341a000121,0.1,0.14118174150460758,2
bioasq_train,bioasq13b_602c21501cb411341a000121,0.15,-0.0,1
bioasq_train,bioasq13b_602c21501cb411341a000121,0.2,-0.0,1
bioasq_train,bioasq13b_602c21501cb411341a000121,0.25,-0.0,1
bioasq_train,bioasq13b_602c21501cb411341a000121,0.3,-0.0,1
bioasq_train,bioasq13b_6025f7dc1cb411341a0000bd,0.05,-0.0,1
bioasq_train,bioasq13b_6025f7dc1cb411341a0000bd,0.1,-0.0,1
bioasq_train,bioasq13b_6025f7dc1cb411341a0000bd,0.15,-0.0,1
bioasq_train,bioasq13b_6025f7dc1cb411341a0000bd,0.2,-0.0,1
bioasq_train,bioasq13b_6025f7dc1cb411341a0000bd,0.25,-0.0,1
bioasq_train,bioasq13b_6025f7dc1cb411341a0000bd,0.3,-0.0,1
bioasq_train,bioasq13b_5fdb41a2a43ad3127800001c,0.05,-0.0,1
bioasq_train,bioasq13b_5fdb41a2a43ad3127800001c,0.1,-0.0,1
bioasq_train,bioasq13b_5fdb41a2a43ad3127800001c,0.15,-0.0,1
bioasq_train,bioasq13b_5fdb41a2a43ad3127800001c,0.2,-0.0,1
bioasq_train,bioasq13b_5fdb41a2a43ad3127800001c,0.25,-0.0,1
bioasq_train,bioasq13b_5fdb41a2a43ad3127800001c,0.3,-0.0,1
bioasq_train,bioasq13b_602c1dc41cb411341a00011f,0.05,-0.0,1
bioasq_train,bioasq13b_602c1dc41cb411341a00011f,0.1,-0.0,1
bioasq_train,bioasq13b_602c1dc41cb411341a00011f,0.15,-0.0,1
bioasq_train,bioasq13b_602c1dc41cb411341a00011f,0.2,-0.0,1
bioasq_train,bioasq13b_602c1dc41cb411341a00011f,0.25,-0.0,1
bioasq_train,bioasq13b_602c1dc41cb411341a00011f,0.3,-0.0,1
bioasq_train,bioasq13b_6032866a1cb411341a000142,0.05,-0.0,1
bioasq_train,bioasq13b_6032866a1cb411341a000142,0.1,-0.0,1
bioasq_train,bioasq13b_6032866a1cb411341a000142,0.15,-0.0,1
bioasq_train,bioasq13b_6032866a1cb411341a000142,0.2,-0.0,1
bioasq_train,bioasq13b_6032866a1cb411341a000142,0.25,-0.0,1
bioasq_train,bioasq13b_6032866a1cb411341a000142,0.3,-0.0,1
bioasq_train,bioasq13b_60490a0f1cb411341a000165,0.05,-0.0,1
bioasq_train,bioasq13b_60490a0f1cb411341a000165,0.1,-0.0,1
bioasq_train,bioasq13b_60490a0f1cb411341a000165,0.15,-0.0,1
bioasq_train,bioasq13b_60490a0f1cb411341a000165,0.2,-0.0,1
bioasq_train,bioasq13b_60490a0f1cb411341a000165,0.25,-0.0,1
bioasq_train,bioasq13b_60490a0f1cb411341a000165,0.3,-0.0,1
bioasq_train,bioasq13b_602c1c701cb411341a00011d,0.05,-0.0,1
bioasq_train,bioasq13b_602c1c701cb411341a00011d,0.1,-0.0,1
bioasq_train,bioasq13b_602c1c701cb411341a00011d,0.15,-0.0,1
bioasq_train,bioasq13b_602c1c701cb411341a00011d,0.2,-0.0,1
bioasq_train,bioasq13b_602c1c701cb411341a00011d,0.25,-0.0,1
bioasq_train,bioasq13b_602c1c701cb411341a00011d,0.3,-0.0,1
bioasq_train,bioasq13b_60491db71cb411341a00016e,0.05,-0.0,1
bioasq_train,bioasq13b_60491db71cb411341a00016e,0.1,-0.0,1
bioasq_train,bioasq13b_60491db71cb411341a00016e,0.15,-0.0,1
bioasq_train,bioasq13b_60491db71cb411341a00016e,0.2,-0.0,1
bioasq_train,bioasq13b_60491db71cb411341a00016e,0.25,-0.0,1
bioasq_train,bioasq13b_60491db71cb411341a00016e,0.3,-0.0,1
bioasq_train,bioasq13b_5fdb4148a43ad31278000018,0.05,0.5301029995663982,4
bioasq_train,bioasq13b_5fdb4148a43ad31278000018,0.1,0.2652949955741215,2
bioasq_train,bioasq13b_5fdb4148a43ad31278000018,0.15,-0.0,1
bioasq_train,bioasq13b_5fdb4148a43ad31278000018,0.2,-0.0,1
bioasq_train,bioasq13b_5fdb4148a43ad31278000018,0.25,-0.0,1
bioasq_train,bioasq13b_5fdb4148a43ad31278000018,0.3,-0.0,1
bioasq_train,bioasq13b_60266cf31cb411341a0000c4,0.05,0.14118174150460758,2
bioasq_train,bioasq13b_60266cf31cb411341a0000c4,0.1,-0.0,1
bioasq_train,bioasq13b_60266cf31cb411341a0000c4,0.15,-0.0,1
bioasq_train,bioasq13b_60266cf31cb411341a0000c4,0.2,-0.0,1
bioasq_train,bioasq13b_60266cf31cb411341a0000c4,0.25,-0.0,1
bioasq_train,bioasq13b_60266cf31cb411341a0000c4,0.3,-0.0,1
bioasq_train,bioasq13b_6033fae11cb411341a00014d,0.05,-0.0,1
bioasq_train,bioasq13b_6033fae11cb411341a00014d,0.1,-0.0,1
bioasq_train,bioasq13b_6033fae11cb411341a00014d,0.15,-0.0,1
bioasq_train,bioasq13b_6033fae11cb411341a00014d,0.2,-0.0,1
bioasq_train,bioasq13b_6033fae11cb411341a00014d,0.25,-0.0,1
bioasq_train,bioasq13b_6033fae11cb411341a00014d,0.3,-0.0,1
bioasq_train,bioasq13b_601d73501cb411341a00003b,0.05,-0.0,1
bioasq_train,bioasq13b_601d73501cb411341a00003b,0.1,-0.0,1
bioasq_train,bioasq13b_601d73501cb411341a00003b,0.15,-0.0,1
bioasq_train,bioasq13b_601d73501cb411341a00003b,0.2,-0.0,1
bioasq_train,bioasq13b_601d73501cb411341a00003b,0.25,-0.0,1
bioasq_train,bioasq13b_601d73501cb411341a00003b,0.3,-0.0,1
bioasq_train,bioasq13b_601d742e1cb411341a000040,0.05,-0.0,1
bioasq_train,bioasq13b_601d742e1cb411341a000040,0.1,-0.0,1
bioasq_train,bioasq13b_601d742e1cb411341a000040,0.15,-0.0,1
bioasq_train,bioasq13b_601d742e1cb411341a000040,0.2,-0.0,1
bioasq_train,bioasq13b_601d742e1cb411341a000040,0.25,-0.0,1
bioasq_train,bioasq13b_601d742e1cb411341a000040,0.3,-0.0,1
bioasq_train,bioasq13b_5fe31310a43ad31278000041,0.05,0.21732201127364886,2
bioasq_train,bioasq13b_5fe31310a43ad31278000041,0.1,0.21732201127364886,2
bioasq_train,bioasq13b_5fe31310a43ad31278000041,0.15,-0.0,1
bioasq_train,bioasq13b_5fe31310a43ad31278000041,0.2,-0.0,1
bioasq_train,bioasq13b_5fe31310a43ad31278000041,0.25,-0.0,1
bioasq_train,bioasq13b_5fe31310a43ad31278000041,0.3,-0.0,1
bioasq_train,bioasq13b_6028196e1cb411341a0000f2,0.05,-0.0,1
bioasq_train,bioasq13b_6028196e1cb411341a0000f2,0.1,-0.0,1
bioasq_train,bioasq13b_6028196e1cb411341a0000f2,0.15,-0.0,1
bioasq_train,bioasq13b_6028196e1cb411341a0000f2,0.2,-0.0,1
bioasq_train,bioasq13b_6028196e1cb411341a0000f2,0.25,-0.0,1
bioasq_train,bioasq13b_6028196e1cb411341a0000f2,0.3,-0.0,1
bioasq_train,bioasq13b_602c19f11cb411341a00011b,0.05,-0.0,1
bioasq_train,bioasq13b_602c19f11cb411341a00011b,0.1,-0.0,1
bioasq_train,bioasq13b_602c19f11cb411341a00011b,0.15,-0.0,1
bioasq_train,bioasq13b_602c19f11cb411341a00011b,0.2,-0.0,1
bioasq_train,bioasq13b_602c19f11cb411341a00011b,0.25,-0.0,1
bioasq_train,bioasq13b_602c19f11cb411341a00011b,0.3,-0.0,1
bioasq_train,bioasq13b_601d725d1cb411341a000036,0.05,-0.0,1
bioasq_train,bioasq13b_601d725d1cb411341a000036,0.1,-0.0,1
bioasq_train,bioasq13b_601d725d1cb411341a000036,0.15,-0.0,1
bioasq_train,bioasq13b_601d725d1cb411341a000036,0.2,-0.0,1
bioasq_train,bioasq13b_601d725d1cb411341a000036,0.25,-0.0,1
bioasq_train,bioasq13b_601d725d1cb411341a000036,0.3,-0.0,1
bioasq_train,bioasq13b_601c48c11cb411341a00001e,0.05,-0.0,1
bioasq_train,bioasq13b_601c48c11cb411341a00001e,0.1,-0.0,1
bioasq_train,bioasq13b_601c48c11cb411341a00001e,0.15,-0.0,1
bioasq_train,bioasq13b_601c48c11cb411341a00001e,0.2,-0.0,1
bioasq_train,bioasq13b_601c48c11cb411341a00001e,0.25,-0.0,1
bioasq_train,bioasq13b_601c48c11cb411341a00001e,0.3,-0.0,1
bioasq_train,bioasq13b_604b6bec1cb411341a000170,0.05,-0.0,1
bioasq_train,bioasq13b_604b6bec1cb411341a000170,0.1,-0.0,1
bioasq_train,bioasq13b_604b6bec1cb411341a000170,0.15,-0.0,1
bioasq_train,bioasq13b_604b6bec1cb411341a000170,0.2,-0.0,1
bioasq_train,bioasq13b_604b6bec1cb411341a000170,0.25,-0.0,1
bioasq_train,bioasq13b_604b6bec1cb411341a000170,0.3,-0.0,1
bioasq_train,bioasq13b_5fe31318a43ad31278000045,0.05,0.29228525323862886,2
bioasq_train,bioasq13b_5fe31318a43ad31278000045,0.1,-0.0,1
bioasq_train,bioasq13b_5fe31318a43ad31278000045,0.15,-0.0,1
bioasq_train,bioasq13b_5fe31318a43ad31278000045,0.2,-0.0,1
bioasq_train,bioasq13b_5fe31318a43ad31278000045,0.25,-0.0,1
bioasq_train,bioasq13b_5fe31318a43ad31278000045,0.3,-0.0,1
bioasq_train,bioasq13b_6027fa581cb411341a0000ee,0.05,0.2652949955741215,2
bioasq_train,bioasq13b_6027fa581cb411341a0000ee,0.1,-0.0,1
bioasq_train,bioasq13b_6027fa581cb411341a0000ee,0.15,-0.0,1
bioasq_train,bioasq13b_6027fa581cb411341a0000ee,0.2,-0.0,1
bioasq_train,bioasq13b_6027fa581cb411341a0000ee,0.25,-0.0,1
bioasq_train,bioasq13b_6027fa581cb411341a0000ee,0.3,-0.0,1
bioasq_train,bioasq13b_606b79da94d57fd87900006e,0.05,-0.0,1
bioasq_train,bioasq13b_606b79da94d57fd87900006e,0.1,-0.0,1
bioasq_train,bioasq13b_606b79da94d57fd87900006e,0.15,-0.0,1
bioasq_train,bioasq13b_606b79da94d57fd87900006e,0.2,-0.0,1
bioasq_train,bioasq13b_606b79da94d57fd87900006e,0.25,-0.0,1
bioasq_train,bioasq13b_606b79da94d57fd87900006e,0.3,-0.0,1
bioasq_train,bioasq13b_6026b0e01cb411341a0000ca,0.05,0.29228525323862886,2
bioasq_train,bioasq13b_6026b0e01cb411341a0000ca,0.1,-0.0,1
bioasq_train,bioasq13b_6026b0e01cb411341a0000ca,0.15,-0.0,1
bioasq_train,bioasq13b_6026b0e01cb411341a0000ca,0.2,-0.0,1
bioasq_train,bioasq13b_6026b0e01cb411341a0000ca,0.25,-0.0,1
bioasq_train,bioasq13b_6026b0e01cb411341a0000ca,0.3,-0.0,1
bioasq_train,bioasq13b_602745c51cb411341a0000de,0.05,-0.0,1
bioasq_train,bioasq13b_602745c51cb411341a0000de,0.1,-0.0,1
bioasq_train,bioasq13b_602745c51cb411341a0000de,0.15,-0.0,1
bioasq_train,bioasq13b_602745c51cb411341a0000de,0.2,-0.0,1
bioasq_train,bioasq13b_602745c51cb411341a0000de,0.25,-0.0,1
bioasq_train,bioasq13b_602745c51cb411341a0000de,0.3,-0.0,1
bioasq_train,bioasq13b_5fdb40eba43ad31278000014,0.05,0.30102999566398114,2
bioasq_train,bioasq13b_5fdb40eba43ad31278000014,0.1,0.30102999566398114,2
bioasq_train,bioasq13b_5fdb40eba43ad31278000014,0.15,-0.0,1
bioasq_train,bioasq13b_5fdb40eba43ad31278000014,0.2,-0.0,1
bioasq_train,bioasq13b_5fdb40eba43ad31278000014,0.25,-0.0,1
bioasq_train,bioasq13b_5fdb40eba43ad31278000014,0.3,-0.0,1
bioasq_train,bioasq13b_6032536a1cb411341a00013b,0.05,-0.0,1
bioasq_train,bioasq13b_6032536a1cb411341a00013b,0.1,-0.0,1
bioasq_train,bioasq13b_6032536a1cb411341a00013b,0.15,-0.0,1
bioasq_train,bioasq13b_6032536a1cb411341a00013b,0.2,-0.0,1
bioasq_train,bioasq13b_6032536a1cb411341a00013b,0.25,-0.0,1
bioasq_train,bioasq13b_6032536a1cb411341a00013b,0.3,-0.0,1
bioasq_train,bioasq13b_6053be3594d57fd879000019,0.05,-0.0,1
bioasq_train,bioasq13b_6053be3594d57fd879000019,0.1,-0.0,1
bioasq_train,bioasq13b_6053be3594d57fd879000019,0.15,-0.0,1
bioasq_train,bioasq13b_6053be3594d57fd879000019,0.2,-0.0,1
bioasq_train,bioasq13b_6053be3594d57fd879000019,0.25,-0.0,1
bioasq_train,bioasq13b_6053be3594d57fd879000019,0.3,-0.0,1
bioasq_train,bioasq13b_60249aa31cb411341a0000a0,0.05,-0.0,1
bioasq_train,bioasq13b_60249aa31cb411341a0000a0,0.1,-0.0,1
bioasq_train,bioasq13b_60249aa31cb411341a0000a0,0.15,-0.0,1
bioasq_train,bioasq13b_60249aa31cb411341a0000a0,0.2,-0.0,1
bioasq_train,bioasq13b_60249aa31cb411341a0000a0,0.25,-0.0,1
bioasq_train,bioasq13b_60249aa31cb411341a0000a0,0.3,-0.0,1
bioasq_train,bioasq13b_6081b9d64e6a4cf63000000b,0.05,0.6535212480354062,5
bioasq_train,bioasq13b_6081b9d64e6a4cf63000000b,0.1,0.30102999566398114,2
bioasq_train,bioasq13b_6081b9d64e6a4cf63000000b,0.15,-0.0,1
bioasq_train,bioasq13b_6081b9d64e6a4cf63000000b,0.2,-0.0,1
bioasq_train,bioasq13b_6081b9d64e6a4cf63000000b,0.25,-0.0,1
bioasq_train,bioasq13b_6081b9d64e6a4cf63000000b,0.3,-0.0,1
bioasq_train,bioasq13b_5eb504560d431b5f7300000b,0.05,0.5183520069376301,4
bioasq_train,bioasq13b_5eb504560d431b5f7300000b,0.1,-0.0,1
bioasq_train,bioasq13b_5eb504560d431b5f7300000b,0.15,-0.0,1
bioasq_train,bioasq13b_5eb504560d431b5f7300000b,0.2,-0.0,1
bioasq_train,bioasq13b_5eb504560d431b5f7300000b,0.25,-0.0,1
bioasq_train,bioasq13b_5eb504560d431b5f7300000b,0.3,-0.0,1
bioasq_train,bioasq13b_606bfca094d57fd879000072,0.05,-0.0,1
bioasq_train,bioasq13b_606bfca094d57fd879000072,0.1,-0.0,1
bioasq_train,bioasq13b_606bfca094d57fd879000072,0.15,-0.0,1
bioasq_train,bioasq13b_606bfca094d57fd879000072,0.2,-0.0,1
bioasq_train,bioasq13b_606bfca094d57fd879000072,0.25,-0.0,1
bioasq_train,bioasq13b_606bfca094d57fd879000072,0.3,-0.0,1
bioasq_train,bioasq13b_601ffa7a1cb411341a000078,0.05,-0.0,1
bioasq_train,bioasq13b_601ffa7a1cb411341a000078,0.1,-0.0,1
bioasq_train,bioasq13b_601ffa7a1cb411341a000078,0.15,-0.0,1
bioasq_train,bioasq13b_601ffa7a1cb411341a000078,0.2,-0.0,1
bioasq_train,bioasq13b_601ffa7a1cb411341a000078,0.25,-0.0,1
bioasq_train,bioasq13b_601ffa7a1cb411341a000078,0.3,-0.0,1
bioasq_train,bioasq13b_602c192c1cb411341a000119,0.05,-0.0,1
bioasq_train,bioasq13b_602c192c1cb411341a000119,0.1,-0.0,1
bioasq_train,bioasq13b_602c192c1cb411341a000119,0.15,-0.0,1
bioasq_train,bioasq13b_602c192c1cb411341a000119,0.2,-0.0,1
bioasq_train,bioasq13b_602c192c1cb411341a000119,0.25,-0.0,1
bioasq_train,bioasq13b_602c192c1cb411341a000119,0.3,-0.0,1
bioasq_train,bioasq13b_604d41ba94d57fd879000005,0.05,0.2775280104064451,3
bioasq_train,bioasq13b_604d41ba94d57fd879000005,0.1,-0.0,1
bioasq_train,bioasq13b_604d41ba94d57fd879000005,0.15,-0.0,1
bioasq_train,bioasq13b_604d41ba94d57fd879000005,0.2,-0.0,1
bioasq_train,bioasq13b_604d41ba94d57fd879000005,0.25,-0.0,1
bioasq_train,bioasq13b_604d41ba94d57fd879000005,0.3,-0.0,1
bioasq_train,bioasq13b_601ec6e11cb411341a000064,0.05,0.14118174150460758,2
bioasq_train,bioasq13b_601ec6e11cb411341a000064,0.1,0.14118174150460758,2
bioasq_train,bioasq13b_601ec6e11cb411341a000064,0.15,-0.0,1
bioasq_train,bioasq13b_601ec6e11cb411341a000064,0.2,-0.0,1
bioasq_train,bioasq13b_601ec6e11cb411341a000064,0.25,-0.0,1
bioasq_train,bioasq13b_601ec6e11cb411341a000064,0.3,-0.0,1
bioasq_train,bioasq13b_606b61f794d57fd879000068,0.05,-0.0,1
bioasq_train,bioasq13b_606b61f794d57fd879000068,0.1,-0.0,1
bioasq_train,bioasq13b_606b61f794d57fd879000068,0.15,-0.0,1
bioasq_train,bioasq13b_606b61f794d57fd879000068,0.2,-0.0,1
bioasq_train,bioasq13b_606b61f794d57fd879000068,0.25,-0.0,1
bioasq_train,bioasq13b_606b61f794d57fd879000068,0.3,-0.0,1
bioasq_train,bioasq13b_601c0b071cb411341a000009,0.05,-0.0,1
bioasq_train,bioasq13b_601c0b071cb411341a000009,0.1,-0.0,1
bioasq_train,bioasq13b_601c0b071cb411341a000009,0.15,-0.0,1
bioasq_train,bioasq13b_601c0b071cb411341a000009,0.2,-0.0,1
bioasq_train,bioasq13b_601c0b071cb411341a000009,0.25,-0.0,1
bioasq_train,bioasq13b_601c0b071cb411341a000009,0.3,-0.0,1
bioasq_train,bioasq13b_5fe3130fa43ad31278000040,0.05,-0.0,1
bioasq_train,bioasq13b_5fe3130fa43ad31278000040,0.1,-0.0,1
bioasq_train,bioasq13b_5fe3130fa43ad31278000040,0.15,-0.0,1
bioasq_train,bioasq13b_5fe3130fa43ad31278000040,0.2,-0.0,1
bioasq_train,bioasq13b_5fe3130fa43ad31278000040,0.25,-0.0,1
bioasq_train,bioasq13b_5fe3130fa43ad31278000040,0.3,-0.0,1
bioasq_train,bioasq13b_6032722f1cb411341a00013d,0.05,-0.0,1
bioasq_train,bioasq13b_6032722f1cb411341a00013d,0.1,-0.0,1
bioasq_train,bioasq13b_6032722f1cb411341a00013d,0.15,-0.0,1
bioasq_train,bioasq13b_6032722f1cb411341a00013d,0.2,-0.0,1
bioasq_train,bioasq13b_6032722f1cb411341a00013d,0.25,-0.0,1
bioasq_train,bioasq13b_6032722f1cb411341a00013d,0.3,-0.0,1
bioasq_train,bioasq13b_606ae55d94d57fd879000057,0.05,-0.0,1
bioasq_train,bioasq13b_606ae55d94d57fd879000057,0.1,-0.0,1
bioasq_train,bioasq13b_606ae55d94d57fd879000057,0.15,-0.0,1
bioasq_train,bioasq13b_606ae55d94d57fd879000057,0.2,-0.0,1
bioasq_train,bioasq13b_606ae55d94d57fd879000057,0.25,-0.0,1
bioasq_train,bioasq13b_606ae55d94d57fd879000057,0.3,-0.0,1
bioasq_train,bioasq13b_60291a0c1cb411341a00010d,0.05,-0.0,1
bioasq_train,bioasq13b_60291a0c1cb411341a00010d,0.1,-0.0,1
bioasq_train,bioasq13b_60291a0c1cb411341a00010d,0.15,-0.0,1
bioasq_train,bioasq13b_60291a0c1cb411341a00010d,0.2,-0.0,1
bioasq_train,bioasq13b_60291a0c1cb411341a00010d,0.25,-0.0,1
bioasq_train,bioasq13b_60291a0c1cb411341a00010d,0.3,-0.0,1
bioasq_train,bioasq13b_604bc5b41cb411341a000173,0.05,-0.0,1
bioasq_train,bioasq13b_604bc5b41cb411341a000173,0.1,-0.0,1
bioasq_train,bioasq13b_604bc5b41cb411341a000173,0.15,-0.0,1
bioasq_train,bioasq13b_604bc5b41cb411341a000173,0.2,-0.0,1
bioasq_train,bioasq13b_604bc5b41cb411341a000173,0.25,-0.0,1
bioasq_train,bioasq13b_604bc5b41cb411341a000173,0.3,-0.0,1
bioasq_train,bioasq13b_606b3ce794d57fd879000065,0.05,-0.0,1
bioasq_train,bioasq13b_606b3ce794d57fd879000065,0.1,-0.0,1
bioasq_train,bioasq13b_606b3ce794d57fd879000065,0.15,-0.0,1
bioasq_train,bioasq13b_606b3ce794d57fd879000065,0.2,-0.0,1
bioasq_train,bioasq13b_606b3ce794d57fd879000065,0.25,-0.0,1
bioasq_train,bioasq13b_606b3ce794d57fd879000065,0.3,-0.0,1
bioasq_train,bioasq13b_601cba001cb411341a000028,0.05,-0.0,1
bioasq_train,bioasq13b_601cba001cb411341a000028,0.1,-0.0,1
bioasq_train,bioasq13b_601cba001cb411341a000028,0.15,-0.0,1
bioasq_train,bioasq13b_601cba001cb411341a000028,0.2,-0.0,1
bioasq_train,bioasq13b_601cba001cb411341a000028,0.25,-0.0,1
bioasq_train,bioasq13b_601cba001cb411341a000028,0.3,-0.0,1
bioasq_train,bioasq13b_601c4a0a1cb411341a00001f,0.05,-0.0,1
bioasq_train,bioasq13b_601c4a0a1cb411341a00001f,0.1,-0.0,1
bioasq_train,bioasq13b_601c4a0a1cb411341a00001f,0.15,-0.0,1
bioasq_train,bioasq13b_601c4a0a1cb411341a00001f,0.2,-0.0,1
bioasq_train,bioasq13b_601c4a0a1cb411341a00001f,0.25,-0.0,1
bioasq_train,bioasq13b_601c4a0a1cb411341a00001f,0.3,-0.0,1
bioasq_train,bioasq13b_606ad2ab94d57fd879000053,0.05,-0.0,1
bioasq_train,bioasq13b_606ad2ab94d57fd879000053,0.1,-0.0,1
bioasq_train,bioasq13b_606ad2ab94d57fd879000053,0.15,-0.0,1
bioasq_train,bioasq13b_606ad2ab94d57fd879000053,0.2,-0.0,1
bioasq_train,bioasq13b_606ad2ab94d57fd879000053,0.25,-0.0,1
bioasq_train,bioasq13b_606ad2ab94d57fd879000053,0.3,-0.0,1
bioasq_train,bioasq13b_5fdb4112a43ad31278000016,0.05,0.29228525323862886,2
bioasq_train,bioasq13b_5fdb4112a43ad31278000016,0.1,-0.0,1
bioasq_train,bioasq13b_5fdb4112a43ad31278000016,0.15,-0.0,1
bioasq_train,bioasq13b_5fdb4112a43ad31278000016,0.2,-0.0,1
bioasq_train,bioasq13b_5fdb4112a43ad31278000016,0.25,-0.0,1
bioasq_train,bioasq13b_5fdb4112a43ad31278000016,0.3,-0.0,1
bioasq_train,bioasq13b_606b3f4d94d57fd879000066,0.05,0.29228525323862886,2
bioasq_train,bioasq13b_606b3f4d94d57fd879000066,0.1,-0.0,1
bioasq_train,bioasq13b_606b3f4d94d57fd879000066,0.15,-0.0,1
bioasq_train,bioasq13b_606b3f4d94d57fd879000066,0.2,-0.0,1
bioasq_train,bioasq13b_606b3f4d94d57fd879000066,0.25,-0.0,1
bioasq_train,bioasq13b_606b3f4d94d57fd879000066,0.3,-0.0,1
bioasq_train,bioasq13b_60290f741cb411341a00010b,0.05,-0.0,1
bioasq_train,bioasq13b_60290f741cb411341a00010b,0.1,-0.0,1
bioasq_train,bioasq13b_60290f741cb411341a00010b,0.15,-0.0,1
bioasq_train,bioasq13b_60290f741cb411341a00010b,0.2,-0.0,1
bioasq_train,bioasq13b_60290f741cb411341a00010b,0.25,-0.0,1
bioasq_train,bioasq13b_60290f741cb411341a00010b,0.3,-0.0,1
bioasq_train,bioasq13b_6060732b94d57fd87900003d,0.05,0.2775280104064451,3
bioasq_train,bioasq13b_6060732b94d57fd87900003d,0.1,-0.0,1
bioasq_train,bioasq13b_6060732b94d57fd87900003d,0.15,-0.0,1
bioasq_train,bioasq13b_6060732b94d57fd87900003d,0.2,-0.0,1
bioasq_train,bioasq13b_6060732b94d57fd87900003d,0.25,-0.0,1
bioasq_train,bioasq13b_6060732b94d57fd87900003d,0.3,-0.0,1
bioasq_train,bioasq13b_6020b43a1cb411341a000087,0.05,-0.0,1
bioasq_train,bioasq13b_6020b43a1cb411341a000087,0.1,-0.0,1
bioasq_train,bioasq13b_6020b43a1cb411341a000087,0.15,-0.0,1
bioasq_train,bioasq13b_6020b43a1cb411341a000087,0.2,-0.0,1
bioasq_train,bioasq13b_6020b43a1cb411341a000087,0.25,-0.0,1
bioasq_train,bioasq13b_6020b43a1cb411341a000087,0.3,-0.0,1
bioasq_train,bioasq13b_606b33e394d57fd879000061,0.05,-0.0,1
bioasq_train,bioasq13b_606b33e394d57fd879000061,0.1,-0.0,1
bioasq_train,bioasq13b_606b33e394d57fd879000061,0.15,-0.0,1
bioasq_train,bioasq13b_606b33e394d57fd879000061,0.2,-0.0,1
bioasq_train,bioasq13b_606b33e394d57fd879000061,0.25,-0.0,1
bioasq_train,bioasq13b_606b33e394d57fd879000061,0.3,-0.0,1
bioasq_train,bioasq13b_5e57fb40b761aafe09000009,0.05,-0.0,1
bioasq_train,bioasq13b_5e57fb40b761aafe09000009,0.1,-0.0,1
bioasq_train,bioasq13b_5e57fb40b761aafe09000009,0.15,-0.0,1
bioasq_train,bioasq13b_5e57fb40b761aafe09000009,0.2,-0.0,1
bioasq_train,bioasq13b_5e57fb40b761aafe09000009,0.25,-0.0,1
bioasq_train,bioasq13b_5e57fb40b761aafe09000009,0.3,-0.0,1
bioasq_train,bioasq13b_604f632494d57fd879000007,0.05,0.34822537285722394,3
bioasq_train,bioasq13b_604f632494d57fd879000007,0.1,-0.0,1
bioasq_train,bioasq13b_604f632494d57fd879000007,0.15,-0.0,1
bioasq_train,bioasq13b_604f632494d57fd879000007,0.2,-0.0,1
bioasq_train,bioasq13b_604f632494d57fd879000007,0.25,-0.0,1
bioasq_train,bioasq13b_604f632494d57fd879000007,0.3,-0.0,1
bioasq_train,bioasq13b_606080eb94d57fd879000040,0.05,-0.0,1
bioasq_train,bioasq13b_606080eb94d57fd879000040,0.1,-0.0,1
bioasq_train,bioasq13b_606080eb94d57fd879000040,0.15,-0.0,1
bioasq_train,bioasq13b_606080eb94d57fd879000040,0.2,-0.0,1
bioasq_train,bioasq13b_606080eb94d57fd879000040,0.25,-0.0,1
bioasq_train,bioasq13b_606080eb94d57fd879000040,0.3,-0.0,1
bioasq_train,bioasq13b_5fdb2f03a43ad31278000010,0.05,0.55583362792012,4
bioasq_train,bioasq13b_5fdb2f03a43ad31278000010,0.1,0.14118174150460758,2
bioasq_train,bioasq13b_5fdb2f03a43ad31278000010,0.15,-0.0,1
bioasq_train,bioasq13b_5fdb2f03a43ad31278000010,0.2,-0.0,1
bioasq_train,bioasq13b_5fdb2f03a43ad31278000010,0.25,-0.0,1
bioasq_train,bioasq13b_5fdb2f03a43ad31278000010,0.3,-0.0,1
bioasq_train,bioasq13b_606ad4bd94d57fd879000054,0.05,-0.0,1
bioasq_train,bioasq13b_606ad4bd94d57fd879000054,0.1,-0.0,1
bioasq_train,bioasq13b_606ad4bd94d57fd879000054,0.15,-0.0,1
bioasq_train,bioasq13b_606ad4bd94d57fd879000054,0.2,-0.0,1
bioasq_train,bioasq13b_606ad4bd94d57fd879000054,0.25,-0.0,1
bioasq_train,bioasq13b_606ad4bd94d57fd879000054,0.3,-0.0,1
bioasq_train,bioasq13b_601c33f81cb411341a000017,0.05,-0.0,1
bioasq_train,bioasq13b_601c33f81cb411341a000017,0.1,-0.0,1
bioasq_train,bioasq13b_601c33f81cb411341a000017,0.15,-0.0,1
bioasq_train,bioasq13b_601c33f81cb411341a000017,0.2,-0.0,1
bioasq_train,bioasq13b_601c33f81cb411341a000017,0.25,-0.0,1
bioasq_train,bioasq13b_601c33f81cb411341a000017,0.3,-0.0,1
bioasq_train,bioasq13b_6025382b1cb411341a0000a5,0.05,-0.0,1
bioasq_train,bioasq13b_6025382b1cb411341a0000a5,0.1,-0.0,1
bioasq_train,bioasq13b_6025382b1cb411341a0000a5,0.15,-0.0,1
bioasq_train,bioasq13b_6025382b1cb411341a0000a5,0.2,-0.0,1
bioasq_train,bioasq13b_6025382b1cb411341a0000a5,0.25,-0.0,1
bioasq_train,bioasq13b_6025382b1cb411341a0000a5,0.3,-0.0,1
bioasq_train,bioasq13b_603256981cb411341a00013c,0.05,-0.0,1
bioasq_train,bioasq13b_603256981cb411341a00013c,0.1,-0.0,1
bioasq_train,bioasq13b_603256981cb411341a00013c,0.15,-0.0,1
bioasq_train,bioasq13b_603256981cb411341a00013c,0.2,-0.0,1
bioasq_train,bioasq13b_603256981cb411341a00013c,0.25,-0.0,1
bioasq_train,bioasq13b_603256981cb411341a00013c,0.3,-0.0,1
bioasq_train,bioasq13b_601f0d6f1cb411341a00006f,0.05,0.14118174150460758,2
bioasq_train,bioasq13b_601f0d6f1cb411341a00006f,0.1,-0.0,1
bioasq_train,bioasq13b_601f0d6f1cb411341a00006f,0.15,-0.0,1
bioasq_train,bioasq13b_601f0d6f1cb411341a00006f,0.2,-0.0,1
bioasq_train,bioasq13b_601f0d6f1cb411341a00006f,0.25,-0.0,1
bioasq_train,bioasq13b_601f0d6f1cb411341a00006f,0.3,-0.0,1
bioasq_train,bioasq13b_606ad1f094d57fd879000052,0.05,-0.0,1
bioasq_train,bioasq13b_606ad1f094d57fd879000052,0.1,-0.0,1
bioasq_train,bioasq13b_606ad1f094d57fd879000052,0.15,-0.0,1
bioasq_train,bioasq13b_606ad1f094d57fd879000052,0.2,-0.0,1
bioasq_train,bioasq13b_606ad1f094d57fd879000052,0.25,-0.0,1
bioasq_train,bioasq13b_606ad1f094d57fd879000052,0.3,-0.0,1
bioasq_train,bioasq13b_6028f6781cb411341a000100,0.05,-0.0,1
bioasq_train,bioasq13b_6028f6781cb411341a000100,0.1,-0.0,1
bioasq_train,bioasq13b_6028f6781cb411341a000100,0.15,-0.0,1
bioasq_train,bioasq13b_6028f6781cb411341a000100,0.2,-0.0,1
bioasq_train,bioasq13b_6028f6781cb411341a000100,0.25,-0.0,1
bioasq_train,bioasq13b_6028f6781cb411341a000100,0.3,-0.0,1
bioasq_train,bioasq13b_60571d4294d57fd879000028,0.05,0.38997287335391506,3
bioasq_train,bioasq13b_60571d4294d57fd879000028,0.1,0.14118174150460758,2
bioasq_train,bioasq13b_60571d4294d57fd879000028,0.15,-0.0,1
bioasq_train,bioasq13b_60571d4294d57fd879000028,0.2,-0.0,1
bioasq_train,bioasq13b_60571d4294d57fd879000028,0.25,-0.0,1
bioasq_train,bioasq13b_60571d4294d57fd879000028,0.3,-0.0,1
bioasq_train,bioasq13b_5fdb2f54a43ad31278000012,0.05,-0.0,1
bioasq_train,bioasq13b_5fdb2f54a43ad31278000012,0.1,-0.0,1
bioasq_train,bioasq13b_5fdb2f54a43ad31278000012,0.15,-0.0,1
bioasq_train,bioasq13b_5fdb2f54a43ad31278000012,0.2,-0.0,1
bioasq_train,bioasq13b_5fdb2f54a43ad31278000012,0.25,-0.0,1
bioasq_train,bioasq13b_5fdb2f54a43ad31278000012,0.3,-0.0,1
bioasq_train,bioasq13b_6056fd8a94d57fd87900001e,0.05,-0.0,1
bioasq_train,bioasq13b_6056fd8a94d57fd87900001e,0.1,-0.0,1
bioasq_train,bioasq13b_6056fd8a94d57fd87900001e,0.15,-0.0,1
bioasq_train,bioasq13b_6056fd8a94d57fd87900001e,0.2,-0.0,1
bioasq_train,bioasq13b_6056fd8a94d57fd87900001e,0.25,-0.0,1
bioasq_train,bioasq13b_6056fd8a94d57fd87900001e,0.3,-0.0,1
bioasq_train,bioasq13b_61f86b5b882a024a10000043,0.05,-0.0,1
bioasq_train,bioasq13b_61f86b5b882a024a10000043,0.1,-0.0,1
bioasq_train,bioasq13b_61f86b5b882a024a10000043,0.15,-0.0,1
bioasq_train,bioasq13b_61f86b5b882a024a10000043,0.2,-0.0,1
bioasq_train,bioasq13b_61f86b5b882a024a10000043,0.25,-0.0,1
bioasq_train,bioasq13b_61f86b5b882a024a10000043,0.3,-0.0,1
bioasq_train,bioasq13b_621fca543a8413c653000064,0.05,-0.0,1
bioasq_train,bioasq13b_621fca543a8413c653000064,0.1,-0.0,1
bioasq_train,bioasq13b_621fca543a8413c653000064,0.15,-0.0,1
bioasq_train,bioasq13b_621fca543a8413c653000064,0.2,-0.0,1
bioasq_train,bioasq13b_621fca543a8413c653000064,0.25,-0.0,1
bioasq_train,bioasq13b_621fca543a8413c653000064,0.3,-0.0,1
bioasq_train,bioasq13b_61f9c990c9dfcb9c09000001,0.05,-0.0,1
bioasq_train,bioasq13b_61f9c990c9dfcb9c09000001,0.1,-0.0,1
bioasq_train,bioasq13b_61f9c990c9dfcb9c09000001,0.15,-0.0,1
bioasq_train,bioasq13b_61f9c990c9dfcb9c09000001,0.2,-0.0,1
bioasq_train,bioasq13b_61f9c990c9dfcb9c09000001,0.25,-0.0,1
bioasq_train,bioasq13b_61f9c990c9dfcb9c09000001,0.3,-0.0,1
bioasq_train,bioasq13b_601f0c161cb411341a00006e,0.05,-0.0,1
bioasq_train,bioasq13b_601f0c161cb411341a00006e,0.1,-0.0,1
bioasq_train,bioasq13b_601f0c161cb411341a00006e,0.15,-0.0,1
bioasq_train,bioasq13b_601f0c161cb411341a00006e,0.2,-0.0,1
bioasq_train,bioasq13b_601f0c161cb411341a00006e,0.25,-0.0,1
bioasq_train,bioasq13b_601f0c161cb411341a00006e,0.3,-0.0,1
bioasq_train,bioasq13b_603e4dc71cb411341a00015f,0.05,-0.0,1
bioasq_train,bioasq13b_603e4dc71cb411341a00015f,0.1,-0.0,1
bioasq_train,bioasq13b_603e4dc71cb411341a00015f,0.15,-0.0,1
bioasq_train,bioasq13b_603e4dc71cb411341a00015f,0.2,-0.0,1
bioasq_train,bioasq13b_603e4dc71cb411341a00015f,0.25,-0.0,1
bioasq_train,bioasq13b_603e4dc71cb411341a00015f,0.3,-0.0,1
bioasq_train,bioasq13b_61f9cc19c9dfcb9c09000003,0.05,0.14118174150460758,2
bioasq_train,bioasq13b_61f9cc19c9dfcb9c09000003,0.1,-0.0,1
bioasq_train,bioasq13b_61f9cc19c9dfcb9c09000003,0.15,-0.0,1
bioasq_train,bioasq13b_61f9cc19c9dfcb9c09000003,0.2,-0.0,1
bioasq_train,bioasq13b_61f9cc19c9dfcb9c09000003,0.25,-0.0,1
bioasq_train,bioasq13b_61f9cc19c9dfcb9c09000003,0.3,-0.0,1
bioasq_train,bioasq13b_62260aa13a8413c65300007a,0.05,-0.0,1
bioasq_train,bioasq13b_62260aa13a8413c65300007a,0.1,-0.0,1
bioasq_train,bioasq13b_62260aa13a8413c65300007a,0.15,-0.0,1
bioasq_train,bioasq13b_62260aa13a8413c65300007a,0.2,-0.0,1
bioasq_train,bioasq13b_62260aa13a8413c65300007a,0.25,-0.0,1
bioasq_train,bioasq13b_62260aa13a8413c65300007a,0.3,-0.0,1
bioasq_train,bioasq13b_61f5f777882a024a10000018,0.05,0.14118174150460758,2
bioasq_train,bioasq13b_61f5f777882a024a10000018,0.1,-0.0,1
bioasq_train,bioasq13b_61f5f777882a024a10000018,0.15,-0.0,1
bioasq_train,bioasq13b_61f5f777882a024a10000018,0.2,-0.0,1
bioasq_train,bioasq13b_61f5f777882a024a10000018,0.25,-0.0,1
bioasq_train,bioasq13b_61f5f777882a024a10000018,0.3,-0.0,1
bioasq_train,bioasq13b_61f86f58882a024a10000046,0.05,0.14118174150460758,2
bioasq_train,bioasq13b_61f86f58882a024a10000046,0.1,-0.0,1
bioasq_train,bioasq13b_61f86f58882a024a10000046,0.15,-0.0,1
bioasq_train,bioasq13b_61f86f58882a024a10000046,0.2,-0.0,1
bioasq_train,bioasq13b_61f86f58882a024a10000046,0.25,-0.0,1
bioasq_train,bioasq13b_61f86f58882a024a10000046,0.3,-0.0,1
bioasq_train,bioasq13b_604919411cb411341a00016c,0.05,-0.0,1
bioasq_train,bioasq13b_604919411cb411341a00016c,0.1,-0.0,1
bioasq_train,bioasq13b_604919411cb411341a00016c,0.15,-0.0,1
bioasq_train,bioasq13b_604919411cb411341a00016c,0.2,-0.0,1
bioasq_train,bioasq13b_604919411cb411341a00016c,0.25,-0.0,1
bioasq_train,bioasq13b_604919411cb411341a00016c,0.3,-0.0,1
bioasq_train,bioasq13b_61f9718f882a024a10000050,0.05,-0.0,1
bioasq_train,bioasq13b_61f9718f882a024a10000050,0.1,-0.0,1
bioasq_train,bioasq13b_61f9718f882a024a10000050,0.15,-0.0,1
bioasq_train,bioasq13b_61f9718f882a024a10000050,0.2,-0.0,1
bioasq_train,bioasq13b_61f9718f882a024a10000050,0.25,-0.0,1
bioasq_train,bioasq13b_61f9718f882a024a10000050,0.3,-0.0,1
bioasq_train,bioasq13b_606add0094d57fd879000055,0.05,-0.0,1
bioasq_train,bioasq13b_606add0094d57fd879000055,0.1,-0.0,1
bioasq_train,bioasq13b_606add0094d57fd879000055,0.15,-0.0,1
bioasq_train,bioasq13b_606add0094d57fd879000055,0.2,-0.0,1
bioasq_train,bioasq13b_606add0094d57fd879000055,0.25,-0.0,1
bioasq_train,bioasq13b_606add0094d57fd879000055,0.3,-0.0,1
bioasq_train,bioasq13b_62004003c9dfcb9c09000013,0.05,-0.0,1
bioasq_train,bioasq13b_62004003c9dfcb9c09000013,0.1,-0.0,1
bioasq_train,bioasq13b_62004003c9dfcb9c09000013,0.15,-0.0,1
bioasq_train,bioasq13b_62004003c9dfcb9c09000013,0.2,-0.0,1
bioasq_train,bioasq13b_62004003c9dfcb9c09000013,0.25,-0.0,1
bioasq_train,bioasq13b_62004003c9dfcb9c09000013,0.3,-0.0,1
bioasq_train,bioasq13b_61f86db9882a024a10000045,0.05,-0.0,1
bioasq_train,bioasq13b_61f86db9882a024a10000045,0.1,-0.0,1
bioasq_train,bioasq13b_61f86db9882a024a10000045,0.15,-0.0,1
bioasq_train,bioasq13b_61f86db9882a024a10000045,0.2,-0.0,1
bioasq_train,bioasq13b_61f86db9882a024a10000045,0.25,-0.0,1
bioasq_train,bioasq13b_61f86db9882a024a10000045,0.3,-0.0,1
bioasq_train,bioasq13b_621b99973a8413c653000045,0.05,-0.0,1
bioasq_train,bioasq13b_621b99973a8413c653000045,0.1,-0.0,1
bioasq_train,bioasq13b_621b99973a8413c653000045,0.15,-0.0,1
bioasq_train,bioasq13b_621b99973a8413c653000045,0.2,-0.0,1
bioasq_train,bioasq13b_621b99973a8413c653000045,0.25,-0.0,1
bioasq_train,bioasq13b_621b99973a8413c653000045,0.3,-0.0,1
bioasq_train,bioasq13b_620058b3c9dfcb9c09000016,0.05,-0.0,1
bioasq_train,bioasq13b_620058b3c9dfcb9c09000016,0.1,-0.0,1
bioasq_train,bioasq13b_620058b3c9dfcb9c09000016,0.15,-0.0,1
bioasq_train,bioasq13b_620058b3c9dfcb9c09000016,0.2,-0.0,1
bioasq_train,bioasq13b_620058b3c9dfcb9c09000016,0.25,-0.0,1
bioasq_train,bioasq13b_620058b3c9dfcb9c09000016,0.3,-0.0,1
bioasq_train,bioasq13b_601cbbf11cb411341a00002a,0.05,-0.0,1
bioasq_train,bioasq13b_601cbbf11cb411341a00002a,0.1,-0.0,1
bioasq_train,bioasq13b_601cbbf11cb411341a00002a,0.15,-0.0,1
bioasq_train,bioasq13b_601cbbf11cb411341a00002a,0.2,-0.0,1
bioasq_train,bioasq13b_601cbbf11cb411341a00002a,0.25,-0.0,1
bioasq_train,bioasq13b_601cbbf11cb411341a00002a,0.3,-0.0,1
bioasq_train,bioasq13b_6060e30a94d57fd87900004a,0.05,-0.0,1
bioasq_train,bioasq13b_6060e30a94d57fd87900004a,0.1,-0.0,1
bioasq_train,bioasq13b_6060e30a94d57fd87900004a,0.15,-0.0,1
bioasq_train,bioasq13b_6060e30a94d57fd87900004a,0.2,-0.0,1
bioasq_train,bioasq13b_6060e30a94d57fd87900004a,0.25,-0.0,1
bioasq_train,bioasq13b_6060e30a94d57fd87900004a,0.3,-0.0,1
bioasq_train,bioasq13b_61f50f8b882a024a10000001,0.05,0.30102999566398114,2
bioasq_train,bioasq13b_61f50f8b882a024a10000001,0.1,-0.0,1
bioasq_train,bioasq13b_61f50f8b882a024a10000001,0.15,-0.0,1
bioasq_train,bioasq13b_61f50f8b882a024a10000001,0.2,-0.0,1
bioasq_train,bioasq13b_61f50f8b882a024a10000001,0.25,-0.0,1
bioasq_train,bioasq13b_61f50f8b882a024a10000001,0.3,-0.0,1
bioasq_train,bioasq13b_62211b5a3a8413c65300006b,0.05,-0.0,1
bioasq_train,bioasq13b_62211b5a3a8413c65300006b,0.1,-0.0,1
bioasq_train,bioasq13b_62211b5a3a8413c65300006b,0.15,-0.0,1
bioasq_train,bioasq13b_62211b5a3a8413c65300006b,0.2,-0.0,1
bioasq_train,bioasq13b_62211b5a3a8413c65300006b,0.25,-0.0,1
bioasq_train,bioasq13b_62211b5a3a8413c65300006b,0.3,-0.0,1
bioasq_train,bioasq13b_62190f633a8413c653000037,0.05,-0.0,1
bioasq_train,bioasq13b_62190f633a8413c653000037,0.1,-0.0,1
bioasq_train,bioasq13b_62190f633a8413c653000037,0.15,-0.0,1
bioasq_train,bioasq13b_62190f633a8413c653000037,0.2,-0.0,1
bioasq_train,bioasq13b_62190f633a8413c653000037,0.25,-0.0,1
bioasq_train,bioasq13b_62190f633a8413c653000037,0.3,-0.0,1
bioasq_train,bioasq13b_6023415b1cb411341a00008c,0.05,-0.0,1
bioasq_train,bioasq13b_6023415b1cb411341a00008c,0.1,-0.0,1
bioasq_train,bioasq13b_6023415b1cb411341a00008c,0.15,-0.0,1
bioasq_train,bioasq13b_6023415b1cb411341a00008c,0.2,-0.0,1
bioasq_train,bioasq13b_6023415b1cb411341a00008c,0.25,-0.0,1
bioasq_train,bioasq13b_6023415b1cb411341a00008c,0.3,-0.0,1
bioasq_train,bioasq13b_620bedb13a8413c653000004,0.05,-0.0,1
bioasq_train,bioasq13b_620bedb13a8413c653000004,0.1,-0.0,1
bioasq_train,bioasq13b_620bedb13a8413c653000004,0.15,-0.0,1
bioasq_train,bioasq13b_620bedb13a8413c653000004,0.2,-0.0,1
bioasq_train,bioasq13b_620bedb13a8413c653000004,0.25,-0.0,1
bioasq_train,bioasq13b_620bedb13a8413c653000004,0.3,-0.0,1
bioasq_train,bioasq13b_620be7613a8413c653000003,0.05,-0.0,1
bioasq_train,bioasq13b_620be7613a8413c653000003,0.1,-0.0,1
bioasq_train,bioasq13b_620be7613a8413c653000003,0.15,-0.0,1
bioasq_train,bioasq13b_620be7613a8413c653000003,0.2,-0.0,1
bioasq_train,bioasq13b_620be7613a8413c653000003,0.25,-0.0,1
bioasq_train,bioasq13b_620be7613a8413c653000003,0.3,-0.0,1
bioasq_train,bioasq13b_60805f0c4e6a4cf630000003,0.05,-0.0,1
bioasq_train,bioasq13b_60805f0c4e6a4cf630000003,0.1,-0.0,1
bioasq_train,bioasq13b_60805f0c4e6a4cf630000003,0.15,-0.0,1
bioasq_train,bioasq13b_60805f0c4e6a4cf630000003,0.2,-0.0,1
bioasq_train,bioasq13b_60805f0c4e6a4cf630000003,0.25,-0.0,1
bioasq_train,bioasq13b_60805f0c4e6a4cf630000003,0.3,-0.0,1
bioasq_train,bioasq13b_62128c503a8413c653000018,0.05,-0.0,1
bioasq_train,bioasq13b_62128c503a8413c653000018,0.1,-0.0,1
bioasq_train,bioasq13b_62128c503a8413c653000018,0.15,-0.0,1
bioasq_train,bioasq13b_62128c503a8413c653000018,0.2,-0.0,1
bioasq_train,bioasq13b_62128c503a8413c653000018,0.25,-0.0,1
bioasq_train,bioasq13b_62128c503a8413c653000018,0.3,-0.0,1
bioasq_train,bioasq13b_6221468d3a8413c653000076,0.05,-0.0,1
bioasq_train,bioasq13b_6221468d3a8413c653000076,0.1,-0.0,1
bioasq_train,bioasq13b_6221468d3a8413c653000076,0.15,-0.0,1
bioasq_train,bioasq13b_6221468d3a8413c653000076,0.2,-0.0,1
bioasq_train,bioasq13b_6221468d3a8413c653000076,0.25,-0.0,1
bioasq_train,bioasq13b_6221468d3a8413c653000076,0.3,-0.0,1
bioasq_train,bioasq13b_60281e461cb411341a0000f4,0.05,-0.0,1
bioasq_train,bioasq13b_60281e461cb411341a0000f4,0.1,-0.0,1
bioasq_train,bioasq13b_60281e461cb411341a0000f4,0.15,-0.0,1
bioasq_train,bioasq13b_60281e461cb411341a0000f4,0.2,-0.0,1
bioasq_train,bioasq13b_60281e461cb411341a0000f4,0.25,-0.0,1
bioasq_train,bioasq13b_60281e461cb411341a0000f4,0.3,-0.0,1
bioasq_train,bioasq13b_60292d311cb411341a00010f,0.05,0.21732201127364886,2
bioasq_train,bioasq13b_60292d311cb411341a00010f,0.1,-0.0,1
bioasq_train,bioasq13b_60292d311cb411341a00010f,0.15,-0.0,1
bioasq_train,bioasq13b_60292d311cb411341a00010f,0.2,-0.0,1
bioasq_train,bioasq13b_60292d311cb411341a00010f,0.25,-0.0,1
bioasq_train,bioasq13b_60292d311cb411341a00010f,0.3,-0.0,1
bioasq_train,bioasq13b_6060915b94d57fd879000044,0.05,-0.0,1
bioasq_train,bioasq13b_6060915b94d57fd879000044,0.1,-0.0,1
bioasq_train,bioasq13b_6060915b94d57fd879000044,0.15,-0.0,1
bioasq_train,bioasq13b_6060915b94d57fd879000044,0.2,-0.0,1
bioasq_train,bioasq13b_6060915b94d57fd879000044,0.25,-0.0,1
bioasq_train,bioasq13b_6060915b94d57fd879000044,0.3,-0.0,1
bioasq_train,bioasq13b_602344ab1cb411341a00008e,0.05,0.14118174150460758,2
bioasq_train,bioasq13b_602344ab1cb411341a00008e,0.1,-0.0,1
bioasq_train,bioasq13b_602344ab1cb411341a00008e,0.15,-0.0,1
bioasq_train,bioasq13b_602344ab1cb411341a00008e,0.2,-0.0,1
bioasq_train,bioasq13b_602344ab1cb411341a00008e,0.25,-0.0,1
bioasq_train,bioasq13b_602344ab1cb411341a00008e,0.3,-0.0,1
bioasq_train,bioasq13b_62114bd93a8413c65300000d,0.05,0.29228525323862886,2
bioasq_train,bioasq13b_62114bd93a8413c65300000d,0.1,-0.0,1
bioasq_train,bioasq13b_62114bd93a8413c65300000d,0.15,-0.0,1
bioasq_train,bioasq13b_62114bd93a8413c65300000d,0.2,-0.0,1
bioasq_train,bioasq13b_62114bd93a8413c65300000d,0.25,-0.0,1
bioasq_train,bioasq13b_62114bd93a8413c65300000d,0.3,-0.0,1
bioasq_train,bioasq13b_605794c294d57fd87900002d,0.05,-0.0,1
bioasq_train,bioasq13b_605794c294d57fd87900002d,0.1,-0.0,1
bioasq_train,bioasq13b_605794c294d57fd87900002d,0.15,-0.0,1
bioasq_train,bioasq13b_605794c294d57fd87900002d,0.2,-0.0,1
bioasq_train,bioasq13b_605794c294d57fd87900002d,0.25,-0.0,1
bioasq_train,bioasq13b_605794c294d57fd87900002d,0.3,-0.0,1
bioasq_train,bioasq13b_601eaaf61cb411341a000052,0.05,-0.0,1
bioasq_train,bioasq13b_601eaaf61cb411341a000052,0.1,-0.0,1
bioasq_train,bioasq13b_601eaaf61cb411341a000052,0.15,-0.0,1
bioasq_train,bioasq13b_601eaaf61cb411341a000052,0.2,-0.0,1
bioasq_train,bioasq13b_601eaaf61cb411341a000052,0.25,-0.0,1
bioasq_train,bioasq13b_601eaaf61cb411341a000052,0.3,-0.0,1
bioasq_train,bioasq13b_601ffd571cb411341a000079,0.05,-0.0,1
bioasq_train,bioasq13b_601ffd571cb411341a000079,0.1,-0.0,1
bioasq_train,bioasq13b_601ffd571cb411341a000079,0.15,-0.0,1
bioasq_train,bioasq13b_601ffd571cb411341a000079,0.2,-0.0,1
bioasq_train,bioasq13b_601ffd571cb411341a000079,0.25,-0.0,1
bioasq_train,bioasq13b_601ffd571cb411341a000079,0.3,-0.0,1
bioasq_train,bioasq13b_620c2f4f3a8413c653000009,0.05,-0.0,1
bioasq_train,bioasq13b_620c2f4f3a8413c653000009,0.1,-0.0,1
bioasq_train,bioasq13b_620c2f4f3a8413c653000009,0.15,-0.0,1
bioasq_train,bioasq13b_620c2f4f3a8413c653000009,0.2,-0.0,1
bioasq_train,bioasq13b_620c2f4f3a8413c653000009,0.25,-0.0,1
bioasq_train,bioasq13b_620c2f4f3a8413c653000009,0.3,-0.0,1
bioasq_train,bioasq13b_61f5bef2882a024a10000011,0.05,-0.0,1
bioasq_train,bioasq13b_61f5bef2882a024a10000011,0.1,-0.0,1
bioasq_train,bioasq13b_61f5bef2882a024a10000011,0.15,-0.0,1
bioasq_train,bioasq13b_61f5bef2882a024a10000011,0.2,-0.0,1
bioasq_train,bioasq13b_61f5bef2882a024a10000011,0.25,-0.0,1
bioasq_train,bioasq13b_61f5bef2882a024a10000011,0.3,-0.0,1
bioasq_train,bioasq13b_621e9e7b3a8413c653000054,0.05,-0.0,1
bioasq_train,bioasq13b_621e9e7b3a8413c653000054,0.1,-0.0,1
bioasq_train,bioasq13b_621e9e7b3a8413c653000054,0.15,-0.0,1
bioasq_train,bioasq13b_621e9e7b3a8413c653000054,0.2,-0.0,1
bioasq_train,bioasq13b_621e9e7b3a8413c653000054,0.25,-0.0,1
bioasq_train,bioasq13b_621e9e7b3a8413c653000054,0.3,-0.0,1
bioasq_train,bioasq13b_626aec71e764a53204000041,0.05,-0.0,1
bioasq_train,bioasq13b_626aec71e764a53204000041,0.1,-0.0,1
bioasq_train,bioasq13b_626aec71e764a53204000041,0.15,-0.0,1
bioasq_train,bioasq13b_626aec71e764a53204000041,0.2,-0.0,1
bioasq_train,bioasq13b_626aec71e764a53204000041,0.25,-0.0,1
bioasq_train,bioasq13b_626aec71e764a53204000041,0.3,-0.0,1
bioasq_train,bioasq13b_62007dcec9dfcb9c09000019,0.05,-0.0,1
bioasq_train,bioasq13b_62007dcec9dfcb9c09000019,0.1,-0.0,1
bioasq_train,bioasq13b_62007dcec9dfcb9c09000019,0.15,-0.0,1
bioasq_train,bioasq13b_62007dcec9dfcb9c09000019,0.2,-0.0,1
bioasq_train,bioasq13b_62007dcec9dfcb9c09000019,0.25,-0.0,1
bioasq_train,bioasq13b_62007dcec9dfcb9c09000019,0.3,-0.0,1
bioasq_train,bioasq13b_626233dbe764a53204000034,0.05,-0.0,1
bioasq_train,bioasq13b_626233dbe764a53204000034,0.1,-0.0,1
bioasq_train,bioasq13b_626233dbe764a53204000034,0.15,-0.0,1
bioasq_train,bioasq13b_626233dbe764a53204000034,0.2,-0.0,1
bioasq_train,bioasq13b_626233dbe764a53204000034,0.25,-0.0,1
bioasq_train,bioasq13b_626233dbe764a53204000034,0.3,-0.0,1
bioasq_train,bioasq13b_61fa97d7c9dfcb9c09000006,0.05,-0.0,1
bioasq_train,bioasq13b_61fa97d7c9dfcb9c09000006,0.1,-0.0,1
bioasq_train,bioasq13b_61fa97d7c9dfcb9c09000006,0.15,-0.0,1
bioasq_train,bioasq13b_61fa97d7c9dfcb9c09000006,0.2,-0.0,1
bioasq_train,bioasq13b_61fa97d7c9dfcb9c09000006,0.25,-0.0,1
bioasq_train,bioasq13b_61fa97d7c9dfcb9c09000006,0.3,-0.0,1
bioasq_train,bioasq13b_626aa68ce764a53204000037,0.05,-0.0,1
bioasq_train,bioasq13b_626aa68ce764a53204000037,0.1,-0.0,1
bioasq_train,bioasq13b_626aa68ce764a53204000037,0.15,-0.0,1
bioasq_train,bioasq13b_626aa68ce764a53204000037,0.2,-0.0,1
bioasq_train,bioasq13b_626aa68ce764a53204000037,0.25,-0.0,1
bioasq_train,bioasq13b_626aa68ce764a53204000037,0.3,-0.0,1
bioasq_train,bioasq13b_6252f0b7e764a5320400001f,0.05,-0.0,1
bioasq_train,bioasq13b_6252f0b7e764a5320400001f,0.1,-0.0,1
bioasq_train,bioasq13b_6252f0b7e764a5320400001f,0.15,-0.0,1
bioasq_train,bioasq13b_6252f0b7e764a5320400001f,0.2,-0.0,1
bioasq_train,bioasq13b_6252f0b7e764a5320400001f,0.25,-0.0,1
bioasq_train,bioasq13b_6252f0b7e764a5320400001f,0.3,-0.0,1
bioasq_train,bioasq13b_62513dc6e764a53204000014,0.05,-0.0,1
bioasq_train,bioasq13b_62513dc6e764a53204000014,0.1,-0.0,1
bioasq_train,bioasq13b_62513dc6e764a53204000014,0.15,-0.0,1
bioasq_train,bioasq13b_62513dc6e764a53204000014,0.2,-0.0,1
bioasq_train,bioasq13b_62513dc6e764a53204000014,0.25,-0.0,1
bioasq_train,bioasq13b_62513dc6e764a53204000014,0.3,-0.0,1
bioasq_train,bioasq13b_626aa780e764a53204000038,0.05,-0.0,1
bioasq_train,bioasq13b_626aa780e764a53204000038,0.1,-0.0,1
bioasq_train,bioasq13b_626aa780e764a53204000038,0.15,-0.0,1
bioasq_train,bioasq13b_626aa780e764a53204000038,0.2,-0.0,1
bioasq_train,bioasq13b_626aa780e764a53204000038,0.25,-0.0,1
bioasq_train,bioasq13b_626aa780e764a53204000038,0.3,-0.0,1
bioasq_train,bioasq13b_626aea6ae764a5320400003d,0.05,-0.0,1
bioasq_train,bioasq13b_626aea6ae764a5320400003d,0.1,-0.0,1
bioasq_train,bioasq13b_626aea6ae764a5320400003d,0.15,-0.0,1
bioasq_train,bioasq13b_626aea6ae764a5320400003d,0.2,-0.0,1
bioasq_train,bioasq13b_626aea6ae764a5320400003d,0.25,-0.0,1
bioasq_train,bioasq13b_626aea6ae764a5320400003d,0.3,-0.0,1
bioasq_train,bioasq13b_624c97cde764a53204000005,0.05,-0.0,1
bioasq_train,bioasq13b_624c97cde764a53204000005,0.1,-0.0,1
bioasq_train,bioasq13b_624c97cde764a53204000005,0.15,-0.0,1
bioasq_train,bioasq13b_624c97cde764a53204000005,0.2,-0.0,1
bioasq_train,bioasq13b_624c97cde764a53204000005,0.25,-0.0,1
bioasq_train,bioasq13b_624c97cde764a53204000005,0.3,-0.0,1
bioasq_train,bioasq13b_625ebe5ce764a53204000032,0.05,-0.0,1
bioasq_train,bioasq13b_625ebe5ce764a53204000032,0.1,-0.0,1
bioasq_train,bioasq13b_625ebe5ce764a53204000032,0.15,-0.0,1
bioasq_train,bioasq13b_625ebe5ce764a53204000032,0.2,-0.0,1
bioasq_train,bioasq13b_625ebe5ce764a53204000032,0.25,-0.0,1
bioasq_train,bioasq13b_625ebe5ce764a53204000032,0.3,-0.0,1
bioasq_train,bioasq13b_62587e14e764a5320400002c,0.05,-0.0,1
bioasq_train,bioasq13b_62587e14e764a5320400002c,0.1,-0.0,1
bioasq_train,bioasq13b_62587e14e764a5320400002c,0.15,-0.0,1
bioasq_train,bioasq13b_62587e14e764a5320400002c,0.2,-0.0,1
bioasq_train,bioasq13b_62587e14e764a5320400002c,0.25,-0.0,1
bioasq_train,bioasq13b_62587e14e764a5320400002c,0.3,-0.0,1
bioasq_train,bioasq13b_6273a2fde764a53204000048,0.05,-0.0,1
bioasq_train,bioasq13b_6273a2fde764a53204000048,0.1,-0.0,1
bioasq_train,bioasq13b_6273a2fde764a53204000048,0.15,-0.0,1
bioasq_train,bioasq13b_6273a2fde764a53204000048,0.2,-0.0,1
bioasq_train,bioasq13b_6273a2fde764a53204000048,0.25,-0.0,1
bioasq_train,bioasq13b_6273a2fde764a53204000048,0.3,-0.0,1
bioasq_train,bioasq13b_6273a317e764a53204000049,0.05,0.4729032506370176,4
bioasq_train,bioasq13b_6273a317e764a53204000049,0.1,0.14118174150460758,2
bioasq_train,bioasq13b_6273a317e764a53204000049,0.15,0.14118174150460758,2
bioasq_train,bioasq13b_6273a317e764a53204000049,0.2,-0.0,1
bioasq_train,bioasq13b_6273a317e764a53204000049,0.25,-0.0,1
bioasq_train,bioasq13b_6273a317e764a53204000049,0.3,-0.0,1
bioasq_train,bioasq13b_627a989856bf9aee6f000024,0.05,0.45814600780483383,3
bioasq_train,bioasq13b_627a989856bf9aee6f000024,0.1,-0.0,1
bioasq_train,bioasq13b_627a989856bf9aee6f000024,0.15,-0.0,1
bioasq_train,bioasq13b_627a989856bf9aee6f000024,0.2,-0.0,1
bioasq_train,bioasq13b_627a989856bf9aee6f000024,0.25,-0.0,1
bioasq_train,bioasq13b_627a989856bf9aee6f000024,0.3,-0.0,1
bioasq_train,bioasq13b_6273a2a0e764a53204000045,0.05,0.21732201127364886,2
bioasq_train,bioasq13b_6273a2a0e764a53204000045,0.1,-0.0,1
bioasq_train,bioasq13b_6273a2a0e764a53204000045,0.15,-0.0,1
bioasq_train,bioasq13b_6273a2a0e764a53204000045,0.2,-0.0,1
bioasq_train,bioasq13b_6273a2a0e764a53204000045,0.25,-0.0,1
bioasq_train,bioasq13b_6273a2a0e764a53204000045,0.3,-0.0,1
bioasq_train,bioasq13b_62792bb156bf9aee6f00001c,0.05,-0.0,1
bioasq_train,bioasq13b_62792bb156bf9aee6f00001c,0.1,-0.0,1
bioasq_train,bioasq13b_62792bb156bf9aee6f00001c,0.15,-0.0,1
bioasq_train,bioasq13b_62792bb156bf9aee6f00001c,0.2,-0.0,1
bioasq_train,bioasq13b_62792bb156bf9aee6f00001c,0.25,-0.0,1
bioasq_train,bioasq13b_62792bb156bf9aee6f00001c,0.3,-0.0,1
bioasq_train,bioasq13b_627aa17156bf9aee6f000026,0.05,-0.0,1
bioasq_train,bioasq13b_627aa17156bf9aee6f000026,0.1,-0.0,1
bioasq_train,bioasq13b_627aa17156bf9aee6f000026,0.15,-0.0,1
bioasq_train,bioasq13b_627aa17156bf9aee6f000026,0.2,-0.0,1
bioasq_train,bioasq13b_627aa17156bf9aee6f000026,0.25,-0.0,1
bioasq_train,bioasq13b_627aa17156bf9aee6f000026,0.3,-0.0,1
bioasq_train,bioasq13b_6277d7f356bf9aee6f000004,0.05,-0.0,1
bioasq_train,bioasq13b_6277d7f356bf9aee6f000004,0.1,-0.0,1
bioasq_train,bioasq13b_6277d7f356bf9aee6f000004,0.15,-0.0,1
bioasq_train,bioasq13b_6277d7f356bf9aee6f000004,0.2,-0.0,1
bioasq_train,bioasq13b_6277d7f356bf9aee6f000004,0.25,-0.0,1
bioasq_train,bioasq13b_6277d7f356bf9aee6f000004,0.3,-0.0,1
bioasq_train,bioasq13b_627a9ff356bf9aee6f000025,0.05,-0.0,1
bioasq_train,bioasq13b_627a9ff356bf9aee6f000025,0.1,-0.0,1
bioasq_train,bioasq13b_627a9ff356bf9aee6f000025,0.15,-0.0,1
bioasq_train,bioasq13b_627a9ff356bf9aee6f000025,0.2,-0.0,1
bioasq_train,bioasq13b_627a9ff356bf9aee6f000025,0.25,-0.0,1
bioasq_train,bioasq13b_627a9ff356bf9aee6f000025,0.3,-0.0,1
bioasq_train,bioasq13b_5fe31323a43ad3127800004d,0.05,-0.0,1
bioasq_train,bioasq13b_5fe31323a43ad3127800004d,0.1,-0.0,1
bioasq_train,bioasq13b_5fe31323a43ad3127800004d,0.15,-0.0,1
bioasq_train,bioasq13b_5fe31323a43ad3127800004d,0.2,-0.0,1
bioasq_train,bioasq13b_5fe31323a43ad3127800004d,0.25,-0.0,1
bioasq_train,bioasq13b_5fe31323a43ad3127800004d,0.3,-0.0,1
bioasq_train,bioasq13b_5fdb4176a43ad3127800001a,0.05,-0.0,1
bioasq_train,bioasq13b_5fdb4176a43ad3127800001a,0.1,-0.0,1
bioasq_train,bioasq13b_5fdb4176a43ad3127800001a,0.15,-0.0,1
bioasq_train,bioasq13b_5fdb4176a43ad3127800001a,0.2,-0.0,1
bioasq_train,bioasq13b_5fdb4176a43ad3127800001a,0.25,-0.0,1
bioasq_train,bioasq13b_5fdb4176a43ad3127800001a,0.3,-0.0,1
bioasq_train,bioasq13b_62058382c9dfcb9c09000031,0.05,-0.0,1
bioasq_train,bioasq13b_62058382c9dfcb9c09000031,0.1,-0.0,1
bioasq_train,bioasq13b_62058382c9dfcb9c09000031,0.15,-0.0,1
bioasq_train,bioasq13b_62058382c9dfcb9c09000031,0.2,-0.0,1
bioasq_train,bioasq13b_62058382c9dfcb9c09000031,0.25,-0.0,1
bioasq_train,bioasq13b_62058382c9dfcb9c09000031,0.3,-0.0,1
bioasq_train,bioasq13b_61f59012882a024a1000000c,0.05,0.2775280104064451,3
bioasq_train,bioasq13b_61f59012882a024a1000000c,0.1,0.14118174150460758,2
bioasq_train,bioasq13b_61f59012882a024a1000000c,0.15,-0.0,1
bioasq_train,bioasq13b_61f59012882a024a1000000c,0.2,-0.0,1
bioasq_train,bioasq13b_61f59012882a024a1000000c,0.25,-0.0,1
bioasq_train,bioasq13b_61f59012882a024a1000000c,0.3,-0.0,1
bioasq_train,bioasq13b_6217e7a63a8413c653000033,0.05,-0.0,1
bioasq_train,bioasq13b_6217e7a63a8413c653000033,0.1,-0.0,1
bioasq_train,bioasq13b_6217e7a63a8413c653000033,0.15,-0.0,1
bioasq_train,bioasq13b_6217e7a63a8413c653000033,0.2,-0.0,1
bioasq_train,bioasq13b_6217e7a63a8413c653000033,0.25,-0.0,1
bioasq_train,bioasq13b_6217e7a63a8413c653000033,0.3,-0.0,1
bioasq_train,bioasq13b_6206c428c9dfcb9c0900003f,0.05,-0.0,1
bioasq_train,bioasq13b_6206c428c9dfcb9c0900003f,0.1,-0.0,1
bioasq_train,bioasq13b_6206c428c9dfcb9c0900003f,0.15,-0.0,1
bioasq_train,bioasq13b_6206c428c9dfcb9c0900003f,0.2,-0.0,1
bioasq_train,bioasq13b_6206c428c9dfcb9c0900003f,0.25,-0.0,1
bioasq_train,bioasq13b_6206c428c9dfcb9c0900003f,0.3,-0.0,1
bioasq_train,bioasq13b_6220cf383a8413c653000069,0.05,-0.0,1
bioasq_train,bioasq13b_6220cf383a8413c653000069,0.1,-0.0,1
bioasq_train,bioasq13b_6220cf383a8413c653000069,0.15,-0.0,1
bioasq_train,bioasq13b_6220cf383a8413c653000069,0.2,-0.0,1
bioasq_train,bioasq13b_6220cf383a8413c653000069,0.25,-0.0,1
bioasq_train,bioasq13b_6220cf383a8413c653000069,0.3,-0.0,1
bioasq_train,bioasq13b_5fd3c4f4a43ad31278000003,0.05,-0.0,1
bioasq_train,bioasq13b_5fd3c4f4a43ad31278000003,0.1,-0.0,1
bioasq_train,bioasq13b_5fd3c4f4a43ad31278000003,0.15,-0.0,1
bioasq_train,bioasq13b_5fd3c4f4a43ad31278000003,0.2,-0.0,1
bioasq_train,bioasq13b_5fd3c4f4a43ad31278000003,0.25,-0.0,1
bioasq_train,bioasq13b_5fd3c4f4a43ad31278000003,0.3,-0.0,1
bioasq_train,bioasq13b_6217dba43a8413c653000029,0.05,-0.0,1
bioasq_train,bioasq13b_6217dba43a8413c653000029,0.1,-0.0,1
bioasq_train,bioasq13b_6217dba43a8413c653000029,0.15,-0.0,1
bioasq_train,bioasq13b_6217dba43a8413c653000029,0.2,-0.0,1
bioasq_train,bioasq13b_6217dba43a8413c653000029,0.25,-0.0,1
bioasq_train,bioasq13b_6217dba43a8413c653000029,0.3,-0.0,1
bioasq_train,bioasq13b_62211fdf3a8413c653000073,0.05,-0.0,1
bioasq_train,bioasq13b_62211fdf3a8413c653000073,0.1,-0.0,1
bioasq_train,bioasq13b_62211fdf3a8413c653000073,0.15,-0.0,1
bioasq_train,bioasq13b_62211fdf3a8413c653000073,0.2,-0.0,1
bioasq_train,bioasq13b_62211fdf3a8413c653000073,0.25,-0.0,1
bioasq_train,bioasq13b_62211fdf3a8413c653000073,0.3,-0.0,1
bioasq_train,bioasq13b_6211575f3a8413c653000011,0.05,0.14118174150460758,2
bioasq_train,bioasq13b_6211575f3a8413c653000011,0.1,-0.0,1
bioasq_train,bioasq13b_6211575f3a8413c653000011,0.15,-0.0,1
bioasq_train,bioasq13b_6211575f3a8413c653000011,0.2,-0.0,1
bioasq_train,bioasq13b_6211575f3a8413c653000011,0.25,-0.0,1
bioasq_train,bioasq13b_6211575f3a8413c653000011,0.3,-0.0,1
bioasq_train,bioasq13b_621150333a8413c65300000e,0.05,0.2652949955741215,2
bioasq_train,bioasq13b_621150333a8413c65300000e,0.1,-0.0,1
bioasq_train,bioasq13b_621150333a8413c65300000e,0.15,-0.0,1
bioasq_train,bioasq13b_621150333a8413c65300000e,0.2,-0.0,1
bioasq_train,bioasq13b_621150333a8413c65300000e,0.25,-0.0,1
bioasq_train,bioasq13b_621150333a8413c65300000e,0.3,-0.0,1
bioasq_train,bioasq13b_61f81785882a024a1000003f,0.05,-0.0,1
bioasq_train,bioasq13b_61f81785882a024a1000003f,0.1,-0.0,1
bioasq_train,bioasq13b_61f81785882a024a1000003f,0.15,-0.0,1
bioasq_train,bioasq13b_61f81785882a024a1000003f,0.2,-0.0,1
bioasq_train,bioasq13b_61f81785882a024a1000003f,0.25,-0.0,1
bioasq_train,bioasq13b_61f81785882a024a1000003f,0.3,-0.0,1
bioasq_train,bioasq13b_620c2d743a8413c653000008,0.05,-0.0,1
bioasq_train,bioasq13b_620c2d743a8413c653000008,0.1,-0.0,1
bioasq_train,bioasq13b_620c2d743a8413c653000008,0.15,-0.0,1
bioasq_train,bioasq13b_620c2d743a8413c653000008,0.2,-0.0,1
bioasq_train,bioasq13b_620c2d743a8413c653000008,0.25,-0.0,1
bioasq_train,bioasq13b_620c2d743a8413c653000008,0.3,-0.0,1
bioasq_train,bioasq13b_621b45943a8413c653000039,0.05,-0.0,1
bioasq_train,bioasq13b_621b45943a8413c653000039,0.1,-0.0,1
bioasq_train,bioasq13b_621b45943a8413c653000039,0.15,-0.0,1
bioasq_train,bioasq13b_621b45943a8413c653000039,0.2,-0.0,1
bioasq_train,bioasq13b_621b45943a8413c653000039,0.25,-0.0,1
bioasq_train,bioasq13b_621b45943a8413c653000039,0.3,-0.0,1
bioasq_train,bioasq13b_62211ce03a8413c65300006e,0.05,0.14118174150460758,2
bioasq_train,bioasq13b_62211ce03a8413c65300006e,0.1,-0.0,1
bioasq_train,bioasq13b_62211ce03a8413c65300006e,0.15,-0.0,1
bioasq_train,bioasq13b_62211ce03a8413c65300006e,0.2,-0.0,1
bioasq_train,bioasq13b_62211ce03a8413c65300006e,0.25,-0.0,1
bioasq_train,bioasq13b_62211ce03a8413c65300006e,0.3,-0.0,1
bioasq_train,bioasq13b_6211557b3a8413c65300000f,0.05,-0.0,1
bioasq_train,bioasq13b_6211557b3a8413c65300000f,0.1,-0.0,1
bioasq_train,bioasq13b_6211557b3a8413c65300000f,0.15,-0.0,1
bioasq_train,bioasq13b_6211557b3a8413c65300000f,0.2,-0.0,1
bioasq_train,bioasq13b_6211557b3a8413c65300000f,0.25,-0.0,1
bioasq_train,bioasq13b_6211557b3a8413c65300000f,0.3,-0.0,1
bioasq_train,bioasq13b_60490e321cb411341a000168,0.05,0.2775280104064451,3
bioasq_train,bioasq13b_60490e321cb411341a000168,0.1,0.21732201127364886,2
bioasq_train,bioasq13b_60490e321cb411341a000168,0.15,-0.0,1
bioasq_train,bioasq13b_60490e321cb411341a000168,0.2,-0.0,1
bioasq_train,bioasq13b_60490e321cb411341a000168,0.25,-0.0,1
bioasq_train,bioasq13b_60490e321cb411341a000168,0.3,-0.0,1
bioasq_train,bioasq13b_6237aa3c3a8413c6530000b5,0.05,-0.0,1
bioasq_train,bioasq13b_6237aa3c3a8413c6530000b5,0.1,-0.0,1
bioasq_train,bioasq13b_6237aa3c3a8413c6530000b5,0.15,-0.0,1
bioasq_train,bioasq13b_6237aa3c3a8413c6530000b5,0.2,-0.0,1
bioasq_train,bioasq13b_6237aa3c3a8413c6530000b5,0.25,-0.0,1
bioasq_train,bioasq13b_6237aa3c3a8413c6530000b5,0.3,-0.0,1
bioasq_train,bioasq13b_622d04da3a8413c65300009f,0.05,-0.0,1
bioasq_train,bioasq13b_622d04da3a8413c65300009f,0.1,-0.0,1
bioasq_train,bioasq13b_622d04da3a8413c65300009f,0.15,-0.0,1
bioasq_train,bioasq13b_622d04da3a8413c65300009f,0.2,-0.0,1
bioasq_train,bioasq13b_622d04da3a8413c65300009f,0.25,-0.0,1
bioasq_train,bioasq13b_622d04da3a8413c65300009f,0.3,-0.0,1
bioasq_train,bioasq13b_623648513a8413c6530000ae,0.05,-0.0,1
bioasq_train,bioasq13b_623648513a8413c6530000ae,0.1,-0.0,1
bioasq_train,bioasq13b_623648513a8413c6530000ae,0.15,-0.0,1
bioasq_train,bioasq13b_623648513a8413c6530000ae,0.2,-0.0,1
bioasq_train,bioasq13b_623648513a8413c6530000ae,0.25,-0.0,1
bioasq_train,bioasq13b_623648513a8413c6530000ae,0.3,-0.0,1
bioasq_train,bioasq13b_6202fa3cc9dfcb9c0900002c,0.05,-0.0,1
bioasq_train,bioasq13b_6202fa3cc9dfcb9c0900002c,0.1,-0.0,1
bioasq_train,bioasq13b_6202fa3cc9dfcb9c0900002c,0.15,-0.0,1
bioasq_train,bioasq13b_6202fa3cc9dfcb9c0900002c,0.2,-0.0,1
bioasq_train,bioasq13b_6202fa3cc9dfcb9c0900002c,0.25,-0.0,1
bioasq_train,bioasq13b_6202fa3cc9dfcb9c0900002c,0.3,-0.0,1
bioasq_train,bioasq13b_6200879ac9dfcb9c09000021,0.05,-0.0,1
bioasq_train,bioasq13b_6200879ac9dfcb9c09000021,0.1,-0.0,1
bioasq_train,bioasq13b_6200879ac9dfcb9c09000021,0.15,-0.0,1
bioasq_train,bioasq13b_6200879ac9dfcb9c09000021,0.2,-0.0,1
bioasq_train,bioasq13b_6200879ac9dfcb9c09000021,0.25,-0.0,1
bioasq_train,bioasq13b_6200879ac9dfcb9c09000021,0.3,-0.0,1
bioasq_train,bioasq13b_621e5dcf3a8413c65300004f,0.05,-0.0,1
bioasq_train,bioasq13b_621e5dcf3a8413c65300004f,0.1,-0.0,1
bioasq_train,bioasq13b_621e5dcf3a8413c65300004f,0.15,-0.0,1
bioasq_train,bioasq13b_621e5dcf3a8413c65300004f,0.2,-0.0,1
bioasq_train,bioasq13b_621e5dcf3a8413c65300004f,0.25,-0.0,1
bioasq_train,bioasq13b_621e5dcf3a8413c65300004f,0.3,-0.0,1
bioasq_train,bioasq13b_622df6663a8413c6530000a7,0.05,0.40843137199002016,4
bioasq_train,bioasq13b_622df6663a8413c6530000a7,0.1,0.2652949955741215,2
bioasq_train,bioasq13b_622df6663a8413c6530000a7,0.15,-0.0,1
bioasq_train,bioasq13b_622df6663a8413c6530000a7,0.2,-0.0,1
bioasq_train,bioasq13b_622df6663a8413c6530000a7,0.25,-0.0,1
bioasq_train,bioasq13b_622df6663a8413c6530000a7,0.3,-0.0,1
bioasq_train,bioasq13b_623648723a8413c6530000af,0.05,-0.0,1
bioasq_train,bioasq13b_623648723a8413c6530000af,0.1,-0.0,1
bioasq_train,bioasq13b_623648723a8413c6530000af,0.15,-0.0,1
bioasq_train,bioasq13b_623648723a8413c6530000af,0.2,-0.0,1
bioasq_train,bioasq13b_623648723a8413c6530000af,0.25,-0.0,1
bioasq_train,bioasq13b_623648723a8413c6530000af,0.3,-0.0,1
bioasq_train,bioasq13b_6201a06fc9dfcb9c09000026,0.05,-0.0,1
bioasq_train,bioasq13b_6201a06fc9dfcb9c09000026,0.1,-0.0,1
bioasq_train,bioasq13b_6201a06fc9dfcb9c09000026,0.15,-0.0,1
bioasq_train,bioasq13b_6201a06fc9dfcb9c09000026,0.2,-0.0,1
bioasq_train,bioasq13b_6201a06fc9dfcb9c09000026,0.25,-0.0,1
bioasq_train,bioasq13b_6201a06fc9dfcb9c09000026,0.3,-0.0,1
bioasq_train,bioasq13b_6237a94f3a8413c6530000b4,0.05,0.30102999566398114,2
bioasq_train,bioasq13b_6237a94f3a8413c6530000b4,0.1,-0.0,1
bioasq_train,bioasq13b_6237a94f3a8413c6530000b4,0.15,-0.0,1
bioasq_train,bioasq13b_6237a94f3a8413c6530000b4,0.2,-0.0,1
bioasq_train,bioasq13b_6237a94f3a8413c6530000b4,0.25,-0.0,1
bioasq_train,bioasq13b_6237a94f3a8413c6530000b4,0.3,-0.0,1
bioasq_train,bioasq13b_62008456c9dfcb9c0900001e,0.05,-0.0,1
bioasq_train,bioasq13b_62008456c9dfcb9c0900001e,0.1,-0.0,1
bioasq_train,bioasq13b_62008456c9dfcb9c0900001e,0.15,-0.0,1
bioasq_train,bioasq13b_62008456c9dfcb9c0900001e,0.2,-0.0,1
bioasq_train,bioasq13b_62008456c9dfcb9c0900001e,0.25,-0.0,1
bioasq_train,bioasq13b_62008456c9dfcb9c0900001e,0.3,-0.0,1
bioasq_train,bioasq13b_62262b353a8413c65300007f,0.05,-0.0,1
bioasq_train,bioasq13b_62262b353a8413c65300007f,0.1,-0.0,1
bioasq_train,bioasq13b_62262b353a8413c65300007f,0.15,-0.0,1
bioasq_train,bioasq13b_62262b353a8413c65300007f,0.2,-0.0,1
bioasq_train,bioasq13b_62262b353a8413c65300007f,0.25,-0.0,1
bioasq_train,bioasq13b_62262b353a8413c65300007f,0.3,-0.0,1
bioasq_train,bioasq13b_622cbb4e3a8413c65300009a,0.05,0.44717262228329563,3
bioasq_train,bioasq13b_622cbb4e3a8413c65300009a,0.1,-0.0,1
bioasq_train,bioasq13b_622cbb4e3a8413c65300009a,0.15,-0.0,1
bioasq_train,bioasq13b_622cbb4e3a8413c65300009a,0.2,-0.0,1
bioasq_train,bioasq13b_622cbb4e3a8413c65300009a,0.25,-0.0,1
bioasq_train,bioasq13b_622cbb4e3a8413c65300009a,0.3,-0.0,1
bioasq_train,bioasq13b_622669363a8413c653000089,0.05,-0.0,1
bioasq_train,bioasq13b_622669363a8413c653000089,0.1,-0.0,1
bioasq_train,bioasq13b_622669363a8413c653000089,0.15,-0.0,1
bioasq_train,bioasq13b_622669363a8413c653000089,0.2,-0.0,1
bioasq_train,bioasq13b_622669363a8413c653000089,0.25,-0.0,1
bioasq_train,bioasq13b_622669363a8413c653000089,0.3,-0.0,1
bioasq_train,bioasq13b_6200839bc9dfcb9c0900001d,0.05,-0.0,1
bioasq_train,bioasq13b_6200839bc9dfcb9c0900001d,0.1,-0.0,1
bioasq_train,bioasq13b_6200839bc9dfcb9c0900001d,0.15,-0.0,1
bioasq_train,bioasq13b_6200839bc9dfcb9c0900001d,0.2,-0.0,1
bioasq_train,bioasq13b_6200839bc9dfcb9c0900001d,0.25,-0.0,1
bioasq_train,bioasq13b_6200839bc9dfcb9c0900001d,0.3,-0.0,1
bioasq_train,bioasq13b_6201a20cc9dfcb9c09000027,0.05,-0.0,1
bioasq_train,bioasq13b_6201a20cc9dfcb9c09000027,0.1,-0.0,1
bioasq_train,bioasq13b_6201a20cc9dfcb9c09000027,0.15,-0.0,1
bioasq_train,bioasq13b_6201a20cc9dfcb9c09000027,0.2,-0.0,1
bioasq_train,bioasq13b_6201a20cc9dfcb9c09000027,0.25,-0.0,1
bioasq_train,bioasq13b_6201a20cc9dfcb9c09000027,0.3,-0.0,1
bioasq_train,bioasq13b_62059190c9dfcb9c09000034,0.05,-0.0,1
bioasq_train,bioasq13b_62059190c9dfcb9c09000034,0.1,-0.0,1
bioasq_train,bioasq13b_62059190c9dfcb9c09000034,0.15,-0.0,1
bioasq_train,bioasq13b_62059190c9dfcb9c09000034,0.2,-0.0,1
bioasq_train,bioasq13b_62059190c9dfcb9c09000034,0.25,-0.0,1
bioasq_train,bioasq13b_62059190c9dfcb9c09000034,0.3,-0.0,1
bioasq_train,bioasq13b_64403c4257b1c7a31500004f,0.05,-0.0,1
bioasq_train,bioasq13b_64403c4257b1c7a31500004f,0.1,-0.0,1
bioasq_train,bioasq13b_64403c4257b1c7a31500004f,0.15,-0.0,1
bioasq_train,bioasq13b_64403c4257b1c7a31500004f,0.2,-0.0,1
bioasq_train,bioasq13b_64403c4257b1c7a31500004f,0.25,-0.0,1
bioasq_train,bioasq13b_64403c4257b1c7a31500004f,0.3,-0.0,1
bioasq_train,bioasq13b_63f042e2f36125a426000022,0.05,-0.0,1
bioasq_train,bioasq13b_63f042e2f36125a426000022,0.1,-0.0,1
bioasq_train,bioasq13b_63f042e2f36125a426000022,0.15,-0.0,1
bioasq_train,bioasq13b_63f042e2f36125a426000022,0.2,-0.0,1
bioasq_train,bioasq13b_63f042e2f36125a426000022,0.25,-0.0,1
bioasq_train,bioasq13b_63f042e2f36125a426000022,0.3,-0.0,1
bioasq_train,bioasq13b_64184483690f196b51000038,0.05,-0.0,1
bioasq_train,bioasq13b_64184483690f196b51000038,0.1,-0.0,1
bioasq_train,bioasq13b_64184483690f196b51000038,0.15,-0.0,1
bioasq_train,bioasq13b_64184483690f196b51000038,0.2,-0.0,1
bioasq_train,bioasq13b_64184483690f196b51000038,0.25,-0.0,1
bioasq_train,bioasq13b_64184483690f196b51000038,0.3,-0.0,1
bioasq_train,bioasq13b_643de76757b1c7a315000039,0.05,-0.0,1
bioasq_train,bioasq13b_643de76757b1c7a315000039,0.1,-0.0,1
bioasq_train,bioasq13b_643de76757b1c7a315000039,0.15,-0.0,1
bioasq_train,bioasq13b_643de76757b1c7a315000039,0.2,-0.0,1
bioasq_train,bioasq13b_643de76757b1c7a315000039,0.25,-0.0,1
bioasq_train,bioasq13b_643de76757b1c7a315000039,0.3,-0.0,1
bioasq_train,bioasq13b_63f02ec1f36125a426000017,0.05,-0.0,1
bioasq_train,bioasq13b_63f02ec1f36125a426000017,0.1,-0.0,1
bioasq_train,bioasq13b_63f02ec1f36125a426000017,0.15,-0.0,1
bioasq_train,bioasq13b_63f02ec1f36125a426000017,0.2,-0.0,1
bioasq_train,bioasq13b_63f02ec1f36125a426000017,0.25,-0.0,1
bioasq_train,bioasq13b_63f02ec1f36125a426000017,0.3,-0.0,1
bioasq_train,bioasq13b_64371c5957b1c7a31500002a,0.05,-0.0,1
bioasq_train,bioasq13b_64371c5957b1c7a31500002a,0.1,-0.0,1
bioasq_train,bioasq13b_64371c5957b1c7a31500002a,0.15,-0.0,1
bioasq_train,bioasq13b_64371c5957b1c7a31500002a,0.2,-0.0,1
bioasq_train,bioasq13b_64371c5957b1c7a31500002a,0.25,-0.0,1
bioasq_train,bioasq13b_64371c5957b1c7a31500002a,0.3,-0.0,1
bioasq_train,bioasq13b_63eef7eff36125a42600000e,0.05,-0.0,1
bioasq_train,bioasq13b_63eef7eff36125a42600000e,0.1,-0.0,1
bioasq_train,bioasq13b_63eef7eff36125a42600000e,0.15,-0.0,1
bioasq_train,bioasq13b_63eef7eff36125a42600000e,0.2,-0.0,1
bioasq_train,bioasq13b_63eef7eff36125a42600000e,0.25,-0.0,1
bioasq_train,bioasq13b_63eef7eff36125a42600000e,0.3,-0.0,1
bioasq_train,bioasq13b_641790a3690f196b5100002c,0.05,0.21732201127364886,2
bioasq_train,bioasq13b_641790a3690f196b5100002c,0.1,-0.0,1
bioasq_train,bioasq13b_641790a3690f196b5100002c,0.15,-0.0,1
bioasq_train,bioasq13b_641790a3690f196b5100002c,0.2,-0.0,1
bioasq_train,bioasq13b_641790a3690f196b5100002c,0.25,-0.0,1
bioasq_train,bioasq13b_641790a3690f196b5100002c,0.3,-0.0,1
bioasq_train,bioasq13b_63f56dc533942b094c000001,0.05,-0.0,1
bioasq_train,bioasq13b_63f56dc533942b094c000001,0.1,-0.0,1
bioasq_train,bioasq13b_63f56dc533942b094c000001,0.15,-0.0,1
bioasq_train,bioasq13b_63f56dc533942b094c000001,0.2,-0.0,1
bioasq_train,bioasq13b_63f56dc533942b094c000001,0.25,-0.0,1
bioasq_train,bioasq13b_63f56dc533942b094c000001,0.3,-0.0,1
bioasq_train,bioasq13b_643def7057b1c7a31500003a,0.05,0.14118174150460758,2
bioasq_train,bioasq13b_643def7057b1c7a31500003a,0.1,-0.0,1
bioasq_train,bioasq13b_643def7057b1c7a31500003a,0.15,-0.0,1
bioasq_train,bioasq13b_643def7057b1c7a31500003a,0.2,-0.0,1
bioasq_train,bioasq13b_643def7057b1c7a31500003a,0.25,-0.0,1
bioasq_train,bioasq13b_643def7057b1c7a31500003a,0.3,-0.0,1
bioasq_train,bioasq13b_643c9b4057b1c7a315000032,0.05,-0.0,1
bioasq_train,bioasq13b_643c9b4057b1c7a315000032,0.1,-0.0,1
bioasq_train,bioasq13b_643c9b4057b1c7a315000032,0.15,-0.0,1
bioasq_train,bioasq13b_643c9b4057b1c7a315000032,0.2,-0.0,1
bioasq_train,bioasq13b_643c9b4057b1c7a315000032,0.25,-0.0,1
bioasq_train,bioasq13b_643c9b4057b1c7a315000032,0.3,-0.0,1
bioasq_train,bioasq13b_6402c71f201352f04a00000a,0.05,-0.0,1
bioasq_train,bioasq13b_6402c71f201352f04a00000a,0.1,-0.0,1
bioasq_train,bioasq13b_6402c71f201352f04a00000a,0.15,-0.0,1
bioasq_train,bioasq13b_6402c71f201352f04a00000a,0.2,-0.0,1
bioasq_train,bioasq13b_6402c71f201352f04a00000a,0.25,-0.0,1
bioasq_train,bioasq13b_6402c71f201352f04a00000a,0.3,-0.0,1
bioasq_train,bioasq13b_6429e1b857b1c7a315000008,0.05,0.29228525323862886,2
bioasq_train,bioasq13b_6429e1b857b1c7a315000008,0.1,-0.0,1
bioasq_train,bioasq13b_6429e1b857b1c7a315000008,0.15,-0.0,1
bioasq_train,bioasq13b_6429e1b857b1c7a315000008,0.2,-0.0,1
bioasq_train,bioasq13b_6429e1b857b1c7a315000008,0.25,-0.0,1
bioasq_train,bioasq13b_6429e1b857b1c7a315000008,0.3,-0.0,1
bioasq_train,bioasq13b_644029f857b1c7a315000042,0.05,-0.0,1
bioasq_train,bioasq13b_644029f857b1c7a315000042,0.1,-0.0,1
bioasq_train,bioasq13b_644029f857b1c7a315000042,0.15,-0.0,1
bioasq_train,bioasq13b_644029f857b1c7a315000042,0.2,-0.0,1
bioasq_train,bioasq13b_644029f857b1c7a315000042,0.25,-0.0,1
bioasq_train,bioasq13b_644029f857b1c7a315000042,0.3,-0.0,1
bioasq_train,bioasq13b_6440360557b1c7a315000047,0.05,-0.0,1
bioasq_train,bioasq13b_6440360557b1c7a315000047,0.1,-0.0,1
bioasq_train,bioasq13b_6440360557b1c7a315000047,0.15,-0.0,1
bioasq_train,bioasq13b_6440360557b1c7a315000047,0.2,-0.0,1
bioasq_train,bioasq13b_6440360557b1c7a315000047,0.25,-0.0,1
bioasq_train,bioasq13b_6440360557b1c7a315000047,0.3,-0.0,1
bioasq_train,bioasq13b_6419fa3d690f196b5100003c,0.05,-0.0,1
bioasq_train,bioasq13b_6419fa3d690f196b5100003c,0.1,-0.0,1
bioasq_train,bioasq13b_6419fa3d690f196b5100003c,0.15,-0.0,1
bioasq_train,bioasq13b_6419fa3d690f196b5100003c,0.2,-0.0,1
bioasq_train,bioasq13b_6419fa3d690f196b5100003c,0.25,-0.0,1
bioasq_train,bioasq13b_6419fa3d690f196b5100003c,0.3,-0.0,1
bioasq_train,bioasq13b_644036cf57b1c7a315000048,0.05,-0.0,1
bioasq_train,bioasq13b_644036cf57b1c7a315000048,0.1,-0.0,1
bioasq_train,bioasq13b_644036cf57b1c7a315000048,0.15,-0.0,1
bioasq_train,bioasq13b_644036cf57b1c7a315000048,0.2,-0.0,1
bioasq_train,bioasq13b_644036cf57b1c7a315000048,0.25,-0.0,1
bioasq_train,bioasq13b_644036cf57b1c7a315000048,0.3,-0.0,1
bioasq_train,bioasq13b_6431f6a857b1c7a315000018,0.05,-0.0,1
bioasq_train,bioasq13b_6431f6a857b1c7a315000018,0.1,-0.0,1
bioasq_train,bioasq13b_6431f6a857b1c7a315000018,0.15,-0.0,1
bioasq_train,bioasq13b_6431f6a857b1c7a315000018,0.2,-0.0,1
bioasq_train,bioasq13b_6431f6a857b1c7a315000018,0.25,-0.0,1
bioasq_train,bioasq13b_6431f6a857b1c7a315000018,0.3,-0.0,1
bioasq_train,bioasq13b_644281e557b1c7a31500005b,0.05,0.38997287335391506,3
bioasq_train,bioasq13b_644281e557b1c7a31500005b,0.1,0.29228525323862886,2
bioasq_train,bioasq13b_644281e557b1c7a31500005b,0.15,0.29228525323862886,2
bioasq_train,bioasq13b_644281e557b1c7a31500005b,0.2,-0.0,1
bioasq_train,bioasq13b_644281e557b1c7a31500005b,0.25,-0.0,1
bioasq_train,bioasq13b_644281e557b1c7a31500005b,0.3,-0.0,1
bioasq_train,bioasq13b_6414c1ae690f196b51000003,0.05,-0.0,1
bioasq_train,bioasq13b_6414c1ae690f196b51000003,0.1,-0.0,1
bioasq_train,bioasq13b_6414c1ae690f196b51000003,0.15,-0.0,1
bioasq_train,bioasq13b_6414c1ae690f196b51000003,0.2,-0.0,1
bioasq_train,bioasq13b_6414c1ae690f196b51000003,0.25,-0.0,1
bioasq_train,bioasq13b_6414c1ae690f196b51000003,0.3,-0.0,1
bioasq_train,bioasq13b_64040c6b201352f04a00000f,0.05,-0.0,1
bioasq_train,bioasq13b_64040c6b201352f04a00000f,0.1,-0.0,1
bioasq_train,bioasq13b_64040c6b201352f04a00000f,0.15,-0.0,1
bioasq_train,bioasq13b_64040c6b201352f04a00000f,0.2,-0.0,1
bioasq_train,bioasq13b_64040c6b201352f04a00000f,0.25,-0.0,1
bioasq_train,bioasq13b_64040c6b201352f04a00000f,0.3,-0.0,1
bioasq_train,bioasq13b_64178f94690f196b51000027,0.05,0.34822537285722394,3
bioasq_train,bioasq13b_64178f94690f196b51000027,0.1,-0.0,1
bioasq_train,bioasq13b_64178f94690f196b51000027,0.15,-0.0,1
bioasq_train,bioasq13b_64178f94690f196b51000027,0.2,-0.0,1
bioasq_train,bioasq13b_64178f94690f196b51000027,0.25,-0.0,1
bioasq_train,bioasq13b_64178f94690f196b51000027,0.3,-0.0,1
bioasq_train,bioasq13b_63f03006f36125a426000018,0.05,0.14118174150460758,2
bioasq_train,bioasq13b_63f03006f36125a426000018,0.1,0.14118174150460758,2
bioasq_train,bioasq13b_63f03006f36125a426000018,0.15,-0.0,1
bioasq_train,bioasq13b_63f03006f36125a426000018,0.2,-0.0,1
bioasq_train,bioasq13b_63f03006f36125a426000018,0.25,-0.0,1
bioasq_train,bioasq13b_63f03006f36125a426000018,0.3,-0.0,1
bioasq_train,bioasq13b_642a029d57b1c7a315000011,0.05,-0.0,1
bioasq_train,bioasq13b_642a029d57b1c7a315000011,0.1,-0.0,1
bioasq_train,bioasq13b_642a029d57b1c7a315000011,0.15,-0.0,1
bioasq_train,bioasq13b_642a029d57b1c7a315000011,0.2,-0.0,1
bioasq_train,bioasq13b_642a029d57b1c7a315000011,0.25,-0.0,1
bioasq_train,bioasq13b_642a029d57b1c7a315000011,0.3,-0.0,1
bioasq_train,bioasq13b_6402bf2b201352f04a000007,0.05,-0.0,1
bioasq_train,bioasq13b_6402bf2b201352f04a000007,0.1,-0.0,1
bioasq_train,bioasq13b_6402bf2b201352f04a000007,0.15,-0.0,1
bioasq_train,bioasq13b_6402bf2b201352f04a000007,0.2,-0.0,1
bioasq_train,bioasq13b_6402bf2b201352f04a000007,0.25,-0.0,1
bioasq_train,bioasq13b_6402bf2b201352f04a000007,0.3,-0.0,1
bioasq_train,bioasq13b_6433012b57b1c7a315000022,0.05,-0.0,1
bioasq_train,bioasq13b_6433012b57b1c7a315000022,0.1,-0.0,1
bioasq_train,bioasq13b_6433012b57b1c7a315000022,0.15,-0.0,1
bioasq_train,bioasq13b_6433012b57b1c7a315000022,0.2,-0.0,1
bioasq_train,bioasq13b_6433012b57b1c7a315000022,0.25,-0.0,1
bioasq_train,bioasq13b_6433012b57b1c7a315000022,0.3,-0.0,1
bioasq_train,bioasq13b_6424154d690f196b5100004a,0.05,0.2652949955741215,2
bioasq_train,bioasq13b_6424154d690f196b5100004a,0.1,-0.0,1
bioasq_train,bioasq13b_6424154d690f196b5100004a,0.15,-0.0,1
bioasq_train,bioasq13b_6424154d690f196b5100004a,0.2,-0.0,1
bioasq_train,bioasq13b_6424154d690f196b5100004a,0.25,-0.0,1
bioasq_train,bioasq13b_6424154d690f196b5100004a,0.3,-0.0,1
bioasq_train,bioasq13b_6432ffdf57b1c7a315000021,0.05,-0.0,1
bioasq_train,bioasq13b_6432ffdf57b1c7a315000021,0.1,-0.0,1
bioasq_train,bioasq13b_6432ffdf57b1c7a315000021,0.15,-0.0,1
bioasq_train,bioasq13b_6432ffdf57b1c7a315000021,0.2,-0.0,1
bioasq_train,bioasq13b_6432ffdf57b1c7a315000021,0.25,-0.0,1
bioasq_train,bioasq13b_6432ffdf57b1c7a315000021,0.3,-0.0,1
bioasq_train,bioasq13b_64178ec2690f196b51000024,0.05,-0.0,1
bioasq_train,bioasq13b_64178ec2690f196b51000024,0.1,-0.0,1
bioasq_train,bioasq13b_64178ec2690f196b51000024,0.15,-0.0,1
bioasq_train,bioasq13b_64178ec2690f196b51000024,0.2,-0.0,1
bioasq_train,bioasq13b_64178ec2690f196b51000024,0.25,-0.0,1
bioasq_train,bioasq13b_64178ec2690f196b51000024,0.3,-0.0,1
bioasq_train,bioasq13b_6415b422690f196b5100000a,0.05,0.21732201127364886,2
bioasq_train,bioasq13b_6415b422690f196b5100000a,0.1,-0.0,1
bioasq_train,bioasq13b_6415b422690f196b5100000a,0.15,-0.0,1
bioasq_train,bioasq13b_6415b422690f196b5100000a,0.2,-0.0,1
bioasq_train,bioasq13b_6415b422690f196b5100000a,0.25,-0.0,1
bioasq_train,bioasq13b_6415b422690f196b5100000a,0.3,-0.0,1
bioasq_train,bioasq13b_641b7bba690f196b5100003e,0.05,0.14118174150460758,2
bioasq_train,bioasq13b_641b7bba690f196b5100003e,0.1,-0.0,1
bioasq_train,bioasq13b_641b7bba690f196b5100003e,0.15,-0.0,1
bioasq_train,bioasq13b_641b7bba690f196b5100003e,0.2,-0.0,1
bioasq_train,bioasq13b_641b7bba690f196b5100003e,0.25,-0.0,1
bioasq_train,bioasq13b_641b7bba690f196b5100003e,0.3,-0.0,1
bioasq_train,bioasq13b_6429f86657b1c7a31500000d,0.05,0.38997287335391506,3
bioasq_train,bioasq13b_6429f86657b1c7a31500000d,0.1,-0.0,1
bioasq_train,bioasq13b_6429f86657b1c7a31500000d,0.15,-0.0,1
bioasq_train,bioasq13b_6429f86657b1c7a31500000d,0.2,-0.0,1
bioasq_train,bioasq13b_6429f86657b1c7a31500000d,0.25,-0.0,1
bioasq_train,bioasq13b_6429f86657b1c7a31500000d,0.3,-0.0,1
bioasq_train,bioasq13b_63f5713733942b094c000003,0.05,-0.0,1
bioasq_train,bioasq13b_63f5713733942b094c000003,0.1,-0.0,1
bioasq_train,bioasq13b_63f5713733942b094c000003,0.15,-0.0,1
bioasq_train,bioasq13b_63f5713733942b094c000003,0.2,-0.0,1
bioasq_train,bioasq13b_63f5713733942b094c000003,0.25,-0.0,1
bioasq_train,bioasq13b_63f5713733942b094c000003,0.3,-0.0,1
bioasq_train,bioasq13b_6429fe4e57b1c7a31500000f,0.05,-0.0,1
bioasq_train,bioasq13b_6429fe4e57b1c7a31500000f,0.1,-0.0,1
bioasq_train,bioasq13b_6429fe4e57b1c7a31500000f,0.15,-0.0,1
bioasq_train,bioasq13b_6429fe4e57b1c7a31500000f,0.2,-0.0,1
bioasq_train,bioasq13b_6429fe4e57b1c7a31500000f,0.25,-0.0,1
bioasq_train,bioasq13b_6429fe4e57b1c7a31500000f,0.3,-0.0,1
bioasq_train,bioasq13b_642321a5690f196b51000047,0.05,-0.0,1
bioasq_train,bioasq13b_642321a5690f196b51000047,0.1,-0.0,1
bioasq_train,bioasq13b_642321a5690f196b51000047,0.15,-0.0,1
bioasq_train,bioasq13b_642321a5690f196b51000047,0.2,-0.0,1
bioasq_train,bioasq13b_642321a5690f196b51000047,0.25,-0.0,1
bioasq_train,bioasq13b_642321a5690f196b51000047,0.3,-0.0,1
bioasq_train,bioasq13b_64299fa957b1c7a315000002,0.05,0.14118174150460758,2
bioasq_train,bioasq13b_64299fa957b1c7a315000002,0.1,-0.0,1
bioasq_train,bioasq13b_64299fa957b1c7a315000002,0.15,-0.0,1
bioasq_train,bioasq13b_64299fa957b1c7a315000002,0.2,-0.0,1
bioasq_train,bioasq13b_64299fa957b1c7a315000002,0.25,-0.0,1
bioasq_train,bioasq13b_64299fa957b1c7a315000002,0.3,-0.0,1
bioasq_train,bioasq13b_63f92fd033942b094c00000b,0.05,-0.0,1
bioasq_train,bioasq13b_63f92fd033942b094c00000b,0.1,-0.0,1
bioasq_train,bioasq13b_63f92fd033942b094c00000b,0.15,-0.0,1
bioasq_train,bioasq13b_63f92fd033942b094c00000b,0.2,-0.0,1
bioasq_train,bioasq13b_63f92fd033942b094c00000b,0.25,-0.0,1
bioasq_train,bioasq13b_63f92fd033942b094c00000b,0.3,-0.0,1
bioasq_train,bioasq13b_6426bb49690f196b5100004d,0.05,0.29228525323862886,2
bioasq_train,bioasq13b_6426bb49690f196b5100004d,0.1,-0.0,1
bioasq_train,bioasq13b_6426bb49690f196b5100004d,0.15,-0.0,1
bioasq_train,bioasq13b_6426bb49690f196b5100004d,0.2,-0.0,1
bioasq_train,bioasq13b_6426bb49690f196b5100004d,0.25,-0.0,1
bioasq_train,bioasq13b_6426bb49690f196b5100004d,0.3,-0.0,1
bioasq_train,bioasq13b_642f4aac57b1c7a315000015,0.05,0.21732201127364886,2
bioasq_train,bioasq13b_642f4aac57b1c7a315000015,0.1,-0.0,1
bioasq_train,bioasq13b_642f4aac57b1c7a315000015,0.15,-0.0,1
bioasq_train,bioasq13b_642f4aac57b1c7a315000015,0.2,-0.0,1
bioasq_train,bioasq13b_642f4aac57b1c7a315000015,0.25,-0.0,1
bioasq_train,bioasq13b_642f4aac57b1c7a315000015,0.3,-0.0,1
bioasq_train,bioasq13b_644294b757b1c7a315000061,0.05,0.5301029995663982,4
bioasq_train,bioasq13b_644294b757b1c7a315000061,0.1,-0.0,1
bioasq_train,bioasq13b_644294b757b1c7a315000061,0.15,-0.0,1
bioasq_train,bioasq13b_644294b757b1c7a315000061,0.2,-0.0,1
bioasq_train,bioasq13b_644294b757b1c7a315000061,0.25,-0.0,1
bioasq_train,bioasq13b_644294b757b1c7a315000061,0.3,-0.0,1
bioasq_train,bioasq13b_6419cd02690f196b5100003a,0.05,0.14118174150460758,2
bioasq_train,bioasq13b_6419cd02690f196b5100003a,0.1,-0.0,1
bioasq_train,bioasq13b_6419cd02690f196b5100003a,0.15,-0.0,1
bioasq_train,bioasq13b_6419cd02690f196b5100003a,0.2,-0.0,1
bioasq_train,bioasq13b_6419cd02690f196b5100003a,0.25,-0.0,1
bioasq_train,bioasq13b_6419cd02690f196b5100003a,0.3,-0.0,1
bioasq_train,bioasq13b_645037e557b1c7a31500008c,0.05,-0.0,1
bioasq_train,bioasq13b_645037e557b1c7a31500008c,0.1,-0.0,1
bioasq_train,bioasq13b_645037e557b1c7a31500008c,0.15,-0.0,1
bioasq_train,bioasq13b_645037e557b1c7a31500008c,0.2,-0.0,1
bioasq_train,bioasq13b_645037e557b1c7a31500008c,0.25,-0.0,1
bioasq_train,bioasq13b_645037e557b1c7a31500008c,0.3,-0.0,1
bioasq_train,bioasq13b_644ea46d57b1c7a31500007c,0.05,-0.0,1
bioasq_train,bioasq13b_644ea46d57b1c7a31500007c,0.1,-0.0,1
bioasq_train,bioasq13b_644ea46d57b1c7a31500007c,0.15,-0.0,1
bioasq_train,bioasq13b_644ea46d57b1c7a31500007c,0.2,-0.0,1
bioasq_train,bioasq13b_644ea46d57b1c7a31500007c,0.25,-0.0,1
bioasq_train,bioasq13b_644ea46d57b1c7a31500007c,0.3,-0.0,1
bioasq_train,bioasq13b_6431f74057b1c7a31500001a,0.05,-0.0,1
bioasq_train,bioasq13b_6431f74057b1c7a31500001a,0.1,-0.0,1
bioasq_train,bioasq13b_6431f74057b1c7a31500001a,0.15,-0.0,1
bioasq_train,bioasq13b_6431f74057b1c7a31500001a,0.2,-0.0,1
bioasq_train,bioasq13b_6431f74057b1c7a31500001a,0.25,-0.0,1
bioasq_train,bioasq13b_6431f74057b1c7a31500001a,0.3,-0.0,1
bioasq_train,bioasq13b_64184949690f196b51000039,0.05,0.14118174150460758,2
bioasq_train,bioasq13b_64184949690f196b51000039,0.1,-0.0,1
bioasq_train,bioasq13b_64184949690f196b51000039,0.15,-0.0,1
bioasq_train,bioasq13b_64184949690f196b51000039,0.2,-0.0,1
bioasq_train,bioasq13b_64184949690f196b51000039,0.25,-0.0,1
bioasq_train,bioasq13b_64184949690f196b51000039,0.3,-0.0,1
bioasq_train,bioasq13b_6414c1d0690f196b51000004,0.05,-0.0,1
bioasq_train,bioasq13b_6414c1d0690f196b51000004,0.1,-0.0,1
bioasq_train,bioasq13b_6414c1d0690f196b51000004,0.15,-0.0,1
bioasq_train,bioasq13b_6414c1d0690f196b51000004,0.2,-0.0,1
bioasq_train,bioasq13b_6414c1d0690f196b51000004,0.25,-0.0,1
bioasq_train,bioasq13b_6414c1d0690f196b51000004,0.3,-0.0,1
bioasq_train,bioasq13b_641373fc201352f04a000040,0.05,-0.0,1
bioasq_train,bioasq13b_641373fc201352f04a000040,0.1,-0.0,1
bioasq_train,bioasq13b_641373fc201352f04a000040,0.15,-0.0,1
bioasq_train,bioasq13b_641373fc201352f04a000040,0.2,-0.0,1
bioasq_train,bioasq13b_641373fc201352f04a000040,0.25,-0.0,1
bioasq_train,bioasq13b_641373fc201352f04a000040,0.3,-0.0,1
bioasq_train,bioasq13b_6433020c57b1c7a315000023,0.05,-0.0,1
bioasq_train,bioasq13b_6433020c57b1c7a315000023,0.1,-0.0,1
bioasq_train,bioasq13b_6433020c57b1c7a315000023,0.15,-0.0,1
bioasq_train,bioasq13b_6433020c57b1c7a315000023,0.2,-0.0,1
bioasq_train,bioasq13b_6433020c57b1c7a315000023,0.25,-0.0,1
bioasq_train,bioasq13b_6433020c57b1c7a315000023,0.3,-0.0,1
bioasq_train,bioasq13b_644f0a9757b1c7a315000088,0.05,-0.0,1
bioasq_train,bioasq13b_644f0a9757b1c7a315000088,0.1,-0.0,1
bioasq_train,bioasq13b_644f0a9757b1c7a315000088,0.15,-0.0,1
bioasq_train,bioasq13b_644f0a9757b1c7a315000088,0.2,-0.0,1
bioasq_train,bioasq13b_644f0a9757b1c7a315000088,0.25,-0.0,1
bioasq_train,bioasq13b_644f0a9757b1c7a315000088,0.3,-0.0,1
bioasq_train,bioasq13b_644eae9c57b1c7a315000080,0.05,0.29228525323862886,2
bioasq_train,bioasq13b_644eae9c57b1c7a315000080,0.1,-0.0,1
bioasq_train,bioasq13b_644eae9c57b1c7a315000080,0.15,-0.0,1
bioasq_train,bioasq13b_644eae9c57b1c7a315000080,0.2,-0.0,1
bioasq_train,bioasq13b_644eae9c57b1c7a315000080,0.25,-0.0,1
bioasq_train,bioasq13b_644eae9c57b1c7a315000080,0.3,-0.0,1
bioasq_train,bioasq13b_6450e67457b1c7a31500008e,0.05,-0.0,1
bioasq_train,bioasq13b_6450e67457b1c7a31500008e,0.1,-0.0,1
bioasq_train,bioasq13b_6450e67457b1c7a31500008e,0.15,-0.0,1
bioasq_train,bioasq13b_6450e67457b1c7a31500008e,0.2,-0.0,1
bioasq_train,bioasq13b_6450e67457b1c7a31500008e,0.25,-0.0,1
bioasq_train,bioasq13b_6450e67457b1c7a31500008e,0.3,-0.0,1
bioasq_train,bioasq13b_644e7e4757b1c7a315000077,0.05,-0.0,1
bioasq_train,bioasq13b_644e7e4757b1c7a315000077,0.1,-0.0,1
bioasq_train,bioasq13b_644e7e4757b1c7a315000077,0.15,-0.0,1
bioasq_train,bioasq13b_644e7e4757b1c7a315000077,0.2,-0.0,1
bioasq_train,bioasq13b_644e7e4757b1c7a315000077,0.25,-0.0,1
bioasq_train,bioasq13b_644e7e4757b1c7a315000077,0.3,-0.0,1
bioasq_train,bioasq13b_64463cee57b1c7a315000065,0.05,-0.0,1
bioasq_train,bioasq13b_64463cee57b1c7a315000065,0.1,-0.0,1
bioasq_train,bioasq13b_64463cee57b1c7a315000065,0.15,-0.0,1
bioasq_train,bioasq13b_64463cee57b1c7a315000065,0.2,-0.0,1
bioasq_train,bioasq13b_64463cee57b1c7a315000065,0.25,-0.0,1
bioasq_train,bioasq13b_64463cee57b1c7a315000065,0.3,-0.0,1
bioasq_train,bioasq13b_644e7e5257b1c7a315000078,0.05,0.2775280104064451,3
bioasq_train,bioasq13b_644e7e5257b1c7a315000078,0.1,-0.0,1
bioasq_train,bioasq13b_644e7e5257b1c7a315000078,0.15,-0.0,1
bioasq_train,bioasq13b_644e7e5257b1c7a315000078,0.2,-0.0,1
bioasq_train,bioasq13b_644e7e5257b1c7a315000078,0.25,-0.0,1
bioasq_train,bioasq13b_644e7e5257b1c7a315000078,0.3,-0.0,1
bioasq_train,bioasq13b_6446c89e57b1c7a315000073,0.05,-0.0,1
bioasq_train,bioasq13b_6446c89e57b1c7a315000073,0.1,-0.0,1
bioasq_train,bioasq13b_6446c89e57b1c7a315000073,0.15,-0.0,1
bioasq_train,bioasq13b_6446c89e57b1c7a315000073,0.2,-0.0,1
bioasq_train,bioasq13b_6446c89e57b1c7a315000073,0.25,-0.0,1
bioasq_train,bioasq13b_6446c89e57b1c7a315000073,0.3,-0.0,1
bioasq_train,bioasq13b_6450f1b457b1c7a315000092,0.05,-0.0,1
bioasq_train,bioasq13b_6450f1b457b1c7a315000092,0.1,-0.0,1
bioasq_train,bioasq13b_6450f1b457b1c7a315000092,0.15,-0.0,1
bioasq_train,bioasq13b_6450f1b457b1c7a315000092,0.2,-0.0,1
bioasq_train,bioasq13b_6450f1b457b1c7a315000092,0.25,-0.0,1
bioasq_train,bioasq13b_6450f1b457b1c7a315000092,0.3,-0.0,1
bioasq_train,bioasq13b_64178f76690f196b51000026,0.05,0.21732201127364886,2
bioasq_train,bioasq13b_64178f76690f196b51000026,0.1,-0.0,1
bioasq_train,bioasq13b_64178f76690f196b51000026,0.15,-0.0,1
bioasq_train,bioasq13b_64178f76690f196b51000026,0.2,-0.0,1
bioasq_train,bioasq13b_64178f76690f196b51000026,0.25,-0.0,1
bioasq_train,bioasq13b_64178f76690f196b51000026,0.3,-0.0,1
bioasq_train,bioasq13b_63f02ceaf36125a426000015,0.05,-0.0,1
bioasq_train,bioasq13b_63f02ceaf36125a426000015,0.1,-0.0,1
bioasq_train,bioasq13b_63f02ceaf36125a426000015,0.15,-0.0,1
bioasq_train,bioasq13b_63f02ceaf36125a426000015,0.2,-0.0,1
bioasq_train,bioasq13b_63f02ceaf36125a426000015,0.25,-0.0,1
bioasq_train,bioasq13b_63f02ceaf36125a426000015,0.3,-0.0,1
bioasq_train,bioasq13b_6410fa66201352f04a000034,0.05,-0.0,1
bioasq_train,bioasq13b_6410fa66201352f04a000034,0.1,-0.0,1
bioasq_train,bioasq13b_6410fa66201352f04a000034,0.15,-0.0,1
bioasq_train,bioasq13b_6410fa66201352f04a000034,0.2,-0.0,1
bioasq_train,bioasq13b_6410fa66201352f04a000034,0.25,-0.0,1
bioasq_train,bioasq13b_6410fa66201352f04a000034,0.3,-0.0,1
bioasq_train,bioasq13b_63f03939f36125a42600001b,0.05,-0.0,1
bioasq_train,bioasq13b_63f03939f36125a42600001b,0.1,-0.0,1
bioasq_train,bioasq13b_63f03939f36125a42600001b,0.15,-0.0,1
bioasq_train,bioasq13b_63f03939f36125a42600001b,0.2,-0.0,1
bioasq_train,bioasq13b_63f03939f36125a42600001b,0.25,-0.0,1
bioasq_train,bioasq13b_63f03939f36125a42600001b,0.3,-0.0,1
bioasq_train,bioasq13b_64089b21201352f04a000021,0.05,0.5705908707523037,4
bioasq_train,bioasq13b_64089b21201352f04a000021,0.1,0.2652949955741215,2
bioasq_train,bioasq13b_64089b21201352f04a000021,0.15,-0.0,1
bioasq_train,bioasq13b_64089b21201352f04a000021,0.2,-0.0,1
bioasq_train,bioasq13b_64089b21201352f04a000021,0.25,-0.0,1
bioasq_train,bioasq13b_64089b21201352f04a000021,0.3,-0.0,1
bioasq_train,bioasq13b_6410eead201352f04a000030,0.05,-0.0,1
bioasq_train,bioasq13b_6410eead201352f04a000030,0.1,-0.0,1
bioasq_train,bioasq13b_6410eead201352f04a000030,0.15,-0.0,1
bioasq_train,bioasq13b_6410eead201352f04a000030,0.2,-0.0,1
bioasq_train,bioasq13b_6410eead201352f04a000030,0.25,-0.0,1
bioasq_train,bioasq13b_6410eead201352f04a000030,0.3,-0.0,1
bioasq_train,bioasq13b_63f032caf36125a42600001a,0.05,-0.0,1
bioasq_train,bioasq13b_63f032caf36125a42600001a,0.1,-0.0,1
bioasq_train,bioasq13b_63f032caf36125a42600001a,0.15,-0.0,1
bioasq_train,bioasq13b_63f032caf36125a42600001a,0.2,-0.0,1
bioasq_train,bioasq13b_63f032caf36125a42600001a,0.25,-0.0,1
bioasq_train,bioasq13b_63f032caf36125a42600001a,0.3,-0.0,1
bioasq_train,bioasq13b_640410d1201352f04a000012,0.05,-0.0,1
bioasq_train,bioasq13b_640410d1201352f04a000012,0.1,-0.0,1
bioasq_train,bioasq13b_640410d1201352f04a000012,0.15,-0.0,1
bioasq_train,bioasq13b_640410d1201352f04a000012,0.2,-0.0,1
bioasq_train,bioasq13b_640410d1201352f04a000012,0.25,-0.0,1
bioasq_train,bioasq13b_640410d1201352f04a000012,0.3,-0.0,1
bioasq_train,bioasq13b_641461bb201352f04a000046,0.05,-0.0,1
bioasq_train,bioasq13b_641461bb201352f04a000046,0.1,-0.0,1
bioasq_train,bioasq13b_641461bb201352f04a000046,0.15,-0.0,1
bioasq_train,bioasq13b_641461bb201352f04a000046,0.2,-0.0,1
bioasq_train,bioasq13b_641461bb201352f04a000046,0.25,-0.0,1
bioasq_train,bioasq13b_641461bb201352f04a000046,0.3,-0.0,1
bioasq_train,bioasq13b_640dde93201352f04a000029,0.05,0.14118174150460758,2
bioasq_train,bioasq13b_640dde93201352f04a000029,0.1,-0.0,1
bioasq_train,bioasq13b_640dde93201352f04a000029,0.15,-0.0,1
bioasq_train,bioasq13b_640dde93201352f04a000029,0.2,-0.0,1
bioasq_train,bioasq13b_640dde93201352f04a000029,0.25,-0.0,1
bioasq_train,bioasq13b_640dde93201352f04a000029,0.3,-0.0,1
bioasq_train,bioasq13b_6410f8b2201352f04a000033,0.05,0.2652949955741215,2
bioasq_train,bioasq13b_6410f8b2201352f04a000033,0.1,-0.0,1
bioasq_train,bioasq13b_6410f8b2201352f04a000033,0.15,-0.0,1
bioasq_train,bioasq13b_6410f8b2201352f04a000033,0.2,-0.0,1
bioasq_train,bioasq13b_6410f8b2201352f04a000033,0.25,-0.0,1
bioasq_train,bioasq13b_6410f8b2201352f04a000033,0.3,-0.0,1
bioasq_train,bioasq13b_63fa197c201352f04a000003,0.05,-0.0,1
bioasq_train,bioasq13b_63fa197c201352f04a000003,0.1,-0.0,1
bioasq_train,bioasq13b_63fa197c201352f04a000003,0.15,-0.0,1
bioasq_train,bioasq13b_63fa197c201352f04a000003,0.2,-0.0,1
bioasq_train,bioasq13b_63fa197c201352f04a000003,0.25,-0.0,1
bioasq_train,bioasq13b_63fa197c201352f04a000003,0.3,-0.0,1
bioasq_train,bioasq13b_6413730e201352f04a00003f,0.05,-0.0,1
bioasq_train,bioasq13b_6413730e201352f04a00003f,0.1,-0.0,1
bioasq_train,bioasq13b_6413730e201352f04a00003f,0.15,-0.0,1
bioasq_train,bioasq13b_6413730e201352f04a00003f,0.2,-0.0,1
bioasq_train,bioasq13b_6413730e201352f04a00003f,0.25,-0.0,1
bioasq_train,bioasq13b_6413730e201352f04a00003f,0.3,-0.0,1
bioasq_train,bioasq13b_6410ed73201352f04a00002f,0.05,-0.0,1
bioasq_train,bioasq13b_6410ed73201352f04a00002f,0.1,-0.0,1
bioasq_train,bioasq13b_6410ed73201352f04a00002f,0.15,-0.0,1
bioasq_train,bioasq13b_6410ed73201352f04a00002f,0.2,-0.0,1
bioasq_train,bioasq13b_6410ed73201352f04a00002f,0.25,-0.0,1
bioasq_train,bioasq13b_6410ed73201352f04a00002f,0.3,-0.0,1
bioasq_train,bioasq13b_63f57f7f33942b094c000006,0.05,-0.0,1
bioasq_train,bioasq13b_63f57f7f33942b094c000006,0.1,-0.0,1
bioasq_train,bioasq13b_63f57f7f33942b094c000006,0.15,-0.0,1
bioasq_train,bioasq13b_63f57f7f33942b094c000006,0.2,-0.0,1
bioasq_train,bioasq13b_63f57f7f33942b094c000006,0.25,-0.0,1
bioasq_train,bioasq13b_63f57f7f33942b094c000006,0.3,-0.0,1
bioasq_train,bioasq13b_64144419201352f04a000045,0.05,0.55583362792012,4
bioasq_train,bioasq13b_64144419201352f04a000045,0.1,-0.0,1
bioasq_train,bioasq13b_64144419201352f04a000045,0.15,-0.0,1
bioasq_train,bioasq13b_64144419201352f04a000045,0.2,-0.0,1
bioasq_train,bioasq13b_64144419201352f04a000045,0.25,-0.0,1
bioasq_train,bioasq13b_64144419201352f04a000045,0.3,-0.0,1
bioasq_train,bioasq13b_64089be7201352f04a000022,0.05,-0.0,1
bioasq_train,bioasq13b_64089be7201352f04a000022,0.1,-0.0,1
bioasq_train,bioasq13b_64089be7201352f04a000022,0.15,-0.0,1
bioasq_train,bioasq13b_64089be7201352f04a000022,0.2,-0.0,1
bioasq_train,bioasq13b_64089be7201352f04a000022,0.25,-0.0,1
bioasq_train,bioasq13b_64089be7201352f04a000022,0.3,-0.0,1
bioasq_train,bioasq13b_6415babe690f196b5100000d,0.05,-0.0,1
bioasq_train,bioasq13b_6415babe690f196b5100000d,0.1,-0.0,1
bioasq_train,bioasq13b_6415babe690f196b5100000d,0.15,-0.0,1
bioasq_train,bioasq13b_6415babe690f196b5100000d,0.2,-0.0,1
bioasq_train,bioasq13b_6415babe690f196b5100000d,0.25,-0.0,1
bioasq_train,bioasq13b_6415babe690f196b5100000d,0.3,-0.0,1
bioasq_train,bioasq13b_63f04546f36125a426000024,0.05,-0.0,1
bioasq_train,bioasq13b_63f04546f36125a426000024,0.1,-0.0,1
bioasq_train,bioasq13b_63f04546f36125a426000024,0.15,-0.0,1
bioasq_train,bioasq13b_63f04546f36125a426000024,0.2,-0.0,1
bioasq_train,bioasq13b_63f04546f36125a426000024,0.25,-0.0,1
bioasq_train,bioasq13b_63f04546f36125a426000024,0.3,-0.0,1
bioasq_train,bioasq13b_6414c3f3690f196b51000005,0.05,-0.0,1
bioasq_train,bioasq13b_6414c3f3690f196b51000005,0.1,-0.0,1
bioasq_train,bioasq13b_6414c3f3690f196b51000005,0.15,-0.0,1
bioasq_train,bioasq13b_6414c3f3690f196b51000005,0.2,-0.0,1
bioasq_train,bioasq13b_6414c3f3690f196b51000005,0.25,-0.0,1
bioasq_train,bioasq13b_6414c3f3690f196b51000005,0.3,-0.0,1
bioasq_train,bioasq13b_6446884b57b1c7a31500006f,0.05,-0.0,1
bioasq_train,bioasq13b_6446884b57b1c7a31500006f,0.1,-0.0,1
bioasq_train,bioasq13b_6446884b57b1c7a31500006f,0.15,-0.0,1
bioasq_train,bioasq13b_6446884b57b1c7a31500006f,0.2,-0.0,1
bioasq_train,bioasq13b_6446884b57b1c7a31500006f,0.25,-0.0,1
bioasq_train,bioasq13b_6446884b57b1c7a31500006f,0.3,-0.0,1
bioasq_train,bioasq13b_65f843cbc4010b4d78000042,0.05,-0.0,1
bioasq_train,bioasq13b_65f843cbc4010b4d78000042,0.1,-0.0,1
bioasq_train,bioasq13b_65f843cbc4010b4d78000042,0.15,-0.0,1
bioasq_train,bioasq13b_65f843cbc4010b4d78000042,0.2,-0.0,1
bioasq_train,bioasq13b_65f843cbc4010b4d78000042,0.25,-0.0,1
bioasq_train,bioasq13b_65f843cbc4010b4d78000042,0.3,-0.0,1
bioasq_train,bioasq13b_65f1eb84c4010b4d78000008,0.05,-0.0,1
bioasq_train,bioasq13b_65f1eb84c4010b4d78000008,0.1,-0.0,1
bioasq_train,bioasq13b_65f1eb84c4010b4d78000008,0.15,-0.0,1
bioasq_train,bioasq13b_65f1eb84c4010b4d78000008,0.2,-0.0,1
bioasq_train,bioasq13b_65f1eb84c4010b4d78000008,0.25,-0.0,1
bioasq_train,bioasq13b_65f1eb84c4010b4d78000008,0.3,-0.0,1
bioasq_train,bioasq13b_65f77328c4010b4d78000023,0.05,0.796657624451305,7
bioasq_train,bioasq13b_65f77328c4010b4d78000023,0.1,0.14118174150460758,2
bioasq_train,bioasq13b_65f77328c4010b4d78000023,0.15,-0.0,1
bioasq_train,bioasq13b_65f77328c4010b4d78000023,0.2,-0.0,1
bioasq_train,bioasq13b_65f77328c4010b4d78000023,0.25,-0.0,1
bioasq_train,bioasq13b_65f77328c4010b4d78000023,0.3,-0.0,1
bioasq_train,bioasq13b_65d129621930410b1300002e,0.05,-0.0,1
bioasq_train,bioasq13b_65d129621930410b1300002e,0.1,-0.0,1
bioasq_train,bioasq13b_65d129621930410b1300002e,0.15,-0.0,1
bioasq_train,bioasq13b_65d129621930410b1300002e,0.2,-0.0,1
bioasq_train,bioasq13b_65d129621930410b1300002e,0.25,-0.0,1
bioasq_train,bioasq13b_65d129621930410b1300002e,0.3,-0.0,1
bioasq_train,bioasq13b_65cfab681930410b13000012,0.05,0.29228525323862886,2
bioasq_train,bioasq13b_65cfab681930410b13000012,0.1,-0.0,1
bioasq_train,bioasq13b_65cfab681930410b13000012,0.15,-0.0,1
bioasq_train,bioasq13b_65cfab681930410b13000012,0.2,-0.0,1
bioasq_train,bioasq13b_65cfab681930410b13000012,0.25,-0.0,1
bioasq_train,bioasq13b_65cfab681930410b13000012,0.3,-0.0,1
bioasq_train,bioasq13b_65f492bbc4010b4d78000011,0.05,-0.0,1
bioasq_train,bioasq13b_65f492bbc4010b4d78000011,0.1,-0.0,1
bioasq_train,bioasq13b_65f492bbc4010b4d78000011,0.15,-0.0,1
bioasq_train,bioasq13b_65f492bbc4010b4d78000011,0.2,-0.0,1
bioasq_train,bioasq13b_65f492bbc4010b4d78000011,0.25,-0.0,1
bioasq_train,bioasq13b_65f492bbc4010b4d78000011,0.3,-0.0,1
bioasq_train,bioasq13b_65f8611dc4010b4d78000055,0.05,-0.0,1
bioasq_train,bioasq13b_65f8611dc4010b4d78000055,0.1,-0.0,1
bioasq_train,bioasq13b_65f8611dc4010b4d78000055,0.15,-0.0,1
bioasq_train,bioasq13b_65f8611dc4010b4d78000055,0.2,-0.0,1
bioasq_train,bioasq13b_65f8611dc4010b4d78000055,0.25,-0.0,1
bioasq_train,bioasq13b_65f8611dc4010b4d78000055,0.3,-0.0,1
bioasq_train,bioasq13b_65d128f81930410b1300002d,0.05,-0.0,1
bioasq_train,bioasq13b_65d128f81930410b1300002d,0.1,-0.0,1
bioasq_train,bioasq13b_65d128f81930410b1300002d,0.15,-0.0,1
bioasq_train,bioasq13b_65d128f81930410b1300002d,0.2,-0.0,1
bioasq_train,bioasq13b_65d128f81930410b1300002d,0.25,-0.0,1
bioasq_train,bioasq13b_65d128f81930410b1300002d,0.3,-0.0,1
bioasq_train,bioasq13b_65f5a319c4010b4d78000016,0.05,0.14118174150460758,2
bioasq_train,bioasq13b_65f5a319c4010b4d78000016,0.1,-0.0,1
bioasq_train,bioasq13b_65f5a319c4010b4d78000016,0.15,-0.0,1
bioasq_train,bioasq13b_65f5a319c4010b4d78000016,0.2,-0.0,1
bioasq_train,bioasq13b_65f5a319c4010b4d78000016,0.25,-0.0,1
bioasq_train,bioasq13b_65f5a319c4010b4d78000016,0.3,-0.0,1
bioasq_train,bioasq13b_65ce88be1930410b13000002,0.05,0.14118174150460758,2
bioasq_train,bioasq13b_65ce88be1930410b13000002,0.1,-0.0,1
bioasq_train,bioasq13b_65ce88be1930410b13000002,0.15,-0.0,1
bioasq_train,bioasq13b_65ce88be1930410b13000002,0.2,-0.0,1
bioasq_train,bioasq13b_65ce88be1930410b13000002,0.25,-0.0,1
bioasq_train,bioasq13b_65ce88be1930410b13000002,0.3,-0.0,1
bioasq_train,bioasq13b_65f8418fc4010b4d78000041,0.05,0.5785580060704263,4
bioasq_train,bioasq13b_65f8418fc4010b4d78000041,0.1,0.4126972515042214,3
bioasq_train,bioasq13b_65f8418fc4010b4d78000041,0.15,-0.0,1
bioasq_train,bioasq13b_65f8418fc4010b4d78000041,0.2,-0.0,1
bioasq_train,bioasq13b_65f8418fc4010b4d78000041,0.25,-0.0,1
bioasq_train,bioasq13b_65f8418fc4010b4d78000041,0.3,-0.0,1
bioasq_train,bioasq13b_65f37871c4010b4d7800000a,0.05,-0.0,1
bioasq_train,bioasq13b_65f37871c4010b4d7800000a,0.1,-0.0,1
bioasq_train,bioasq13b_65f37871c4010b4d7800000a,0.15,-0.0,1
bioasq_train,bioasq13b_65f37871c4010b4d7800000a,0.2,-0.0,1
bioasq_train,bioasq13b_65f37871c4010b4d7800000a,0.25,-0.0,1
bioasq_train,bioasq13b_65f37871c4010b4d7800000a,0.3,-0.0,1
bioasq_train,bioasq13b_65f59db8c4010b4d78000014,0.05,-0.0,1
bioasq_train,bioasq13b_65f59db8c4010b4d78000014,0.1,-0.0,1
bioasq_train,bioasq13b_65f59db8c4010b4d78000014,0.15,-0.0,1
bioasq_train,bioasq13b_65f59db8c4010b4d78000014,0.2,-0.0,1
bioasq_train,bioasq13b_65f59db8c4010b4d78000014,0.25,-0.0,1
bioasq_train,bioasq13b_65f59db8c4010b4d78000014,0.3,-0.0,1
bioasq_train,bioasq13b_662cf81b187cba990d000001,0.05,-0.0,1
bioasq_train,bioasq13b_662cf81b187cba990d000001,0.1,-0.0,1
bioasq_train,bioasq13b_662cf81b187cba990d000001,0.15,-0.0,1
bioasq_train,bioasq13b_662cf81b187cba990d000001,0.2,-0.0,1
bioasq_train,bioasq13b_662cf81b187cba990d000001,0.25,-0.0,1
bioasq_train,bioasq13b_662cf81b187cba990d000001,0.3,-0.0,1
bioasq_train,bioasq13b_662fdb1e187cba990d000019,0.05,0.4729032506370176,4
bioasq_train,bioasq13b_662fdb1e187cba990d000019,0.1,-0.0,1
bioasq_train,bioasq13b_662fdb1e187cba990d000019,0.15,-0.0,1
bioasq_train,bioasq13b_662fdb1e187cba990d000019,0.2,-0.0,1
bioasq_train,bioasq13b_662fdb1e187cba990d000019,0.25,-0.0,1
bioasq_train,bioasq13b_662fdb1e187cba990d000019,0.3,-0.0,1
bioasq_train,bioasq13b_66168a89fdcbea915f000054,0.05,-0.0,1
bioasq_train,bioasq13b_66168a89fdcbea915f000054,0.1,-0.0,1
bioasq_train,bioasq13b_66168a89fdcbea915f000054,0.15,-0.0,1
bioasq_train,bioasq13b_66168a89fdcbea915f000054,0.2,-0.0,1
bioasq_train,bioasq13b_66168a89fdcbea915f000054,0.25,-0.0,1
bioasq_train,bioasq13b_66168a89fdcbea915f000054,0.3,-0.0,1
bioasq_train,bioasq13b_663023f3187cba990d000030,0.05,0.2652949955741215,2
bioasq_train,bioasq13b_663023f3187cba990d000030,0.1,-0.0,1
bioasq_train,bioasq13b_663023f3187cba990d000030,0.15,-0.0,1
bioasq_train,bioasq13b_663023f3187cba990d000030,0.2,-0.0,1
bioasq_train,bioasq13b_663023f3187cba990d000030,0.25,-0.0,1
bioasq_train,bioasq13b_663023f3187cba990d000030,0.3,-0.0,1
bioasq_train,bioasq13b_662cfadc187cba990d000006,0.05,-0.0,1
bioasq_train,bioasq13b_662cfadc187cba990d000006,0.1,-0.0,1
bioasq_train,bioasq13b_662cfadc187cba990d000006,0.15,-0.0,1
bioasq_train,bioasq13b_662cfadc187cba990d000006,0.2,-0.0,1
bioasq_train,bioasq13b_662cfadc187cba990d000006,0.25,-0.0,1
bioasq_train,bioasq13b_662cfadc187cba990d000006,0.3,-0.0,1
bioasq_train,bioasq13b_66169f9bfdcbea915f000057,0.05,-0.0,1
bioasq_train,bioasq13b_66169f9bfdcbea915f000057,0.1,-0.0,1
bioasq_train,bioasq13b_66169f9bfdcbea915f000057,0.15,-0.0,1
bioasq_train,bioasq13b_66169f9bfdcbea915f000057,0.2,-0.0,1
bioasq_train,bioasq13b_66169f9bfdcbea915f000057,0.25,-0.0,1
bioasq_train,bioasq13b_66169f9bfdcbea915f000057,0.3,-0.0,1
bioasq_train,bioasq13b_662cfa24187cba990d000005,0.05,0.14118174150460758,2
bioasq_train,bioasq13b_662cfa24187cba990d000005,0.1,-0.0,1
bioasq_train,bioasq13b_662cfa24187cba990d000005,0.15,-0.0,1
bioasq_train,bioasq13b_662cfa24187cba990d000005,0.2,-0.0,1
bioasq_train,bioasq13b_662cfa24187cba990d000005,0.25,-0.0,1
bioasq_train,bioasq13b_662cfa24187cba990d000005,0.3,-0.0,1
bioasq_train,bioasq13b_6630562c187cba990d000036,0.05,-0.0,1
bioasq_train,bioasq13b_6630562c187cba990d000036,0.1,-0.0,1
bioasq_train,bioasq13b_6630562c187cba990d000036,0.15,-0.0,1
bioasq_train,bioasq13b_6630562c187cba990d000036,0.2,-0.0,1
bioasq_train,bioasq13b_6630562c187cba990d000036,0.25,-0.0,1
bioasq_train,bioasq13b_6630562c187cba990d000036,0.3,-0.0,1
bioasq_train,bioasq13b_662ee24a187cba990d00000d,0.05,-0.0,1
bioasq_train,bioasq13b_662ee24a187cba990d00000d,0.1,-0.0,1
bioasq_train,bioasq13b_662ee24a187cba990d00000d,0.15,-0.0,1
bioasq_train,bioasq13b_662ee24a187cba990d00000d,0.2,-0.0,1
bioasq_train,bioasq13b_662ee24a187cba990d00000d,0.25,-0.0,1
bioasq_train,bioasq13b_662ee24a187cba990d00000d,0.3,-0.0,1
bioasq_train,bioasq13b_6616b259fdcbea915f00005a,0.05,-0.0,1
bioasq_train,bioasq13b_6616b259fdcbea915f00005a,0.1,-0.0,1
bioasq_train,bioasq13b_6616b259fdcbea915f00005a,0.15,-0.0,1
bioasq_train,bioasq13b_6616b259fdcbea915f00005a,0.2,-0.0,1
bioasq_train,bioasq13b_6616b259fdcbea915f00005a,0.25,-0.0,1
bioasq_train,bioasq13b_6616b259fdcbea915f00005a,0.3,-0.0,1
bioasq_train,bioasq13b_663027bb187cba990d000033,0.05,-0.0,1
bioasq_train,bioasq13b_663027bb187cba990d000033,0.1,-0.0,1
bioasq_train,bioasq13b_663027bb187cba990d000033,0.15,-0.0,1
bioasq_train,bioasq13b_663027bb187cba990d000033,0.2,-0.0,1
bioasq_train,bioasq13b_663027bb187cba990d000033,0.25,-0.0,1
bioasq_train,bioasq13b_663027bb187cba990d000033,0.3,-0.0,1
bioasq_train,bioasq13b_663014c8187cba990d000020,0.05,-0.0,1
bioasq_train,bioasq13b_663014c8187cba990d000020,0.1,-0.0,1
bioasq_train,bioasq13b_663014c8187cba990d000020,0.15,-0.0,1
bioasq_train,bioasq13b_663014c8187cba990d000020,0.2,-0.0,1
bioasq_train,bioasq13b_663014c8187cba990d000020,0.25,-0.0,1
bioasq_train,bioasq13b_663014c8187cba990d000020,0.3,-0.0,1
bioasq_train,bioasq13b_660d27e3fdcbea915f000039,0.05,-0.0,1
bioasq_train,bioasq13b_660d27e3fdcbea915f000039,0.1,-0.0,1
bioasq_train,bioasq13b_660d27e3fdcbea915f000039,0.15,-0.0,1
bioasq_train,bioasq13b_660d27e3fdcbea915f000039,0.2,-0.0,1
bioasq_train,bioasq13b_660d27e3fdcbea915f000039,0.25,-0.0,1
bioasq_train,bioasq13b_660d27e3fdcbea915f000039,0.3,-0.0,1
bioasq_train,bioasq13b_65f77ac9c4010b4d7800003c,0.05,0.6160396270529163,5
bioasq_train,bioasq13b_65f77ac9c4010b4d7800003c,0.1,0.29228525323862886,2
bioasq_train,bioasq13b_65f77ac9c4010b4d7800003c,0.15,-0.0,1
bioasq_train,bioasq13b_65f77ac9c4010b4d7800003c,0.2,-0.0,1
bioasq_train,bioasq13b_65f77ac9c4010b4d7800003c,0.25,-0.0,1
bioasq_train,bioasq13b_65f77ac9c4010b4d7800003c,0.3,-0.0,1
bioasq_train,bioasq13b_65f773cdc4010b4d78000026,0.05,0.21732201127364886,2
bioasq_train,bioasq13b_65f773cdc4010b4d78000026,0.1,-0.0,1
bioasq_train,bioasq13b_65f773cdc4010b4d78000026,0.15,-0.0,1
bioasq_train,bioasq13b_65f773cdc4010b4d78000026,0.2,-0.0,1
bioasq_train,bioasq13b_65f773cdc4010b4d78000026,0.25,-0.0,1
bioasq_train,bioasq13b_65f773cdc4010b4d78000026,0.3,-0.0,1
bioasq_train,bioasq13b_66088cccfdcbea915f00000b,0.05,-0.0,1
bioasq_train,bioasq13b_66088cccfdcbea915f00000b,0.1,-0.0,1
bioasq_train,bioasq13b_66088cccfdcbea915f00000b,0.15,-0.0,1
bioasq_train,bioasq13b_66088cccfdcbea915f00000b,0.2,-0.0,1
bioasq_train,bioasq13b_66088cccfdcbea915f00000b,0.25,-0.0,1
bioasq_train,bioasq13b_66088cccfdcbea915f00000b,0.3,-0.0,1
bioasq_train,bioasq13b_65f77919c4010b4d78000036,0.05,0.5301029995663982,4
bioasq_train,bioasq13b_65f77919c4010b4d78000036,0.1,-0.0,1
bioasq_train,bioasq13b_65f77919c4010b4d78000036,0.15,-0.0,1
bioasq_train,bioasq13b_65f77919c4010b4d78000036,0.2,-0.0,1
bioasq_train,bioasq13b_65f77919c4010b4d78000036,0.25,-0.0,1
bioasq_train,bioasq13b_65f77919c4010b4d78000036,0.3,-0.0,1
bioasq_train,bioasq13b_660a8fc4fdcbea915f000027,0.05,-0.0,1
bioasq_train,bioasq13b_660a8fc4fdcbea915f000027,0.1,-0.0,1
bioasq_train,bioasq13b_660a8fc4fdcbea915f000027,0.15,-0.0,1
bioasq_train,bioasq13b_660a8fc4fdcbea915f000027,0.2,-0.0,1
bioasq_train,bioasq13b_660a8fc4fdcbea915f000027,0.25,-0.0,1
bioasq_train,bioasq13b_660a8fc4fdcbea915f000027,0.3,-0.0,1
bioasq_train,bioasq13b_660d6f0cfdcbea915f00003e,0.05,0.14118174150460758,2
bioasq_train,bioasq13b_660d6f0cfdcbea915f00003e,0.1,0.14118174150460758,2
bioasq_train,bioasq13b_660d6f0cfdcbea915f00003e,0.15,-0.0,1
bioasq_train,bioasq13b_660d6f0cfdcbea915f00003e,0.2,-0.0,1
bioasq_train,bioasq13b_660d6f0cfdcbea915f00003e,0.25,-0.0,1
bioasq_train,bioasq13b_660d6f0cfdcbea915f00003e,0.3,-0.0,1
bioasq_train,bioasq13b_660c0895fdcbea915f00002f,0.05,0.21732201127364886,2
bioasq_train,bioasq13b_660c0895fdcbea915f00002f,0.1,-0.0,1
bioasq_train,bioasq13b_660c0895fdcbea915f00002f,0.15,-0.0,1
bioasq_train,bioasq13b_660c0895fdcbea915f00002f,0.2,-0.0,1
bioasq_train,bioasq13b_660c0895fdcbea915f00002f,0.25,-0.0,1
bioasq_train,bioasq13b_660c0895fdcbea915f00002f,0.3,-0.0,1
bioasq_train,bioasq13b_66088bbafdcbea915f00000a,0.05,-0.0,1
bioasq_train,bioasq13b_66088bbafdcbea915f00000a,0.1,-0.0,1
bioasq_train,bioasq13b_66088bbafdcbea915f00000a,0.15,-0.0,1
bioasq_train,bioasq13b_66088bbafdcbea915f00000a,0.2,-0.0,1
bioasq_train,bioasq13b_66088bbafdcbea915f00000a,0.25,-0.0,1
bioasq_train,bioasq13b_66088bbafdcbea915f00000a,0.3,-0.0,1
bioasq_train,bioasq13b_66088f67fdcbea915f00000e,0.05,-0.0,1
bioasq_train,bioasq13b_66088f67fdcbea915f00000e,0.1,-0.0,1
bioasq_train,bioasq13b_66088f67fdcbea915f00000e,0.15,-0.0,1
bioasq_train,bioasq13b_66088f67fdcbea915f00000e,0.2,-0.0,1
bioasq_train,bioasq13b_66088f67fdcbea915f00000e,0.25,-0.0,1
bioasq_train,bioasq13b_66088f67fdcbea915f00000e,0.3,-0.0,1
bioasq_train,bioasq13b_65f7794dc4010b4d78000037,0.05,0.34822537285722394,3
bioasq_train,bioasq13b_65f7794dc4010b4d78000037,0.1,0.21732201127364886,2
bioasq_train,bioasq13b_65f7794dc4010b4d78000037,0.15,0.21732201127364886,2
bioasq_train,bioasq13b_65f7794dc4010b4d78000037,0.2,-0.0,1
bioasq_train,bioasq13b_65f7794dc4010b4d78000037,0.25,-0.0,1
bioasq_train,bioasq13b_65f7794dc4010b4d78000037,0.3,-0.0,1
bioasq_train,bioasq13b_660c06b8fdcbea915f00002e,0.05,-0.0,1
bioasq_train,bioasq13b_660c06b8fdcbea915f00002e,0.1,-0.0,1
bioasq_train,bioasq13b_660c06b8fdcbea915f00002e,0.15,-0.0,1
bioasq_train,bioasq13b_660c06b8fdcbea915f00002e,0.2,-0.0,1
bioasq_train,bioasq13b_660c06b8fdcbea915f00002e,0.25,-0.0,1
bioasq_train,bioasq13b_660c06b8fdcbea915f00002e,0.3,-0.0,1
bioasq_train,bioasq13b_660710b7fdcbea915f000002,0.05,-0.0,1
bioasq_train,bioasq13b_660710b7fdcbea915f000002,0.1,-0.0,1
bioasq_train,bioasq13b_660710b7fdcbea915f000002,0.15,-0.0,1
bioasq_train,bioasq13b_660710b7fdcbea915f000002,0.2,-0.0,1
bioasq_train,bioasq13b_660710b7fdcbea915f000002,0.25,-0.0,1
bioasq_train,bioasq13b_660710b7fdcbea915f000002,0.3,-0.0,1
bioasq_train,bioasq13b_660d2a50fdcbea915f00003a,0.05,0.14118174150460758,2
bioasq_train,bioasq13b_660d2a50fdcbea915f00003a,0.1,-0.0,1
bioasq_train,bioasq13b_660d2a50fdcbea915f00003a,0.15,-0.0,1
bioasq_train,bioasq13b_660d2a50fdcbea915f00003a,0.2,-0.0,1
bioasq_train,bioasq13b_660d2a50fdcbea915f00003a,0.25,-0.0,1
bioasq_train,bioasq13b_660d2a50fdcbea915f00003a,0.3,-0.0,1
bioasq_train,bioasq13b_65cf6c301930410b13000008,0.05,-0.0,1
bioasq_train,bioasq13b_65cf6c301930410b13000008,0.1,-0.0,1
bioasq_train,bioasq13b_65cf6c301930410b13000008,0.15,-0.0,1
bioasq_train,bioasq13b_65cf6c301930410b13000008,0.2,-0.0,1
bioasq_train,bioasq13b_65cf6c301930410b13000008,0.25,-0.0,1
bioasq_train,bioasq13b_65cf6c301930410b13000008,0.3,-0.0,1
bioasq_train,bioasq13b_661be07748a2c27714000002,0.05,-0.0,1
bioasq_train,bioasq13b_661be07748a2c27714000002,0.1,-0.0,1
bioasq_train,bioasq13b_661be07748a2c27714000002,0.15,-0.0,1
bioasq_train,bioasq13b_661be07748a2c27714000002,0.2,-0.0,1
bioasq_train,bioasq13b_661be07748a2c27714000002,0.25,-0.0,1
bioasq_train,bioasq13b_661be07748a2c27714000002,0.3,-0.0,1
bioasq_train,bioasq13b_66150366fdcbea915f000046,0.05,-0.0,1
bioasq_train,bioasq13b_66150366fdcbea915f000046,0.1,-0.0,1
bioasq_train,bioasq13b_66150366fdcbea915f000046,0.15,-0.0,1
bioasq_train,bioasq13b_66150366fdcbea915f000046,0.2,-0.0,1
bioasq_train,bioasq13b_66150366fdcbea915f000046,0.25,-0.0,1
bioasq_train,bioasq13b_66150366fdcbea915f000046,0.3,-0.0,1
bioasq_train,bioasq13b_661d9cc3eac11fad33000029,0.05,0.14118174150460758,2
bioasq_train,bioasq13b_661d9cc3eac11fad33000029,0.1,-0.0,1
bioasq_train,bioasq13b_661d9cc3eac11fad33000029,0.15,-0.0,1
bioasq_train,bioasq13b_661d9cc3eac11fad33000029,0.2,-0.0,1
bioasq_train,bioasq13b_661d9cc3eac11fad33000029,0.25,-0.0,1
bioasq_train,bioasq13b_661d9cc3eac11fad33000029,0.3,-0.0,1
bioasq_train,bioasq13b_661d62dceac11fad33000026,0.05,-0.0,1
bioasq_train,bioasq13b_661d62dceac11fad33000026,0.1,-0.0,1
bioasq_train,bioasq13b_661d62dceac11fad33000026,0.15,-0.0,1
bioasq_train,bioasq13b_661d62dceac11fad33000026,0.2,-0.0,1
bioasq_train,bioasq13b_661d62dceac11fad33000026,0.25,-0.0,1
bioasq_train,bioasq13b_661d62dceac11fad33000026,0.3,-0.0,1
bioasq_train,bioasq13b_661d575eeac11fad33000020,0.05,-0.0,1
bioasq_train,bioasq13b_661d575eeac11fad33000020,0.1,-0.0,1
bioasq_train,bioasq13b_661d575eeac11fad33000020,0.15,-0.0,1
bioasq_train,bioasq13b_661d575eeac11fad33000020,0.2,-0.0,1
bioasq_train,bioasq13b_661d575eeac11fad33000020,0.25,-0.0,1
bioasq_train,bioasq13b_661d575eeac11fad33000020,0.3,-0.0,1
bioasq_train,bioasq13b_661c416048a2c27714000008,0.05,-0.0,1
bioasq_train,bioasq13b_661c416048a2c27714000008,0.1,-0.0,1
bioasq_train,bioasq13b_661c416048a2c27714000008,0.15,-0.0,1
bioasq_train,bioasq13b_661c416048a2c27714000008,0.2,-0.0,1
bioasq_train,bioasq13b_661c416048a2c27714000008,0.25,-0.0,1
bioasq_train,bioasq13b_661c416048a2c27714000008,0.3,-0.0,1
bioasq_train,bioasq13b_661c03c848a2c27714000004,0.05,0.38997287335391506,3
bioasq_train,bioasq13b_661c03c848a2c27714000004,0.1,0.14118174150460758,2
bioasq_train,bioasq13b_661c03c848a2c27714000004,0.15,-0.0,1
bioasq_train,bioasq13b_661c03c848a2c27714000004,0.2,-0.0,1
bioasq_train,bioasq13b_661c03c848a2c27714000004,0.25,-0.0,1
bioasq_train,bioasq13b_661c03c848a2c27714000004,0.3,-0.0,1
bioasq_train,bioasq13b_6614fb7bfdcbea915f000044,0.05,-0.0,1
bioasq_train,bioasq13b_6614fb7bfdcbea915f000044,0.1,-0.0,1
bioasq_train,bioasq13b_6614fb7bfdcbea915f000044,0.15,-0.0,1
bioasq_train,bioasq13b_6614fb7bfdcbea915f000044,0.2,-0.0,1
bioasq_train,bioasq13b_6614fb7bfdcbea915f000044,0.25,-0.0,1
bioasq_train,bioasq13b_6614fb7bfdcbea915f000044,0.3,-0.0,1
bioasq_train,bioasq13b_66168d7bfdcbea915f000056,0.05,-0.0,1
bioasq_train,bioasq13b_66168d7bfdcbea915f000056,0.1,-0.0,1
bioasq_train,bioasq13b_66168d7bfdcbea915f000056,0.15,-0.0,1
bioasq_train,bioasq13b_66168d7bfdcbea915f000056,0.2,-0.0,1
bioasq_train,bioasq13b_66168d7bfdcbea915f000056,0.25,-0.0,1
bioasq_train,bioasq13b_66168d7bfdcbea915f000056,0.3,-0.0,1
bioasq_train,bioasq13b_65f868eac4010b4d78000056,0.05,0.21732201127364886,2
bioasq_train,bioasq13b_65f868eac4010b4d78000056,0.1,-0.0,1
bioasq_train,bioasq13b_65f868eac4010b4d78000056,0.15,-0.0,1
bioasq_train,bioasq13b_65f868eac4010b4d78000056,0.2,-0.0,1
bioasq_train,bioasq13b_65f868eac4010b4d78000056,0.25,-0.0,1
bioasq_train,bioasq13b_65f868eac4010b4d78000056,0.3,-0.0,1
bioasq_train,bioasq13b_65f846bfc4010b4d78000045,0.05,0.38997287335391506,3
bioasq_train,bioasq13b_65f846bfc4010b4d78000045,0.1,-0.0,1
bioasq_train,bioasq13b_65f846bfc4010b4d78000045,0.15,-0.0,1
bioasq_train,bioasq13b_65f846bfc4010b4d78000045,0.2,-0.0,1
bioasq_train,bioasq13b_65f846bfc4010b4d78000045,0.25,-0.0,1
bioasq_train,bioasq13b_65f846bfc4010b4d78000045,0.3,-0.0,1
bioasq_train,bioasq13b_6616576afdcbea915f000050,0.05,-0.0,1
bioasq_train,bioasq13b_6616576afdcbea915f000050,0.1,-0.0,1
bioasq_train,bioasq13b_6616576afdcbea915f000050,0.15,-0.0,1
bioasq_train,bioasq13b_6616576afdcbea915f000050,0.2,-0.0,1
bioasq_train,bioasq13b_6616576afdcbea915f000050,0.25,-0.0,1
bioasq_train,bioasq13b_6616576afdcbea915f000050,0.3,-0.0,1
archehr_train,archehr_1,0.05,-0.0,1
archehr_train,archehr_1,0.1,-0.0,1
archehr_train,archehr_1,0.15,-0.0,1
archehr_train,archehr_1,0.2,-0.0,1
archehr_train,archehr_1,0.25,-0.0,1
archehr_train,archehr_1,0.3,-0.0,1
archehr_train,archehr_2,0.05,0.2775280104064451,3
archehr_train,archehr_2,0.1,0.21732201127364886,2
archehr_train,archehr_2,0.15,-0.0,1
archehr_train,archehr_2,0.2,-0.0,1
archehr_train,archehr_2,0.25,-0.0,1
archehr_train,archehr_2,0.3,-0.0,1
archehr_train,archehr_3,0.05,0.21732201127364886,2
archehr_train,archehr_3,0.1,0.21732201127364886,2
archehr_train,archehr_3,0.15,-0.0,1
archehr_train,archehr_3,0.2,-0.0,1
archehr_train,archehr_3,0.25,-0.0,1
archehr_train,archehr_3,0.3,-0.0,1
archehr_train,archehr_4,0.05,0.34822537285722394,3
archehr_train,archehr_4,0.1,-0.0,1
archehr_train,archehr_4,0.15,-0.0,1
archehr_train,archehr_4,0.2,-0.0,1
archehr_train,archehr_4,0.25,-0.0,1
archehr_train,archehr_4,0.3,-0.0,1
archehr_train,archehr_5,0.05,-0.0,1
archehr_train,archehr_5,0.1,-0.0,1
archehr_train,archehr_5,0.15,-0.0,1
archehr_train,archehr_5,0.2,-0.0,1
archehr_train,archehr_5,0.25,-0.0,1
archehr_train,archehr_5,0.3,-0.0,1
archehr_train,archehr_6,0.05,0.55583362792012,4
archehr_train,archehr_6,0.1,0.34822537285722394,3
archehr_train,archehr_6,0.15,0.2652949955741215,2
archehr_train,archehr_6,0.2,-0.0,1
archehr_train,archehr_6,0.25,-0.0,1
archehr_train,archehr_6,0.3,-0.0,1
archehr_train,archehr_7,0.05,0.14118174150460758,2
archehr_train,archehr_7,0.1,-0.0,1
archehr_train,archehr_7,0.15,-0.0,1
archehr_train,archehr_7,0.2,-0.0,1
archehr_train,archehr_7,0.25,-0.0,1
archehr_train,archehr_7,0.3,-0.0,1
archehr_train,archehr_8,0.05,0.21732201127364886,2
archehr_train,archehr_8,0.1,-0.0,1
archehr_train,archehr_8,0.15,-0.0,1
archehr_train,archehr_8,0.2,-0.0,1
archehr_train,archehr_8,0.25,-0.0,1
archehr_train,archehr_8,0.3,-0.0,1
archehr_train,archehr_9,0.05,0.8193820026016112,7
archehr_train,archehr_9,0.1,0.6387640052032225,5
archehr_train,archehr_9,0.15,0.4096910013008056,3
archehr_train,archehr_9,0.2,0.14118174150460758,2
archehr_train,archehr_9,0.25,0.14118174150460758,2
archehr_train,archehr_9,0.3,-0.0,1
archehr_train,archehr_10,0.05,0.14118174150460758,2
archehr_train,archehr_10,0.1,0.14118174150460758,2
archehr_train,archehr_10,0.15,-0.0,1
archehr_train,archehr_10,0.2,-0.0,1
archehr_train,archehr_10,0.25,-0.0,1
archehr_train,archehr_10,0.3,-0.0,1
archehr_train,archehr_11,0.05,0.29228525323862886,2
archehr_train,archehr_11,0.1,-0.0,1
archehr_train,archehr_11,0.15,-0.0,1
archehr_train,archehr_11,0.2,-0.0,1
archehr_train,archehr_11,0.25,-0.0,1
archehr_train,archehr_11,0.3,-0.0,1
archehr_train,archehr_12,0.05,0.14118174150460758,2
archehr_train,archehr_12,0.1,-0.0,1
archehr_train,archehr_12,0.15,-0.0,1
archehr_train,archehr_12,0.2,-0.0,1
archehr_train,archehr_12,0.25,-0.0,1
archehr_train,archehr_12,0.3,-0.0,1
archehr_train,archehr_13,0.05,0.14118174150460758,2
archehr_train,archehr_13,0.1,-0.0,1
archehr_train,archehr_13,0.15,-0.0,1
archehr_train,archehr_13,0.2,-0.0,1
archehr_train,archehr_13,0.25,-0.0,1
archehr_train,archehr_13,0.3,-0.0,1
archehr_train,archehr_14,0.05,-0.0,1
archehr_train,archehr_14,0.1,-0.0,1
archehr_train,archehr_14,0.15,-0.0,1
archehr_train,archehr_14,0.2,-0.0,1
archehr_train,archehr_14,0.25,-0.0,1
archehr_train,archehr_14,0.3,-0.0,1
archehr_train,archehr_15,0.05,-0.0,1
archehr_train,archehr_15,0.1,-0.0,1
archehr_train,archehr_15,0.15,-0.0,1
archehr_train,archehr_15,0.2,-0.0,1
archehr_train,archehr_15,0.25,-0.0,1
archehr_train,archehr_15,0.3,-0.0,1
archehr_train,archehr_16,0.05,-0.0,1
archehr_train,archehr_16,0.1,-0.0,1
archehr_train,archehr_16,0.15,-0.0,1
archehr_train,archehr_16,0.2,-0.0,1
archehr_train,archehr_16,0.25,-0.0,1
archehr_train,archehr_16,0.3,-0.0,1
archehr_train,archehr_17,0.05,0.44717262228329563,3
archehr_train,archehr_17,0.1,0.44717262228329563,3
archehr_train,archehr_17,0.15,0.44717262228329563,3
archehr_train,archehr_17,0.2,0.2652949955741215,2
archehr_train,archehr_17,0.25,-0.0,1
archehr_train,archehr_17,0.3,-0.0,1
archehr_train,archehr_18,0.05,0.14118174150460758,2
archehr_train,archehr_18,0.1,0.14118174150460758,2
archehr_train,archehr_18,0.15,0.14118174150460758,2
archehr_train,archehr_18,0.2,0.14118174150460758,2
archehr_train,archehr_18,0.25,-0.0,1
archehr_train,archehr_18,0.3,-0.0,1
archehr_train,archehr_19,0.05,0.7137272471682025,6
archehr_train,archehr_19,0.1,0.2775280104064451,3
archehr_train,archehr_19,0.15,-0.0,1
archehr_train,archehr_19,0.2,-0.0,1
archehr_train,archehr_19,0.25,-0.0,1
archehr_train,archehr_19,0.3,-0.0,1
archehr_train,archehr_20,0.05,0.34822537285722394,3
archehr_train,archehr_20,0.1,0.14118174150460758,2
archehr_train,archehr_20,0.15,-0.0,1
archehr_train,archehr_20,0.2,-0.0,1
archehr_train,archehr_20,0.25,-0.0,1
archehr_train,archehr_20,0.3,-0.0,1
